RA;Código_Turma;Nome_Disciplina
11201921422;DA2MCTA025-13SA;SISTEMAS DISTRIBUÍDOS
11201921422;DA1MCZA030-17SA;VIDA ARTIFICIAL NA COMPUTAÇÃO
11201922161;DA1ESTG020-17SB;SISTEMAS E PROCESSOS DE PRODUÇÃO
11202130277;NA1MCTA003-17SA;ANÁLISE DE ALGORITMOS
11201920321;NA1MCTA003-17SA;ANÁLISE DE ALGORITMOS
11202231702;NA1MCTA009-13SA;COMPUTADORES, ÉTICA E SOCIEDADE
11201922141;NA1MCTA003-17SA;ANÁLISE DE ALGORITMOS
11202230288;DA1MCTC014-13SB;INTRODUÇÃO À INFERÊNCIA ESTATÍSTICA
11202230857;NA1MCTA009-13SA;COMPUTADORES, ÉTICA E SOCIEDADE
11202022281;NA1MCTA009-13SA;COMPUTADORES, ÉTICA E SOCIEDADE
11202022281;NA1MCTA025-13SA;SISTEMAS DISTRIBUÍDOS
11202130183;DAESTG023-17SB;ORGANIZAÇÃO DO TRABALHO
11202020847;NA2MCTA024-13SA;SISTEMAS DIGITAIS
11202230864;DA2MCTA018-13SA;PROGRAMAÇÃO ORIENTADA A OBJETOS
11202320587;DA1ESTO012-17SA;PRINCÍPIOS DE ADMINISTRAÇÃO
11202111146;NA1MCTA003-17SA;ANÁLISE DE ALGORITMOS
11202231641;DA2MCTA018-13SA;PROGRAMAÇÃO ORIENTADA A OBJETOS
11202231641;DA2MCTA024-13SA;SISTEMAS DIGITAIS
11202130525;DAESTA014-17SA;SISTEMAS CAD/CAM
11202020890;NA1ESZB022-17SA;INTRODUÇÃO À BIOINFORMÁTICA
11201921155;DA1NHZ6013-18SA;BIOTECNOLOGIA ANIMAL
11201722389;NANHT1002-15SA;BIOÉTICA
11202230869;DA1ESHR024-14SB;HISTÓRIA DA POLÍTICA EXTERNA BRASILEIRA
11201922352;NA1NHT4056-15SA;QUÍMICA INORGÂNICA EXPERIMENTAL
11202130669;DA1MCTB010-13SA;CÁLCULO VETORIAL E TENSORIAL
11202021250;NA1ESZI043-17SA;PROGRAMAÇÃO BASEADA EM COMPONENTES PARA JOGOS
11202410053;NB4BIK0102-15SA;ESTRUTURA DA MATÉRIA
11202020138;NBESTA014-17SA;SISTEMAS CAD/CAM
11202130139;DA1MCZA030-17SA;VIDA ARTIFICIAL NA COMPUTAÇÃO
11202130014;NA1NHZ6012-18SA;EMPREENDEDORISMO E PLANEJAMENTO DE PROJETOS EM BIOTECNOLOGIA
11202321523;DB2BCN0405-15SA;INTRODUÇÃO ÀS EQUAÇÕES DIFERENCIAIS ORDINÁRIAS
11202321523;DANHT1002-15SA;BIOÉTICA
11202020477;DANHT1002-15SA;BIOÉTICA
11202231856;NA1NHBQ007-22SA;FUNDAMENTOS DE QUÍMICA
11201920376;NA1MCTC020-15SB;PSICOLOGIA EXPERIMENTAL
11201812016;DA1MCTC001-15SB;INTRODUÇÃO À FILOSOFIA DA MENTE
11202021242;DA2MCTA018-13SA;PROGRAMAÇÃO ORIENTADA A OBJETOS
11201920730;NANHI5015-22SA;LIBRAS
11201811707;DAMCTD024-18SA;ANÁLISE NA EDUCAÇÃO BÁSICA
11201811739;DA1MCCC006-23SA;COMPILADORES E INTERPRETADORES
11202230963;NA1MCTA009-13SA;COMPUTADORES, ÉTICA E SOCIEDADE
11201811265;NA1ESTG013-17SB;PESQUISA OPERACIONAL
11202020884;DA1MCZA030-17SA;VIDA ARTIFICIAL NA COMPUTAÇÃO
11202131250;NA1MCCC006-23SA;COMPILADORES E INTERPRETADORES
11072614;NA1NHZ6001-18SA;FUNDAMENTOS DA BIOTECNOLOGIA
11202310079;NA1ESHR019-21SB;CHINA NAS RELAÇÕES INTERNACIONAIS
11202321276;NB1ESTO011-17SA;FUNDAMENTOS DE DESENHO TÉCNICO
11202020351;NA1NHZ6013-18SA;BIOTECNOLOGIA ANIMAL
11202130794;NAESTG003-17SB;ECONOMIA DE EMPRESAS
11201721325;NA1MCZC019-20SB;INTRODUÇÃO À NEUROIMUNOLOGIA
11202231162;DA2MCTA018-13SA;PROGRAMAÇÃO ORIENTADA A OBJETOS
11202020566;NA1ESHP018-14SB;POLÍTICAS SOCIAIS
11201921254;DA1MCZA030-17SA;VIDA ARTIFICIAL NA COMPUTAÇÃO
11202021108;DA1MCTA009-13SA;COMPUTADORES, ÉTICA E SOCIEDADE
11202321134;NANHI5015-22SA;LIBRAS
11201921960;NA1ESTG013-17SB;PESQUISA OPERACIONAL
11201722352;NA2MCTA025-13SA;SISTEMAS DISTRIBUÍDOS
11202020028;NA1ESHC016-17SB;FINANÇAS CORPORATIVAS
11202021583;DA1ESHC008-21SB;ECONOMIA BRASILEIRA II
11201921655;NIESHC036-21SB;ECONOMETRIA II
11202231740;NB1BIR0603-15SA;CIÊNCIA, TECNOLOGIA E SOCIEDADE
11202022051;NA1ESHP018-14SB;POLÍTICAS SOCIAIS
11202111145;NA1BCK0104-15SB;INTERAÇÕES ATÔMICAS E MOLECULARES
11202020454;NA1MCTC001-15SB;INTRODUÇÃO À FILOSOFIA DA MENTE
11202020734;NA1ESTB013-17SB;BIOSSEGURANÇA
11202321639;NABHO1102-19SB;INTRODUÇÃO À ECONOMIA
11201812016;DA1MCZC010-15SB;ATENÇÃO E ESTADOS DE CONSCIÊNCIA
11202231474;NA2ESTO012-17SA;PRINCÍPIOS DE ADMINISTRAÇÃO
11202230680;DA1BCN0407-15SA;FUNÇÕES DE VÁRIAS VARIÁVEIS
11202022077;NA1ESTO013-17SA;ENGENHARIA ECONÔMICA
11202021936;DA1NHT1071-15SA;PRÁTICAS DE ECOLOGIA
11201921254;DA1ESZB022-17SA;INTRODUÇÃO À BIOINFORMÁTICA
11202131456;NA1ESHT020-17SB;POLÍTICA METROPOLITANA
11202130246;DA1ESHP005-13SB;CONFLITOS SOCIAIS
11201811376;NA1MCZB018-13SA;INTRODUÇÃO À MODELAGEM E PROCESSOS ESTOCÁSTICOS
21008116;NALHZ0019-19SB;HISTÓRIA DO PENSAMENTO GEOGRÁFICO
11202231640;DA1ESZU006-17SA;ECONOMIA, SOCIEDADE E MEIO AMBIENTE
11202130131;DA1NHBB001-23SA;ZOOLOGIA: ORIGEM E DIVERSIFICAÇÃO DE METAZOA
11202322191;DB1BCJ0205-15SB;FENÔMENOS TÉRMICOS
11202021177;NA1ESHR028-21SB;REGIME INTERNACIONAL DOS DIREITOS HUMANOS
11202020037;NA1ESHC016-17SB;FINANÇAS CORPORATIVAS
11202130479;DA1ESHP005-13SB;CONFLITOS SOCIAIS
11202320338;DA1ESHR024-14SB;HISTÓRIA DA POLÍTICA EXTERNA BRASILEIRA
11202232184;DA1ESZB022-17SA;INTRODUÇÃO À BIOINFORMÁTICA
11202322125;NA1BIJ0207-15SB;BASES CONCEITUAIS DA ENERGIA
11202322125;NA1ESHC033-21SB;ECONOMIA BRASILEIRA CONTEMPORÂNEA
11202021901;NAMCTD024-18SA;ANÁLISE NA EDUCAÇÃO BÁSICA
11201920319;NB1BIQ0602-15SA;ESTRUTURA E DINÂMICA SOCIAL
11201722025;NAMCZB035-17SA;EVOLUÇÃO DOS CONCEITOS MATEMÁTICOS
11202231500;NA1ESHR005-13SB;ESTADO E DESENVOLVIMENTO ECONÔMICO NO BRASIL CONTEMPORÂNEO
11202130590;NA1ESZT022-17SB;MODELOS ECONÔMICOS E ANÁLISE DAS DINÂMICAS TERRITORIAIS
11202020884;DA1NHT1071-15SA;PRÁTICAS DE ECOLOGIA
11202322031;NB1BCN0407-15SB;FUNÇÕES DE VÁRIAS VARIÁVEIS
21071716;NA1MCZB002-13SA;ANÁLISE DE REGRESSÃO
11202231954;DB1BIN0406-15SA;INTRODUÇÃO À PROBABILIDADE E À ESTATÍSTICA
11201721482;NB1MCTA025-13SA;SISTEMAS DISTRIBUÍDOS
11202332365;NA1MCZC020-20SB;INTRODUÇÃO À NEUROMODULAÇÃO INVASIVA E NÃO-INVASIVA
11202230760;NA1MCTB009-17SA;CÁLCULO NUMÉRICO
11202111488;DA1MCTA003-17SA;ANÁLISE DE ALGORITMOS
11202111488;DA5BIS0003-15SA;BASES MATEMÁTICAS
11201921279;DA1ESTU025-17SA;AVALIAÇÃO DE IMPACTOS AMBIENTAIS
11202130304;NB1BHO0001-19SB;INTRODUÇÃO ÀS HUMANIDADES E ÀS CIÊNCIAS SOCIAIS
11202230506;DAESTA014-17SA;SISTEMAS CAD/CAM
11202230542;DB1ESTO902-17SA;ENGENHARIA UNIFICADA I
11202230618;NC5BCS0001-15SA;BASE EXPERIMENTAL DAS CIÊNCIAS NATURAIS
11202230584;NB1BIR0603-15SA;CIÊNCIA, TECNOLOGIA E SOCIEDADE
21090116;NA1ESZG041-17SB;GESTÃO DA INOVAÇÃO
11201920103;DB1BCJ0205-15SB;FENÔMENOS TÉRMICOS
11202130033;DB1BIR0603-15SA;CIÊNCIA, TECNOLOGIA E SOCIEDADE
11202230226;DA1ESTO014-17SA;TERMODINÂMICA APLICADA I
11202231389;NB1MCTA025-13SA;SISTEMAS DISTRIBUÍDOS
21091015;DA1ESZG020-17SB;MODELOS DE COMUNICAÇÃO NAS ORGANIZAÇÕES
11202022100;NA3BIS0003-15SB;BASES MATEMÁTICAS
11202130070;NA1ESHC033-21SB;ECONOMIA BRASILEIRA CONTEMPORÂNEA
11202230399;DB3BIS0003-15SA;BASES MATEMÁTICAS
11202232115;DC1ESTO011-17SA;FUNDAMENTOS DE DESENHO TÉCNICO
11201720668;NA1NHZ6012-18SA;EMPREENDEDORISMO E PLANEJAMENTO DE PROJETOS EM BIOTECNOLOGIA
11201720668;NA1NHZ4004-15SA;DESENHO E PROJETO EM QUÍMICA
11201720668;NA1NHT4073-15SA;LIVROS DIDÁTICOS NO ENSINO DE QUÍMICA
11202021651;DAESTU031-17SA;RECUPERAÇÃO DE ÁREAS DEGRADADAS
11202231356;DA1ESHR028-21SB;REGIME INTERNACIONAL DOS DIREITOS HUMANOS
11201921370;NA1ESZG041-17SB;GESTÃO DA INOVAÇÃO
11202020996;NC1ESTO013-17SB;ENGENHARIA ECONÔMICA
11202020042;NA3BIS0003-15SB;BASES MATEMÁTICAS
11201810591;NA1ESZI028-17SA;TV DIGITAL
11202022295;NB2BCJ0205-15SA;FENÔMENOS TÉRMICOS
11202020420;NB1MCTA025-13SA;SISTEMAS DISTRIBUÍDOS
11201921240;DA1NHZ3088-15SA;CONSOLIDAÇÃO DE CONCEITOS E MÉTODOS DE FENÔMENOS ELETROMAGNÉTICOS
11202130016;NAESTA018-17SA;ELETROMAGNETISMO APLICADO
11202410079;DB1BHQ0001-15SB;IDENTIDADE E CULTURA
11202410079;NB1BHO0001-19SB;INTRODUÇÃO ÀS HUMANIDADES E ÀS CIÊNCIAS SOCIAIS
11202231231;NB1BCM0506-15SB;COMUNICAÇÃO E REDES
11202321423;DB1ESTO012-17SA;PRINCÍPIOS DE ADMINISTRAÇÃO
11201921068;NB1BCN0405-15SB;INTRODUÇÃO ÀS EQUAÇÕES DIFERENCIAIS ORDINÁRIAS
11201721542;DAESTE024-17SA;MECÂNICA DOS FLUIDOS II
11202231228;NB1BIQ0602-15SA;ESTRUTURA E DINÂMICA SOCIAL
11201812063;NAMCLM001-23SA;EDUCAÇÃO ESTATÍSTICA
11201812063;NA1ESTM005-17SA;MATERIAIS METÁLICOS
11202130016;NA2BCM0505-22SA;PROCESSAMENTO DA INFORMAÇÃO
11201920623;NB1MCTA025-13SA;SISTEMAS DISTRIBUÍDOS
11201921421;ND1ESTO011-17SA;FUNDAMENTOS DE DESENHO TÉCNICO
11202020712;NA1ESTO016-17SA;FENÔMENOS DE TRANSPORTE
11202021212;NALHE0004-19SB;TEORIA DA HISTÓRIA I
11202231112;NA1ESHP019-22SB;REGIMES E FORMAS DE GOVERNO
11202321381;DA3BCM0505-22SA;PROCESSAMENTO DA INFORMAÇÃO
11202021346;NB1BIN0406-15SB;INTRODUÇÃO À PROBABILIDADE E À ESTATÍSTICA
11202231500;DIESZR037-21SB;TÓPICOS ESPECIAIS EM RELAÇÕES INTERNACIONAIS
11202020772;DABHO0102-15SB;DESENVOLVIMENTO E SUSTENTABILIDADE
11202020429;DB1BIQ0602-15SA;ESTRUTURA E DINÂMICA SOCIAL
11202230618;DAMCTD024-18SA;ANÁLISE NA EDUCAÇÃO BÁSICA
11202322297;NA2BIK0102-15SB;ESTRUTURA DA MATÉRIA
11202230989;DA1MCZC020-20SB;INTRODUÇÃO À NEUROMODULAÇÃO INVASIVA E NÃO-INVASIVA
11201921681;NA1ESTS004-17SB;DESEMPENHO DE AERONAVES
11202321842;DB1BIR0603-15SA;CIÊNCIA, TECNOLOGIA E SOCIEDADE
11201920651;DA1MCTB009-17SA;CÁLCULO NUMÉRICO
11201920651;NA1MCZA004-13SA;AVALIAÇÃO DE DESEMPENHO DE REDES
11201920651;DAESTA013-17SA;FUNDAMENTOS DE ROBÓTICA
11202230618;NAMCZD010-18SA;SEMINÁRIOS DE PESQUISA EM EDUCAÇÃO MATEMÁTICA II
11202230783;DA1ESHR031-21SB;ECONOMIA POLÍTICA INTERNACIONAL
11202131456;NA1ESHT018-17SB;PLANEJAMENTO E POLÍTICA REGIONAL
11202021904;NA1ESTI006-17SA;PROCESSAMENTO DIGITAL DE SINAIS
11201920547;DAESTG023-17SB;ORGANIZAÇÃO DO TRABALHO
11201920547;DA1ESTG020-17SB;SISTEMAS E PROCESSOS DE PRODUÇÃO
11202231636;DA1MCZA017-13SA;PROCESSAMENTO DE LINGUAGEM NATURAL
11202111109;DANHZ2133-18SB;FILOSOFIA E TEATRO
11201922399;NA1ESTA008-17SB;SISTEMAS DE CONTROLE II
11202230924;NA1BCK0104-15SA;INTERAÇÕES ATÔMICAS E MOLECULARES
11201822498;NA1ESHP005-13SB;CONFLITOS SOCIAIS
11202130732;DA1ESTO001-17SB;CIRCUITOS ELÉTRICOS E FOTÔNICA
11202410097;NA1BHS0005-23SB;FILOSOFIA E SOCIEDADE CIVIL EM MOVIMENTO(S)
11202321394;DB1ESTO902-17SA;ENGENHARIA UNIFICADA I
11202111968;NA2NHZ5023-18SA;PRÁTICAS ESCOLARES EM EDUCAÇÃO ESPECIAL E INCLUSIVA
11202021651;DA1NHT1071-15SA;PRÁTICAS DE ECOLOGIA
11202320618;DB1BCS0002-15SA;PROJETO DIRIGIDO
11202130697;NA1MCZA004-13SA;AVALIAÇÃO DE DESEMPENHO DE REDES
11202231178;NB1BIQ0602-15SA;ESTRUTURA E DINÂMICA SOCIAL
11202130927;NA1ESHP032-22SB;PODER LEGISLATIVO E PROCESSO DECISÓRIO
11202020600;DA2MCTA024-13SA;SISTEMAS DIGITAIS
11202231373;NC1ESTO902-17SA;ENGENHARIA UNIFICADA I
11202320436;NA1NHZ6001-18SA;FUNDAMENTOS DA BIOTECNOLOGIA
11202232134;NB1ESTO012-17SA;PRINCÍPIOS DE ADMINISTRAÇÃO
11202232108;NA1ESZB022-17SA;INTRODUÇÃO À BIOINFORMÁTICA
11202231963;NA1ESTO011-17SA;FUNDAMENTOS DE DESENHO TÉCNICO
11201721629;NA1MCTC014-13SB;INTRODUÇÃO À INFERÊNCIA ESTATÍSTICA
11201920834;NA1ESHP005-13SB;CONFLITOS SOCIAIS
11202020477;DA1ESZB022-17SA;INTRODUÇÃO À BIOINFORMÁTICA
11202321608;DA1BHS0011-23SB;REFLEXÕES SOBRE ARTE E SOCIEDADE
11202231373;NA1ESTO011-17SA;FUNDAMENTOS DE DESENHO TÉCNICO
11202231482;DA1ESTU025-17SA;AVALIAÇÃO DE IMPACTOS AMBIENTAIS
11202212437;NB1MCTB019-17SA;MATEMÁTICA DISCRETA
11202230927;DA1ESHR019-21SB;CHINA NAS RELAÇÕES INTERNACIONAIS
11202230272;DA1ESTO014-17SA;TERMODINÂMICA APLICADA I
11202231878;NA1ESHC028-17SB;ECONOMIA POLÍTICA
11202320215;DA1BCN0407-15SA;FUNÇÕES DE VÁRIAS VARIÁVEIS
11202020177;DA1ESZM016-17SA;SÍNTESE DE POLÍMEROS
21035912;NA1ESTG001-17SB;CUSTOS
11104013;NB1MCTA025-13SA;SISTEMAS DISTRIBUÍDOS
11202130262;DA1MCZA017-13SA;PROCESSAMENTO DE LINGUAGEM NATURAL
11201812161;DA1ESTA002-17SA;CIRCUITOS ELÉTRICOS I
11202022036;DB1BHO0001-19SB;INTRODUÇÃO ÀS HUMANIDADES E ÀS CIÊNCIAS SOCIAIS
11202230554;DANHZ3011-15SA;FÍSICA DE SEMICONDUTORES
11202231326;NA1BCJ0203-15SA;FENÔMENOS ELETROMAGNÉTICOS
11202231396;NA2BIS0003-15SB;BASES MATEMÁTICAS
11202322032;DB1ESTO902-17SA;ENGENHARIA UNIFICADA I
11202021499;NB2BCN0407-15SB;FUNÇÕES DE VÁRIAS VARIÁVEIS
11039016;NA1MCZC020-20SB;INTRODUÇÃO À NEUROMODULAÇÃO INVASIVA E NÃO-INVASIVA
11086414;NA1NHLB002-23SA;PRÁTICAS DE ENSINO DE BIOLOGIA E APRENDIZAGEM
11086414;DA1NHLF003-22SB;PRÁTICAS TEATRAIS COMO RECURSO DIDÁTICO
11202020777;DANHT1072-15SA;ECOLOGIA COMPORTAMENTAL
11202020733;NA1ESTE033-17SA;ENGENHARIA SOLAR FOTOVOLTAICA
11202020733;NA1ESTM017-17SA;MATERIAIS CERÂMICOS
11202020733;NA1ESZM031-17SA;NANOCOMPÓSITOS
11202320984;NA1ESTO012-17SA;PRINCÍPIOS DE ADMINISTRAÇÃO
11201722381;NA1MCZB002-13SA;ANÁLISE DE REGRESSÃO
11202130339;DA1NHZ6013-18SA;BIOTECNOLOGIA ANIMAL
11202410048;NB1BIR0603-15SA;CIÊNCIA, TECNOLOGIA E SOCIEDADE
11202320545;DA5BCJ0203-15SA;FENÔMENOS ELETROMAGNÉTICOS
11202130104;NA1BCK0104-15SA;INTERAÇÕES ATÔMICAS E MOLECULARES
11201920801;DA1MCTA003-17SA;ANÁLISE DE ALGORITMOS
11201920801;NB1BCK0104-15SA;INTERAÇÕES ATÔMICAS E MOLECULARES
11202130900;NC3BIS0005-15SB;BASES COMPUTACIONAIS DA CIÊNCIA
11202021689;DAESZG040-17SB;MODELOS DE DECISÃO MULTICRITÉRIO
11201921784;DAESTU039-17SA;REGULAÇÃO AMBIENTAL E URBANÍSTICA
11202131515;DA1ESHT017-17SB;PLANEJAMENTO E POLÍTICA AMBIENTAL
11202230279;DA1ESZU006-17SA;ECONOMIA, SOCIEDADE E MEIO AMBIENTE
11202320905;DA1MCZC010-15SB;ATENÇÃO E ESTADOS DE CONSCIÊNCIA
11202332358;DD2BCS0001-15SA;BASE EXPERIMENTAL DAS CIÊNCIAS NATURAIS
11202020271;NA1MCTB009-17SA;CÁLCULO NUMÉRICO
11202020271;NB1MCTA025-13SA;SISTEMAS DISTRIBUÍDOS
11202231487;DA1ESZM032-17SA;BIOMATERIAIS
11201721544;NB1MCTA025-13SA;SISTEMAS DISTRIBUÍDOS
11201920332;DAESZG040-17SB;MODELOS DE DECISÃO MULTICRITÉRIO
11202310078;DB1BHO0001-19SB;INTRODUÇÃO ÀS HUMANIDADES E ÀS CIÊNCIAS SOCIAIS
11202020769;NA1NHLQ002-22SA;PRÁTICAS DE ENSINO DE QUÍMICA I
11202231487;DB1ESTO011-17SB;FUNDAMENTOS DE DESENHO TÉCNICO
11202410080;DB1ESHR028-21SB;REGIME INTERNACIONAL DOS DIREITOS HUMANOS
11202210105;NC3BIS0005-15SB;BASES COMPUTACIONAIS DA CIÊNCIA
11202021648;NC4BCS0001-15SA;BASE EXPERIMENTAL DAS CIÊNCIAS NATURAIS
11202332394;NC3BIS0005-15SB;BASES COMPUTACIONAIS DA CIÊNCIA
11202130507;DD1BCS0001-15SA;BASE EXPERIMENTAL DAS CIÊNCIAS NATURAIS
11202021526;NC4BCS0001-15SA;BASE EXPERIMENTAL DAS CIÊNCIAS NATURAIS
11202021759;NA4BCM0505-22SA;PROCESSAMENTO DA INFORMAÇÃO
11201921065;NB1MCTA025-13SA;SISTEMAS DISTRIBUÍDOS
11202130262;NB1MCTA025-13SA;SISTEMAS DISTRIBUÍDOS
11202020444;NALHE0002-19SB;LABORATÓRIO DE PRÁTICAS INTEGRADORAS I (PCC)
11201811376;NA1MCCC015-23SA;PROGRAMAÇÃO FUNCIONAL
11202230308;DA1MCTA009-13SA;COMPUTADORES, ÉTICA E SOCIEDADE
11202320896;DA1BCN0407-15SA;FUNÇÕES DE VÁRIAS VARIÁVEIS
11202230989;NA1MCZC010-15SB;ATENÇÃO E ESTADOS DE CONSCIÊNCIA
11202320781;NA1NHBB001-23SA;ZOOLOGIA: ORIGEM E DIVERSIFICAÇÃO DE METAZOA
11202021886;DA1ESHC019-17SB;HISTÓRIA DO PENSAMENTO ECONÔMICO
11201921726;NA1NHZ1090-15SA;IMUNOLOGIA APLICADA
11202321734;DBBHQ0004-19SB;ESTUDOS DE GÊNERO
11201921370;NB1BCS0002-15SB;PROJETO DIRIGIDO
11202231702;DA1NHZ6013-18SA;BIOTECNOLOGIA ANIMAL
11202210013;DA1NHZ5014-15SA;QUESTÕES ATUAIS NO ENSINO DE CIÊNCIAS
11202131649;NA1ESHT020-17SB;POLÍTICA METROPOLITANA
11202130838;DA1ESTO001-17SB;CIRCUITOS ELÉTRICOS E FOTÔNICA
11201920934;NANHT3068-15SA;MECÂNICA CLÁSSICA I
11202332365;NA1BIR0603-15SB;CIÊNCIA, TECNOLOGIA E SOCIEDADE
11202020350;NA3BCN0405-15SA;INTRODUÇÃO ÀS EQUAÇÕES DIFERENCIAIS ORDINÁRIAS
11201920623;NA1MCCC006-23SA;COMPILADORES E INTERPRETADORES
11201722309;NA1MCTB010-13SA;CÁLCULO VETORIAL E TENSORIAL
11201722309;NANHT3068-15SA;MECÂNICA CLÁSSICA I
11202021040;NB1MCTA025-13SA;SISTEMAS DISTRIBUÍDOS
11202130443;DA1NHT1013-15SA;BIOQUÍMICA FUNCIONAL
11202112047;DA1ESHP005-13SB;CONFLITOS SOCIAIS
11201920511;DA1MCTA003-17SA;ANÁLISE DE ALGORITMOS
11202322137;NB1BIQ0602-15SA;ESTRUTURA E DINÂMICA SOCIAL
11201921279;DAESTU031-17SA;RECUPERAÇÃO DE ÁREAS DEGRADADAS
11202321909;DA1ESHC016-17SB;FINANÇAS CORPORATIVAS
11201921370;DAESZG038-17SB;EFICIÊNCIA ENERGÉTICA INDUSTRIAL
11202131701;NAMCZB035-17SA;EVOLUÇÃO DOS CONCEITOS MATEMÁTICOS
11202321639;DB1ESHR028-21SB;REGIME INTERNACIONAL DOS DIREITOS HUMANOS
11202321380;DD2BIS0005-15SA;BASES COMPUTACIONAIS DA CIÊNCIA
11202212394;NB1BIQ0602-15SA;ESTRUTURA E DINÂMICA SOCIAL
11202320781;NA1NHBT002-23SA;BIOTECNOLOGIA VEGETAL
11202130443;DANHT1072-15SA;ECOLOGIA COMPORTAMENTAL
11202130470;NA1ESTO011-17SB;FUNDAMENTOS DE DESENHO TÉCNICO
11202321423;DA1ESTO005-17SA;INTRODUÇÃO ÀS ENGENHARIAS
11202321385;DB1BHO0001-19SB;INTRODUÇÃO ÀS HUMANIDADES E ÀS CIÊNCIAS SOCIAIS
11201720978;NA1BCM0505-22SA;PROCESSAMENTO DA INFORMAÇÃO
21046915;DA2BIN0406-15SB;INTRODUÇÃO À PROBABILIDADE E À ESTATÍSTICA
13201723211;NA1MCTB009-17SA;CÁLCULO NUMÉRICO
11202130098;DA1MCTB010-13SA;CÁLCULO VETORIAL E TENSORIAL
11202230618;DA1NHZ5014-15SA;QUESTÕES ATUAIS NO ENSINO DE CIÊNCIAS
11202020429;NAESTU036-17SA;SISTEMAS DE DRENAGEM URBANA
11202320394;NA1ESHC033-21SB;ECONOMIA BRASILEIRA CONTEMPORÂNEA
11202230283;DB1BCN0405-15SB;INTRODUÇÃO ÀS EQUAÇÕES DIFERENCIAIS ORDINÁRIAS
11202021498;NA1MCZC020-20SB;INTRODUÇÃO À NEUROMODULAÇÃO INVASIVA E NÃO-INVASIVA
11202311988;DB1BHO0001-19SB;INTRODUÇÃO ÀS HUMANIDADES E ÀS CIÊNCIAS SOCIAIS
11202130033;DA1MCCC015-23SA;PROGRAMAÇÃO FUNCIONAL
11202021116;NC5BCS0001-15SA;BASE EXPERIMENTAL DAS CIÊNCIAS NATURAIS
11202021116;NA1NHT3049-15SA;PRINCÍPIOS DE TERMODINÂMICA
11202021956;NAESTU028-17SA;HIDRÁULICA DE CONDUTOS FORÇADOS
11202020810;NAESZC022-17SB;TÓPICOS AVANÇADOS EM DESENVOLVIMENTO SOCIOECONÔMICO
11202230902;NANHH2012-13SB;FENOMENOLOGIA E FILOSOFIA HERMENÊUTICA
11020516;NB2BCN0405-15SA;INTRODUÇÃO ÀS EQUAÇÕES DIFERENCIAIS ORDINÁRIAS
11202230399;NB1ESTO006-17SA;MATERIAIS E SUAS PROPRIEDADES
11202022192;NB1BIS0003-15SB;BASES MATEMÁTICAS
11202231936;DB1BIR0004-15SA;BASES EPISTEMOLÓGICAS DA CIÊNCIA MODERNA
11201920511;NB1MCTA025-13SA;SISTEMAS DISTRIBUÍDOS
11201921421;NAMCLM001-23SA;EDUCAÇÃO ESTATÍSTICA
11202020221;NB1MCTA025-13SA;SISTEMAS DISTRIBUÍDOS
11202230297;NA1MCTC001-15SB;INTRODUÇÃO À FILOSOFIA DA MENTE
11202111951;NB1BIS0003-15SB;BASES MATEMÁTICAS
11202321216;DB3BIK0102-15SA;ESTRUTURA DA MATÉRIA
11202020921;NAESZU022-17SA;CIÊNCIAS ATMOSFÉRICAS
11201920200;NA1ESZT022-17SB;MODELOS ECONÔMICOS E ANÁLISE DAS DINÂMICAS TERRITORIAIS
11201722848;DA1ESTA011-17SA;AUTOMAÇÃO DE SISTEMAS INDUSTRIAIS
11202231141;DA1BCM0505-22SB;PROCESSAMENTO DA INFORMAÇÃO
11201810891;NA1ESZA019-17SA;VISÃO COMPUTACIONAL
11202320588;NB5BIS0003-15SA;BASES MATEMÁTICAS
11202021207;DA1ESTG020-17SB;SISTEMAS E PROCESSOS DE PRODUÇÃO
11202320963;DA1BCM0506-15SA;COMUNICAÇÃO E REDES
11202320440;DA1BCN0407-15SA;FUNÇÕES DE VÁRIAS VARIÁVEIS
11202021905;DA1NHZ6016-18SA;BROMATOLOGIA E ANÁLISE DE ALIMENTOS
11202021833;DB1ESEN009-23SA;LABORATÓRIO DE ENGENHARIA SOLAR FOTOVOLTAICA
11202231114;NA2BIN0406-15SB;INTRODUÇÃO À PROBABILIDADE E À ESTATÍSTICA
11202020526;NA1MCZC019-20SB;INTRODUÇÃO À NEUROIMUNOLOGIA
11202020526;NA1MCNC003-23SB;NEUROCIÊNCIA TEÓRICA E COMPUTACIONAL
11202230447;NA1ESTO011-17SA;FUNDAMENTOS DE DESENHO TÉCNICO
11202321906;NA2NHI5001-15SA;DESENVOLVIMENTO E APRENDIZAGEM
11202231319;NB1BIQ0602-15SA;ESTRUTURA E DINÂMICA SOCIAL
11202232186;NB1BHQ0001-15SB;IDENTIDADE E CULTURA
11202232186;NB1BHQ0003-15SB;INTERPRETAÇÕES DO BRASIL
11202310028;NAMCZD010-18SA;SEMINÁRIOS DE PESQUISA EM EDUCAÇÃO MATEMÁTICA II
11202410053;NC4BCS0001-15SA;BASE EXPERIMENTAL DAS CIÊNCIAS NATURAIS
11201921940;DA1ESHC016-17SB;FINANÇAS CORPORATIVAS
11201921940;DA1ESHC019-17SB;HISTÓRIA DO PENSAMENTO ECONÔMICO
11202230913;DA1BIN0406-15SA;INTRODUÇÃO À PROBABILIDADE E À ESTATÍSTICA
11202020422;DA1ESZI045-17SA;INTRODUÇÃO À LINGUÍSTICA COMPUTACIONAL
11202020294;NA1ESZI043-17SA;PROGRAMAÇÃO BASEADA EM COMPONENTES PARA JOGOS
11202132035;DA1MCZC019-20SB;INTRODUÇÃO À NEUROIMUNOLOGIA
11202320440;NB1BIQ0602-15SA;ESTRUTURA E DINÂMICA SOCIAL
11202130664;NA2MCTB001-17SA;ÁLGEBRA LINEAR
11202230282;NA2MCTB001-17SA;ÁLGEBRA LINEAR
11201812236;NA1ESZG041-17SB;GESTÃO DA INOVAÇÃO
11201811703;NB1MCTA025-13SA;SISTEMAS DISTRIBUÍDOS
11202231333;NA1BIJ0207-15SB;BASES CONCEITUAIS DA ENERGIA
11202130278;DA1ESHP030-22SB;ORÇAMENTO PÚBLICO
11202322004;NB4BIS0003-15SA;BASES MATEMÁTICAS
11202320757;DB1BHQ0001-15SB;IDENTIDADE E CULTURA
11202231891;NB1BIQ0602-15SA;ESTRUTURA E DINÂMICA SOCIAL
11201921068;DA1ESHC028-17SB;ECONOMIA POLÍTICA
11202021045;NB1BCK0104-15SA;INTERAÇÕES ATÔMICAS E MOLECULARES
11202131447;DANHT3068-15SA;MECÂNICA CLÁSSICA I
11201811390;NA3BCM0505-22SA;PROCESSAMENTO DA INFORMAÇÃO
11201811296;DA1ESHC028-17SB;ECONOMIA POLÍTICA
11201811296;DA1ESHR028-21SB;REGIME INTERNACIONAL DOS DIREITOS HUMANOS
11202230886;DA1MCTB001-17SA;ÁLGEBRA LINEAR
11202130166;DA1ESTO001-17SB;CIRCUITOS ELÉTRICOS E FOTÔNICA
11202130908;NB1MCTA025-13SA;SISTEMAS DISTRIBUÍDOS
11201811296;DBBHO1102-19SB;INTRODUÇÃO À ECONOMIA
11202231493;NA1ESZP052-22SB;GOVERNANÇA, POLÍTICAS PÚBLICAS E RESISTÊNCIA EM TEMPOS DE CRISES MÚLTIPLAS
11202230647;NAMCTD024-18SA;ANÁLISE NA EDUCAÇÃO BÁSICA
11202320733;DB6BIS0005-15SB;BASES COMPUTACIONAIS DA CIÊNCIA
11003816;NB5BCJ0203-15SA;FENÔMENOS ELETROMAGNÉTICOS
11201720276;DB1ESHR028-21SB;REGIME INTERNACIONAL DOS DIREITOS HUMANOS
11201720276;DA1ESHR015-21SB;SEGURANÇA INTERNACIONAL
11202312272;DB1BIS0005-15SB;BASES COMPUTACIONAIS DA CIÊNCIA
11202210075;NB1BHO0001-19SB;INTRODUÇÃO ÀS HUMANIDADES E ÀS CIÊNCIAS SOCIAIS
11202231541;NC1ESTO011-17SA;FUNDAMENTOS DE DESENHO TÉCNICO
11202320745;NB1BIR0004-15SB;BASES EPISTEMOLÓGICAS DA CIÊNCIA MODERNA
11202130664;NA1ESTI006-17SA;PROCESSAMENTO DIGITAL DE SINAIS
11202321586;DC1ESTO011-17SA;FUNDAMENTOS DE DESENHO TÉCNICO
11202320583;NB1ESTO005-17SA;INTRODUÇÃO ÀS ENGENHARIAS
11202020953;DA2BIN0406-15SA;INTRODUÇÃO À PROBABILIDADE E À ESTATÍSTICA
11202131216;DA1ESHP005-13SB;CONFLITOS SOCIAIS
21089115;DAESZG040-17SB;MODELOS DE DECISÃO MULTICRITÉRIO
11202022030;DA1ESHP005-13SB;CONFLITOS SOCIAIS
11202231441;NALHZ0019-19SB;HISTÓRIA DO PENSAMENTO GEOGRÁFICO
11201723119;DA1ESTG005-17SB;ENGENHARIA ECONÔMICA APLICADA A SISTEMAS DE GESTÃO
11202321595;DB6BIS0005-15SB;BASES COMPUTACIONAIS DA CIÊNCIA
11202131938;NA1ESHT020-17SB;POLÍTICA METROPOLITANA
11202022277;NA1ESTU040-17SA;PROJETO AMBIENTAL URBANO
11201921871;NC3BIS0005-15SB;BASES COMPUTACIONAIS DA CIÊNCIA
11201921871;DA1BIS0003-15SB;BASES MATEMÁTICAS
11201721405;NB2MCTB019-17SA;MATEMÁTICA DISCRETA
11202021732;DA1NHZ6016-18SA;BROMATOLOGIA E ANÁLISE DE ALIMENTOS
11202231155;DA1BCK0104-15SA;INTERAÇÕES ATÔMICAS E MOLECULARES
11202020169;DC1ESTO902-17SA;ENGENHARIA UNIFICADA I
11201932495;NA1BIN0406-15SA;INTRODUÇÃO À PROBABILIDADE E À ESTATÍSTICA
11202021510;DAESTG023-17SB;ORGANIZAÇÃO DO TRABALHO
11202111480;NANHH2073-18SB;TEORIA DO CONHECIMENTO: EMPIRISMO E RACIONALISMO
11202130466;NB1ESTO012-17SA;PRINCÍPIOS DE ADMINISTRAÇÃO
11202320488;DA1NHZ6001-18SA;FUNDAMENTOS DA BIOTECNOLOGIA
11202312301;DB3BCJ0205-15SA;FENÔMENOS TÉRMICOS
11202321328;NA1BCM0506-15SB;COMUNICAÇÃO E REDES
11202320817;DABHO1102-19SB;INTRODUÇÃO À ECONOMIA
11202320817;DB1BHO0001-19SB;INTRODUÇÃO ÀS HUMANIDADES E ÀS CIÊNCIAS SOCIAIS
11202320817;NA1ESHC035-21SB;ECONOMETRIA I
11202320817;NA1ESHC033-21SB;ECONOMIA BRASILEIRA CONTEMPORÂNEA
11201921608;NA1NHZ2099-16SA;TÓPICOS CONTEMPORÂNEOS EM EDUCAÇÃO E FILOSOFIA
11202130828;DALHE0004-19SB;TEORIA DA HISTÓRIA I
11202130828;DANHZ2133-18SB;FILOSOFIA E TEATRO
11202130828;DANHH2089-16SB;PRÁTICA DE ENSINO DE FILOSOFIA: METODOLOGIAS
11202321462;DB5BCJ0203-15SA;FENÔMENOS ELETROMAGNÉTICOS
11202021689;DA1ESTG014-17SB;PLANEJAMENTO E CONTROLE DA PRODUÇÃO
11202321123;DA4BCJ0205-15SA;FENÔMENOS TÉRMICOS
11202111146;DA1BCS0002-15SA;PROJETO DIRIGIDO
11202410032;DA1NHI5001-15SA;DESENVOLVIMENTO E APRENDIZAGEM
11202021899;NANHZ2132-18SB;FILOSOFIA, MÚSICA E LITERATURA
11201921122;DA1MCTA025-13SA;SISTEMAS DISTRIBUÍDOS
11202231695;DA1ESTO012-17SA;PRINCÍPIOS DE ADMINISTRAÇÃO
11202020681;NA1ESHC016-17SB;FINANÇAS CORPORATIVAS
11202130242;NA1ESTA011-17SA;AUTOMAÇÃO DE SISTEMAS INDUSTRIAIS
11201922395;NA1MCTC014-13SB;INTRODUÇÃO À INFERÊNCIA ESTATÍSTICA
11202111562;DA1BHS0011-23SB;REFLEXÕES SOBRE ARTE E SOCIEDADE
11202020489;NB1ESTO902-17SA;ENGENHARIA UNIFICADA I
11202210014;DA1MCZA017-13SA;PROCESSAMENTO DE LINGUAGEM NATURAL
11202020788;DA1ESHR024-14SB;HISTÓRIA DA POLÍTICA EXTERNA BRASILEIRA
11202231726;NA1ESTS017-17SB;SISTEMAS DE PROPULSÃO I
11202321610;NB1BHQ0001-15SB;IDENTIDADE E CULTURA
11202321406;DA1BCM0506-15SA;COMUNICAÇÃO E REDES
11202130502;NA1ESHR028-21SB;REGIME INTERNACIONAL DOS DIREITOS HUMANOS
11202320594;NA6BCJ0203-15SA;FENÔMENOS ELETROMAGNÉTICOS
11202130845;DB1BCK0104-15SA;INTERAÇÕES ATÔMICAS E MOLECULARES
11201920387;DA2ESTG020-17SB;SISTEMAS E PROCESSOS DE PRODUÇÃO
11202321532;DB1BIR0603-15SA;CIÊNCIA, TECNOLOGIA E SOCIEDADE
11202320657;DA1BCM0506-15SA;COMUNICAÇÃO E REDES
11201921555;NA1ESHC035-21SB;ECONOMETRIA I
11202321828;DA6BCJ0203-15SA;FENÔMENOS ELETROMAGNÉTICOS
11202230520;DA1ESZM032-17SA;BIOMATERIAIS
11201920237;NB1BIR0603-15SA;CIÊNCIA, TECNOLOGIA E SOCIEDADE
11201811380;DA1MCTC020-15SB;PSICOLOGIA EXPERIMENTAL
11201811380;NA1MCNC003-23SB;NEUROCIÊNCIA TEÓRICA E COMPUTACIONAL
11202322116;DA1NHZ6001-18SA;FUNDAMENTOS DA BIOTECNOLOGIA
11202111593;DAESZG038-17SB;EFICIÊNCIA ENERGÉTICA INDUSTRIAL
11202230906;NA1ESHP032-22SB;PODER LEGISLATIVO E PROCESSO DECISÓRIO
11201921721;NA1ESHP019-22SB;REGIMES E FORMAS DE GOVERNO
11202321428;DBBHO0102-15SB;DESENVOLVIMENTO E SUSTENTABILIDADE
11202130326;NAESTU039-17SA;REGULAÇÃO AMBIENTAL E URBANÍSTICA
11202320984;NA1ESTO011-17SA;FUNDAMENTOS DE DESENHO TÉCNICO
11201920403;DB1BCN0405-15SB;INTRODUÇÃO ÀS EQUAÇÕES DIFERENCIAIS ORDINÁRIAS
11202021063;NA1ESTO012-17SA;PRINCÍPIOS DE ADMINISTRAÇÃO
11202111658;NA1ESHC016-17SB;FINANÇAS CORPORATIVAS
11202321471;DB1BCM0506-15SA;COMUNICAÇÃO E REDES
11202332423;NC1BIS0005-15SA;BASES COMPUTACIONAIS DA CIÊNCIA
11202321873;DB1ESTO902-17SA;ENGENHARIA UNIFICADA I
11202231215;NB1BIS0003-15SB;BASES MATEMÁTICAS
11202021882;DB6BIS0005-15SB;BASES COMPUTACIONAIS DA CIÊNCIA
11202321485;NB1BHP0202-19SB;TEMAS E PROBLEMAS EM FILOSOFIA
11202230668;DA1MCTB010-13SA;CÁLCULO VETORIAL E TENSORIAL
11202022040;DB1BHO0001-19SB;INTRODUÇÃO ÀS HUMANIDADES E ÀS CIÊNCIAS SOCIAIS
11202022189;NB1BCN0407-15SA;FUNÇÕES DE VÁRIAS VARIÁVEIS
11202322165;DB1ESTO005-17SB;INTRODUÇÃO ÀS ENGENHARIAS
11202230725;NB1BIN0406-15SB;INTRODUÇÃO À PROBABILIDADE E À ESTATÍSTICA
11202231307;DA1ESTO014-17SA;TERMODINÂMICA APLICADA I
11201920444;NB2BCN0407-15SB;FUNÇÕES DE VÁRIAS VARIÁVEIS
11202020616;NB1BIS0003-15SB;BASES MATEMÁTICAS
11202321406;DA1MCTB019-17SA;MATEMÁTICA DISCRETA
11202230676;DB1BIR0004-15SB;BASES EPISTEMOLÓGICAS DA CIÊNCIA MODERNA
11201921825;NA1ESTO012-17SA;PRINCÍPIOS DE ADMINISTRAÇÃO
11202230973;NA1BIJ0207-15SB;BASES CONCEITUAIS DA ENERGIA
11202022036;NB1BHP0202-19SB;TEMAS E PROBLEMAS EM FILOSOFIA
11202231695;NC1ESTO902-17SB;ENGENHARIA UNIFICADA I
11202321240;DB1BCM0506-15SA;COMUNICAÇÃO E REDES
11202231933;NB1BIN0406-15SB;INTRODUÇÃO À PROBABILIDADE E À ESTATÍSTICA
11202230565;NB1BIQ0602-15SA;ESTRUTURA E DINÂMICA SOCIAL
11202332358;DD1BIS0005-15SA;BASES COMPUTACIONAIS DA CIÊNCIA
11202131673;NC6BCS0001-15SA;BASE EXPERIMENTAL DAS CIÊNCIAS NATURAIS
11202320341;NB1BCM0506-15SB;COMUNICAÇÃO E REDES
11202231832;NB1BIR0603-15SA;CIÊNCIA, TECNOLOGIA E SOCIEDADE
11201822555;DA1MCZC019-20SB;INTRODUÇÃO À NEUROIMUNOLOGIA
11202320456;DB1BIQ0602-15SA;ESTRUTURA E DINÂMICA SOCIAL
11202232333;NA1ESTU040-17SA;PROJETO AMBIENTAL URBANO
11202230256;DB6BIS0005-15SB;BASES COMPUTACIONAIS DA CIÊNCIA
11201812313;NB2ESTO017-17SA;MÉTODOS EXPERIMENTAIS EM ENGENHARIA
11201812313;NAESZU003-17SA;CONTAMINAÇÃO E REMEDIAÇÃO DE SOLOS
11202321063;DB1BCM0506-15SA;COMUNICAÇÃO E REDES
11202321128;NB2BIN0406-15SA;INTRODUÇÃO À PROBABILIDADE E À ESTATÍSTICA
11202410078;NA1ESHT011-21SB;ANÁLISE DE DADOS PARA O PLANEJAMENTO TERRITORIAL
11202410078;NA1ESHC033-21SB;ECONOMIA BRASILEIRA CONTEMPORÂNEA
11202312301;DB3BIK0102-15SA;ESTRUTURA DA MATÉRIA
11202021528;NB1BIR0603-15SA;CIÊNCIA, TECNOLOGIA E SOCIEDADE
11201921990;NB1MCTA025-13SA;SISTEMAS DISTRIBUÍDOS
11201810674;DANHZ3078-15SA;EQUAÇÕES DIFERENCIAIS PARCIAIS APLICADAS
11201810674;NANHBP010-23SA;ÓPTICA E RELATIVIDADE
11202410078;NA1ESHT017-17SB;PLANEJAMENTO E POLÍTICA AMBIENTAL
11202321063;DB3BIS0003-15SA;BASES MATEMÁTICAS
11201920444;NAESZC022-17SB;TÓPICOS AVANÇADOS EM DESENVOLVIMENTO SOCIOECONÔMICO
11202231924;NB1BHO0001-19SB;INTRODUÇÃO ÀS HUMANIDADES E ÀS CIÊNCIAS SOCIAIS
11202230513;NA2BIR0004-15SB;BASES EPISTEMOLÓGICAS DA CIÊNCIA MODERNA
11202332376;NB1BHO0001-19SB;INTRODUÇÃO ÀS HUMANIDADES E ÀS CIÊNCIAS SOCIAIS
11202232356;NA1NHBT002-23SA;BIOTECNOLOGIA VEGETAL
11035816;DB2BCS0002-15SA;PROJETO DIRIGIDO
11202021694;NA1BCK0104-15SA;INTERAÇÕES ATÔMICAS E MOLECULARES
11202332378;DB1BHQ0001-15SB;IDENTIDADE E CULTURA
11202332378;DB1BHP0202-19SB;TEMAS E PROBLEMAS EM FILOSOFIA
11202021994;DB1MCTB019-17SA;MATEMÁTICA DISCRETA
11202230575;DA1ESZI045-17SA;INTRODUÇÃO À LINGUÍSTICA COMPUTACIONAL
11202130652;DA1ESHP030-22SB;ORÇAMENTO PÚBLICO
11202022103;NANHZ1003-15SA;BIOFÍSICA
11202022103;DA1MCTB009-17SA;CÁLCULO NUMÉRICO
11202020957;DAESZG040-17SB;MODELOS DE DECISÃO MULTICRITÉRIO
11202130112;DA1ESHP032-22SB;PODER LEGISLATIVO E PROCESSO DECISÓRIO
11202321280;DB4BIS0003-15SA;BASES MATEMÁTICAS
11202130104;NB3BCM0505-22SA;PROCESSAMENTO DA INFORMAÇÃO
11202020777;DABHO0102-15SB;DESENVOLVIMENTO E SUSTENTABILIDADE
11202320215;NA3BCM0505-22SA;PROCESSAMENTO DA INFORMAÇÃO
11201723019;NANHH2033-18SB;HISTÓRIA DA FILOSOFIA ANTIGA CLÁSSICA
11202320739;NB1BIS0003-15SB;BASES MATEMÁTICAS
11202320739;NB1BIK0102-15SB;ESTRUTURA DA MATÉRIA
11202320739;NB3BIL0304-15SA;EVOLUÇÃO E DIVERSIFICAÇÃO DA VIDA NA TERRA
11202231825;NB1ESTU040-17SA;PROJETO AMBIENTAL URBANO
11201932596;NAESHC012-21SB;ECONOMIA INSTITUCIONAL
11202321326;NA1ESZT017-17SB;DINÂMICAS TERRITORIAIS E RELAÇÕES ÉTNICO-RACIAIS NO BRASIL
11202131428;NA1ESZA019-17SA;VISÃO COMPUTACIONAL
11202321577;DA1NHZ6001-18SA;FUNDAMENTOS DA BIOTECNOLOGIA
11202332396;DB2ESTO006-17SA;MATERIAIS E SUAS PROPRIEDADES
11201811574;NAESTA014-17SA;SISTEMAS CAD/CAM
11201922224;NB1ESTO011-17SA;FUNDAMENTOS DE DESENHO TÉCNICO
11201811577;NA1ESHC026-21SB;MICROECONOMIA II
11201811739;DA1MCZA017-13SA;PROCESSAMENTO DE LINGUAGEM NATURAL
11201812230;DA1MCTB001-17SA;ÁLGEBRA LINEAR
11202231002;NA1MCTC014-13SB;INTRODUÇÃO À INFERÊNCIA ESTATÍSTICA
11202321148;NB4BIK0102-15SA;ESTRUTURA DA MATÉRIA
11202230697;NANHT1072-15SA;ECOLOGIA COMPORTAMENTAL
11202021349;NA2ESTI002-17SA;ELETRÔNICA DIGITAL
11202020943;NA2NHZ5023-18SA;PRÁTICAS ESCOLARES EM EDUCAÇÃO ESPECIAL E INCLUSIVA
11202020249;NAESHC012-21SB;ECONOMIA INSTITUCIONAL
11202332355;DA1BCN0407-15SA;FUNÇÕES DE VÁRIAS VARIÁVEIS
11202320431;DA1BIS0005-15SA;BASES COMPUTACIONAIS DA CIÊNCIA
11201921166;NA1MCTC001-15SB;INTRODUÇÃO À FILOSOFIA DA MENTE
11201921149;NB1MCTA025-13SA;SISTEMAS DISTRIBUÍDOS
11202320535;DA1BIR0603-15SB;CIÊNCIA, TECNOLOGIA E SOCIEDADE
11202320535;DA2BCN0405-15SB;INTRODUÇÃO ÀS EQUAÇÕES DIFERENCIAIS ORDINÁRIAS
11202111790;NB1BIQ0602-15SA;ESTRUTURA E DINÂMICA SOCIAL
11202320536;NB1BCM0506-15SA;COMUNICAÇÃO E REDES
11202322062;DA1ESTO012-17SA;PRINCÍPIOS DE ADMINISTRAÇÃO
11201812314;NAESTU039-17SA;REGULAÇÃO AMBIENTAL E URBANÍSTICA
21049416;DA1MCTC009-15SB;PROGRESSOS E MÉTODOS EM NEUROCIÊNCIA
11201920323;NAESZA006-17SB;TEORIA DE CONTROLE ÓTIMO
11202310120;DANHZ2133-18SB;FILOSOFIA E TEATRO
11202332430;NB1BHQ0003-15SB;INTERPRETAÇÕES DO BRASIL
11202332430;NB1BHO0001-19SB;INTRODUÇÃO ÀS HUMANIDADES E ÀS CIÊNCIAS SOCIAIS
11202020543;DA1ESHC033-21SB;ECONOMIA BRASILEIRA CONTEMPORÂNEA
21085414;NB1ESZG002-17SB;CONFIABILIDADE INDUSTRIAL EM SISTEMAS DE GESTÃO
11202322274;DA1ESTO012-17SA;PRINCÍPIOS DE ADMINISTRAÇÃO
11202230419;DB1BIR0603-15SA;CIÊNCIA, TECNOLOGIA E SOCIEDADE
11201810940;NB1MCTA025-13SA;SISTEMAS DISTRIBUÍDOS
11202020033;NC3BIS0005-15SB;BASES COMPUTACIONAIS DA CIÊNCIA
11201920624;DAESZG038-17SB;EFICIÊNCIA ENERGÉTICA INDUSTRIAL
11202111718;NA1NHZ2099-16SB;TÓPICOS CONTEMPORÂNEOS EM EDUCAÇÃO E FILOSOFIA
11201920962;NAESTU038-17SA;TRATAMENTO DE ÁGUAS URBANAS SERVIDAS
11202231096;NB2BCJ0205-15SA;FENÔMENOS TÉRMICOS
11202231096;NA1BIN0406-15SA;INTRODUÇÃO À PROBABILIDADE E À ESTATÍSTICA
11201723224;DANHH2073-18SB;TEORIA DO CONHECIMENTO: EMPIRISMO E RACIONALISMO
11202130827;DA3BCJ0203-15SA;FENÔMENOS ELETROMAGNÉTICOS
11202321628;DB3BIK0102-15SA;ESTRUTURA DA MATÉRIA
11202332407;DB1BIK0102-15SB;ESTRUTURA DA MATÉRIA
11202130785;NAMCZD010-18SA;SEMINÁRIOS DE PESQUISA EM EDUCAÇÃO MATEMÁTICA II
11202212405;DB3BIK0102-15SA;ESTRUTURA DA MATÉRIA
11201932463;DB1BHQ0001-15SB;IDENTIDADE E CULTURA
11202310067;DB1BHP0202-19SB;TEMAS E PROBLEMAS EM FILOSOFIA
11202021594;NC5BCS0001-15SA;BASE EXPERIMENTAL DAS CIÊNCIAS NATURAIS
11202020292;NC1ESTO011-17SA;FUNDAMENTOS DE DESENHO TÉCNICO
11202230246;DA4BCJ0205-15SA;FENÔMENOS TÉRMICOS
11202232022;DB4BIS0003-15SA;BASES MATEMÁTICAS
11202130380;DA5BIS0003-15SA;BASES MATEMÁTICAS
11202130461;NA1ESHT012-17SB;MOBILIZAÇÃO PRODUTIVA DOS TERRITÓRIOS E DESENVOLVIMENTO LOCAL
21018511;DAESZU003-17SA;CONTAMINAÇÃO E REMEDIAÇÃO DE SOLOS
11202021995;DANHH2086-16SB;HISTÓRIA DA FILOSOFIA MEDIEVAL: DO SÉCULO IV AO X
11201811435;NA1ESTG013-17SB;PESQUISA OPERACIONAL
11202021256;DA2MCTA018-13SA;PROGRAMAÇÃO ORIENTADA A OBJETOS
11201922413;DAESTG023-17SB;ORGANIZAÇÃO DO TRABALHO
21035914;NA1MCCC006-23SA;COMPILADORES E INTERPRETADORES
11202022118;NA1ESHC033-21SB;ECONOMIA BRASILEIRA CONTEMPORÂNEA
11202232298;NB1BIR0603-15SA;CIÊNCIA, TECNOLOGIA E SOCIEDADE
11202230312;NC1ESTO902-17SA;ENGENHARIA UNIFICADA I
11201723224;NB1BHQ0001-15SB;IDENTIDADE E CULTURA
11201723224;DBBHO1102-19SB;INTRODUÇÃO À ECONOMIA
11202020730;NA2MCTA024-13SA;SISTEMAS DIGITAIS
11202130386;NA1ESHP005-13SB;CONFLITOS SOCIAIS
11201920898;NA1ESHP030-22SB;ORÇAMENTO PÚBLICO
11202321500;NC2BCS0001-15SB;BASE EXPERIMENTAL DAS CIÊNCIAS NATURAIS
11201921764;NAESTG024-17SB;SISTEMAS DE INFORMAÇÃO CORPORATIVOS
11202131891;DPESZC024-17SB;TÓPICOS AVANÇADOS EM HISTÓRIA ECONÔMICA
11201810209;DA1NHT4073-15SA;LIVROS DIDÁTICOS NO ENSINO DE QUÍMICA
11202021730;DA1BCS0002-15SB;PROJETO DIRIGIDO
11202320977;NB1BIL0304-15SB;EVOLUÇÃO E DIVERSIFICAÇÃO DA VIDA NA TERRA
11201920654;NA1MCCC006-23SA;COMPILADORES E INTERPRETADORES
11201920782;NAESTG024-17SB;SISTEMAS DE INFORMAÇÃO CORPORATIVOS
11202021105;DB1BIQ0602-15SA;ESTRUTURA E DINÂMICA SOCIAL
11098316;NANHT1049-15SA;TRABALHO DE CONCLUSÃO DE CURSO EM BIOLOGIA
11202232282;DA1ESHC008-21SB;ECONOMIA BRASILEIRA II
11202322037;DB2BCN0405-15SA;INTRODUÇÃO ÀS EQUAÇÕES DIFERENCIAIS ORDINÁRIAS
11202321278;NB2BCN0407-15SB;FUNÇÕES DE VÁRIAS VARIÁVEIS
11202020573;NB1BHO0001-19SB;INTRODUÇÃO ÀS HUMANIDADES E ÀS CIÊNCIAS SOCIAIS
11202020251;NAMCTD024-18SA;ANÁLISE NA EDUCAÇÃO BÁSICA
11202320680;NB1BIQ0602-15SA;ESTRUTURA E DINÂMICA SOCIAL
11202320872;NB3BIL0304-15SA;EVOLUÇÃO E DIVERSIFICAÇÃO DA VIDA NA TERRA
11202320872;NB1BIN0406-15SA;INTRODUÇÃO À PROBABILIDADE E À ESTATÍSTICA
11202020072;NB1BCK0104-15SA;INTERAÇÕES ATÔMICAS E MOLECULARES
11202230294;DA1ESHR005-13SB;ESTADO E DESENVOLVIMENTO ECONÔMICO NO BRASIL CONTEMPORÂNEO
11201921428;NA1ESTG013-17SB;PESQUISA OPERACIONAL
11201921346;NA1MCTA003-17SA;ANÁLISE DE ALGORITMOS
11201921959;NAESTG003-17SB;ECONOMIA DE EMPRESAS
11202022008;NA1ESHC026-21SB;MICROECONOMIA II
11202212474;NB2BCM0505-22SA;PROCESSAMENTO DA INFORMAÇÃO
11201922331;DAESZG040-17SB;MODELOS DE DECISÃO MULTICRITÉRIO
11202230718;DA1BIR0603-15SA;CIÊNCIA, TECNOLOGIA E SOCIEDADE
11202020624;NA1ESHP005-13SB;CONFLITOS SOCIAIS
11202320392;DB2BCM0506-15SA;COMUNICAÇÃO E REDES
11202131771;NAMCLM001-23SA;EDUCAÇÃO ESTATÍSTICA
11202321844;DB3BIS0003-15SA;BASES MATEMÁTICAS
11202321844;DB2BCM0506-15SA;COMUNICAÇÃO E REDES
11202321844;DB1BIQ0602-15SA;ESTRUTURA E DINÂMICA SOCIAL
11202231752;DA1NHZ6001-18SA;FUNDAMENTOS DA BIOTECNOLOGIA
11202020338;NA1ESHR015-21SB;SEGURANÇA INTERNACIONAL
11202231599;DA1ESTO013-17SA;ENGENHARIA ECONÔMICA
11202231599;DA1ESTO012-17SA;PRINCÍPIOS DE ADMINISTRAÇÃO
11202231970;DA1ESZU006-17SA;ECONOMIA, SOCIEDADE E MEIO AMBIENTE
11202321973;DB1ESTO012-17SA;PRINCÍPIOS DE ADMINISTRAÇÃO
11202321707;NA1BIJ0207-15SB;BASES CONCEITUAIS DA ENERGIA
11202130196;DA1ESHP005-13SB;CONFLITOS SOCIAIS
11202130196;DA1ESHR015-21SB;SEGURANÇA INTERNACIONAL
11202131974;NC3BIS0005-15SB;BASES COMPUTACIONAIS DA CIÊNCIA
11202020550;NA1NHZ4080-20SA;HISTÓRIA DA QUÍMICA
11202022039;NA1MCTB001-17SA;ÁLGEBRA LINEAR
11202022039;DB1ESHC035-21SB;ECONOMETRIA I
11202231729;DD1ESTO902-17SA;ENGENHARIA UNIFICADA I
11201921068;NA1ESHC032-17SB;MACROECONOMIA II
11202130472;DB1BCK0104-15SA;INTERAÇÕES ATÔMICAS E MOLECULARES
11202231258;DA2BCJ0203-15SA;FENÔMENOS ELETROMAGNÉTICOS
11201920639;NB1ESTU040-17SA;PROJETO AMBIENTAL URBANO
11201720724;NANHT3073-15SA;MECÂNICA QUÂNTICA II
11201720724;NA1NHZ3056-15SA;TEORIA DE GRUPOS EM FÍSICA
11201921346;DA1MCCC015-23SA;PROGRAMAÇÃO FUNCIONAL
11202020351;NAESTU031-17SA;RECUPERAÇÃO DE ÁREAS DEGRADADAS
11201921087;NIESHC036-21SB;ECONOMETRIA II
11088616;NB2BCS0002-15SA;PROJETO DIRIGIDO
11202130794;NA1MCTC001-15SB;INTRODUÇÃO À FILOSOFIA DA MENTE
11202232024;NA1ESHC016-17SB;FINANÇAS CORPORATIVAS
11202130138;DA1ESHR028-21SB;REGIME INTERNACIONAL DOS DIREITOS HUMANOS
11202232003;NA1MCTC001-15SB;INTRODUÇÃO À FILOSOFIA DA MENTE
11202231015;NB1BHQ0001-15SB;IDENTIDADE E CULTURA
11202332354;NB1BHQ0003-15SB;INTERPRETAÇÕES DO BRASIL
11201810259;NA1ESZG041-17SB;GESTÃO DA INOVAÇÃO
11202230258;NAESTE030-17SA;ENGENHARIA DE PETRÓLEO E GÁS
11202322009;DC1ESTO011-17SA;FUNDAMENTOS DE DESENHO TÉCNICO
11201811515;DA1MCTA025-13SA;SISTEMAS DISTRIBUÍDOS
11041615;NA1MCZB018-13SA;INTRODUÇÃO À MODELAGEM E PROCESSOS ESTOCÁSTICOS
11201920932;NA1ESHC016-17SB;FINANÇAS CORPORATIVAS
11202020289;DA1ESTU025-17SA;AVALIAÇÃO DE IMPACTOS AMBIENTAIS
11202021587;DD1ESTO011-17SA;FUNDAMENTOS DE DESENHO TÉCNICO
11202320454;DA1BIR0004-15SA;BASES EPISTEMOLÓGICAS DA CIÊNCIA MODERNA
11202210058;DB1BHO0001-19SB;INTRODUÇÃO ÀS HUMANIDADES E ÀS CIÊNCIAS SOCIAIS
11202321504;NB1BHQ0001-15SB;IDENTIDADE E CULTURA
11202320569;NB2BCM0506-15SA;COMUNICAÇÃO E REDES
11202230399;NA6BCJ0203-15SA;FENÔMENOS ELETROMAGNÉTICOS
11202020329;DA1NHBT002-23SA;BIOTECNOLOGIA VEGETAL
11201920397;NA1MCCC006-23SA;COMPILADORES E INTERPRETADORES
11202321661;DA1BCN0407-15SA;FUNÇÕES DE VÁRIAS VARIÁVEIS
11202232303;NB2BCJ0203-15SB;FENÔMENOS ELETROMAGNÉTICOS
11202232257;NA1BIR0603-15SB;CIÊNCIA, TECNOLOGIA E SOCIEDADE
11202020474;NA1BCM0505-22SA;PROCESSAMENTO DA INFORMAÇÃO
11202020250;NA1MCNC003-23SB;NEUROCIÊNCIA TEÓRICA E COMPUTACIONAL
11201811285;NAESTU034-17SA;SISTEMAS DE ABASTECIMENTO DE ÁGUAS
11202021605;NB5BIS0003-15SA;BASES MATEMÁTICAS
11202021605;NB1BIQ0602-15SA;ESTRUTURA E DINÂMICA SOCIAL
11202410079;DABHO0102-15SB;DESENVOLVIMENTO E SUSTENTABILIDADE
11202111829;DA1NHZ6016-18SA;BROMATOLOGIA E ANÁLISE DE ALIMENTOS
11201920472;NA1ESZG041-17SB;GESTÃO DA INOVAÇÃO
11202231631;NC5BCS0001-15SA;BASE EXPERIMENTAL DAS CIÊNCIAS NATURAIS
11202321342;NA1ESTO012-17SA;PRINCÍPIOS DE ADMINISTRAÇÃO
11202021587;DA1ESTO013-17SA;ENGENHARIA ECONÔMICA
11201812159;NA1NHT1013-15SA;BIOQUÍMICA FUNCIONAL
11202130322;DA1BIN0406-15SA;INTRODUÇÃO À PROBABILIDADE E À ESTATÍSTICA
11202232337;DC1ESTO013-17SB;ENGENHARIA ECONÔMICA
11202410079;DB1ESHC035-21SB;ECONOMETRIA I
11201722152;NA1ESZI016-17SA;PROJETO DE FILTROS DIGITAIS
11201920444;NA1ESHC016-17SB;FINANÇAS CORPORATIVAS
11202321471;DA4BIK0102-15SA;ESTRUTURA DA MATÉRIA
11202130717;DA1ESHP005-13SB;CONFLITOS SOCIAIS
11039016;NA1MCTC001-15SB;INTRODUÇÃO À FILOSOFIA DA MENTE
11202212497;NB1BCN0407-15SB;FUNÇÕES DE VÁRIAS VARIÁVEIS
11201812136;NA1NHZ5023-18SB;PRÁTICAS ESCOLARES EM EDUCAÇÃO ESPECIAL E INCLUSIVA
11202231053;NA2NHT4017-15SA;FUNÇÕES E REAÇÕES ORGÂNICAS
11202231089;DA1BCN0405-15SB;INTRODUÇÃO ÀS EQUAÇÕES DIFERENCIAIS ORDINÁRIAS
11202230777;DA1ESHR024-14SB;HISTÓRIA DA POLÍTICA EXTERNA BRASILEIRA
11201721335;NA1ESTM003-17SA;TÓPICOS COMPUTACIONAIS EM MATERIAIS
11202230887;DA1MCTA009-13SA;COMPUTADORES, ÉTICA E SOCIEDADE
11202021349;NA1ESZI043-17SA;PROGRAMAÇÃO BASEADA EM COMPONENTES PARA JOGOS
11202130586;DA1BHS0011-23SB;REFLEXÕES SOBRE ARTE E SOCIEDADE
11202310108;NB1BHQ0003-15SB;INTERPRETAÇÕES DO BRASIL
11122016;NA1NHBQ007-22SA;FUNDAMENTOS DE QUÍMICA
11202020211;NA1ESZT017-17SB;DINÂMICAS TERRITORIAIS E RELAÇÕES ÉTNICO-RACIAIS NO BRASIL
11202212461;DA1NHZ6001-18SA;FUNDAMENTOS DA BIOTECNOLOGIA
11202130707;DA1ESHP005-13SB;CONFLITOS SOCIAIS
11202130707;DA1ESHC040-21SB;RELAÇÕES MONETÁRIAS E FINANCEIRAS INTERNACIONAIS
11019015;NA1ESZG041-17SB;GESTÃO DA INOVAÇÃO
11202021167;DA1NHT1013-15SA;BIOQUÍMICA FUNCIONAL
11202321538;NA2MCTB019-17SA;MATEMÁTICA DISCRETA
11202130139;NA2ESTO017-17SA;MÉTODOS EXPERIMENTAIS EM ENGENHARIA
11202130669;NA1ESTE033-17SA;ENGENHARIA SOLAR FOTOVOLTAICA
11202320431;NA1NHLB002-23SA;PRÁTICAS DE ENSINO DE BIOLOGIA E APRENDIZAGEM
11202322275;DA1ESTO012-17SA;PRINCÍPIOS DE ADMINISTRAÇÃO
11201920782;DA1ESHR005-13SB;ESTADO E DESENVOLVIMENTO ECONÔMICO NO BRASIL CONTEMPORÂNEO
11202232376;DA1BCN0407-15SA;FUNÇÕES DE VÁRIAS VARIÁVEIS
11202020639;DA1ESHP030-22SB;ORÇAMENTO PÚBLICO
11202321456;DB1BHQ0001-15SB;IDENTIDADE E CULTURA
11201920624;DAESZG040-17SB;MODELOS DE DECISÃO MULTICRITÉRIO
11201922127;NA1ESTA023-17SA;INTRODUÇÃO AOS PROCESSOS DE FABRICAÇÃO
11202320431;DB1BIQ0602-15SA;ESTRUTURA E DINÂMICA SOCIAL
11202021067;NBESTA014-17SA;SISTEMAS CAD/CAM
11201920848;NB1ESTU040-17SA;PROJETO AMBIENTAL URBANO
11059515;NA1NHT4057-15SA;TERMODINÂMICA QUÍMICA
11202020713;NA1NHZ6013-18SA;BIOTECNOLOGIA ANIMAL
11201722416;NA2ESTI002-17SA;ELETRÔNICA DIGITAL
11201722416;NA1ESTA010-17SA;SENSORES E TRANSDUTORES
11202231368;DC1ESTO902-17SA;ENGENHARIA UNIFICADA I
11202020112;NA1ESHC016-17SB;FINANÇAS CORPORATIVAS
11202020334;DIESHR903-18SB;METODOLOGIA DE PESQUISA EM RELAÇÕES INTERNACIONAIS (TCC 1)
11202230574;NA1BHS0005-23SB;FILOSOFIA E SOCIEDADE CIVIL EM MOVIMENTO(S)
11201921701;DA1MCCC006-23SA;COMPILADORES E INTERPRETADORES
11201920199;NB1MCTA025-13SA;SISTEMAS DISTRIBUÍDOS
11201920163;NANHT1002-15SA;BIOÉTICA
11005516;DA1ESHP028-22SB;POLÍTICAS DIGITAIS, DADOS E GESTÃO ALGORÍTMICA
11201920744;NA1MCCC015-23SA;PROGRAMAÇÃO FUNCIONAL
11202020090;NA1ESHR015-21SB;SEGURANÇA INTERNACIONAL
11202020080;NA1NHBT002-23SA;BIOTECNOLOGIA VEGETAL
21077115;NA1ESHR028-21SB;REGIME INTERNACIONAL DOS DIREITOS HUMANOS
11202230748;DA1ESZU006-17SA;ECONOMIA, SOCIEDADE E MEIO AMBIENTE
11202021181;DA1MCTA009-13SA;COMPUTADORES, ÉTICA E SOCIEDADE
11202231803;DANHT1072-15SA;ECOLOGIA COMPORTAMENTAL
11201921158;NA2MCTB001-17SA;ÁLGEBRA LINEAR
11201921128;NA1MCZC010-15SB;ATENÇÃO E ESTADOS DE CONSCIÊNCIA
11201921128;NA1ESTO902-17SA;ENGENHARIA UNIFICADA I
11202310052;DB1BCJ0205-15SB;FENÔMENOS TÉRMICOS
11201920417;DB1ESEN009-23SA;LABORATÓRIO DE ENGENHARIA SOLAR FOTOVOLTAICA
11202131100;NA1MCNC003-23SB;NEUROCIÊNCIA TEÓRICA E COMPUTACIONAL
11202321326;DA1BHS0011-23SB;REFLEXÕES SOBRE ARTE E SOCIEDADE
11202310037;DB1BHP0202-19SB;TEMAS E PROBLEMAS EM FILOSOFIA
11202322110;DA1BCN0405-15SA;INTRODUÇÃO ÀS EQUAÇÕES DIFERENCIAIS ORDINÁRIAS
11202320395;NANHT1072-15SA;ECOLOGIA COMPORTAMENTAL
11201921149;NA1MCTC001-15SB;INTRODUÇÃO À FILOSOFIA DA MENTE
11202232366;DB3BIS0003-15SA;BASES MATEMÁTICAS
11202322277;DA1ESTO012-17SA;PRINCÍPIOS DE ADMINISTRAÇÃO
11202322258;DA1NHT1071-15SA;PRÁTICAS DE ECOLOGIA
11202232307;DB3BIL0304-15SA;EVOLUÇÃO E DIVERSIFICAÇÃO DA VIDA NA TERRA
11201920398;NA1MCCC006-23SA;COMPILADORES E INTERPRETADORES
21035914;NB1MCTA025-13SA;SISTEMAS DISTRIBUÍDOS
11202410019;NB1MCTB019-17SA;MATEMÁTICA DISCRETA
11202231359;NA4BIS0003-15SA;BASES MATEMÁTICAS
21077115;DA1ESHP021-13SB;TRAJETÓRIAS DAS POLÍTICAS DE CT&I NO BRASIL
11202320965;NB1ESTO005-17SB;INTRODUÇÃO ÀS ENGENHARIAS
11202022156;NB1BIR0603-15SA;CIÊNCIA, TECNOLOGIA E SOCIEDADE
11202320276;DA1BCN0407-15SA;FUNÇÕES DE VÁRIAS VARIÁVEIS
11202231955;DB1ESTO011-17SB;FUNDAMENTOS DE DESENHO TÉCNICO
11201811164;DA1MCTA003-17SA;ANÁLISE DE ALGORITMOS
11201811164;NB1MCTA025-13SA;SISTEMAS DISTRIBUÍDOS
11201722607;DA1BCS0002-15SA;PROJETO DIRIGIDO
11202130560;DA1NHLF003-22SB;PRÁTICAS TEATRAIS COMO RECURSO DIDÁTICO
11201932457;NB1BHP0202-19SB;TEMAS E PROBLEMAS EM FILOSOFIA
11201811402;DA2ESTG020-17SB;SISTEMAS E PROCESSOS DE PRODUÇÃO
11202230425;DB1BIR0004-15SB;BASES EPISTEMOLÓGICAS DA CIÊNCIA MODERNA
11201811574;NC1ESTO902-17SB;ENGENHARIA UNIFICADA I
11202130169;NB1BCJ0203-15SB;FENÔMENOS ELETROMAGNÉTICOS
11202021248;NB1BHO0001-19SB;INTRODUÇÃO ÀS HUMANIDADES E ÀS CIÊNCIAS SOCIAIS
11201721584;DA1ESHC019-17SB;HISTÓRIA DO PENSAMENTO ECONÔMICO
11201920745;NA1ESTI006-17SA;PROCESSAMENTO DIGITAL DE SINAIS
11202320210;NB1BIQ0602-15SA;ESTRUTURA E DINÂMICA SOCIAL
11201920950;NA1ESTG001-17SB;CUSTOS
11202130827;DA1ESZB014-17SB;INTRODUÇÃO À ROBÓTICA
21089115;DAESZG023-17SB;CONTABILIDADE PARA ENGENHARIA
11202020970;NB1BIQ0602-15SA;ESTRUTURA E DINÂMICA SOCIAL
11202130271;DANHLP001-22SA;PRÁTICAS DE ENSINO DE FÍSICA I
11202111296;NAESTU031-17SA;RECUPERAÇÃO DE ÁREAS DEGRADADAS
11202212494;DB1BCS0002-15SA;PROJETO DIRIGIDO
11202321340;NB1BIQ0602-15SA;ESTRUTURA E DINÂMICA SOCIAL
11202020856;DA1NHZ5014-15SA;QUESTÕES ATUAIS NO ENSINO DE CIÊNCIAS
11202410075;NA1ESHP021-13SB;TRAJETÓRIAS DAS POLÍTICAS DE CT&I NO BRASIL
11202320276;DANHT1072-15SA;ECOLOGIA COMPORTAMENTAL
11201932455;DA5BIS0003-15SA;BASES MATEMÁTICAS
11202321500;NB4BIS0003-15SA;BASES MATEMÁTICAS
11202321670;DA2MCTA009-13SA;COMPUTADORES, ÉTICA E SOCIEDADE
11201921930;NA1BIJ0207-15SB;BASES CONCEITUAIS DA ENERGIA
11201722329;NB1BCK0104-15SA;INTERAÇÕES ATÔMICAS E MOLECULARES
11202021256;NB1MCTA025-13SA;SISTEMAS DISTRIBUÍDOS
11202321377;DA1BCJ0203-15SA;FENÔMENOS ELETROMAGNÉTICOS
11202321733;DA1BCJ0203-15SA;FENÔMENOS ELETROMAGNÉTICOS
11202321733;DA1BCN0407-15SA;FUNÇÕES DE VÁRIAS VARIÁVEIS
11201920398;NA1MCZA004-13SA;AVALIAÇÃO DE DESEMPENHO DE REDES
11202020693;DA1MCZC019-20SB;INTRODUÇÃO À NEUROIMUNOLOGIA
11201811823;NA1ESTB021-17SB;SENSORES BIOMÉDICOS
11202020379;DA1MCTA003-17SA;ANÁLISE DE ALGORITMOS
11201720438;DA1MCTB019-17SA;MATEMÁTICA DISCRETA
11201920376;NA1ESTO902-17SB;ENGENHARIA UNIFICADA I
11202230277;DB1MCTB019-17SA;MATEMÁTICA DISCRETA
11202131122;NA1ESTA023-17SA;INTRODUÇÃO AOS PROCESSOS DE FABRICAÇÃO
11112414;NB2BCM0505-22SA;PROCESSAMENTO DA INFORMAÇÃO
11202230419;NB1BIQ0602-15SA;ESTRUTURA E DINÂMICA SOCIAL
11202022253;NAESTU039-17SA;REGULAÇÃO AMBIENTAL E URBANÍSTICA
11202320321;DB1BCM0506-15SA;COMUNICAÇÃO E REDES
11202130707;DIESHR903-18SB;METODOLOGIA DE PESQUISA EM RELAÇÕES INTERNACIONAIS (TCC 1)
11202130785;NANHLP001-22SA;PRÁTICAS DE ENSINO DE FÍSICA I
11201920827;NAMCTD024-18SA;ANÁLISE NA EDUCAÇÃO BÁSICA
11202020379;NB1MCTA025-13SA;SISTEMAS DISTRIBUÍDOS
11202020251;NB1MCTA025-13SA;SISTEMAS DISTRIBUÍDOS
11202020639;DA1ESHR903-18SB;METODOLOGIA DE PESQUISA EM RELAÇÕES INTERNACIONAIS (TCC 1)
11202230294;DA1ESHR028-21SB;REGIME INTERNACIONAL DOS DIREITOS HUMANOS
11202321456;NB1BHQ0003-15SB;INTERPRETAÇÕES DO BRASIL
11202320633;DB1BCM0506-15SB;COMUNICAÇÃO E REDES
11202130834;DANHT3044-15SA;ÓPTICA
11202020054;NA2ESTI002-17SA;ELETRÔNICA DIGITAL
11202231864;ND1ESTO011-17SA;FUNDAMENTOS DE DESENHO TÉCNICO
11202130702;NB1BCM0506-15SB;COMUNICAÇÃO E REDES
11202111058;NA1BIN0406-15SB;INTRODUÇÃO À PROBABILIDADE E À ESTATÍSTICA
11201921111;NC1BIS0005-15SA;BASES COMPUTACIONAIS DA CIÊNCIA
11202130999;DA3BIS0003-15SA;BASES MATEMÁTICAS
11202131360;NC3BIS0005-15SB;BASES COMPUTACIONAIS DA CIÊNCIA
11202131360;NB2BIR0004-15SB;BASES EPISTEMOLÓGICAS DA CIÊNCIA MODERNA
11202022150;DA1ESZU006-17SA;ECONOMIA, SOCIEDADE E MEIO AMBIENTE
11202022172;ND1ESTO011-17SA;FUNDAMENTOS DE DESENHO TÉCNICO
11202321408;DA1BHS0011-23SB;REFLEXÕES SOBRE ARTE E SOCIEDADE
11201921593;NA1ESHT017-17SB;PLANEJAMENTO E POLÍTICA AMBIENTAL
11202232256;DA1MCTC020-15SB;PSICOLOGIA EXPERIMENTAL
11202232256;DA1MCZC020-20SB;INTRODUÇÃO À NEUROMODULAÇÃO INVASIVA E NÃO-INVASIVA
11202022220;DA1MCZA030-17SA;VIDA ARTIFICIAL NA COMPUTAÇÃO
11202131460;DA1MCZA030-17SA;VIDA ARTIFICIAL NA COMPUTAÇÃO
11202020517;NA1NHZ6001-18SA;FUNDAMENTOS DA BIOTECNOLOGIA
11202020137;DA1MCCC015-23SA;PROGRAMAÇÃO FUNCIONAL
11202130561;DA1ESHP030-22SB;ORÇAMENTO PÚBLICO
11202111575;DA1ESHP005-13SB;CONFLITOS SOCIAIS
11201812271;NA1MCTC001-15SB;INTRODUÇÃO À FILOSOFIA DA MENTE
11202320890;DB2BCM0506-15SA;COMUNICAÇÃO E REDES
11202231466;DA1ESHR024-14SB;HISTÓRIA DA POLÍTICA EXTERNA BRASILEIRA
11202321134;NB1BIQ0602-15SA;ESTRUTURA E DINÂMICA SOCIAL
11202231652;NA2BCN0405-15SA;INTRODUÇÃO ÀS EQUAÇÕES DIFERENCIAIS ORDINÁRIAS
11201812084;NB1ESTO011-17SB;FUNDAMENTOS DE DESENHO TÉCNICO
11201921690;NA1ESTG001-17SB;CUSTOS
11202022024;NB1BHQ0001-15SB;IDENTIDADE E CULTURA
11202231855;NA1ESTG001-17SB;CUSTOS
11202231441;NA4BIS0005-15SB;BASES COMPUTACIONAIS DA CIÊNCIA
11202231441;NABHO1102-19SB;INTRODUÇÃO À ECONOMIA
11202232185;NB1BCM0506-15SA;COMUNICAÇÃO E REDES
11202231823;NB2BCJ0203-15SA;FENÔMENOS ELETROMAGNÉTICOS
11202320509;NB1BHQ0003-15SB;INTERPRETAÇÕES DO BRASIL
11202230339;NA2ESTO001-17SB;CIRCUITOS ELÉTRICOS E FOTÔNICA
11202021542;DA1ESTO012-17SA;PRINCÍPIOS DE ADMINISTRAÇÃO
11202020759;NA2NHZ5023-18SA;PRÁTICAS ESCOLARES EM EDUCAÇÃO ESPECIAL E INCLUSIVA
11202321935;NB1BHP0202-19SB;TEMAS E PROBLEMAS EM FILOSOFIA
11202130710;NB1BHP0202-19SB;TEMAS E PROBLEMAS EM FILOSOFIA
11202231252;DA1ESHP005-13SB;CONFLITOS SOCIAIS
11202320647;DD1BIS0005-15SA;BASES COMPUTACIONAIS DA CIÊNCIA
11202320647;DA4BIL0304-15SA;EVOLUÇÃO E DIVERSIFICAÇÃO DA VIDA NA TERRA
11202320351;DA1BCN0407-15SA;FUNÇÕES DE VÁRIAS VARIÁVEIS
11202322101;DA1BIR0603-15SB;CIÊNCIA, TECNOLOGIA E SOCIEDADE
11202230767;DB1BIR0603-15SA;CIÊNCIA, TECNOLOGIA E SOCIEDADE
11088616;NA1MCTB012-13SA;EQUAÇÕES DIFERENCIAIS PARCIAIS
11202021127;DA1ESHR015-21SB;SEGURANÇA INTERNACIONAL
11201722040;NAMCTD024-18SA;ANÁLISE NA EDUCAÇÃO BÁSICA
11202310066;DANHH2007-13SB;ESTÉTICA
11202130653;DA1ESTU025-17SA;AVALIAÇÃO DE IMPACTOS AMBIENTAIS
11202230362;DB1ESTO005-17SB;INTRODUÇÃO ÀS ENGENHARIAS
11202231076;NB1ESTO008-17SA;MECÂNICA DOS SÓLIDOS I
11201722848;NA1ESTO902-17SA;ENGENHARIA UNIFICADA I
11202410080;NB1BHP0202-19SB;TEMAS E PROBLEMAS EM FILOSOFIA
11201723035;NA1BIN0406-15SB;INTRODUÇÃO À PROBABILIDADE E À ESTATÍSTICA
11202130101;NA1BIN0406-15SB;INTRODUÇÃO À PROBABILIDADE E À ESTATÍSTICA
11202130849;DA1MCZA017-13SA;PROCESSAMENTO DE LINGUAGEM NATURAL
11202021077;DA1ESHR028-21SB;REGIME INTERNACIONAL DOS DIREITOS HUMANOS
11202212420;DB1BIQ0602-15SA;ESTRUTURA E DINÂMICA SOCIAL
11202321290;DAESZG040-17SB;MODELOS DE DECISÃO MULTICRITÉRIO
11202332343;DB1ESTO902-17SB;ENGENHARIA UNIFICADA I
11202320263;DB6BIS0005-15SB;BASES COMPUTACIONAIS DA CIÊNCIA
11202321293;DA1ESHR015-21SB;SEGURANÇA INTERNACIONAL
11201921821;NB2BCJ0205-15SB;FENÔMENOS TÉRMICOS
11201921821;NA1ESTO902-17SB;ENGENHARIA UNIFICADA I
11202111630;DB1BHO0001-19SB;INTRODUÇÃO ÀS HUMANIDADES E ÀS CIÊNCIAS SOCIAIS
11202021158;NA1ESZI028-17SA;TV DIGITAL
11202130126;NB1ESTO013-17SB;ENGENHARIA ECONÔMICA
11202332344;DB1BHO0001-19SB;INTRODUÇÃO ÀS HUMANIDADES E ÀS CIÊNCIAS SOCIAIS
11202321603;DB1BHQ0001-15SB;IDENTIDADE E CULTURA
11202131460;NA1ESHP028-22SB;POLÍTICAS DIGITAIS, DADOS E GESTÃO ALGORÍTMICA
11202131460;DA1MCCC015-23SA;PROGRAMAÇÃO FUNCIONAL
11202130564;DA1NHZ2099-16SB;TÓPICOS CONTEMPORÂNEOS EM EDUCAÇÃO E FILOSOFIA
11201922285;DA2NHZ5023-18SA;PRÁTICAS ESCOLARES EM EDUCAÇÃO ESPECIAL E INCLUSIVA
11202131215;NALHZ0019-19SB;HISTÓRIA DO PENSAMENTO GEOGRÁFICO
11202321591;DAESZG040-17SB;MODELOS DE DECISÃO MULTICRITÉRIO
11202111952;NB1BIR0603-15SA;CIÊNCIA, TECNOLOGIA E SOCIEDADE
11202320280;NA1ESTO005-17SB;INTRODUÇÃO ÀS ENGENHARIAS
11202232280;DB1BHQ0001-15SB;IDENTIDADE E CULTURA
11035313;NB1ESTO902-17SB;ENGENHARIA UNIFICADA I
11202020542;DA1ESZU006-17SA;ECONOMIA, SOCIEDADE E MEIO AMBIENTE
11202111055;NB1BIS0003-15SB;BASES MATEMÁTICAS
11202111055;NB1BHO0001-19SB;INTRODUÇÃO ÀS HUMANIDADES E ÀS CIÊNCIAS SOCIAIS
11202321347;DA1NHBB001-23SA;ZOOLOGIA: ORIGEM E DIVERSIFICAÇÃO DE METAZOA
11202322171;NB1BIL0304-15SB;EVOLUÇÃO E DIVERSIFICAÇÃO DA VIDA NA TERRA
11202021933;DANHT1072-15SA;ECOLOGIA COMPORTAMENTAL
11202321075;DA3BCJ0205-15SA;FENÔMENOS TÉRMICOS
11202321935;NB1BHO0001-19SB;INTRODUÇÃO ÀS HUMANIDADES E ÀS CIÊNCIAS SOCIAIS
11202230317;DB1ESTO005-17SA;INTRODUÇÃO ÀS ENGENHARIAS
11202321281;DB1BHQ0001-15SB;IDENTIDADE E CULTURA
11202022109;NB1BCN0407-15SB;FUNÇÕES DE VÁRIAS VARIÁVEIS
11201810290;DA1ESTG005-17SB;ENGENHARIA ECONÔMICA APLICADA A SISTEMAS DE GESTÃO
11202320676;NA1ESHP028-22SB;POLÍTICAS DIGITAIS, DADOS E GESTÃO ALGORÍTMICA
11202111899;NB1BIQ0602-15SB;ESTRUTURA E DINÂMICA SOCIAL
11202321161;DB1BIQ0602-15SA;ESTRUTURA E DINÂMICA SOCIAL
11202321281;DB1BHP0202-19SB;TEMAS E PROBLEMAS EM FILOSOFIA
11202131349;DA1MCTA003-17SA;ANÁLISE DE ALGORITMOS
11202332362;DB1ESTO005-17SA;INTRODUÇÃO ÀS ENGENHARIAS
11202320448;NA2BIR0004-15SB;BASES EPISTEMOLÓGICAS DA CIÊNCIA MODERNA
11201812160;DA1ESHC035-21SB;ECONOMETRIA I
11201812160;DA1ESHC040-21SB;RELAÇÕES MONETÁRIAS E FINANCEIRAS INTERNACIONAIS
11202320834;DB1BCJ0203-15SA;FENÔMENOS ELETROMAGNÉTICOS
11202232216;NB1BIS0003-15SB;BASES MATEMÁTICAS
11202321889;NB1BIQ0602-15SB;ESTRUTURA E DINÂMICA SOCIAL
11202321889;NA1ESHP019-22SB;REGIMES E FORMAS DE GOVERNO
11202321974;NA2BCM0506-15SA;COMUNICAÇÃO E REDES
11201921210;DA1ESTG014-17SB;PLANEJAMENTO E CONTROLE DA PRODUÇÃO
11202232010;NB1BIQ0602-15SA;ESTRUTURA E DINÂMICA SOCIAL
11202231451;NA2BCN0407-15SB;FUNÇÕES DE VÁRIAS VARIÁVEIS
11202321175;DA1BCN0407-15SA;FUNÇÕES DE VÁRIAS VARIÁVEIS
11202231636;DA1ESTO005-17SA;INTRODUÇÃO ÀS ENGENHARIAS
11202020953;DA1BCN0407-15SA;FUNÇÕES DE VÁRIAS VARIÁVEIS
11202230756;NA1MCZA004-13SA;AVALIAÇÃO DE DESEMPENHO DE REDES
11202230658;DA1ESTO012-17SA;PRINCÍPIOS DE ADMINISTRAÇÃO
11202212405;NC3BIS0005-15SB;BASES COMPUTACIONAIS DA CIÊNCIA
11202212405;DAESTU036-17SA;SISTEMAS DE DRENAGEM URBANA
11202322037;DB5BCJ0203-15SA;FENÔMENOS ELETROMAGNÉTICOS
11202022072;DA1ESHC028-17SB;ECONOMIA POLÍTICA
11201810137;NA1ESTO902-17SA;ENGENHARIA UNIFICADA I
11202131650;DA1ESHC040-21SB;RELAÇÕES MONETÁRIAS E FINANCEIRAS INTERNACIONAIS
11202131650;DPESZC024-17SB;TÓPICOS AVANÇADOS EM HISTÓRIA ECONÔMICA
11202232244;DB1ESTO011-17SB;FUNDAMENTOS DE DESENHO TÉCNICO
11202111988;DB1MCTB019-17SA;MATEMÁTICA DISCRETA
11201810740;DA1ESZI041-18SA;PROGRAMAÇÃO DE SOFTWARE EMBARCADO
11202020819;NALHE0004-19SB;TEORIA DA HISTÓRIA I
11202320315;DB1ESTO005-17SB;INTRODUÇÃO ÀS ENGENHARIAS
11202130791;DANHT3073-15SA;MECÂNICA QUÂNTICA II
11202322290;NB1BIL0304-15SB;EVOLUÇÃO E DIVERSIFICAÇÃO DA VIDA NA TERRA
11202321733;DA4BCJ0205-15SA;FENÔMENOS TÉRMICOS
11201822426;NB3BCS0001-15SB;BASE EXPERIMENTAL DAS CIÊNCIAS NATURAIS
11201810227;NB1BCK0104-15SA;INTERAÇÕES ATÔMICAS E MOLECULARES
11202321079;DABHO1102-19SB;INTRODUÇÃO À ECONOMIA
11202232202;NA2ESTI020-17SA;TEORIA DE FILAS E ANÁLISE DE DESEMPENHO
11202230794;NA1MCZA004-13SA;AVALIAÇÃO DE DESEMPENHO DE REDES
11202131647;NA1ESZB025-17SB;INSTRUMENTAÇÃO BIOMÉDICA II
11201922112;NANHH2086-16SB;HISTÓRIA DA FILOSOFIA MEDIEVAL: DO SÉCULO IV AO X
11201922112;NALHE0004-19SB;TEORIA DA HISTÓRIA I
11202230974;NA1NHT1054-15SA;HISTOLOGIA E EMBRIOLOGIA
11201810227;NAESTU031-17SA;RECUPERAÇÃO DE ÁREAS DEGRADADAS
11202020385;NANHH2007-13SB;ESTÉTICA
11202131428;NA1NHZ4004-15SA;DESENHO E PROJETO EM QUÍMICA
11201921722;DA1ESTA011-17SA;AUTOMAÇÃO DE SISTEMAS INDUSTRIAIS
11202230766;NB1ESTO013-17SB;ENGENHARIA ECONÔMICA
11202021248;NB1ESTO013-17SB;ENGENHARIA ECONÔMICA
11201922215;NB1MCTA025-13SA;SISTEMAS DISTRIBUÍDOS
11202310120;DB1BHQ0001-15SB;IDENTIDADE E CULTURA
11202320536;NB2BIN0406-15SA;INTRODUÇÃO À PROBABILIDADE E À ESTATÍSTICA
11202320536;NB2BCN0405-15SA;INTRODUÇÃO ÀS EQUAÇÕES DIFERENCIAIS ORDINÁRIAS
11202320551;NA2BIK0102-15SB;ESTRUTURA DA MATÉRIA
11202320551;NA2BIL0304-15SB;EVOLUÇÃO E DIVERSIFICAÇÃO DA VIDA NA TERRA
11201922243;NANHZ1003-15SA;BIOFÍSICA
11202231301;DABHO1102-19SB;INTRODUÇÃO À ECONOMIA
11202320540;DB6BIS0005-15SB;BASES COMPUTACIONAIS DA CIÊNCIA
11202020625;NC1ESTO013-17SB;ENGENHARIA ECONÔMICA
11202020668;DA1ESZI045-17SA;INTRODUÇÃO À LINGUÍSTICA COMPUTACIONAL
11202020668;NB1MCTA025-13SA;SISTEMAS DISTRIBUÍDOS
11202131647;NB1ESTO902-17SB;ENGENHARIA UNIFICADA I
11202322113;NA2ESTO005-17SA;INTRODUÇÃO ÀS ENGENHARIAS
11201812043;NB1BCK0104-15SA;INTERAÇÕES ATÔMICAS E MOLECULARES
11202321213;DANHH2073-18SB;TEORIA DO CONHECIMENTO: EMPIRISMO E RACIONALISMO
11202131205;NB2BCN0405-15SA;INTRODUÇÃO ÀS EQUAÇÕES DIFERENCIAIS ORDINÁRIAS
11202022072;DA1NHZ5023-18SB;PRÁTICAS ESCOLARES EM EDUCAÇÃO ESPECIAL E INCLUSIVA
11202111138;NA1ESHT012-17SB;MOBILIZAÇÃO PRODUTIVA DOS TERRITÓRIOS E DESENVOLVIMENTO LOCAL
11202212425;NA2ESTO006-17SB;MATERIAIS E SUAS PROPRIEDADES
11202320452;DA3BCM0505-22SA;PROCESSAMENTO DA INFORMAÇÃO
11201810209;DA1BCN0405-15SA;INTRODUÇÃO ÀS EQUAÇÕES DIFERENCIAIS ORDINÁRIAS
11202332371;DC4BCS0001-15SA;BASE EXPERIMENTAL DAS CIÊNCIAS NATURAIS
11202332371;DB3BIS0003-15SA;BASES MATEMÁTICAS
11202332371;NB2BIN0406-15SA;INTRODUÇÃO À PROBABILIDADE E À ESTATÍSTICA
11202131122;NA1NHT3049-15SA;PRINCÍPIOS DE TERMODINÂMICA
11202230536;NA1MCZB002-13SA;ANÁLISE DE REGRESSÃO
11202321875;NA2BIN0406-15SA;INTRODUÇÃO À PROBABILIDADE E À ESTATÍSTICA
11202231096;NA1BIJ0207-15SB;BASES CONCEITUAIS DA ENERGIA
11202130803;DA1ESTO001-17SB;CIRCUITOS ELÉTRICOS E FOTÔNICA
11201920376;NA1ESHT015-22SB;OFICINA DE PLANEJAMENTO URBANO
21017115;NB2BIN0406-15SA;INTRODUÇÃO À PROBABILIDADE E À ESTATÍSTICA
11201722025;NAESZU022-17SA;CIÊNCIAS ATMOSFÉRICAS
11202130668;DA1BCM0505-22SA;PROCESSAMENTO DA INFORMAÇÃO
11201812063;NAESTU035-17SA;SISTEMAS DE ESGOTAMENTO SANITÁRIO
11202131223;NA1ESTA004-17SA;CIRCUITOS ELÉTRICOS II
11202131223;NAESTA018-17SA;ELETROMAGNETISMO APLICADO
11202321629;DA1ESZI041-18SA;PROGRAMAÇÃO DE SOFTWARE EMBARCADO
11201810773;DANHZ2133-18SB;FILOSOFIA E TEATRO
11202231701;NA1BCN0405-15SB;INTRODUÇÃO ÀS EQUAÇÕES DIFERENCIAIS ORDINÁRIAS
11201921240;DA1ESZP052-22SB;GOVERNANÇA, POLÍTICAS PÚBLICAS E RESISTÊNCIA EM TEMPOS DE CRISES MÚLTIPLAS
11202320521;NB1BIS0003-15SB;BASES MATEMÁTICAS
11202320521;NB1BIQ0602-15SB;ESTRUTURA E DINÂMICA SOCIAL
11201721192;NANHLP004-22SA;TEORIA ELETROMAGNÉTICA
11202020569;NA1BCK0104-15SA;INTERAÇÕES ATÔMICAS E MOLECULARES
11202020569;NC1ESTA017-17SA;LABORATÓRIO DE MÁQUINAS ELÉTRICAS
11202321629;NA1MCZA004-13SA;AVALIAÇÃO DE DESEMPENHO DE REDES
11202231141;DB3BIS0005-15SB;BASES COMPUTACIONAIS DA CIÊNCIA
11201920862;NANHH2007-13SB;ESTÉTICA
11202130069;NA2BIN0406-15SA;INTRODUÇÃO À PROBABILIDADE E À ESTATÍSTICA
11202332325;NB1BIN0406-15SA;INTRODUÇÃO À PROBABILIDADE E À ESTATÍSTICA
11201920103;DA1BCN0407-15SB;FUNÇÕES DE VÁRIAS VARIÁVEIS
11202020221;NA1ESTI015-17SA;COMUNICAÇÕES MÓVEIS
11202320521;NB3BCJ0203-15SB;FENÔMENOS ELETROMAGNÉTICOS
11202230623;NB1BCK0104-15SA;INTERAÇÕES ATÔMICAS E MOLECULARES
11202131394;DB2ESTO017-17SA;MÉTODOS EXPERIMENTAIS EM ENGENHARIA
11202130529;DA1ESHP030-22SB;ORÇAMENTO PÚBLICO
11202021116;ND1ESTO902-17SB;ENGENHARIA UNIFICADA I
11202130590;NANHH2073-18SB;TEORIA DO CONHECIMENTO: EMPIRISMO E RACIONALISMO
11202232221;NB2BIN0406-15SA;INTRODUÇÃO À PROBABILIDADE E À ESTATÍSTICA
11202021785;NB1MCTA025-13SA;SISTEMAS DISTRIBUÍDOS
11202131394;NA2ESTO005-17SA;INTRODUÇÃO ÀS ENGENHARIAS
11202231492;NB2BCJ0205-15SA;FENÔMENOS TÉRMICOS
11202111897;NC4BCS0001-15SA;BASE EXPERIMENTAL DAS CIÊNCIAS NATURAIS
11202111657;DA1ESHP005-13SB;CONFLITOS SOCIAIS
11202232198;DA1ESTO902-17SA;ENGENHARIA UNIFICADA I
11201723013;DA1ESTG022-17SB;SISTEMAS CAM
11201810053;NA2MCTB001-17SA;ÁLGEBRA LINEAR
11202021202;DA1ESZI045-17SA;INTRODUÇÃO À LINGUÍSTICA COMPUTACIONAL
11202410073;NANHH2089-16SB;PRÁTICA DE ENSINO DE FILOSOFIA: METODOLOGIAS
11202321673;NAESZU022-17SA;CIÊNCIAS ATMOSFÉRICAS
11202020799;NC1ESTO011-17SA;FUNDAMENTOS DE DESENHO TÉCNICO
11202130196;DA1ESHR028-21SB;REGIME INTERNACIONAL DOS DIREITOS HUMANOS
11202130808;NC1ESTO013-17SB;ENGENHARIA ECONÔMICA
11202231214;NA1BIJ0207-15SB;BASES CONCEITUAIS DA ENERGIA
11201920905;NB1MCTA025-13SA;SISTEMAS DISTRIBUÍDOS
11201822486;NA1BIJ0207-15SB;BASES CONCEITUAIS DA ENERGIA
11202130664;NA1ESZI016-17SA;PROJETO DE FILTROS DIGITAIS
11202231688;DA1ESZP052-22SB;GOVERNANÇA, POLÍTICAS PÚBLICAS E RESISTÊNCIA EM TEMPOS DE CRISES MÚLTIPLAS
11202130279;NA1BCN0407-15SB;FUNÇÕES DE VÁRIAS VARIÁVEIS
21062116;DA1ESTO013-17SB;ENGENHARIA ECONÔMICA
11202230966;NA1MCZB018-13SA;INTRODUÇÃO À MODELAGEM E PROCESSOS ESTOCÁSTICOS
11202210025;DB4BIS0003-15SA;BASES MATEMÁTICAS
11202210025;DB3BIK0102-15SA;ESTRUTURA DA MATÉRIA
11202111029;DANHH2089-16SB;PRÁTICA DE ENSINO DE FILOSOFIA: METODOLOGIAS
11202332434;DB3BIK0102-15SA;ESTRUTURA DA MATÉRIA
11201811776;DAESZG040-17SB;MODELOS DE DECISÃO MULTICRITÉRIO
11201822523;NB1MCTA025-13SA;SISTEMAS DISTRIBUÍDOS
11202321759;DBBHO0102-15SB;DESENVOLVIMENTO E SUSTENTABILIDADE
11202321759;DB1BIQ0602-15SB;ESTRUTURA E DINÂMICA SOCIAL
11202021552;NA1BCK0104-15SA;INTERAÇÕES ATÔMICAS E MOLECULARES
11202021700;NA2ESTI020-17SA;TEORIA DE FILAS E ANÁLISE DE DESEMPENHO
11202232202;NAESZU003-17SA;CONTAMINAÇÃO E REMEDIAÇÃO DE SOLOS
11202321895;NA1ESHT011-21SB;ANÁLISE DE DADOS PARA O PLANEJAMENTO TERRITORIAL
11202020868;NA1BCK0104-15SB;INTERAÇÕES ATÔMICAS E MOLECULARES
11202322232;DB1BHQ0001-15SB;IDENTIDADE E CULTURA
11118815;NB1MCTA025-13SA;SISTEMAS DISTRIBUÍDOS
11202322155;NB2BIN0406-15SA;INTRODUÇÃO À PROBABILIDADE E À ESTATÍSTICA
11202021499;DA1MCCC015-23SA;PROGRAMAÇÃO FUNCIONAL
21030616;NA1ESTO012-17SA;PRINCÍPIOS DE ADMINISTRAÇÃO
11202231396;NB3BCS0001-15SB;BASE EXPERIMENTAL DAS CIÊNCIAS NATURAIS
11202021750;DA1ESHP005-13SB;CONFLITOS SOCIAIS
11202130104;NB1ESTI006-17SA;PROCESSAMENTO DIGITAL DE SINAIS
11202321309;DB1BCM0506-15SB;COMUNICAÇÃO E REDES
11202321605;DC5BCS0001-15SA;BASE EXPERIMENTAL DAS CIÊNCIAS NATURAIS
11202321625;DB3BIS0003-15SA;BASES MATEMÁTICAS
11201811581;DA1ESTA003-17SA;SISTEMAS DE CONTROLE I
11201822423;DA1MCTB010-13SA;CÁLCULO VETORIAL E TENSORIAL
11201811390;NB1BCK0104-15SA;INTERAÇÕES ATÔMICAS E MOLECULARES
11202111309;DA1ESHP005-13SB;CONFLITOS SOCIAIS
11201921096;NB1ESTO902-17SB;ENGENHARIA UNIFICADA I
11202230513;NANHH2086-16SB;HISTÓRIA DA FILOSOFIA MEDIEVAL: DO SÉCULO IV AO X
11202210117;NANHH2086-16SB;HISTÓRIA DA FILOSOFIA MEDIEVAL: DO SÉCULO IV AO X
11202131673;NA2BIN0406-15SA;INTRODUÇÃO À PROBABILIDADE E À ESTATÍSTICA
11055814;NA2ESTA003-17SA;SISTEMAS DE CONTROLE I
11201921471;DA1ESZI045-17SA;INTRODUÇÃO À LINGUÍSTICA COMPUTACIONAL
11202020213;DB6BIS0005-15SB;BASES COMPUTACIONAIS DA CIÊNCIA
11202321605;DB6BIS0005-15SB;BASES COMPUTACIONAIS DA CIÊNCIA
11202130584;NA1BCN0407-15SB;FUNÇÕES DE VÁRIAS VARIÁVEIS
11084211;NB1ESTO015-17SB;MECÂNICA DOS FLUIDOS I
11084211;DAESTE024-17SA;MECÂNICA DOS FLUIDOS II
11201932545;NA1MCZB018-13SA;INTRODUÇÃO À MODELAGEM E PROCESSOS ESTOCÁSTICOS
11201932545;NAESTA020-17SA;MODELAGEM E CONTROLE
11202230552;NA1BIJ0207-15SB;BASES CONCEITUAIS DA ENERGIA
11202320997;DB3BIS0003-15SA;BASES MATEMÁTICAS
11202320997;DB3BIK0102-15SA;ESTRUTURA DA MATÉRIA
11202320997;DB1BIQ0602-15SA;ESTRUTURA E DINÂMICA SOCIAL
11202021667;NB3BCS0001-15SB;BASE EXPERIMENTAL DAS CIÊNCIAS NATURAIS
11202321320;NANHH2033-18SB;HISTÓRIA DA FILOSOFIA ANTIGA CLÁSSICA
11202210066;DA1ESZU006-17SA;ECONOMIA, SOCIEDADE E MEIO AMBIENTE
11202020508;NC5BCS0001-15SA;BASE EXPERIMENTAL DAS CIÊNCIAS NATURAIS
11202020508;NB2BIN0406-15SA;INTRODUÇÃO À PROBABILIDADE E À ESTATÍSTICA
11202322244;DB1BIR0603-15SA;CIÊNCIA, TECNOLOGIA E SOCIEDADE
11202322244;DB3BIK0102-15SA;ESTRUTURA DA MATÉRIA
11202021806;NA1BIJ0207-15SB;BASES CONCEITUAIS DA ENERGIA
11202130029;DANHH2086-16SB;HISTÓRIA DA FILOSOFIA MEDIEVAL: DO SÉCULO IV AO X
11202130668;DB1BIQ0602-15SA;ESTRUTURA E DINÂMICA SOCIAL
11202230541;DA1MCZC019-20SB;INTRODUÇÃO À NEUROIMUNOLOGIA
11202321994;NB1BIR0004-15SB;BASES EPISTEMOLÓGICAS DA CIÊNCIA MODERNA
21035912;NA1ESTO011-17SB;FUNDAMENTOS DE DESENHO TÉCNICO
11112414;NB2BIN0406-15SA;INTRODUÇÃO À PROBABILIDADE E À ESTATÍSTICA
11202131974;NC1ESTO013-17SB;ENGENHARIA ECONÔMICA
11202130876;NA1NHT4053-15SA;QUÍMICA DOS ELEMENTOS
11202230618;DA1NHZ6012-18SA;EMPREENDEDORISMO E PLANEJAMENTO DE PROJETOS EM BIOTECNOLOGIA
11202410019;DB1BCN0405-15SA;INTRODUÇÃO ÀS EQUAÇÕES DIFERENCIAIS ORDINÁRIAS
11202130329;ND1ESTO902-17SB;ENGENHARIA UNIFICADA I
11202210073;NANHH2073-18SB;TEORIA DO CONHECIMENTO: EMPIRISMO E RACIONALISMO
11202111790;NB2BIN0406-15SA;INTRODUÇÃO À PROBABILIDADE E À ESTATÍSTICA
11202020586;NA1ESTO005-17SA;INTRODUÇÃO ÀS ENGENHARIAS
11202020586;NA1NHT4024-15SA;MECANISMOS DE REAÇÕES ORGÂNICAS
11202020586;NA1ESTM013-17SA;SELEÇÃO DE MATERIAIS
11202021759;NA3BCJ0205-15SA;FENÔMENOS TÉRMICOS
11202332325;NANHH2089-16SB;PRÁTICA DE ENSINO DE FILOSOFIA: METODOLOGIAS
11202231272;NA2BIN0406-15SA;INTRODUÇÃO À PROBABILIDADE E À ESTATÍSTICA
11202332349;DABHO1102-19SB;INTRODUÇÃO À ECONOMIA
11202111872;NA1NHT4073-15SA;LIVROS DIDÁTICOS NO ENSINO DE QUÍMICA
11202310120;DB1BHP0202-19SB;TEMAS E PROBLEMAS EM FILOSOFIA
11202131009;DD1ESTO011-17SA;FUNDAMENTOS DE DESENHO TÉCNICO
11201921821;NAESTA020-17SA;MODELAGEM E CONTROLE
11201922243;NB1ESZG002-17SB;CONFIABILIDADE INDUSTRIAL EM SISTEMAS DE GESTÃO
11201922243;NA1ESZE006-17SA;SUBESTAÇÃO E EQUIPAMENTOS
11201722040;NAESZU003-17SA;CONTAMINAÇÃO E REMEDIAÇÃO DE SOLOS
11202111139;DANHZ3084-15SA;FÍSICA DO MEIO AMBIENTE
11201811917;DB6BIS0005-15SB;BASES COMPUTACIONAIS DA CIÊNCIA
11202130664;NBESTE026-17SA;LABORATÓRIO DE MÁQUINAS TÉRMICAS E HIDRÁULICAS
11201810262;NAESTU038-17SA;TRATAMENTO DE ÁGUAS URBANAS SERVIDAS
11202332378;DB1BIQ0602-15SA;ESTRUTURA E DINÂMICA SOCIAL
11201920200;NAESZU003-17SA;CONTAMINAÇÃO E REMEDIAÇÃO DE SOLOS
11202231572;DA1MCTA003-17SA;ANÁLISE DE ALGORITMOS
11202130908;NA1MCTB009-17SA;CÁLCULO NUMÉRICO
11202130461;DA1ESHP030-22SB;ORÇAMENTO PÚBLICO
11084015;NAESZC022-17SB;TÓPICOS AVANÇADOS EM DESENVOLVIMENTO SOCIOECONÔMICO
11202320408;DB1BCM0506-15SB;COMUNICAÇÃO E REDES
11202131678;NA1BCJ0205-15SB;FENÔMENOS TÉRMICOS
11202130668;DB2BCN0405-15SA;INTRODUÇÃO ÀS EQUAÇÕES DIFERENCIAIS ORDINÁRIAS
11201720046;NANHZ1003-15SA;BIOFÍSICA
11202130524;DAESZG038-17SB;EFICIÊNCIA ENERGÉTICA INDUSTRIAL
11202232366;DC1ESTO902-17SB;ENGENHARIA UNIFICADA I
11202022277;NAESTE037-17SA;ANÁLISE ECONÔMICA DE PROJETOS ENERGÉTICOS
11202021648;NA3BCJ0205-15SA;FENÔMENOS TÉRMICOS
11202130498;DA1ESHC040-21SB;RELAÇÕES MONETÁRIAS E FINANCEIRAS INTERNACIONAIS
11202021113;NC4BCS0001-15SA;BASE EXPERIMENTAL DAS CIÊNCIAS NATURAIS
11202231272;NA1BIJ0207-15SB;BASES CONCEITUAIS DA ENERGIA
11201920960;NAESZC022-17SB;TÓPICOS AVANÇADOS EM DESENVOLVIMENTO SOCIOECONÔMICO
11202322144;NB1BIQ0602-15SB;ESTRUTURA E DINÂMICA SOCIAL
11202322115;DB3BIS0003-15SA;BASES MATEMÁTICAS
11202322115;DB3BIL0304-15SA;EVOLUÇÃO E DIVERSIFICAÇÃO DA VIDA NA TERRA
11202131324;DA1ESHP005-13SB;CONFLITOS SOCIAIS
11081916;NA1ESTU032-17SA;REPRESENTAÇÃO GRÁFICA DE PROJETOS AMBIENTAIS E URBANOS
11202320812;DB1BHO0001-19SB;INTRODUÇÃO ÀS HUMANIDADES E ÀS CIÊNCIAS SOCIAIS
11202131888;DA1ESZB027-17SB;ENGENHARIA DE REABILITAÇÃO E BIOFEEDBACK
11201920200;NAMCLM001-23SA;EDUCAÇÃO ESTATÍSTICA
11202022100;DB6BIS0005-15SB;BASES COMPUTACIONAIS DA CIÊNCIA
11202021312;DAESZG040-17SB;MODELOS DE DECISÃO MULTICRITÉRIO
11202322259;NA1BCN0407-15SA;FUNÇÕES DE VÁRIAS VARIÁVEIS
11202322259;NB2BIN0406-15SA;INTRODUÇÃO À PROBABILIDADE E À ESTATÍSTICA
11202321840;DA5BCJ0203-15SA;FENÔMENOS ELETROMAGNÉTICOS
11201812092;DA1ESTG005-17SB;ENGENHARIA ECONÔMICA APLICADA A SISTEMAS DE GESTÃO
11202131394;DB1BIR0004-15SA;BASES EPISTEMOLÓGICAS DA CIÊNCIA MODERNA
11202231510;NA1NHZ3080-15SA;LABORATÓRIO DE FÍSICA MÉDICA
11202321909;DB1BIQ0602-15SB;ESTRUTURA E DINÂMICA SOCIAL
11202311988;DB1ESHR028-21SB;REGIME INTERNACIONAL DOS DIREITOS HUMANOS
11202020334;DIESZR037-21SB;TÓPICOS ESPECIAIS EM RELAÇÕES INTERNACIONAIS
11202131363;NA2BIN0406-15SA;INTRODUÇÃO À PROBABILIDADE E À ESTATÍSTICA
11201920531;DAESZG023-17SB;CONTABILIDADE PARA ENGENHARIA
11201920531;DAESZG038-17SB;EFICIÊNCIA ENERGÉTICA INDUSTRIAL
11202320812;DA1ESTO011-17SB;FUNDAMENTOS DE DESENHO TÉCNICO
11202020402;DA1BCJ0203-15SB;FENÔMENOS ELETROMAGNÉTICOS
11202131215;NA1BIJ0207-15SB;BASES CONCEITUAIS DA ENERGIA
11202230413;DA1BIJ0207-15SB;BASES CONCEITUAIS DA ENERGIA
11202230575;NAESTE018-17SA;FUNDAMENTOS DE SISTEMAS DINÂMICOS
11202321505;DA1MCTA003-17SA;ANÁLISE DE ALGORITMOS
11202321213;DANHH2035-13SB;HISTÓRIA DA FILOSOFIA CONTEMPORÂNEA: O SÉCULO XX
11202232276;DA1ESHP005-13SB;CONFLITOS SOCIAIS
11202321396;DA1ESHT012-17SB;MOBILIZAÇÃO PRODUTIVA DOS TERRITÓRIOS E DESENVOLVIMENTO LOCAL
11202320585;NA1BCJ0205-15SB;FENÔMENOS TÉRMICOS
11202320585;NA1BCN0407-15SB;FUNÇÕES DE VÁRIAS VARIÁVEIS
11202231585;DA1NHLB002-23SA;PRÁTICAS DE ENSINO DE BIOLOGIA E APRENDIZAGEM
11202231813;DA1NHZ6016-18SA;BROMATOLOGIA E ANÁLISE DE ALIMENTOS
11201921934;NAESTA020-17SA;MODELAGEM E CONTROLE
11038115;DA2ESTG022-17SB;SISTEMAS CAM
11038115;NANHZ2107-18SB;EPISTEMOLOGIA ANALÍTICA
11038115;NANHZ2124-18SB;METAFÍSICA ANALÍTICA
11202231329;DA1BCK0104-15SB;INTERAÇÕES ATÔMICAS E MOLECULARES
11202022295;NA1NHT4073-15SA;LIVROS DIDÁTICOS NO ENSINO DE QUÍMICA
11202321982;NB2BIQ0602-15SB;ESTRUTURA E DINÂMICA SOCIAL
11202212499;DB2BCJ0205-15SB;FENÔMENOS TÉRMICOS
11202022190;DA1ESTI006-17SA;PROCESSAMENTO DIGITAL DE SINAIS
11202131227;NB1BCK0104-15SA;INTERAÇÕES ATÔMICAS E MOLECULARES
11202231371;NB2BIQ0602-15SB;ESTRUTURA E DINÂMICA SOCIAL
11202020402;DB4BCS0001-15SA;BASE EXPERIMENTAL DAS CIÊNCIAS NATURAIS
11202322193;DANHH2007-13SB;ESTÉTICA
11202322193;DANHH2033-18SB;HISTÓRIA DA FILOSOFIA ANTIGA CLÁSSICA
11202322193;DANHH2073-18SB;TEORIA DO CONHECIMENTO: EMPIRISMO E RACIONALISMO
13201910064;DA1ESHP005-13SB;CONFLITOS SOCIAIS
11201922344;NB1ESTA017-17SA;LABORATÓRIO DE MÁQUINAS ELÉTRICAS
11202321543;NB3BIL0304-15SA;EVOLUÇÃO E DIVERSIFICAÇÃO DA VIDA NA TERRA
11201932472;NA1NHZ3080-15SA;LABORATÓRIO DE FÍSICA MÉDICA
21061115;NA1NHI5001-15SB;DESENVOLVIMENTO E APRENDIZAGEM
11202231301;DA2BIN0406-15SB;INTRODUÇÃO À PROBABILIDADE E À ESTATÍSTICA
21042416;DA1ESTB013-17SB;BIOSSEGURANÇA
11202020815;NAMCTD017-18SA;PRÁTICAS DE ENSINO DE MATEMÁTICA II
11202321983;NB3BIL0304-15SA;EVOLUÇÃO E DIVERSIFICAÇÃO DA VIDA NA TERRA
21042416;NA1ESZB025-17SB;INSTRUMENTAÇÃO BIOMÉDICA II
11202321169;DA1ESHR005-13SB;ESTADO E DESENVOLVIMENTO ECONÔMICO NO BRASIL CONTEMPORÂNEO
11202021868;DBESTA013-17SA;FUNDAMENTOS DE ROBÓTICA
21042715;DA1ESZG020-17SB;MODELOS DE COMUNICAÇÃO NAS ORGANIZAÇÕES
11201920371;NB1ESZG002-17SB;CONFIABILIDADE INDUSTRIAL EM SISTEMAS DE GESTÃO
11202021416;NA1NHT4006-15SA;ELETROQUÍMICA E CINÉTICA QUÍMICA
11202321983;NA1ESTM017-17SA;MATERIAIS CERÂMICOS
11202321983;NA1MCBM010-23SA;TEORIA DE CORPOS
11202131979;NA1BCJ0205-15SB;FENÔMENOS TÉRMICOS
11201810238;NA1MCZB018-13SA;INTRODUÇÃO À MODELAGEM E PROCESSOS ESTOCÁSTICOS
11201721375;NC4BCS0001-15SA;BASE EXPERIMENTAL DAS CIÊNCIAS NATURAIS
11202020251;NA1ESTI020-17SA;TEORIA DE FILAS E ANÁLISE DE DESEMPENHO
11202111150;DB3BIS0003-15SA;BASES MATEMÁTICAS
11202111150;DA2BCN0405-15SA;INTRODUÇÃO ÀS EQUAÇÕES DIFERENCIAIS ORDINÁRIAS
11202020436;NA1ESTM017-17SA;MATERIAIS CERÂMICOS
11202130782;NA1ESTM013-17SA;SELEÇÃO DE MATERIAIS
11202231818;NA1ESTM013-17SA;SELEÇÃO DE MATERIAIS
11202310036;NANHZ2107-18SB;EPISTEMOLOGIA ANALÍTICA
11202321983;DB6BIS0005-15SB;BASES COMPUTACIONAIS DA CIÊNCIA
21080416;NA1BCN0407-15SB;FUNÇÕES DE VÁRIAS VARIÁVEIS
11202130696;DD1ESTO011-17SA;FUNDAMENTOS DE DESENHO TÉCNICO
11202322307;NB3BIL0304-15SA;EVOLUÇÃO E DIVERSIFICAÇÃO DA VIDA NA TERRA
11202410014;DB3BIS0003-15SA;BASES MATEMÁTICAS
11097815;NA1ESTA004-17SA;CIRCUITOS ELÉTRICOS II
11097815;NA1ESTM005-17SA;MATERIAIS METÁLICOS
11201922303;DA1NHT4024-15SA;MECANISMOS DE REAÇÕES ORGÂNICAS
11202020869;DA1ESHC033-21SB;ECONOMIA BRASILEIRA CONTEMPORÂNEA
11202020869;DA1ESHR005-13SB;ESTADO E DESENVOLVIMENTO ECONÔMICO NO BRASIL CONTEMPORÂNEO
11202022087;NB3BCS0001-15SB;BASE EXPERIMENTAL DAS CIÊNCIAS NATURAIS
11202320270;NC5BCS0001-15SA;BASE EXPERIMENTAL DAS CIÊNCIAS NATURAIS
11202130476;DA1ESTS018-17SB;TRANSFERÊNCIA DE CALOR APLICADA A SISTEMAS AEROESPACIAIS
11201721172;NA1ESTM018-17SA;TERMODINÂMICA DE MATERIAIS
11201721172;NA1ESTM017-17SA;MATERIAIS CERÂMICOS
11202321681;NB3BIL0304-15SA;EVOLUÇÃO E DIVERSIFICAÇÃO DA VIDA NA TERRA
11202021263;NA1ESTM018-17SA;TERMODINÂMICA DE MATERIAIS
11121515;DA1MCZC010-15SB;ATENÇÃO E ESTADOS DE CONSCIÊNCIA
11202321629;DBESTA013-17SA;FUNDAMENTOS DE ROBÓTICA
11202332378;DB6BIS0005-15SB;BASES COMPUTACIONAIS DA CIÊNCIA
11202320380;NC5BCS0001-15SA;BASE EXPERIMENTAL DAS CIÊNCIAS NATURAIS
11202112012;DA5BIS0003-15SA;BASES MATEMÁTICAS
11202321180;DBNHZ2039-18SB;IDEALISMO ALEMÃO
11202321629;DB1BCM0506-15SB;COMUNICAÇÃO E REDES
11202020954;DA4BIS0003-15SA;BASES MATEMÁTICAS
21060114;NA1ESTS006-17SB;LABORATÓRIO DE GUIAGEM, NAVEGAÇÃO E CONTROLE
11202232216;NA1ESTA003-17SA;SISTEMAS DE CONTROLE I
11202232156;NA1NHT3066-15SA;VARIÁVEIS COMPLEXAS E APLICAÇÕES
11202232216;NB1ESTI006-17SA;PROCESSAMENTO DIGITAL DE SINAIS
11201722241;DA1ESHC016-17SB;FINANÇAS CORPORATIVAS
11202231953;DA1ESHR005-13SB;ESTADO E DESENVOLVIMENTO ECONÔMICO NO BRASIL CONTEMPORÂNEO
11202231953;DA1ESHC033-21SB;ECONOMIA BRASILEIRA CONTEMPORÂNEA
11202332359;DB1BIK0102-15SB;ESTRUTURA DA MATÉRIA
11201822422;NB1ESZG002-17SB;CONFIABILIDADE INDUSTRIAL EM SISTEMAS DE GESTÃO
11202322022;DA3BCM0505-22SA;PROCESSAMENTO DA INFORMAÇÃO
11202322161;DB1BIR0004-15SB;BASES EPISTEMOLÓGICAS DA CIÊNCIA MODERNA
11202321385;DB1ESHR028-21SB;REGIME INTERNACIONAL DOS DIREITOS HUMANOS
11202322079;DB3BIK0102-15SA;ESTRUTURA DA MATÉRIA
11202131445;DAESTE004-17SA;ENERGIA, MEIO AMBIENTE E SOCIEDADE
11043111;DA1ESZI041-18SA;PROGRAMAÇÃO DE SOFTWARE EMBARCADO
11201723014;DA1ESHP005-13SB;CONFLITOS SOCIAIS
11202320670;NB1MCTA025-13SA;SISTEMAS DISTRIBUÍDOS
11202332436;DA4BIL0304-15SA;EVOLUÇÃO E DIVERSIFICAÇÃO DA VIDA NA TERRA
11201921080;NA4BCJ0205-15SA;FENÔMENOS TÉRMICOS
11202322161;NA1BIJ0207-15SB;BASES CONCEITUAIS DA ENERGIA
11202321414;DB1BCM0506-15SB;COMUNICAÇÃO E REDES
11202321414;DBESTA013-17SA;FUNDAMENTOS DE ROBÓTICA
11202130424;NA1BCK0104-15SA;INTERAÇÕES ATÔMICAS E MOLECULARES
11202130424;DB1ESTO005-17SB;INTRODUÇÃO ÀS ENGENHARIAS
11201921076;NA1ESZB038-17SB;MODELAGEM E SIMULAÇÃO DO MOVIMENTO HUMANO
11201812000;NA1ESZS033-17SB;PROPULSÃO AEROESPACIAL NÃO-CONVENCIONAL
11202320410;DA4BIS0003-15SA;BASES MATEMÁTICAS
11202320410;DB3BIK0102-15SA;ESTRUTURA DA MATÉRIA
11202321443;NB2BIN0406-15SA;INTRODUÇÃO À PROBABILIDADE E À ESTATÍSTICA
11202231953;DB1ESHR028-21SB;REGIME INTERNACIONAL DOS DIREITOS HUMANOS
11202020760;NB1BCK0104-15SB;INTERAÇÕES ATÔMICAS E MOLECULARES
11202230282;DA1ESHC016-17SB;FINANÇAS CORPORATIVAS
11202332343;DB3BCM0505-22SA;PROCESSAMENTO DA INFORMAÇÃO
11202021113;NB1BIQ0602-15SB;ESTRUTURA E DINÂMICA SOCIAL
11202332389;NC4BCS0001-15SA;BASE EXPERIMENTAL DAS CIÊNCIAS NATURAIS
11014116;NA2ESTO001-17SB;CIRCUITOS ELÉTRICOS E FOTÔNICA
11202111092;DA1ESHC033-21SB;ECONOMIA BRASILEIRA CONTEMPORÂNEA
11202131205;NB1BCK0104-15SB;INTERAÇÕES ATÔMICAS E MOLECULARES
11202230536;NA1ESTA017-17SA;LABORATÓRIO DE MÁQUINAS ELÉTRICAS
11201922306;NA1BCK0104-15SB;INTERAÇÕES ATÔMICAS E MOLECULARES
11202232216;NB3BCS0001-15SB;BASE EXPERIMENTAL DAS CIÊNCIAS NATURAIS
11201812167;DB3BIK0102-15SA;ESTRUTURA DA MATÉRIA
11202320846;DB2BCN0405-15SA;INTRODUÇÃO ÀS EQUAÇÕES DIFERENCIAIS ORDINÁRIAS
11201810615;NA1ESZE006-17SA;SUBESTAÇÃO E EQUIPAMENTOS
11202232270;DB1BHP0202-19SB;TEMAS E PROBLEMAS EM FILOSOFIA
11202321784;DA1NHZ5023-18SB;PRÁTICAS ESCOLARES EM EDUCAÇÃO ESPECIAL E INCLUSIVA
11201922339;NA1BIL0304-15SB;EVOLUÇÃO E DIVERSIFICAÇÃO DA VIDA NA TERRA
11202321759;DB1BIN0406-15SB;INTRODUÇÃO À PROBABILIDADE E À ESTATÍSTICA
11202321649;DB1BCN0405-15SB;INTRODUÇÃO ÀS EQUAÇÕES DIFERENCIAIS ORDINÁRIAS
11202231529;DC1ESTO011-17SA;FUNDAMENTOS DE DESENHO TÉCNICO
11202231176;DA1ESHR005-13SB;ESTADO E DESENVOLVIMENTO ECONÔMICO NO BRASIL CONTEMPORÂNEO
11202332402;DB6BIS0005-15SB;BASES COMPUTACIONAIS DA CIÊNCIA
11202332402;NB1BIQ0602-15SB;ESTRUTURA E DINÂMICA SOCIAL
11202332402;DA1BIN0406-15SB;INTRODUÇÃO À PROBABILIDADE E À ESTATÍSTICA
11202332402;DB1BCM0506-15SB;COMUNICAÇÃO E REDES
11202332402;DA1ESHT018-17SB;PLANEJAMENTO E POLÍTICA REGIONAL
11202332402;DB1ESHC026-21SB;MICROECONOMIA II
11202321784;NA1NHZ2099-16SA;TÓPICOS CONTEMPORÂNEOS EM EDUCAÇÃO E FILOSOFIA
11202131470;NB3BCS0001-15SB;BASE EXPERIMENTAL DAS CIÊNCIAS NATURAIS
11202232197;DC1ESTO011-17SA;FUNDAMENTOS DE DESENHO TÉCNICO
11201921846;DAESZG040-17SB;MODELOS DE DECISÃO MULTICRITÉRIO
11202232197;NAMCLM001-23SA;EDUCAÇÃO ESTATÍSTICA
11202020321;DB1ESHR028-21SB;REGIME INTERNACIONAL DOS DIREITOS HUMANOS
11201921719;DA1ESHP030-22SB;ORÇAMENTO PÚBLICO
11201921719;DA1ESHP032-22SB;PODER LEGISLATIVO E PROCESSO DECISÓRIO
11202310035;DB1BCN0407-15SB;FUNÇÕES DE VÁRIAS VARIÁVEIS
11201922339;DAESZS018-17SB;MECÂNICA DOS SÓLIDOS II
11202320676;DB1ESHR028-21SB;REGIME INTERNACIONAL DOS DIREITOS HUMANOS
11202111101;DA1ESTO014-17SA;TERMODINÂMICA APLICADA I
11202022198;NA1NHLQ002-22SA;PRÁTICAS DE ENSINO DE QUÍMICA I
11202020168;DA1ESTA006-17SA;FOTÔNICA
11202410093;DA1BIJ0207-15SB;BASES CONCEITUAIS DA ENERGIA
11202410093;DALHZ0019-19SB;HISTÓRIA DO PENSAMENTO GEOGRÁFICO
11202230282;DB1BIR0603-15SA;CIÊNCIA, TECNOLOGIA E SOCIEDADE
21013914;DA1ESHP005-13SB;CONFLITOS SOCIAIS
21013914;DA1ESHP032-22SB;PODER LEGISLATIVO E PROCESSO DECISÓRIO
21013914;DA1ESHP028-22SB;POLÍTICAS DIGITAIS, DADOS E GESTÃO ALGORÍTMICA
21013914;DA1ESHP019-22SB;REGIMES E FORMAS DE GOVERNO
11202230922;DIESZR037-21SB;TÓPICOS ESPECIAIS EM RELAÇÕES INTERNACIONAIS
11202320280;DA1BCJ0205-15SB;FENÔMENOS TÉRMICOS
11201810209;DAESTE036-17SA;ECONOMIA DA ENERGIA
11202021044;DA2NHZ5023-18SA;PRÁTICAS ESCOLARES EM EDUCAÇÃO ESPECIAL E INCLUSIVA
11202321861;DA1ESTO011-17SB;FUNDAMENTOS DE DESENHO TÉCNICO
11202321861;DA1ESTB028-17SB;EQUIPAMENTOS MÉDICO-HOSPITALARES
11202231787;NANHZ2107-18SB;EPISTEMOLOGIA ANALÍTICA
11202230656;NANHT3044-15SA;ÓPTICA
11202231986;NA1NHZ2099-16SA;TÓPICOS CONTEMPORÂNEOS EM EDUCAÇÃO E FILOSOFIA
11201921825;NA1NHZ3080-15SA;LABORATÓRIO DE FÍSICA MÉDICA
11201811774;NA1ESTO016-17SA;FENÔMENOS DE TRANSPORTE
11201811774;NB1ESZG002-17SB;CONFIABILIDADE INDUSTRIAL EM SISTEMAS DE GESTÃO
11201811774;NANHH2089-16SB;PRÁTICA DE ENSINO DE FILOSOFIA: METODOLOGIAS
11201811774;NA1ESZE006-17SA;SUBESTAÇÃO E EQUIPAMENTOS
11202131318;DB3BIS0003-15SA;BASES MATEMÁTICAS
11201921288;NB1ESTI006-17SA;PROCESSAMENTO DIGITAL DE SINAIS
11202231130;NANHZ2107-18SB;EPISTEMOLOGIA ANALÍTICA
21012911;DA1NHZ6004-18SA;ENZIMOLOGIA E BIOCATÁLISE
11201722354;DAESTU034-17SA;SISTEMAS DE ABASTECIMENTO DE ÁGUAS
11202320224;DA3BIN0406-15SA;INTRODUÇÃO À PROBABILIDADE E À ESTATÍSTICA
11202131651;DALHE0004-19SB;TEORIA DA HISTÓRIA I
11201810227;NAESTU038-17SA;TRATAMENTO DE ÁGUAS URBANAS SERVIDAS
11202321706;DA1BCM0506-15SB;COMUNICAÇÃO E REDES
11201812050;NA1BCK0104-15SA;INTERAÇÕES ATÔMICAS E MOLECULARES
11201920902;NANHZ1003-15SA;BIOFÍSICA
11201920902;NA1NHZ6004-18SA;ENZIMOLOGIA E BIOCATÁLISE
11201920902;NAESZC022-17SB;TÓPICOS AVANÇADOS EM DESENVOLVIMENTO SOCIOECONÔMICO
11201810288;DA1ESHC016-17SB;FINANÇAS CORPORATIVAS
11202130827;DA1ESTO008-17SA;MECÂNICA DOS SÓLIDOS I
11201810209;DA1ESZU006-17SA;ECONOMIA, SOCIEDADE E MEIO AMBIENTE
11202130733;NANHH2012-13SB;FENOMENOLOGIA E FILOSOFIA HERMENÊUTICA
11202022104;NA1BIJ0207-15SB;BASES CONCEITUAIS DA ENERGIA
11202231936;DC1ESTO011-17SA;FUNDAMENTOS DE DESENHO TÉCNICO
11201921166;NA1MCZC010-15SB;ATENÇÃO E ESTADOS DE CONSCIÊNCIA
11202320540;DB1BIR0004-15SB;BASES EPISTEMOLÓGICAS DA CIÊNCIA MODERNA
11202320540;DB1BCM0506-15SB;COMUNICAÇÃO E REDES
11202320540;DB2BCJ0203-15SB;FENÔMENOS ELETROMAGNÉTICOS
11202231462;DA1BIL0304-15SB;EVOLUÇÃO E DIVERSIFICAÇÃO DA VIDA NA TERRA
13201910031;DA1ESHP030-22SB;ORÇAMENTO PÚBLICO
11202130936;NANHZ2107-18SB;EPISTEMOLOGIA ANALÍTICA
11202130816;DAESTE004-17SA;ENERGIA, MEIO AMBIENTE E SOCIEDADE
11202320459;NB1BIK0102-15SB;ESTRUTURA DA MATÉRIA
11202021609;DA1ESHT020-17SB;POLÍTICA METROPOLITANA
11202021806;DANHH2035-13SB;HISTÓRIA DA FILOSOFIA CONTEMPORÂNEA: O SÉCULO XX
11202021806;DANHH2089-16SB;PRÁTICA DE ENSINO DE FILOSOFIA: METODOLOGIAS
11202021806;DA1ESHC008-21SB;ECONOMIA BRASILEIRA II
11202310056;DA1BIJ0207-15SB;BASES CONCEITUAIS DA ENERGIA
11202230518;DB2BIR0004-15SB;BASES EPISTEMOLÓGICAS DA CIÊNCIA MODERNA
11202230518;DB2BIN0406-15SB;INTRODUÇÃO À PROBABILIDADE E À ESTATÍSTICA
11202212464;NC1ESTO013-17SB;ENGENHARIA ECONÔMICA
11202320193;NB2BIN0406-15SA;INTRODUÇÃO À PROBABILIDADE E À ESTATÍSTICA
11202130021;DA1ESHP005-13SB;CONFLITOS SOCIAIS
11202321908;DA4BIS0003-15SA;BASES MATEMÁTICAS
11202321908;DA4BIL0304-15SA;EVOLUÇÃO E DIVERSIFICAÇÃO DA VIDA NA TERRA
11202131678;NB3BCS0001-15SB;BASE EXPERIMENTAL DAS CIÊNCIAS NATURAIS
11201922113;DB1ESTO011-17SB;FUNDAMENTOS DE DESENHO TÉCNICO
11202322149;NA1BIJ0207-15SB;BASES CONCEITUAIS DA ENERGIA
11202322105;NB1BIK0102-15SB;ESTRUTURA DA MATÉRIA
11202021806;DANHBF150-22SB;OFICINA DE PESQUISA EM FILOSOFIA II
11202320540;NB1BIQ0602-15SB;ESTRUTURA E DINÂMICA SOCIAL
11202230999;DB2BIN0406-15SB;INTRODUÇÃO À PROBABILIDADE E À ESTATÍSTICA
11202320540;NB3BIL0304-15SA;EVOLUÇÃO E DIVERSIFICAÇÃO DA VIDA NA TERRA
11202231220;NA1BCN0407-15SB;FUNÇÕES DE VÁRIAS VARIÁVEIS
11201723048;NA1ESTA023-17SA;INTRODUÇÃO AOS PROCESSOS DE FABRICAÇÃO
11201723048;NA1ESZE006-17SA;SUBESTAÇÃO E EQUIPAMENTOS
11093815;DA1ESTI002-17SA;ELETRÔNICA DIGITAL
11017315;DD1ESTO011-17SA;FUNDAMENTOS DE DESENHO TÉCNICO
11202230803;NA1ESTO014-17SA;TERMODINÂMICA APLICADA I
11202021146;NA1ESTE034-17SA;ENGENHARIA DE BIOCOMBUSTÍVEIS
11202021146;NC1ESTA017-17SA;LABORATÓRIO DE MÁQUINAS ELÉTRICAS
11202230934;NA2BIN0406-15SA;INTRODUÇÃO À PROBABILIDADE E À ESTATÍSTICA
11202231554;NAESTA020-17SA;MODELAGEM E CONTROLE
11202230934;NA1BCK0104-15SB;INTERAÇÕES ATÔMICAS E MOLECULARES
11202130946;NC1ESTA017-17SA;LABORATÓRIO DE MÁQUINAS ELÉTRICAS
11202321074;DA1BCN0407-15SB;FUNÇÕES DE VÁRIAS VARIÁVEIS
11202021735;DB1BIQ0602-15SA;ESTRUTURA E DINÂMICA SOCIAL
11202021735;DB3BIL0304-15SA;EVOLUÇÃO E DIVERSIFICAÇÃO DA VIDA NA TERRA
11202232371;NA1ESZM039-17SA;PROCESSAMENTO DE MATERIAIS CERÂMICOS
11202021806;DA1ESHT012-17SB;MOBILIZAÇÃO PRODUTIVA DOS TERRITÓRIOS E DESENVOLVIMENTO LOCAL
11202131753;NB1BIQ0602-15SB;ESTRUTURA E DINÂMICA SOCIAL
11202130936;NANHH2012-13SB;FENOMENOLOGIA E FILOSOFIA HERMENÊUTICA
11202332381;NC4BCS0001-15SA;BASE EXPERIMENTAL DAS CIÊNCIAS NATURAIS
11202332381;DB1BIR0004-15SA;BASES EPISTEMOLÓGICAS DA CIÊNCIA MODERNA
11202332381;DB3BIK0102-15SA;ESTRUTURA DA MATÉRIA
11202111640;NA1BCK0104-15SB;INTERAÇÕES ATÔMICAS E MOLECULARES
11202022290;NC4BCS0001-15SA;BASE EXPERIMENTAL DAS CIÊNCIAS NATURAIS
11202020603;NA1MCZB002-13SA;ANÁLISE DE REGRESSÃO
11202230409;NAMCTD009-18SA;GEOMETRIA PLANA AXIOMÁTICA
11089413;NA1NHLQ002-22SA;PRÁTICAS DE ENSINO DE QUÍMICA I
11202130800;DA1ESHP019-22SB;REGIMES E FORMAS DE GOVERNO
11201921752;NA2ESTO001-17SB;CIRCUITOS ELÉTRICOS E FOTÔNICA
11202232307;DA2NHZ5023-18SA;PRÁTICAS ESCOLARES EM EDUCAÇÃO ESPECIAL E INCLUSIVA
11201722231;DB1ESHC026-21SB;MICROECONOMIA II
11202231726;NA1ESZB038-17SB;MODELAGEM E SIMULAÇÃO DO MOVIMENTO HUMANO
11202321379;NA1BCN0405-15SA;INTRODUÇÃO ÀS EQUAÇÕES DIFERENCIAIS ORDINÁRIAS
11202320626;DB1BHP0202-19SB;TEMAS E PROBLEMAS EM FILOSOFIA
11202130800;NANHH2012-13SB;FENOMENOLOGIA E FILOSOFIA HERMENÊUTICA
11202021990;NAESTA020-17SA;MODELAGEM E CONTROLE
11202131505;NAESTE018-17SA;FUNDAMENTOS DE SISTEMAS DINÂMICOS
11202131505;NA1MCZB030-17SA;TEORIA AXIOMÁTICA DE CONJUNTOS
11202021990;NA1ESTM013-17SA;SELEÇÃO DE MATERIAIS
11202321829;DA1ESTO011-17SB;FUNDAMENTOS DE DESENHO TÉCNICO
11202321829;DA1ESTB028-17SB;EQUIPAMENTOS MÉDICO-HOSPITALARES
11202322144;DB1ESHR028-21SB;REGIME INTERNACIONAL DOS DIREITOS HUMANOS
11202322144;DANHBF150-22SB;OFICINA DE PESQUISA EM FILOSOFIA II
11202021734;DA1ESHC016-17SB;FINANÇAS CORPORATIVAS
21040515;NANHZ2107-18SB;EPISTEMOLOGIA ANALÍTICA
21040515;NANHH2089-16SB;PRÁTICA DE ENSINO DE FILOSOFIA: METODOLOGIAS
11202230860;NA1MCZB018-13SA;INTRODUÇÃO À MODELAGEM E PROCESSOS ESTOCÁSTICOS
11201720660;NA2ESTA004-17SA;CIRCUITOS ELÉTRICOS II
11202231156;DAESTU031-17SA;RECUPERAÇÃO DE ÁREAS DEGRADADAS
11202130768;DA1ESHP030-22SB;ORÇAMENTO PÚBLICO
11202320328;DB1BIQ0602-15SA;ESTRUTURA E DINÂMICA SOCIAL
11202130908;NA1NHT3066-15SA;VARIÁVEIS COMPLEXAS E APLICAÇÕES
11202130036;NC4BCS0001-15SA;BASE EXPERIMENTAL DAS CIÊNCIAS NATURAIS
11202130036;NB3BIL0304-15SA;EVOLUÇÃO E DIVERSIFICAÇÃO DA VIDA NA TERRA
11024616;NA1MCZB030-17SA;TEORIA AXIOMÁTICA DE CONJUNTOS
11202231182;DD1ESTO011-17SA;FUNDAMENTOS DE DESENHO TÉCNICO
11201920981;NIESTS016-17SB;AERODINÂMICA I
11201932517;NA1MCZB018-13SA;INTRODUÇÃO À MODELAGEM E PROCESSOS ESTOCÁSTICOS
11202320254;NC4BCS0001-15SA;BASE EXPERIMENTAL DAS CIÊNCIAS NATURAIS
11202320254;NA1BCN0405-15SA;INTRODUÇÃO ÀS EQUAÇÕES DIFERENCIAIS ORDINÁRIAS
11202111813;NB2BIN0406-15SA;INTRODUÇÃO À PROBABILIDADE E À ESTATÍSTICA
11202321965;DA2BCN0405-15SB;INTRODUÇÃO ÀS EQUAÇÕES DIFERENCIAIS ORDINÁRIAS
11202332417;NB3BCS0001-15SB;BASE EXPERIMENTAL DAS CIÊNCIAS NATURAIS
11202111744;DB1BIK0102-15SB;ESTRUTURA DA MATÉRIA
11202111744;DA1ESHP018-14SB;POLÍTICAS SOCIAIS
11202410078;NA1ESZT022-17SB;MODELOS ECONÔMICOS E ANÁLISE DAS DINÂMICAS TERRITORIAIS
21054115;DA1ESHT017-17SB;PLANEJAMENTO E POLÍTICA AMBIENTAL
11202332398;DB6BIS0005-15SB;BASES COMPUTACIONAIS DA CIÊNCIA
11202020769;DA1BCS0002-15SB;PROJETO DIRIGIDO
11202021108;NA2ESTO001-17SB;CIRCUITOS ELÉTRICOS E FOTÔNICA
11202020929;DD1ESTO011-17SA;FUNDAMENTOS DE DESENHO TÉCNICO
11202321745;DA1BIK0102-15SB;ESTRUTURA DA MATÉRIA
11202320902;DB3BIK0102-15SA;ESTRUTURA DA MATÉRIA
11202131318;NA1ESTO016-17SA;FENÔMENOS DE TRANSPORTE
11045512;DA1NHLQ001-22SA;EXPERIMENTAÇÃO E ENSINO DE QUÍMICA
11045512;DA1NHLQ002-22SA;PRÁTICAS DE ENSINO DE QUÍMICA I
11202132011;DAESTE004-17SA;ENERGIA, MEIO AMBIENTE E SOCIEDADE
11202321640;DA1ESHP005-13SB;CONFLITOS SOCIAIS
11202321640;DA1ESHR005-13SB;ESTADO E DESENVOLVIMENTO ECONÔMICO NO BRASIL CONTEMPORÂNEO
11202232356;NA1NHZ3080-15SA;LABORATÓRIO DE FÍSICA MÉDICA
11202321076;DB1BIR0603-15SA;CIÊNCIA, TECNOLOGIA E SOCIEDADE
11202231075;DB1ESHR028-21SB;REGIME INTERNACIONAL DOS DIREITOS HUMANOS
11202020335;DA1NHZ6012-18SA;EMPREENDEDORISMO E PLANEJAMENTO DE PROJETOS EM BIOTECNOLOGIA
11202320767;DB3BIK0102-15SA;ESTRUTURA DA MATÉRIA
11202020154;NB1BIQ0602-15SB;ESTRUTURA E DINÂMICA SOCIAL
11202020154;NAMCTD009-18SA;GEOMETRIA PLANA AXIOMÁTICA
11202321996;DA1ESHP019-22SB;REGIMES E FORMAS DE GOVERNO
11202320611;NC4BCS0001-15SA;BASE EXPERIMENTAL DAS CIÊNCIAS NATURAIS
11202320611;NB3BIL0304-15SA;EVOLUÇÃO E DIVERSIFICAÇÃO DA VIDA NA TERRA
11202320611;NA1NHT4057-15SA;TERMODINÂMICA QUÍMICA
11202111119;DB6BIS0005-15SB;BASES COMPUTACIONAIS DA CIÊNCIA
11202230246;DA1MCZC010-15SB;ATENÇÃO E ESTADOS DE CONSCIÊNCIA
11202020298;DAESZG038-17SB;EFICIÊNCIA ENERGÉTICA INDUSTRIAL
11202232322;NB1BIK0102-15SB;ESTRUTURA DA MATÉRIA
11202231802;DA1ESZP052-22SB;GOVERNANÇA, POLÍTICAS PÚBLICAS E RESISTÊNCIA EM TEMPOS DE CRISES MÚLTIPLAS
11201822412;NAESTA020-17SA;MODELAGEM E CONTROLE
11202332345;NB3BCS0001-15SB;BASE EXPERIMENTAL DAS CIÊNCIAS NATURAIS
11202321706;DB2BIR0004-15SB;BASES EPISTEMOLÓGICAS DA CIÊNCIA MODERNA
11202021599;NANHT3068-15SA;MECÂNICA CLÁSSICA I
11202321344;DB3BIS0003-15SA;BASES MATEMÁTICAS
11202021991;DA1ESTA006-17SA;FOTÔNICA
11202321344;DB3BIK0102-15SA;ESTRUTURA DA MATÉRIA
11202322013;DA1ESHC033-21SB;ECONOMIA BRASILEIRA CONTEMPORÂNEA
11202130515;DA1NHZ3088-15SA;CONSOLIDAÇÃO DE CONCEITOS E MÉTODOS DE FENÔMENOS ELETROMAGNÉTICOS
11202322312;NB1BIQ0602-15SB;ESTRUTURA E DINÂMICA SOCIAL
11202322312;NA1BCM0505-22SB;PROCESSAMENTO DA INFORMAÇÃO
11202321113;NB1BIQ0602-15SB;ESTRUTURA E DINÂMICA SOCIAL
11201810176;NB1ESTA007-17SA;ELETRÔNICA ANALÓGICA APLICADA
11202321344;DC5BCS0001-15SA;BASE EXPERIMENTAL DAS CIÊNCIAS NATURAIS
11202130792;DA2BCK0104-15SA;INTERAÇÕES ATÔMICAS E MOLECULARES
11201810176;DB3BCM0505-22SA;PROCESSAMENTO DA INFORMAÇÃO
11201722558;DA2BIN0406-15SB;INTRODUÇÃO À PROBABILIDADE E À ESTATÍSTICA
11201722558;DB1BHP0202-19SB;TEMAS E PROBLEMAS EM FILOSOFIA
11201722558;DB1ESHR028-21SB;REGIME INTERNACIONAL DOS DIREITOS HUMANOS
11202232113;DB2BCJ0203-15SA;FENÔMENOS ELETROMAGNÉTICOS
11202130186;DB1BIR0004-15SB;BASES EPISTEMOLÓGICAS DA CIÊNCIA MODERNA
11202230246;DB1BIR0603-15SA;CIÊNCIA, TECNOLOGIA E SOCIEDADE
11022216;NBESTE026-17SA;LABORATÓRIO DE MÁQUINAS TÉRMICAS E HIDRÁULICAS
11022216;NA1ESZE006-17SA;SUBESTAÇÃO E EQUIPAMENTOS
11202230859;DA1ESHP005-13SB;CONFLITOS SOCIAIS
11202232160;DA1ESHR028-21SB;REGIME INTERNACIONAL DOS DIREITOS HUMANOS
21060313;DIESZR037-21SB;TÓPICOS ESPECIAIS EM RELAÇÕES INTERNACIONAIS
11202332358;DA1ESTO016-17SA;FENÔMENOS DE TRANSPORTE
11201810707;DA1ESHP005-13SB;CONFLITOS SOCIAIS
11202131527;DB6BIS0005-15SB;BASES COMPUTACIONAIS DA CIÊNCIA
11202131527;NA1NHT1059-15SA;MORFOFISIOLOGIA HUMANA II
11202332347;NC4BCS0001-15SA;BASE EXPERIMENTAL DAS CIÊNCIAS NATURAIS
11202321390;DB2BCJ0203-15SA;FENÔMENOS ELETROMAGNÉTICOS
11202321390;DB1BIN0406-15SA;INTRODUÇÃO À PROBABILIDADE E À ESTATÍSTICA
11202321390;DA2BCN0405-15SA;INTRODUÇÃO ÀS EQUAÇÕES DIFERENCIAIS ORDINÁRIAS
11202321006;DA4BIL0304-15SA;EVOLUÇÃO E DIVERSIFICAÇÃO DA VIDA NA TERRA
11202321006;DA3BIN0406-15SA;INTRODUÇÃO À PROBABILIDADE E À ESTATÍSTICA
11202321006;DB1BCN0405-15SA;INTRODUÇÃO ÀS EQUAÇÕES DIFERENCIAIS ORDINÁRIAS
11202332347;NA1BCN0405-15SA;INTRODUÇÃO ÀS EQUAÇÕES DIFERENCIAIS ORDINÁRIAS
11202130960;NC4BCS0001-15SA;BASE EXPERIMENTAL DAS CIÊNCIAS NATURAIS
11201921370;DAESZG023-17SB;CONTABILIDADE PARA ENGENHARIA
11202232294;NA1BCN0405-15SA;INTRODUÇÃO ÀS EQUAÇÕES DIFERENCIAIS ORDINÁRIAS
11202232294;NANHZ1003-15SA;BIOFÍSICA
11202232294;NA1NHZ3080-15SA;LABORATÓRIO DE FÍSICA MÉDICA
11202232294;NA1ESTE034-17SA;ENGENHARIA DE BIOCOMBUSTÍVEIS
11202020997;DB6BIS0005-15SB;BASES COMPUTACIONAIS DA CIÊNCIA
11202230729;DB3BIS0003-15SA;BASES MATEMÁTICAS
11202332413;NC4BCS0001-15SA;BASE EXPERIMENTAL DAS CIÊNCIAS NATURAIS
11201810196;NA1ESZS033-17SB;PROPULSÃO AEROESPACIAL NÃO-CONVENCIONAL
11063115;NA1MCZB018-13SA;INTRODUÇÃO À MODELAGEM E PROCESSOS ESTOCÁSTICOS
11202020737;NB1ESTI006-17SA;PROCESSAMENTO DIGITAL DE SINAIS
11202320676;NA1ESHT020-17SB;POLÍTICA METROPOLITANA
11202111138;DA1ESHP032-22SB;PODER LEGISLATIVO E PROCESSO DECISÓRIO
11201920412;NA1ESTO014-17SB;TERMODINÂMICA APLICADA I
11201721791;NB1ESTO015-17SB;MECÂNICA DOS FLUIDOS I
11201920969;NA1MCZB018-13SA;INTRODUÇÃO À MODELAGEM E PROCESSOS ESTOCÁSTICOS
11202230474;NA1ESTE034-17SA;ENGENHARIA DE BIOCOMBUSTÍVEIS
11202321081;DB1BCM0506-15SB;COMUNICAÇÃO E REDES
11202320493;DA2BIN0406-15SB;INTRODUÇÃO À PROBABILIDADE E À ESTATÍSTICA
11202320493;DA1ESHC028-17SB;ECONOMIA POLÍTICA
11202321747;NB3BIL0304-15SA;EVOLUÇÃO E DIVERSIFICAÇÃO DA VIDA NA TERRA
11202131035;NANHZ2124-18SB;METAFÍSICA ANALÍTICA
11202321911;DB1BIN0406-15SA;INTRODUÇÃO À PROBABILIDADE E À ESTATÍSTICA
11202321911;DD1ESTO011-17SA;FUNDAMENTOS DE DESENHO TÉCNICO
11202230926;DA1ESHT011-21SB;ANÁLISE DE DADOS PARA O PLANEJAMENTO TERRITORIAL
11202320604;NA1BCN0405-15SA;INTRODUÇÃO ÀS EQUAÇÕES DIFERENCIAIS ORDINÁRIAS
11202230450;DA1BIL0304-15SB;EVOLUÇÃO E DIVERSIFICAÇÃO DA VIDA NA TERRA
11202230270;NB2BIQ0602-15SB;ESTRUTURA E DINÂMICA SOCIAL
11201922303;DA1ESTI020-17SA;TEORIA DE FILAS E ANÁLISE DE DESEMPENHO
11202230744;NA1ESTO005-17SA;INTRODUÇÃO ÀS ENGENHARIAS
11202020402;NB1BCK0104-15SB;INTERAÇÕES ATÔMICAS E MOLECULARES
11202232197;NC4BCS0001-15SA;BASE EXPERIMENTAL DAS CIÊNCIAS NATURAIS
11201922219;NB3BIL0304-15SA;EVOLUÇÃO E DIVERSIFICAÇÃO DA VIDA NA TERRA
11202320498;DA4BIL0304-15SA;EVOLUÇÃO E DIVERSIFICAÇÃO DA VIDA NA TERRA
11201810873;DA3BIN0406-15SA;INTRODUÇÃO À PROBABILIDADE E À ESTATÍSTICA
11202321982;NB1BIK0102-15SB;ESTRUTURA DA MATÉRIA
11202130201;DD1ESTO011-17SA;FUNDAMENTOS DE DESENHO TÉCNICO
11201810589;DAESZG043-17SB;PROJETO VIRTUAL E INTEGRADO DE MANUFATURA
11202230301;DANHT3044-15SA;ÓPTICA
11202230301;DA2NHZ5023-18SA;PRÁTICAS ESCOLARES EM EDUCAÇÃO ESPECIAL E INCLUSIVA
11202321704;DA1ESHT018-17SB;PLANEJAMENTO E POLÍTICA REGIONAL
11201921013;DA1ESZS033-17SB;PROPULSÃO AEROESPACIAL NÃO-CONVENCIONAL
11202131651;DIESHR903-18SB;METODOLOGIA DE PESQUISA EM RELAÇÕES INTERNACIONAIS (TCC 1)
11202310034;NAMCTD009-18SA;GEOMETRIA PLANA AXIOMÁTICA
11202021287;DA1ESHC040-21SB;RELAÇÕES MONETÁRIAS E FINANCEIRAS INTERNACIONAIS
11202021812;NANHH2089-16SB;PRÁTICA DE ENSINO DE FILOSOFIA: METODOLOGIAS
11201722022;DC1ESTO011-17SA;FUNDAMENTOS DE DESENHO TÉCNICO
11202321955;DB1BIS0003-15SB;BASES MATEMÁTICAS
11202231163;DA1ESZM035-17SA;ADITIVAÇÃO DE POLÍMEROS
11202130992;DANHZ3084-15SA;FÍSICA DO MEIO AMBIENTE
11201922226;DA1ESHC040-21SB;RELAÇÕES MONETÁRIAS E FINANCEIRAS INTERNACIONAIS
11202231787;DA1ESHC016-17SB;FINANÇAS CORPORATIVAS
11202322217;DB6BIS0005-15SB;BASES COMPUTACIONAIS DA CIÊNCIA
11020016;DA1ESZS033-17SB;PROPULSÃO AEROESPACIAL NÃO-CONVENCIONAL
11202230284;NA1BCN0407-15SB;FUNÇÕES DE VÁRIAS VARIÁVEIS
11202230284;NB1ESTO015-17SB;MECÂNICA DOS FLUIDOS I
11202230284;NANHH2012-13SB;FENOMENOLOGIA E FILOSOFIA HERMENÊUTICA
11202230284;NA1ESTS009-17SB;MATERIAIS COMPÓSITOS E APLICAÇÕES ESTRUTURAIS
11102715;NA1ESZM022-17SA;CERÂMICAS ESPECIAIS E REFRATÁRIAS
11202021941;DA1MCTC009-15SB;PROGRESSOS E MÉTODOS EM NEUROCIÊNCIA
11202232124;NA1ESZM039-17SA;PROCESSAMENTO DE MATERIAIS CERÂMICOS
11202020077;NC4BCS0001-15SA;BASE EXPERIMENTAL DAS CIÊNCIAS NATURAIS
11202021272;DA4BIS0003-15SA;BASES MATEMÁTICAS
11202321892;DB6BIS0005-15SB;BASES COMPUTACIONAIS DA CIÊNCIA
11062916;NA1ESTO016-17SA;FENÔMENOS DE TRANSPORTE
11036415;NA1NHT1059-15SA;MORFOFISIOLOGIA HUMANA II
11202020018;DB6BIS0005-15SB;BASES COMPUTACIONAIS DA CIÊNCIA
11202020018;NA1BCN0407-15SB;FUNÇÕES DE VÁRIAS VARIÁVEIS
11202020018;DA1ESHC035-21SB;ECONOMETRIA I
11202310080;DA1ESHP018-14SB;POLÍTICAS SOCIAIS
11202310080;DA1ESZP052-22SB;GOVERNANÇA, POLÍTICAS PÚBLICAS E RESISTÊNCIA EM TEMPOS DE CRISES MÚLTIPLAS
11202320983;DB1BCM0506-15SB;COMUNICAÇÃO E REDES
11202111585;DA1BCM0505-22SB;PROCESSAMENTO DA INFORMAÇÃO
11202131394;NB1MCTB019-17SA;MATEMÁTICA DISCRETA
11146909;DALHZ0041-22SB;INTRODUÇÃO AOS LETRAMENTOS EM INGLÊS
11202022011;DA1ESHP032-22SB;PODER LEGISLATIVO E PROCESSO DECISÓRIO
11202021282;DANHZ3084-15SA;FÍSICA DO MEIO AMBIENTE
11093212;NA1ESZA011-17SA;ELETRÔNICA DE POTÊNCIA I
11093212;NAESTE016-17SA;INTRODUÇÃO AOS SISTEMAS ELÉTRICOS DE POTÊNCIA
11202320498;NB1BCK0104-15SB;INTERAÇÕES ATÔMICAS E MOLECULARES
11202212445;DB1BIR0004-15SB;BASES EPISTEMOLÓGICAS DA CIÊNCIA MODERNA
11202212445;NB1BIK0102-15SB;ESTRUTURA DA MATÉRIA
11202212445;NB1BIL0304-15SB;EVOLUÇÃO E DIVERSIFICAÇÃO DA VIDA NA TERRA
11202212445;NANHH2089-16SB;PRÁTICA DE ENSINO DE FILOSOFIA: METODOLOGIAS
11202212445;NB1ESZG002-17SB;CONFIABILIDADE INDUSTRIAL EM SISTEMAS DE GESTÃO
11202112052;NC5BCS0001-15SA;BASE EXPERIMENTAL DAS CIÊNCIAS NATURAIS
11202232221;NC5BCS0001-15SA;BASE EXPERIMENTAL DAS CIÊNCIAS NATURAIS
11036313;NA1MCTB012-13SA;EQUAÇÕES DIFERENCIAIS PARCIAIS
11202112052;NB3BIL0304-15SA;EVOLUÇÃO E DIVERSIFICAÇÃO DA VIDA NA TERRA
11202130477;DC4BCS0001-15SA;BASE EXPERIMENTAL DAS CIÊNCIAS NATURAIS
11202332432;NB3BIL0304-15SA;EVOLUÇÃO E DIVERSIFICAÇÃO DA VIDA NA TERRA
11202022072;DANHH2007-13SB;ESTÉTICA
11202332432;NC5BCS0001-15SA;BASE EXPERIMENTAL DAS CIÊNCIAS NATURAIS
11202332432;NB1ESZG002-17SB;CONFIABILIDADE INDUSTRIAL EM SISTEMAS DE GESTÃO
11202321597;DAESTE004-17SA;ENERGIA, MEIO AMBIENTE E SOCIEDADE
11202021559;NB3BIL0304-15SA;EVOLUÇÃO E DIVERSIFICAÇÃO DA VIDA NA TERRA
11202321597;DB1BCM0506-15SB;COMUNICAÇÃO E REDES
11202020019;DA1ESHP030-22SB;ORÇAMENTO PÚBLICO
11202230337;DC1ESTO011-17SA;FUNDAMENTOS DE DESENHO TÉCNICO
11202130088;DA2BIN0406-15SB;INTRODUÇÃO À PROBABILIDADE E À ESTATÍSTICA
11202321766;NB1BIL0304-15SB;EVOLUÇÃO E DIVERSIFICAÇÃO DA VIDA NA TERRA
11202231717;DB3BIS0003-15SA;BASES MATEMÁTICAS
11202231717;DA1MCTB009-17SA;CÁLCULO NUMÉRICO
11202231717;DA1ESZA006-17SA;TEORIA DE CONTROLE ÓTIMO
11202231717;DA1ESTM003-17SA;TÓPICOS COMPUTACIONAIS EM MATERIAIS
11202231306;NB1BIK0102-15SB;ESTRUTURA DA MATÉRIA
11075113;NB2ESTA003-17SA;SISTEMAS DE CONTROLE I
11075113;DA1ESTI016-17SA;FUNDAMENTOS DE FOTÔNICA
11201921604;NANHT3044-15SA;ÓPTICA
21014715;NA1NHZ6014-18SA;TRABALHO DE CONCLUSÃO DE CURSO DE BIOTECNOLOGIA
11201920785;DA1BCN0405-15SB;INTRODUÇÃO ÀS EQUAÇÕES DIFERENCIAIS ORDINÁRIAS
11201920785;DA1ESTA002-17SA;CIRCUITOS ELÉTRICOS I
11202111867;NC4BCS0001-15SA;BASE EXPERIMENTAL DAS CIÊNCIAS NATURAIS
11201812174;NANHT3068-15SA;MECÂNICA CLÁSSICA I
11202111722;NC4BCS0001-15SA;BASE EXPERIMENTAL DAS CIÊNCIAS NATURAIS
21080416;DB2BCJ0205-15SB;FENÔMENOS TÉRMICOS
11201921950;DA1MCTB010-13SA;CÁLCULO VETORIAL E TENSORIAL
11201810832;DA1BCJ0203-15SB;FENÔMENOS ELETROMAGNÉTICOS
11202320913;DC1ESTO011-17SA;FUNDAMENTOS DE DESENHO TÉCNICO
11202230232;DAESTE004-17SA;ENERGIA, MEIO AMBIENTE E SOCIEDADE
21060713;DA1ESTS012-17SB;AEROELASTICIDADE
11202130749;DAESZG023-17SB;CONTABILIDADE PARA ENGENHARIA
11202130668;DA2BCK0104-15SA;INTERAÇÕES ATÔMICAS E MOLECULARES
21055215;NB1ESZG002-17SB;CONFIABILIDADE INDUSTRIAL EM SISTEMAS DE GESTÃO
11202310036;DA1ESHC040-21SB;RELAÇÕES MONETÁRIAS E FINANCEIRAS INTERNACIONAIS
11202320466;DA1BCN0405-15SB;INTRODUÇÃO ÀS EQUAÇÕES DIFERENCIAIS ORDINÁRIAS
11202020026;NANHZ2107-18SB;EPISTEMOLOGIA ANALÍTICA
11202020026;NANHH2012-13SB;FENOMENOLOGIA E FILOSOFIA HERMENÊUTICA
11202230426;DAESZG043-17SB;PROJETO VIRTUAL E INTEGRADO DE MANUFATURA
11060915;DA1ESTA006-17SA;FOTÔNICA
11202332350;DA4BIL0304-15SA;EVOLUÇÃO E DIVERSIFICAÇÃO DA VIDA NA TERRA
11202130759;DC1ESTO011-17SA;FUNDAMENTOS DE DESENHO TÉCNICO
21089216;DALHZ0019-19SB;HISTÓRIA DO PENSAMENTO GEOGRÁFICO
21055215;NA1ESTM013-17SA;SELEÇÃO DE MATERIAIS
11202231265;DB1BIR0004-15SA;BASES EPISTEMOLÓGICAS DA CIÊNCIA MODERNA
11201810132;NA1ESTM018-17SA;TERMODINÂMICA DE MATERIAIS
11202131858;NA1ESTE033-17SA;ENGENHARIA SOLAR FOTOVOLTAICA
11202321597;DB1BIQ0602-15SA;ESTRUTURA E DINÂMICA SOCIAL
11202332369;DA1BIJ0207-15SB;BASES CONCEITUAIS DA ENERGIA
11202332369;DB1BIR0004-15SB;BASES EPISTEMOLÓGICAS DA CIÊNCIA MODERNA
11202332369;DA1ESTG005-17SB;ENGENHARIA ECONÔMICA APLICADA A SISTEMAS DE GESTÃO
11202332369;NB1BIL0304-15SB;EVOLUÇÃO E DIVERSIFICAÇÃO DA VIDA NA TERRA
11202332369;DA2ESTG022-17SB;SISTEMAS CAM
11201810132;NA1ESTM017-17SA;MATERIAIS CERÂMICOS
11201810132;NA1ESTM005-17SA;MATERIAIS METÁLICOS
11201810132;NA1ESZM039-17SA;PROCESSAMENTO DE MATERIAIS CERÂMICOS
11202020255;NA1ESTM018-17SA;TERMODINÂMICA DE MATERIAIS
11202020255;NA1ESTM017-17SA;MATERIAIS CERÂMICOS
11202020255;NA1ESTM005-17SA;MATERIAIS METÁLICOS
11202020255;NA1ESZM039-17SA;PROCESSAMENTO DE MATERIAIS CERÂMICOS
11202322017;DB6BIS0005-15SB;BASES COMPUTACIONAIS DA CIÊNCIA
11202322017;DA4BIS0003-15SA;BASES MATEMÁTICAS
11202322017;DB3BIK0102-15SA;ESTRUTURA DA MATÉRIA
11202321597;DANHH2007-13SB;ESTÉTICA
21028916;DB1BIS0003-15SB;BASES MATEMÁTICAS
21028916;DB1BIQ0602-15SB;ESTRUTURA E DINÂMICA SOCIAL
21028916;DA1BIL0304-15SB;EVOLUÇÃO E DIVERSIFICAÇÃO DA VIDA NA TERRA
11202020530;DB3BIN0406-15SA;INTRODUÇÃO À PROBABILIDADE E À ESTATÍSTICA
11202321597;DBESTA013-17SA;FUNDAMENTOS DE ROBÓTICA
11202322146;NB2BIQ0602-15SB;ESTRUTURA E DINÂMICA SOCIAL
11201712921;DA1BCM0506-15SB;COMUNICAÇÃO E REDES
11202322288;NB3BIL0304-15SA;EVOLUÇÃO E DIVERSIFICAÇÃO DA VIDA NA TERRA
11202130734;DA1ESHP005-13SB;CONFLITOS SOCIAIS
11202320750;DAESTU031-17SA;RECUPERAÇÃO DE ÁREAS DEGRADADAS
11202230933;DB1BCN0407-15SA;FUNÇÕES DE VÁRIAS VARIÁVEIS
11201921698;DANHH2033-18SB;HISTÓRIA DA FILOSOFIA ANTIGA CLÁSSICA
11202321501;NB3BIL0304-15SA;EVOLUÇÃO E DIVERSIFICAÇÃO DA VIDA NA TERRA
11202321501;NB1ESTI006-17SA;PROCESSAMENTO DIGITAL DE SINAIS
11202321501;NA1ESZM039-17SA;PROCESSAMENTO DE MATERIAIS CERÂMICOS
11202321501;NA1MCTB020-17SA;TEORIA DA MEDIDA E INTEGRAÇÃO
11201812220;NB1ESZG002-17SB;CONFIABILIDADE INDUSTRIAL EM SISTEMAS DE GESTÃO
11201812220;NA1ESTS004-17SB;DESEMPENHO DE AERONAVES
11201812220;NB2ESTA003-17SA;SISTEMAS DE CONTROLE I
11201812220;NA1ESTS017-17SB;SISTEMAS DE PROPULSÃO I
11202021387;NC5BCS0001-15SA;BASE EXPERIMENTAL DAS CIÊNCIAS NATURAIS
11202021387;DB6BIS0005-15SB;BASES COMPUTACIONAIS DA CIÊNCIA
11202021387;DB2BIR0004-15SB;BASES EPISTEMOLÓGICAS DA CIÊNCIA MODERNA
11202021387;DB3BIS0003-15SA;BASES MATEMÁTICAS
11202021387;DB3BIK0102-15SA;ESTRUTURA DA MATÉRIA
11202232048;DA1NHT4017-15SA;FUNÇÕES E REAÇÕES ORGÂNICAS
11202021842;DANHH2035-13SB;HISTÓRIA DA FILOSOFIA CONTEMPORÂNEA: O SÉCULO XX
11201810903;DC1ESTO011-17SA;FUNDAMENTOS DE DESENHO TÉCNICO
11201810903;DB2ESTO017-17SA;MÉTODOS EXPERIMENTAIS EM ENGENHARIA
11202230292;NANHT3044-15SA;ÓPTICA
11202320184;DB1BIK0102-15SB;ESTRUTURA DA MATÉRIA
11202320184;DA2BIN0406-15SB;INTRODUÇÃO À PROBABILIDADE E À ESTATÍSTICA
11202321751;DPESZC024-17SB;TÓPICOS AVANÇADOS EM HISTÓRIA ECONÔMICA
11202320828;NB2BIQ0602-15SB;ESTRUTURA E DINÂMICA SOCIAL
11202321601;DALHZ0019-19SB;HISTÓRIA DO PENSAMENTO GEOGRÁFICO
11201921509;NANHZ1003-15SA;BIOFÍSICA
11202020920;NB1BCK0104-15SB;INTERAÇÕES ATÔMICAS E MOLECULARES
11202020920;NANHH2012-13SB;FENOMENOLOGIA E FILOSOFIA HERMENÊUTICA
11202020920;NC5BCS0001-15SA;BASE EXPERIMENTAL DAS CIÊNCIAS NATURAIS
11202410059;NC5BCS0001-15SA;BASE EXPERIMENTAL DAS CIÊNCIAS NATURAIS
11202130748;DD1BCS0001-15SA;BASE EXPERIMENTAL DAS CIÊNCIAS NATURAIS
11202130748;DD1ESTO011-17SA;FUNDAMENTOS DE DESENHO TÉCNICO
11202020708;DB2BCK0104-15SA;INTERAÇÕES ATÔMICAS E MOLECULARES
11202020708;DA1NHT3066-15SA;VARIÁVEIS COMPLEXAS E APLICAÇÕES
11202020708;DA1MCBM004-23SA;GEOMETRIA DIFERENCIAL
11202322144;NB1BCM0505-22SB;PROCESSAMENTO DA INFORMAÇÃO
11202021955;DA1ESHC008-21SB;ECONOMIA BRASILEIRA II
11202021955;DA1ESHP019-22SB;REGIMES E FORMAS DE GOVERNO
11201810108;DANHLP001-22SA;PRÁTICAS DE ENSINO DE FÍSICA I
11202111094;DA1ESHP005-13SB;CONFLITOS SOCIAIS
11202210075;DA1ESHC040-21SB;RELAÇÕES MONETÁRIAS E FINANCEIRAS INTERNACIONAIS
11202230270;NB1BIK0102-15SB;ESTRUTURA DA MATÉRIA
11202230270;NA1BIJ0207-15SB;BASES CONCEITUAIS DA ENERGIA
11202322076;NB2BIQ0602-15SB;ESTRUTURA E DINÂMICA SOCIAL
11202021320;NANHH2089-16SB;PRÁTICA DE ENSINO DE FILOSOFIA: METODOLOGIAS
11202230236;DB3BIK0102-15SA;ESTRUTURA DA MATÉRIA
11202231407;DB1BIR0004-15SA;BASES EPISTEMOLÓGICAS DA CIÊNCIA MODERNA
11202131858;DA1NHT1069-15SA;FISIOLOGIA VEGETAL I
11202131858;DA1ESHP019-22SB;REGIMES E FORMAS DE GOVERNO
11202322076;DA1BIK0102-15SB;ESTRUTURA DA MATÉRIA
11202322076;NB1BCK0104-15SB;INTERAÇÕES ATÔMICAS E MOLECULARES
21085316;DA1NHZ2099-16SB;TÓPICOS CONTEMPORÂNEOS EM EDUCAÇÃO E FILOSOFIA
11044910;DB1ESTO005-17SB;INTRODUÇÃO ÀS ENGENHARIAS
11202231683;DB3BIK0102-15SA;ESTRUTURA DA MATÉRIA
11201932463;DB1BHP0202-19SB;TEMAS E PROBLEMAS EM FILOSOFIA
11053313;DA1ESZI030-17SA;GERENCIAMENTO E INTEROPERABILIDADE DE REDES
11201722774;DB2ESTO017-17SA;MÉTODOS EXPERIMENTAIS EM ENGENHARIA
11202320888;DB2BIR0004-15SB;BASES EPISTEMOLÓGICAS DA CIÊNCIA MODERNA
11202320888;DA4BIL0304-15SA;EVOLUÇÃO E DIVERSIFICAÇÃO DA VIDA NA TERRA
11202130476;NA2ESTO001-17SB;CIRCUITOS ELÉTRICOS E FOTÔNICA
11068916;DA4BCJ0203-15SB;FENÔMENOS ELETROMAGNÉTICOS
11068916;DB1BCN0407-15SA;FUNÇÕES DE VÁRIAS VARIÁVEIS
11068916;NA1ESTM005-17SA;MATERIAIS METÁLICOS
11068916;NA1ESTM013-17SA;SELEÇÃO DE MATERIAIS
11202231331;DB3BIK0102-15SA;ESTRUTURA DA MATÉRIA
11201822409;DANHH2035-13SB;HISTÓRIA DA FILOSOFIA CONTEMPORÂNEA: O SÉCULO XX
11201810366;DANHH2012-13SB;FENOMENOLOGIA E FILOSOFIA HERMENÊUTICA
11201810366;DANHH2073-18SB;TEORIA DO CONHECIMENTO: EMPIRISMO E RACIONALISMO
11202230300;DANHT3068-15SA;MECÂNICA CLÁSSICA I
11202231489;DB3BIS0003-15SA;BASES MATEMÁTICAS
11201812062;DC1BCS0001-15SB;BASE EXPERIMENTAL DAS CIÊNCIAS NATURAIS
11202322038;DB1BIS0003-15SB;BASES MATEMÁTICAS
11202322038;DA1BIK0102-15SB;ESTRUTURA DA MATÉRIA
11202231782;DB3BIS0003-15SA;BASES MATEMÁTICAS
11202021715;NA1NHT1059-15SA;MORFOFISIOLOGIA HUMANA II
11202020878;NANHZ1003-15SA;BIOFÍSICA
11037416;DA1MCTB010-13SA;CÁLCULO VETORIAL E TENSORIAL
11201921976;NA1BCM0505-22SB;PROCESSAMENTO DA INFORMAÇÃO
11202322058;DB3BIS0003-15SA;BASES MATEMÁTICAS
21060114;NA1ESTS009-17SB;MATERIAIS COMPÓSITOS E APLICAÇÕES ESTRUTURAIS
11024215;DB2BIR0004-15SB;BASES EPISTEMOLÓGICAS DA CIÊNCIA MODERNA
11201920172;NB1BCK0104-15SB;INTERAÇÕES ATÔMICAS E MOLECULARES
11201810860;NANHBP010-23SA;ÓPTICA E RELATIVIDADE
11202131281;NB3BCS0001-15SB;BASE EXPERIMENTAL DAS CIÊNCIAS NATURAIS
11201920217;NANHH2012-13SB;FENOMENOLOGIA E FILOSOFIA HERMENÊUTICA
11202310110;NB1BIR0004-15SB;BASES EPISTEMOLÓGICAS DA CIÊNCIA MODERNA
11201810903;DB1BIR0004-15SB;BASES EPISTEMOLÓGICAS DA CIÊNCIA MODERNA
11201810903;NA1ESZE038-17SA;REAÇÕES NUCLEARES
11202021719;NA1ESZB025-17SB;INSTRUMENTAÇÃO BIOMÉDICA II
11202230747;NA1ESTO014-17SB;TERMODINÂMICA APLICADA I
11202321647;NC5BCS0001-15SA;BASE EXPERIMENTAL DAS CIÊNCIAS NATURAIS
11202321647;NB3BIL0304-15SA;EVOLUÇÃO E DIVERSIFICAÇÃO DA VIDA NA TERRA
11202130245;DB1BIS0003-15SB;BASES MATEMÁTICAS
11202130245;NC5BCS0001-15SA;BASE EXPERIMENTAL DAS CIÊNCIAS NATURAIS
11202130245;DA1ESHR005-13SB;ESTADO E DESENVOLVIMENTO ECONÔMICO NO BRASIL CONTEMPORÂNEO
11202130245;NB1BIL0304-15SB;EVOLUÇÃO E DIVERSIFICAÇÃO DA VIDA NA TERRA
11202130245;NANHH2012-13SB;FENOMENOLOGIA E FILOSOFIA HERMENÊUTICA
11202131908;NB2BIQ0602-15SB;ESTRUTURA E DINÂMICA SOCIAL
11202212428;NB1BIK0102-15SB;ESTRUTURA DA MATÉRIA
11202231128;DA1ESTA023-17SA;INTRODUÇÃO AOS PROCESSOS DE FABRICAÇÃO
11201810753;DA1ESHC040-21SB;RELAÇÕES MONETÁRIAS E FINANCEIRAS INTERNACIONAIS
11202321369;NA1NHT3066-15SA;VARIÁVEIS COMPLEXAS E APLICAÇÕES
11202021557;NA1ESTO016-17SA;FENÔMENOS DE TRANSPORTE
11201920785;NAESTA020-17SA;MODELAGEM E CONTROLE
11202212427;NB3BIL0304-15SA;EVOLUÇÃO E DIVERSIFICAÇÃO DA VIDA NA TERRA
11202111599;DB1BHO0001-19SB;INTRODUÇÃO ÀS HUMANIDADES E ÀS CIÊNCIAS SOCIAIS
11202021557;DA2ESTG022-17SB;SISTEMAS CAM
21005716;DA1ESZG020-17SB;MODELOS DE COMUNICAÇÃO NAS ORGANIZAÇÕES
11202112008;NC5BCS0001-15SA;BASE EXPERIMENTAL DAS CIÊNCIAS NATURAIS
11202112008;NA1NHT1013-15SA;BIOQUÍMICA FUNCIONAL
11202112008;NA1ESTO016-17SA;FENÔMENOS DE TRANSPORTE
11202332383;DB3BIK0102-15SA;ESTRUTURA DA MATÉRIA
11201921622;DA1MCZA030-17SA;VIDA ARTIFICIAL NA COMPUTAÇÃO
11201822409;DA1ESTB028-17SB;EQUIPAMENTOS MÉDICO-HOSPITALARES
11202231487;DA1ESTB013-17SB;BIOSSEGURANÇA
11202332417;NB1BIK0102-15SB;ESTRUTURA DA MATÉRIA
11202231487;NA1ESTM005-17SA;MATERIAIS METÁLICOS
11202322184;NB2BIQ0602-15SB;ESTRUTURA E DINÂMICA SOCIAL
11202021231;NA1ESTE034-17SA;ENGENHARIA DE BIOCOMBUSTÍVEIS
11202320797;NA1ESTM017-17SA;MATERIAIS CERÂMICOS
11202320797;NA1ESZM039-17SA;PROCESSAMENTO DE MATERIAIS CERÂMICOS
11202320797;NAESZE074-17SA;SISTEMAS DE POTÊNCIA I
11202332350;DA1BCM0505-22SA;PROCESSAMENTO DA INFORMAÇÃO
11202210101;NANHH2089-16SB;PRÁTICA DE ENSINO DE FILOSOFIA: METODOLOGIAS
11202021557;DAESAU013-23SA;HIDROLOGIA URBANA
11201810773;DA1ESTB013-17SB;BIOSSEGURANÇA
11202320369;DA1ESTM017-17SA;MATERIAIS CERÂMICOS
11202321089;NAESTA018-17SA;ELETROMAGNETISMO APLICADO
11042213;DAMCZD010-18SA;SEMINÁRIOS DE PESQUISA EM EDUCAÇÃO MATEMÁTICA II
11202131271;DA1ESHC032-17SB;MACROECONOMIA II
11202131176;NA2ESTA003-17SA;SISTEMAS DE CONTROLE I
11202131176;NAESZE074-17SA;SISTEMAS DE POTÊNCIA I
11201810262;NB1BIL0304-15SB;EVOLUÇÃO E DIVERSIFICAÇÃO DA VIDA NA TERRA
11201921620;DAESZG023-17SB;CONTABILIDADE PARA ENGENHARIA
11201921620;DAESZG038-17SB;EFICIÊNCIA ENERGÉTICA INDUSTRIAL
11202232309;DA1BIJ0207-15SB;BASES CONCEITUAIS DA ENERGIA
11202232309;DA1ESTO008-17SA;MECÂNICA DOS SÓLIDOS I
11109512;DB1ESTO011-17SB;FUNDAMENTOS DE DESENHO TÉCNICO
11202332344;DB1BHQ0001-15SB;IDENTIDADE E CULTURA
11201720358;DA1ESHR005-13SB;ESTADO E DESENVOLVIMENTO ECONÔMICO NO BRASIL CONTEMPORÂNEO
11201720358;NC5BCS0001-15SA;BASE EXPERIMENTAL DAS CIÊNCIAS NATURAIS
11202231437;DBBHO1102-19SB;INTRODUÇÃO À ECONOMIA
11202231437;DB1BHP0202-19SB;TEMAS E PROBLEMAS EM FILOSOFIA
11202320294;DA4BIL0304-15SA;EVOLUÇÃO E DIVERSIFICAÇÃO DA VIDA NA TERRA
11202111903;DA1ESTA007-17SA;ELETRÔNICA ANALÓGICA APLICADA
11201921700;DAESZG023-17SB;CONTABILIDADE PARA ENGENHARIA
11201921700;DA1ESZG020-17SB;MODELOS DE COMUNICAÇÃO NAS ORGANIZAÇÕES
11201921700;DAESZG043-17SB;PROJETO VIRTUAL E INTEGRADO DE MANUFATURA
11201920107;NA1ESTO016-17SA;FENÔMENOS DE TRANSPORTE
11201920107;NA1NHZ3080-15SA;LABORATÓRIO DE FÍSICA MÉDICA
11202321629;DAESTE004-17SA;ENERGIA, MEIO AMBIENTE E SOCIEDADE
11067408;NA1ESTE034-17SA;ENGENHARIA DE BIOCOMBUSTÍVEIS
11202020418;NC5BCS0001-15SA;BASE EXPERIMENTAL DAS CIÊNCIAS NATURAIS
11202020418;NB3BIL0304-15SA;EVOLUÇÃO E DIVERSIFICAÇÃO DA VIDA NA TERRA
11202232236;DA1ESZU006-17SA;ECONOMIA, SOCIEDADE E MEIO AMBIENTE
11202231040;DB3BIK0102-15SA;ESTRUTURA DA MATÉRIA
11202322064;DB3BIS0003-15SA;BASES MATEMÁTICAS
21071515;DA1ESHC008-21SB;ECONOMIA BRASILEIRA II
11202230926;DB1ESTO017-17SB;MÉTODOS EXPERIMENTAIS EM ENGENHARIA
11075716;DB1ESTO005-17SB;INTRODUÇÃO ÀS ENGENHARIAS
11202231293;DB3BIK0102-15SA;ESTRUTURA DA MATÉRIA
21020915;NA1MCZB030-17SA;TEORIA AXIOMÁTICA DE CONJUNTOS
11202321238;DPESZC024-17SB;TÓPICOS AVANÇADOS EM HISTÓRIA ECONÔMICA
11202111133;DB2BCN0405-15SB;INTRODUÇÃO ÀS EQUAÇÕES DIFERENCIAIS ORDINÁRIAS
11201812023;NA1ESTS009-17SB;MATERIAIS COMPÓSITOS E APLICAÇÕES ESTRUTURAIS
11201812023;NA1ESZS033-17SB;PROPULSÃO AEROESPACIAL NÃO-CONVENCIONAL
11201812023;NAESZA006-17SB;TEORIA DE CONTROLE ÓTIMO
11201812023;NA1ESTS018-17SB;TRANSFERÊNCIA DE CALOR APLICADA A SISTEMAS AEROESPACIAIS
21028816;NB1ESZG002-17SB;CONFIABILIDADE INDUSTRIAL EM SISTEMAS DE GESTÃO
11202322136;DA4BIL0304-15SA;EVOLUÇÃO E DIVERSIFICAÇÃO DA VIDA NA TERRA
11080914;NC5BCS0001-15SA;BASE EXPERIMENTAL DAS CIÊNCIAS NATURAIS
11201920181;DANHH2033-18SB;HISTÓRIA DA FILOSOFIA ANTIGA CLÁSSICA
11201920181;DA1ESHP030-22SB;ORÇAMENTO PÚBLICO
11202321301;DB3BIK0102-15SA;ESTRUTURA DA MATÉRIA
11013016;NB1ESTA008-17SA;SISTEMAS DE CONTROLE II
21038415;NANHH2012-13SB;FENOMENOLOGIA E FILOSOFIA HERMENÊUTICA
11202020881;NC5BCS0001-15SA;BASE EXPERIMENTAL DAS CIÊNCIAS NATURAIS
11202020881;NA1ESZB025-17SB;INSTRUMENTAÇÃO BIOMÉDICA II
11201921652;DB1BIS0003-15SB;BASES MATEMÁTICAS
11201921652;DA1MCTC009-15SB;PROGRESSOS E MÉTODOS EM NEUROCIÊNCIA
21014212;DB1BIR0004-15SB;BASES EPISTEMOLÓGICAS DA CIÊNCIA MODERNA
11110116;NA1ESZE006-17SA;SUBESTAÇÃO E EQUIPAMENTOS
11202130750;NA1ESTM005-17SA;MATERIAIS METÁLICOS
11202210082;NAESZC022-17SB;TÓPICOS AVANÇADOS EM DESENVOLVIMENTO SOCIOECONÔMICO
11044516;NA2ESTA003-17SA;SISTEMAS DE CONTROLE I
11202320750;DB1ESTO005-17SB;INTRODUÇÃO ÀS ENGENHARIAS
11201922219;DB1ESHC026-21SB;MICROECONOMIA II
11201810554;NAESTA020-17SA;MODELAGEM E CONTROLE
11202321005;NB3BIL0304-15SA;EVOLUÇÃO E DIVERSIFICAÇÃO DA VIDA NA TERRA
11202021840;DA1ESZI030-17SA;GERENCIAMENTO E INTEROPERABILIDADE DE REDES
11202321768;DB1BCN0407-15SA;FUNÇÕES DE VÁRIAS VARIÁVEIS
11202321768;DA1MCTC009-15SB;PROGRESSOS E MÉTODOS EM NEUROCIÊNCIA
11202321768;DA1ESTS004-17SB;DESEMPENHO DE AERONAVES
11202321768;DA1ESHC033-21SB;ECONOMIA BRASILEIRA CONTEMPORÂNEA
11202022205;NA1ESZE038-17SA;REAÇÕES NUCLEARES
11202231533;NB1BCK0104-15SB;INTERAÇÕES ATÔMICAS E MOLECULARES
13201910041;NANHH2012-13SB;FENOMENOLOGIA E FILOSOFIA HERMENÊUTICA
11202130791;DANHT3065-15SA;LABORATÓRIO DE FÍSICA III
11202131417;DD1BCS0001-15SA;BASE EXPERIMENTAL DAS CIÊNCIAS NATURAIS
11202131417;DB3BIK0102-15SA;ESTRUTURA DA MATÉRIA
11202131417;DB3BIL0304-15SA;EVOLUÇÃO E DIVERSIFICAÇÃO DA VIDA NA TERRA
11202131417;DB1BCN0407-15SA;FUNÇÕES DE VÁRIAS VARIÁVEIS
11090315;DA1MCTC009-15SB;PROGRESSOS E MÉTODOS EM NEUROCIÊNCIA
21064714;DA1ESTO013-17SB;ENGENHARIA ECONÔMICA
11202321144;NA1ESTO014-17SB;TERMODINÂMICA APLICADA I
11202321933;DALHE0004-19SB;TEORIA DA HISTÓRIA I
11202320543;NANHZ2124-18SB;METAFÍSICA ANALÍTICA
11202320543;NA1ESZB038-17SB;MODELAGEM E SIMULAÇÃO DO MOVIMENTO HUMANO
11202320543;NANHH2089-16SB;PRÁTICA DE ENSINO DE FILOSOFIA: METODOLOGIAS
11202131641;NB1BCN0405-15SB;INTRODUÇÃO ÀS EQUAÇÕES DIFERENCIAIS ORDINÁRIAS
11202131641;NB1BCK0104-15SB;INTERAÇÕES ATÔMICAS E MOLECULARES
11202131641;NAESZS010-17SB;OTIMIZAÇÃO EM PROJETOS DE ESTRUTURAS
11202131641;NANHH2089-16SB;PRÁTICA DE ENSINO DE FILOSOFIA: METODOLOGIAS
11202212476;NANHH2089-16SB;PRÁTICA DE ENSINO DE FILOSOFIA: METODOLOGIAS
11201723084;NA1ESTA011-17SA;AUTOMAÇÃO DE SISTEMAS INDUSTRIAIS
11201723084;NA2ESTA004-17SA;CIRCUITOS ELÉTRICOS II
11201723084;NA1MCTB012-13SA;EQUAÇÕES DIFERENCIAIS PARCIAIS
11201723084;NA1MCBM010-23SA;TEORIA DE CORPOS
11201812154;DAESZG023-17SB;CONTABILIDADE PARA ENGENHARIA
11201812154;DA1ESTO011-17SB;FUNDAMENTOS DE DESENHO TÉCNICO
11201812154;DBNHZ2039-18SB;IDEALISMO ALEMÃO
11201812154;DALHZ0041-22SB;INTRODUÇÃO AOS LETRAMENTOS EM INGLÊS
11201812154;DA1ESHP030-22SB;ORÇAMENTO PÚBLICO
11201812283;DA1ESTO008-17SB;MECÂNICA DOS SÓLIDOS I
11201812283;DA1ESZB014-17SB;INTRODUÇÃO À ROBÓTICA
11202320689;NB1BCK0104-15SB;INTERAÇÕES ATÔMICAS E MOLECULARES
11202310099;DALHZ0041-22SB;INTRODUÇÃO AOS LETRAMENTOS EM INGLÊS
11027316;NANHT3044-15SA;ÓPTICA
11027316;NB1ESTI006-17SA;PROCESSAMENTO DIGITAL DE SINAIS
11202321369;NAESTU028-17SA;HIDRÁULICA DE CONDUTOS FORÇADOS
11202321369;NA1ESZE038-17SA;REAÇÕES NUCLEARES
11202321311;DB3BIS0003-15SA;BASES MATEMÁTICAS
11202332350;DB1ESTO005-17SB;INTRODUÇÃO ÀS ENGENHARIAS
11202130893;NA1NHZ3080-15SA;LABORATÓRIO DE FÍSICA MÉDICA
11202232000;NB1ESZG002-17SB;CONFIABILIDADE INDUSTRIAL EM SISTEMAS DE GESTÃO
11202130158;DA1NHT3049-15SA;PRINCÍPIOS DE TERMODINÂMICA
11202130247;NAESTU035-17SA;SISTEMAS DE ESGOTAMENTO SANITÁRIO
21082816;NA1ESTO016-17SA;FENÔMENOS DE TRANSPORTE
11202130247;DAESTE036-17SA;ECONOMIA DA ENERGIA
11202130247;DAESTE004-17SA;ENERGIA, MEIO AMBIENTE E SOCIEDADE
11202130785;NA1ESZE038-17SA;REAÇÕES NUCLEARES
11201920355;NA1MCZB018-13SA;INTRODUÇÃO À MODELAGEM E PROCESSOS ESTOCÁSTICOS
11202310072;DA1ESHC032-17SB;MACROECONOMIA II
11201920706;DAESAU013-23SA;HIDROLOGIA URBANA
11202111099;DA1ESHP030-22SB;ORÇAMENTO PÚBLICO
11202111099;DA1ESHP032-22SB;PODER LEGISLATIVO E PROCESSO DECISÓRIO
11202231259;NA1ESTE034-17SA;ENGENHARIA DE BIOCOMBUSTÍVEIS
11201720674;NA1NHZ2099-16SA;TÓPICOS CONTEMPORÂNEOS EM EDUCAÇÃO E FILOSOFIA
11201920920;NA1MCTB010-13SA;CÁLCULO VETORIAL E TENSORIAL
11202111201;DALHE0004-19SB;TEORIA DA HISTÓRIA I
21065316;DA1NHT4056-15SA;QUÍMICA INORGÂNICA EXPERIMENTAL
21045616;NA1NHZ3080-15SA;LABORATÓRIO DE FÍSICA MÉDICA
11202312289;DB1BIR0004-15SB;BASES EPISTEMOLÓGICAS DA CIÊNCIA MODERNA
11202312289;DB3BIS0003-15SA;BASES MATEMÁTICAS
11201722289;DANHH2073-18SB;TEORIA DO CONHECIMENTO: EMPIRISMO E RACIONALISMO
11201920406;NA1MCZB018-13SA;INTRODUÇÃO À MODELAGEM E PROCESSOS ESTOCÁSTICOS
11201920317;NA1ESZM022-17SA;CERÂMICAS ESPECIAIS E REFRATÁRIAS
11201722171;NA1MCZB018-13SA;INTRODUÇÃO À MODELAGEM E PROCESSOS ESTOCÁSTICOS
11202320308;NB6BCJ0203-15SA;FENÔMENOS ELETROMAGNÉTICOS
11202320308;NA1ESZM039-17SA;PROCESSAMENTO DE MATERIAIS CERÂMICOS
11051113;NA1ESTS012-17SB;AEROELASTICIDADE
21046416;NA1ESTS012-17SB;AEROELASTICIDADE
11000516;DA1ESZI030-17SA;GERENCIAMENTO E INTEROPERABILIDADE DE REDES
11202021611;DB1BIQ0602-15SB;ESTRUTURA E DINÂMICA SOCIAL
11202021611;DA1BCK0104-15SB;INTERAÇÕES ATÔMICAS E MOLECULARES
11202021611;DB1BCJ0203-15SB;FENÔMENOS ELETROMAGNÉTICOS
11202231077;DB2BIR0004-15SB;BASES EPISTEMOLÓGICAS DA CIÊNCIA MODERNA
11202231077;DA3BCJ0203-15SB;FENÔMENOS ELETROMAGNÉTICOS
11202231077;DB2BCN0405-15SB;INTRODUÇÃO ÀS EQUAÇÕES DIFERENCIAIS ORDINÁRIAS
21015216;DANHZ3011-15SA;FÍSICA DE SEMICONDUTORES
11201720202;NAESTA018-17SA;ELETROMAGNETISMO APLICADO
21003016;DA1MCTC009-15SB;PROGRESSOS E MÉTODOS EM NEUROCIÊNCIA
11201810744;DA1NHT1059-15SA;MORFOFISIOLOGIA HUMANA II
11201811876;DA2ESTA002-17SA;CIRCUITOS ELÉTRICOS I
11201920308;DA1MCZA017-13SA;PROCESSAMENTO DE LINGUAGEM NATURAL
11202321132;DB1BIR0004-15SB;BASES EPISTEMOLÓGICAS DA CIÊNCIA MODERNA
11202321132;DB1BIS0003-15SB;BASES MATEMÁTICAS
11201920537;NAESTE016-17SA;INTRODUÇÃO AOS SISTEMAS ELÉTRICOS DE POTÊNCIA
21078616;DAESTE031-17SA;ENGENHARIA DE RECURSOS HÍDRICOS
11089315;NBESTE026-17SA;LABORATÓRIO DE MÁQUINAS TÉRMICAS E HIDRÁULICAS
11202130247;DAESTA016-17SA;MÁQUINAS ELÉTRICAS
11202022103;DA1MCTB010-13SA;CÁLCULO VETORIAL E TENSORIAL
11015713;NA1NHT3066-15SA;VARIÁVEIS COMPLEXAS E APLICAÇÕES
11202320284;DAESTU031-17SA;RECUPERAÇÃO DE ÁREAS DEGRADADAS
11202320284;DAESTU036-17SA;SISTEMAS DE DRENAGEM URBANA
11202020997;DA1ESHP021-13SB;TRAJETÓRIAS DAS POLÍTICAS DE CT&I NO BRASIL
11202230669;NA1ESTM017-17SA;MATERIAIS CERÂMICOS
11202020663;NB1BIQ0602-15SA;ESTRUTURA E DINÂMICA SOCIAL
11202022027;DA1ESHC040-21SB;RELAÇÕES MONETÁRIAS E FINANCEIRAS INTERNACIONAIS
11202020024;DA1ESTU009-17SA;HIDROLOGIA
11202020024;DA2NHZ5023-18SA;PRÁTICAS ESCOLARES EM EDUCAÇÃO ESPECIAL E INCLUSIVA
11202230672;DA1ESHP032-22SB;PODER LEGISLATIVO E PROCESSO DECISÓRIO
11202322304;NB1ESZG002-17SB;CONFIABILIDADE INDUSTRIAL EM SISTEMAS DE GESTÃO
11202322304;NB1ESTI006-17SA;PROCESSAMENTO DIGITAL DE SINAIS
11202020407;DA1ESHP005-13SB;CONFLITOS SOCIAIS
11202020407;DA1ESHP021-13SB;TRAJETÓRIAS DAS POLÍTICAS DE CT&I NO BRASIL
11201921301;DAESZU003-17SA;CONTAMINAÇÃO E REMEDIAÇÃO DE SOLOS
11202111658;DA1ESHP028-22SB;POLÍTICAS DIGITAIS, DADOS E GESTÃO ALGORÍTMICA
11202131000;DAESZG038-17SB;EFICIÊNCIA ENERGÉTICA INDUSTRIAL
11202131000;DA1ESZG020-17SB;MODELOS DE COMUNICAÇÃO NAS ORGANIZAÇÕES
11202021891;DA2ESTA002-17SA;CIRCUITOS ELÉTRICOS I
11201921458;NA1ESTO014-17SB;TERMODINÂMICA APLICADA I
11201921458;NA1ESZB025-17SB;INSTRUMENTAÇÃO BIOMÉDICA II
11201811619;DBNHZ2039-18SB;IDEALISMO ALEMÃO
11201920284;DA1NHT3066-15SA;VARIÁVEIS COMPLEXAS E APLICAÇÕES
11202111158;DAESZG038-17SB;EFICIÊNCIA ENERGÉTICA INDUSTRIAL
11202321505;DB2BIR0004-15SB;BASES EPISTEMOLÓGICAS DA CIÊNCIA MODERNA
11202021765;DB1ESTO011-17SB;FUNDAMENTOS DE DESENHO TÉCNICO
11201921394;NANHH2012-13SB;FENOMENOLOGIA E FILOSOFIA HERMENÊUTICA
11201921394;NANHZ3053-15SA;TEORIA CLÁSSICA DOS CAMPOS
11201921394;NA1ESTI003-17SB;TRANSFORMADAS EM SINAIS E SISTEMAS LINEARES
11202021765;DB1ESTO017-17SB;MÉTODOS EXPERIMENTAIS EM ENGENHARIA
11202111723;NA1ESTO016-17SA;FENÔMENOS DE TRANSPORTE
11202111723;NA1ESTM013-17SA;SELEÇÃO DE MATERIAIS
11061413;DA1MCTC009-15SB;PROGRESSOS E MÉTODOS EM NEUROCIÊNCIA
13201812192;DPESZC024-17SB;TÓPICOS AVANÇADOS EM HISTÓRIA ECONÔMICA
11202321204;DB1BIR0603-15SA;CIÊNCIA, TECNOLOGIA E SOCIEDADE
13201910033;NANHZ2124-18SB;METAFÍSICA ANALÍTICA
11050312;NANHH2089-16SB;PRÁTICA DE ENSINO DE FILOSOFIA: METODOLOGIAS
11202321982;DB3BIS0003-15SA;BASES MATEMÁTICAS
11202111740;DA5BIS0003-15SA;BASES MATEMÁTICAS
11202231727;NB3BIL0304-15SA;EVOLUÇÃO E DIVERSIFICAÇÃO DA VIDA NA TERRA
11201920189;DANHZ3084-15SA;FÍSICA DO MEIO AMBIENTE
11202230779;DA1BIL0304-15SB;EVOLUÇÃO E DIVERSIFICAÇÃO DA VIDA NA TERRA
11105313;NA1ESZM022-17SA;CERÂMICAS ESPECIAIS E REFRATÁRIAS
11202310112;DA1ESHP005-13SB;CONFLITOS SOCIAIS
11202310112;DB1ESTO005-17SB;INTRODUÇÃO ÀS ENGENHARIAS
11201922232;DC4BCS0001-15SA;BASE EXPERIMENTAL DAS CIÊNCIAS NATURAIS
11201922232;DB3BIS0003-15SA;BASES MATEMÁTICAS
11201922232;DA4BIL0304-15SA;EVOLUÇÃO E DIVERSIFICAÇÃO DA VIDA NA TERRA
13201910033;DANHH2033-18SB;HISTÓRIA DA FILOSOFIA ANTIGA CLÁSSICA
13201910033;DANHH2035-13SB;HISTÓRIA DA FILOSOFIA CONTEMPORÂNEA: O SÉCULO XX
13201910033;DANHH2073-18SB;TEORIA DO CONHECIMENTO: EMPIRISMO E RACIONALISMO
11202130664;DD1BCS0001-15SA;BASE EXPERIMENTAL DAS CIÊNCIAS NATURAIS
11202230618;NA1ESZE038-17SA;REAÇÕES NUCLEARES
11201812348;NANHH2089-16SB;PRÁTICA DE ENSINO DE FILOSOFIA: METODOLOGIAS
21063614;DA1ESTO008-17SB;MECÂNICA DOS SÓLIDOS I
21063614;NAESTE018-17SA;FUNDAMENTOS DE SISTEMAS DINÂMICOS
11201811744;DA1ESTB021-17SB;SENSORES BIOMÉDICOS
11202020663;NB1BCK0104-15SB;INTERAÇÕES ATÔMICAS E MOLECULARES
21059415;DA1ESZM035-17SA;ADITIVAÇÃO DE POLÍMEROS
21059415;NA1MCTB006-13SA;ANÁLISE REAL II
21059415;DA1ESTS004-17SB;DESEMPENHO DE AERONAVES
11201810174;DA1NHZ6012-18SA;EMPREENDEDORISMO E PLANEJAMENTO DE PROJETOS EM BIOTECNOLOGIA
11201810174;DANHZ3084-15SA;FÍSICA DO MEIO AMBIENTE
11201810174;DA1ESTO008-17SA;MECÂNICA DOS SÓLIDOS I
11201810174;NA1ESTM017-17SA;MATERIAIS CERÂMICOS
11202131035;NANHH2012-13SB;FENOMENOLOGIA E FILOSOFIA HERMENÊUTICA
11201810174;NA1ESTM013-17SA;SELEÇÃO DE MATERIAIS
21022816;NB1ESZG002-17SB;CONFIABILIDADE INDUSTRIAL EM SISTEMAS DE GESTÃO
11201810337;NA2ESTA003-17SA;SISTEMAS DE CONTROLE I
11202020083;NA1ESTS009-17SB;MATERIAIS COMPÓSITOS E APLICAÇÕES ESTRUTURAIS
11202131407;DA2ESTA002-17SA;CIRCUITOS ELÉTRICOS I
11202320456;DAESTE036-17SA;ECONOMIA DA ENERGIA
11202332380;NC3BIS0005-15SB;BASES COMPUTACIONAIS DA CIÊNCIA
11202332380;NB1BIL0304-15SB;EVOLUÇÃO E DIVERSIFICAÇÃO DA VIDA NA TERRA
11201921518;NA1ESTM017-17SA;MATERIAIS CERÂMICOS
11065913;NANHH2089-16SB;PRÁTICA DE ENSINO DE FILOSOFIA: METODOLOGIAS
11202022103;DA1NHZ6004-18SA;ENZIMOLOGIA E BIOCATÁLISE
11202020222;DB2BCK0104-15SA;INTERAÇÕES ATÔMICAS E MOLECULARES
11202321416;DA5BIS0003-15SA;BASES MATEMÁTICAS
11201720352;DA1ESHT018-17SB;PLANEJAMENTO E POLÍTICA REGIONAL
11202410029;DB1BIS0003-15SB;BASES MATEMÁTICAS
11202231029;DB1BIR0004-15SB;BASES EPISTEMOLÓGICAS DA CIÊNCIA MODERNA
11202231029;DA3BCJ0203-15SB;FENÔMENOS ELETROMAGNÉTICOS
11201932605;DB3BIS0003-15SA;BASES MATEMÁTICAS
11201932605;DA1ESTO013-17SB;ENGENHARIA ECONÔMICA
11202020834;NA1NHZ3080-15SA;LABORATÓRIO DE FÍSICA MÉDICA
11202111469;DA1ESHP005-13SB;CONFLITOS SOCIAIS
11201721842;NA1ESZE038-17SA;REAÇÕES NUCLEARES
11201822409;DA1ESHP021-13SB;TRAJETÓRIAS DAS POLÍTICAS DE CT&I NO BRASIL
11201822409;DA1ESHP032-22SB;PODER LEGISLATIVO E PROCESSO DECISÓRIO
11201921653;DB3BIS0003-15SA;BASES MATEMÁTICAS
11201921653;DB1BIQ0602-15SB;ESTRUTURA E DINÂMICA SOCIAL
11201921653;DA1ESHR005-13SB;ESTADO E DESENVOLVIMENTO ECONÔMICO NO BRASIL CONTEMPORÂNEO
11112416;DB2BCJ0203-15SB;FENÔMENOS ELETROMAGNÉTICOS
11201722344;NA1MCTB006-13SA;ANÁLISE REAL II
11201722344;NA1MCZA037-17SA;COMBINATÓRIA EXTREMAL
11201720214;NA1ESZE098-17SA;FÍSICA DE REATORES NUCLEARES
11201812051;DANHH2033-18SB;HISTÓRIA DA FILOSOFIA ANTIGA CLÁSSICA
11202022154;NB3BIL0304-15SA;EVOLUÇÃO E DIVERSIFICAÇÃO DA VIDA NA TERRA
11201921301;NA1ESTU040-17SA;PROJETO AMBIENTAL URBANO
11202130884;DA1ESTI016-17SA;FUNDAMENTOS DE FOTÔNICA
11126115;NANHH2012-13SB;FENOMENOLOGIA E FILOSOFIA HERMENÊUTICA
21022716;NA1ESZM022-17SA;CERÂMICAS ESPECIAIS E REFRATÁRIAS
11201920926;DB1BIS0003-15SB;BASES MATEMÁTICAS
11201921290;DC5BCS0001-15SA;BASE EXPERIMENTAL DAS CIÊNCIAS NATURAIS
11202321943;DA1ESZB014-17SB;INTRODUÇÃO À ROBÓTICA
11201810356;NA1ESZM022-17SA;CERÂMICAS ESPECIAIS E REFRATÁRIAS
11202320815;DA1BCN0405-15SB;INTRODUÇÃO ÀS EQUAÇÕES DIFERENCIAIS ORDINÁRIAS
11201721747;NA1MCTB006-13SA;ANÁLISE REAL II
11201721747;NA1MCTB020-17SA;TEORIA DA MEDIDA E INTEGRAÇÃO
11201721747;NA1MCBM010-23SA;TEORIA DE CORPOS
11201812356;NANHH2012-13SB;FENOMENOLOGIA E FILOSOFIA HERMENÊUTICA
11202231857;NANHH2089-16SB;PRÁTICA DE ENSINO DE FILOSOFIA: METODOLOGIAS
21031215;DA1ESTG005-17SB;ENGENHARIA ECONÔMICA APLICADA A SISTEMAS DE GESTÃO
21020713;DALHZ0041-22SB;INTRODUÇÃO AOS LETRAMENTOS EM INGLÊS
11202022076;DB1BIQ0602-15SB;ESTRUTURA E DINÂMICA SOCIAL
11201811478;NANHBP010-23SA;ÓPTICA E RELATIVIDADE
11202130757;DA1NHT4057-15SA;TERMODINÂMICA QUÍMICA
11202410094;DA1ESHP005-13SB;CONFLITOS SOCIAIS
21066616;DB2BIR0004-15SB;BASES EPISTEMOLÓGICAS DA CIÊNCIA MODERNA
21066616;DA1ESTB005-17SB;CIÊNCIA DOS MATERIAIS BIOCOMPATÍVEIS
11201722360;DA2ESTG022-17SB;SISTEMAS CAM
11201722360;DAESZG043-17SB;PROJETO VIRTUAL E INTEGRADO DE MANUFATURA
11201722360;DA1ESTB013-17SB;BIOSSEGURANÇA
11201722360;DA1ESHT017-17SB;PLANEJAMENTO E POLÍTICA AMBIENTAL
11201810065;NB1ESTA008-17SA;SISTEMAS DE CONTROLE II
11201721002;DA1ESTM017-17SA;MATERIAIS CERÂMICOS
11201721002;DA1ESTM006-17SA;MATERIAIS POLIMÉRICOS
11201921863;NB3BIL0304-15SA;EVOLUÇÃO E DIVERSIFICAÇÃO DA VIDA NA TERRA
11202230832;NB3BIL0304-15SA;EVOLUÇÃO E DIVERSIFICAÇÃO DA VIDA NA TERRA
11202230832;NA1MCZA037-17SA;COMBINATÓRIA EXTREMAL
11202230832;NA2ESTA003-17SA;SISTEMAS DE CONTROLE I
11202212443;DA1ESHP030-22SB;ORÇAMENTO PÚBLICO
11202212443;DA1ESHT018-17SB;PLANEJAMENTO E POLÍTICA REGIONAL
11202212443;DA1ESHP032-22SB;PODER LEGISLATIVO E PROCESSO DECISÓRIO
21077614;NANHH2089-16SB;PRÁTICA DE ENSINO DE FILOSOFIA: METODOLOGIAS
11201812106;DA1ESZP052-22SB;GOVERNANÇA, POLÍTICAS PÚBLICAS E RESISTÊNCIA EM TEMPOS DE CRISES MÚLTIPLAS
11201812106;DA1ESHP032-22SB;PODER LEGISLATIVO E PROCESSO DECISÓRIO
11201920891;DA1BIJ0207-15SB;BASES CONCEITUAIS DA ENERGIA
11202021909;NAMCLM001-23SA;EDUCAÇÃO ESTATÍSTICA
11201810364;DA1NHZ5023-18SB;PRÁTICAS ESCOLARES EM EDUCAÇÃO ESPECIAL E INCLUSIVA
11202131348;DA1ESHP032-22SB;PODER LEGISLATIVO E PROCESSO DECISÓRIO
11202320583;NA1MCTA009-13SA;COMPUTADORES, ÉTICA E SOCIEDADE
11202020533;DA1ESHP028-22SB;POLÍTICAS DIGITAIS, DADOS E GESTÃO ALGORÍTMICA
11097115;NA1NHZ3080-15SA;LABORATÓRIO DE FÍSICA MÉDICA
21042014;NA1NHZ3080-15SA;LABORATÓRIO DE FÍSICA MÉDICA
11009710;DA1ESZP052-22SB;GOVERNANÇA, POLÍTICAS PÚBLICAS E RESISTÊNCIA EM TEMPOS DE CRISES MÚLTIPLAS
