RA;Código_Turma;Nome_Disciplina
11202130002;DA1MCTC024-15SB;Neuroetologia A1-Matutino (São Bernardo)
11202130002;NA1MCTC007-20SB;Comunicação Científica
11202021033;DA3BCJ0203-15SA;Fenômenos Eletromagnéticos A3-Matutino (Santo André)
11201921313;DA1BCN0402-15SB;Funções de Uma Variável A1-Matutino (São Bernardo)
11201920856;NA2NHZ5020-15SA;Educação inclusiva
11201722436;NA1ESTO008-17SB;Mecânica dos Sólidos I
11201722436;NA1ESTG014-17SB;Planejamento e Controle da Produção
11202210015;NA1NHZ4080-20SA;História da Química
11201920378;NA1ESTO004-17SB;Instrumentação e Controle
11201920333;DAESZS031-17SB;Placas e Cascas A-Matutino (São Bernardo)
11202111766;NA1LHZ0042-22SB;Práticas de Agroecologia: de(s)colonizando saberes sobre manejo e cultivo em solos tropicais
11202020602;NB1NHZ5020-15SA;Educação inclusiva
11202020602;NA2BCN0402-15SB;Funções de Uma Variável
11201920706;DA2ESTO903-17SA;Engenharia Unificada II A2-Matutino (Santo André)
11202231685;DA1ESHP004-13SB;Cidadania, Direitos e Desigualdades A1-Matutino (São Bernardo)
11201810859;DA1ESHC036-21SB;Econometria II A1-Matutino (São Bernardo)
11202130412;NBESTA005-17SA;Análise de Sistemas Dinâmicos Lineares
11202130412;NA1MCZB005-17SA;Análise Numérica
11202130820;NA1MCZB015-13SA;Introdução à Criptografia
11201722814;NA2BCN0405-15SA;Introdução às Equações Diferenciais Ordinárias
11202021891;DA1BCN0407-15SA;Funções de Várias Variáveis A1-Matutino (Santo André)
11202021891;NA2ESTO001-17SA;Circuitos Elétricos e Fotônica
11075015;NA1MCZB035-17SA;Evolução dos Conceitos Matemáticos
11106815;NA1ESTO005-17SB;Introdução às Engenharias
11100816;NC3BCJ0203-15SA;Fenômenos Eletromagnéticos
11202321847;NA2BIR0004-15SA;Bases Epistemológicas da Ciência Moderna
13201910027;NA1NHZ5016-15SB;História da Educação
13201910027;NA1ESHP018-14SB;Políticas Sociais
11201920486;NAMCTA004-17SA;Arquitetura de Computadores
11202320222;DA3BCM0504-15SA;Natureza da Informação A3-Matutino (Santo André)
11202320222;NB2BCJ0204-15SA;Fenômenos Mecânicos
11202320222;NB3BCN0402-15SA;Funções de Uma Variável
11201810333;NA1ESZG010-17SB;Planejamento e Controle de Projetos
11201810333;ND1ESTO903-17SB;Engenharia Unificada II
11201810333;NA2ESTO902-17SA;Engenharia Unificada I
11202320749;DB1BIS0003-15SA;Bases Matemáticas B1-Matutino (Santo André)
11202320749;DANHT1048-15SA;Sistemática e Biogeografia A-Matutino (Santo André)
11202020119;NB4BCL0307-15SA;Transformações Químicas
11202020119;DA1ESTO001-17SA;Circuitos Elétricos e Fotônica A1-Matutino (Santo André)
11202320943;NA3BCL0307-15SB;Transformações Químicas
11202320943;NA2BCL0306-15SB;Biodiversidade: Interações entre organismos e ambiente
11202130065;NA1ESTB010-17SB;Legislação Relacionada à Saúde
11201721440;NA2ESTO004-17SB;Instrumentação e Controle
11201920616;NA1ESTG023-17SB;Organização do Trabalho
11202212451;NA2ESTO011-17SA;Fundamentos de Desenho Técnico
11201921941;NA2BCN0402-15SB;Funções de Uma Variável
11201921941;NB2BCL0307-15SB;Transformações Químicas
11201921941;NALHE0004-19SB;Teoria da História I
11202231924;NBBHO0002-19SB;Introdução ao Pensamento Econômico
11201922206;NB2ESTO902-17SA;Engenharia Unificada I
11202321959;NA4BCL0306-15SA;Biodiversidade: Interações entre organismos e ambiente
11016016;NA2MCTC007-20SB;Comunicação Científica
11202130101;NA1ESHR030-21SB;Estudos Estratégicos e Defesa
11202130101;NA1ESHR017-21SB;Organizações Internacionais e Multilateralismo
11202130101;DB1ESTO012-17SB;Princípios de Administração B1-Matutino (São Bernardo)
11010015;NA1ESTM004-17SA;Ciência dos Materiais
11202310021;NA3BCN0402-15SA;Funções de Uma Variável
11202131214;DA3BCN0404-15SA;Geometria Analítica A3-Matutino (Santo André)
11202131214;DA1BCN0402-15SA;Funções de Uma Variável A1-Matutino (Santo André)
11201921748;DA1ESHC034-21SB;Economia do Meio Ambiente A1-Matutino (São Bernardo)
11201921748;NA1BHS0008-23SB;Práticas Comunitárias em campo
11202232251;DB1BIS0003-15SA;Bases Matemáticas B1-Matutino (Santo André)
11201811421;DB8BCJ0204-15SA;Fenômenos Mecânicos B8-Matutino (Santo André)
11201922402;NA1ESTU011-17SA;Planejamento Urbano e Metropolitano
11202020598;NA1NHZ6011-18SA;Biotecnologia Humana
11202130446;NANHZ2067-18SB;Temas de Filosofia Contemporânea I
11201920341;NA1MCZC016-15SB;Neurociência da Cognição Musical
11201921103;DA1NHZ5014-15SA;Questões Atuais no Ensino de Ciências A1-Matutino (Santo André)
11201921103;DA1NHZ6011-18SA;Biotecnologia Humana A1-Matutino (Santo André)
11201810861;DANHZ1024-15SA;Etnofarmacologia A-Matutino (Santo André)
11202320998;DB1BCJ0204-15SB;Fenômenos Mecânicos B1-Matutino (São Bernardo)
11201812061;DAMCTC014-13SA;Introdução à Inferência Estatística A-Matutino (Santo André)
11202130776;NC1ESTO013-17SA;Engenharia Econômica
11202321546;DA1BIL0304-15SA;Evolução e Diversificação da Vida na Terra A1-Matutino (Santo André)
11202321546;DA1BIR0603-15SA;Ciência, Tecnologia e Sociedade A1-Matutino (Santo André)
11202130778;DA1ESHC030-17SB;Desigualdades de Raça, Gênero e Renda A1-Matutino (São Bernardo)
11201922012;NA1ESHP026-14SB;Participação, Movimentos Sociais e Políticas Públicas
11201922012;NA1NHI5011-13SB;Políticas Educacionais
11202021712;DA1NHZ5014-15SA;Questões Atuais no Ensino de Ciências A1-Matutino (Santo André)
11202232259;NA1BCJ0203-15SB;Fenômenos Eletromagnéticos
11202130836;DANHZ1024-15SA;Etnofarmacologia A-Matutino (Santo André)
11202021931;NB1ESTO013-17SA;Engenharia Econômica
11201822474;NA1NHT4002-15SA;Bioquímica Experimental
11202131236;NANHZ1074-15SA;Astrobiologia
11202131236;DB1NHT1053-15SA;Biologia Celular B1-Matutino (Santo André)
11202322095;DA1NHI5015-15SB;LIBRAS A1-Matutino (São Bernardo)
11201810799;DA1ESHP013-22SB;Direito Constitucional A1-Matutino (São Bernardo)
11202021499;NA1ESTB010-17SB;Legislação Relacionada à Saúde
11202231851;DA1ESHR002-21SB;Temas de Direito Internacional Público A1-Matutino (São Bernardo)
11202022217;NA1ESHR017-21SB;Organizações Internacionais e Multilateralismo
11202130681;NB1BCL0307-15SB;Transformações Químicas
11202231854;NA3BCM0504-15SA;Natureza da Informação
11202130697;NA2ESTO011-17SA;Fundamentos de Desenho Técnico
11202130697;NB1MCTB001-17SB;Álgebra Linear
11201932485;NA2ESTO011-17SA;Fundamentos de Desenho Técnico
11202111531;NA2BCN0402-15SB;Funções de Uma Variável
11202111531;DA1BCM0506-15SB;Comunicação e Redes A1-Matutino (São Bernardo)
11201811919;NABHQ0004-19SB;Estudos de Gênero
11201811919;NA1ESTB010-17SB;Legislação Relacionada à Saúde
11201811919;NA1NHI5011-13SA;Políticas Educacionais
11202130007;DANHT3027-15SA;Laboratório de Física I A-Matutino (Santo André)
11201810525;NB2BCN0405-15SA;Introdução às Equações Diferenciais Ordinárias
11127415;NANHZ6009-18SA;Biologia Sintética
11201920328;NAMCTA004-17SA;Arquitetura de Computadores
11202020227;NA2ESTO012-17SB;Princípios de Administração
11202020227;NANHZ2109-18SB;Teoria das Ciências Humanas
11202130039;NA1ESTO903-17SA;Engenharia Unificada II
11117616;NA1ESHP026-14SB;Participação, Movimentos Sociais e Políticas Públicas
11202020964;NA1BIN0406-15SB;Introdução à Probabilidade e à Estatística
11202321116;DA1ESTU040-17SA;Projeto Ambiental Urbano A1-Matutino (Santo André)
11202321295;DB3BCJ0204-15SA;Fenômenos Mecânicos B3-Matutino (Santo André)
11201921684;NA2ESTO004-17SB;Instrumentação e Controle
11201811851;DC2MCTA028-15SA;Programação Estruturada C2-Matutino (Santo André)
11202020734;DA1ESTB010-17SB;Legislação Relacionada à Saúde A1-Matutino (São Bernardo)
11202020734;ND1ESTO903-17SB;Engenharia Unificada II
11202111679;NA5BCJ0204-15SA;Fenômenos Mecânicos
11202321951;NB1BCN0404-15SB;Geometria Analítica
11202230479;NA1BIR0004-15SB;Bases Epistemológicas da Ciência Moderna
11202230655;NA1BHO0102-15SB;Desenvolvimento e Sustentabilidade
11202210098;DA1ESZG013-17SB;Empreendedorismo A1-Matutino (São Bernardo)
11202232205;DB2BCJ0203-15SA;Fenômenos Eletromagnéticos B2-Matutino (Santo André)
11201722234;NANHZ6009-18SA;Biologia Sintética
11202020781;NA1ESTG023-17SB;Organização do Trabalho
11202020781;NC1ESTO903-17SB;Engenharia Unificada II
21045716;NA3BCN0402-15SB;Funções de Uma Variável
21009513;DA1LIE0001-19SA;Metodologias de Pesquisa em Educação A1-Matutino (Santo André)
21009513;DA1NHI5011-13SB;Políticas Educacionais A1-Matutino (São Bernardo)
21064514;NA1ESZU010-17SA;Gestão Ambiental na Indústria
21052014;NAESZS012-17SB;Aplicações de Elementos Finitos para Engenharia
11201932461;NA2MCTA037-17SA;Banco de Dados
11201811698;NA2MCTA037-17SA;Banco de Dados
11202321443;NB1BIN0406-15SB;Introdução à Probabilidade e à Estatística
11202321443;NA3BCN0402-15SB;Funções de Uma Variável
11202022219;NA1ESHP018-14SB;Políticas Sociais
11109216;NB1BCM0506-15SA;Comunicação e Redes
11022815;NA1NHI5011-13SA;Políticas Educacionais
11022815;NA1NHZ5016-15SA;História da Educação
11202210026;NB1BCM0504-15SA;Natureza da Informação
11202111950;NA2ESHP004-13SB;Cidadania, Direitos e Desigualdades
11202111950;NA1ESHP007-13SB;Federalismo e Políticas Públicas
11201921128;NA1ESTO016-17SB;Fenômenos de Transporte
11202021750;DA1ESHR030-21SB;Estudos Estratégicos e Defesa A1-Matutino (São Bernardo)
11201811798;NA1ESTO012-17SB;Princípios de Administração
11202130305;DA2MCTA028-15SA;Programação Estruturada A2-Matutino (Santo André)
11202131252;NAESTA016-17SA;Máquinas Elétricas
11202131252;NA1ESTA002-17SA;Circuitos Elétricos I
11201721595;NA1ESHC040-21SB;Relações Monetárias e Financeiras Internacionais
11202020585;NA1LIE0001-19SA;Metodologias de Pesquisa em Educação
11202020585;DA1NHZ5019-15SA;Tecnologias da Informação e Comunicação na Educação A1-Matutino (Santo André)
21047716;DA1MCTC002-15SB;Introdução à Neurociência A1-Matutino (São Bernardo)
11202022220;DANHI2049-13SA;Lógica Básica A-Matutino (Santo André)
11202020310;DA1NHZ4080-20SA;História da Química A1-Matutino (Santo André)
11006414;NANHT3054-15SA;Teoria da Relatividade
11201822496;NA1ESTG002-17SB;Desenvolvimento Integrado do Produto
11202321485;NBBHO0002-19SB;Introdução ao Pensamento Econômico
11201722329;NA1ESTG023-17SB;Organização do Trabalho
11201722329;DAESTG008-17SB;Gerência de Ativos A-Matutino (São Bernardo)
11201722329;DA1ESTG006-17SB;Engenharia Laboral A1-Matutino (São Bernardo)
11201922144;DA1ESHC039-17SB;Questões Metodológicas em Economia A1-Matutino (São Bernardo)
11202321539;NBBHO0002-19SB;Introdução ao Pensamento Econômico
11202020293;NANHH2040-13SB;História da Filosofia Moderna: o Iluminismo e seus desdobramentos
11202020293;NA1ESZP038-14SB;Políticas de saúde
11202230289;DA1MCZA025-13SA;Segurança em Redes A1-Matutino (Santo André)
11202230289;NB2BCN0405-15SA;Introdução às Equações Diferenciais Ordinárias
11042511;NAESTI007-17SA;Comunicação Digital
11068415;NA1ESZU010-17SA;Gestão Ambiental na Indústria
11068415;NA1ESTO016-17SA;Fenômenos de Transporte
11201722556;DAMCTA014-15SA;Inteligência Artificial A-Matutino (Santo André)
11201822540;DA1BCS0002-15SB;Projeto Dirigido A1-Matutino (São Bernardo)
11201822540;DA1NHZ4080-20SA;História da Química A1-Matutino (Santo André)
11201822540;DB2ESTO902-17SA;Engenharia Unificada I B2-Matutino (Santo André)
11202131687;NB1BIR0004-15SA;Bases Epistemológicas da Ciência Moderna
11201723224;NA1ESHR006-13SB;Formação Histórica da América Latina
11201723224;NB1BCS0002-15SB;Projeto Dirigido
11201921818;NB1ESTO902-17SA;Engenharia Unificada I
11201722047;NA1ESTO001-17SA;Circuitos Elétricos e Fotônica
11202111546;DB1MCTB009-17SB;Cálculo Numérico B1-Matutino (São Bernardo)
11202111546;DBBHO0002-19SB;Introdução ao Pensamento Econômico B-Matutino (São Bernardo)
11201920974;DA1ESHR006-13SB;Formação Histórica da América Latina A1-Matutino (São Bernardo)
11202231310;DA2BCJ0203-15SA;Fenômenos Eletromagnéticos A2-Matutino (Santo André)
11201720584;NB6BCL0307-15SA;Transformações Químicas
11202321772;DB3BCN0404-15SA;Geometria Analítica B3-Matutino (Santo André)
11201722224;DA1ESZB021-17SB;Introdução à Engenharia Biomédica A1-Matutino (São Bernardo)
11201722224;DA1ESZG032-17SB;Modelos e Ferramentas de Gestão Ambiental A1-Matutino (São Bernardo)
11202310006;DA1BCN0404-15SA;Geometria Analítica A1-Matutino (Santo André)
11202021489;DA1MCTA002-17SA;Algoritmos e Estruturas de Dados II A1-Matutino (Santo André)
11202020169;NA1ESTG023-17SB;Organização do Trabalho
11202020741;DA1NHZ4038-15SA;Química dos Materiais A1-Matutino (Santo André)
11202231410;DANHZ2112-18SB;Epistemologia Feminista A-Matutino (São Bernardo)
11202130411;NA1ESHC030-17SB;Desigualdades de Raça, Gênero e Renda
11202020599;NA1MCZC019-20SB;Introdução à Neuroimunologia
11201810441;DA1BHS0007-23SB;Panorama internacional do ABC A1-Matutino (São Bernardo)
11202111666;NA1ESHP007-13SB;Federalismo e Políticas Públicas
11202332343;DB2BIN0406-15SB;Introdução à Probabilidade e à Estatística B2-Matutino (São Bernardo)
11202022051;NA1ESHR030-21SB;Estudos Estratégicos e Defesa
11201922183;NA1ESHP018-14SB;Políticas Sociais
11202130893;NAMCZA017-13SA;Processamento de Linguagem Natural
11202130893;DAMCTA014-15SA;Inteligência Artificial A-Matutino (Santo André)
11202130893;NA1NHI5011-13SA;Políticas Educacionais
11202021666;NB1ESTO902-17SA;Engenharia Unificada I
11202021240;NA1NHZ6010-18SA;Genômica e Pós-Genômica
11202021240;DANHZ6009-18SA;Biologia Sintética A-Matutino (Santo André)
11201921791;NA1ESHP022-14SB;Cultura Política
11201921791;NANHZ2067-18SB;Temas de Filosofia Contemporânea I
11201810879;NA1ESHC029-21SB;Microeconomia III
11201932557;NA1MCZC019-20SB;Introdução à Neuroimunologia
11202230246;DANHZ2112-18SB;Epistemologia Feminista A-Matutino (São Bernardo)
11202231043;DB1BCJ0203-15SA;Fenômenos Eletromagnéticos B1-Matutino (Santo André)
11202232349;NA1BHO0102-15SB;Desenvolvimento e Sustentabilidade
11201810792;DA1ESTG017-17SB;Introdução aos Processos de Fabricação Metal - Mecânico A1-Matutino (São Bernardo)
11202022106;DC2MCTA028-15SA;Programação Estruturada C2-Matutino (Santo André)
11202022106;NA1NHZ5019-15SB;Tecnologias da Informação e Comunicação na Educação
11202022106;NA1ESHP007-13SB;Federalismo e Políticas Públicas
11202022106;NA1LHZ0038-22SB;História e Gênero
11202022106;NA1NHZ5016-15SB;História da Educação
11202022106;NA1BHS0008-23SB;Práticas Comunitárias em campo
11202020433;DA2MCTA037-17SA;Banco de Dados A2-Matutino (Santo André)
11202321784;DA1NHZ6001-18SA;Fundamentos da Biotecnologia A1-Matutino (Santo André)
11202321784;NA1BHS0008-23SB;Práticas Comunitárias em campo
11201812232;NA1ESTU011-17SA;Planejamento Urbano e Metropolitano
11201921635;DA1BIQ0602-15SB;Estrutura e Dinâmica Social A1-Matutino (São Bernardo)
11201921635;DA1ESHP004-13SB;Cidadania, Direitos e Desigualdades A1-Matutino (São Bernardo)
11201921635;DA1ESHT001-17SB;Arranjos Institucionais e Marco Regulatório do Território A1-Matutino (São Bernardo)
11201921635;NA1BIL0304-15SA;Evolução e Diversificação da Vida na Terra
11201921635;DA1BHS0004-23SB;Encontros sobre Gênero e Sexualidades A1-Matutino (São Bernardo)
11201922115;NA1ESHR008-21SB;Integração Regional - Teorias e Experiências
11202131696;DA1ESZU013-17SA;Logística e Meio Ambiente A1-Matutino (Santo André)
11202131263;NA1BCM0506-15SB;Comunicação e Redes
11202131263;NA2MCTC007-20SB;Comunicação Científica
11202131938;NB1ESTO012-17SB;Princípios de Administração
11202131938;NA1NHZ5019-15SB;Tecnologias da Informação e Comunicação na Educação
11201932596;NA1ESHP022-14SB;Cultura Política
11201932596;NANHH2040-13SB;História da Filosofia Moderna: o Iluminismo e seus desdobramentos
11201932596;NA1ESHP007-13SB;Federalismo e Políticas Públicas
11202231372;NB1BIQ0602-15SA;Estrutura e Dinâmica Social
11202231372;DC1BCM0506-15SA;Comunicação e Redes C1-Matutino (Santo André)
11202231372;DA1NHZ1091-19SA;Educação em Saúde A1-Matutino (Santo André)
11202020888;DA1MCTC007-20SB;Comunicação Científica A1-Matutino (São Bernardo)
11202131650;NA1ESHR018-21SB;Atores Não Estatais e as Relações Internacionais
11202131650;DA1ESHR026-14SB;História do Terceiro Mundo A1-Matutino (São Bernardo)
11202131650;DA1ESHR017-21SB;Organizações Internacionais e Multilateralismo A1-Matutino (São Bernardo)
11202231705;NA1NHI5015-15SB;LIBRAS
11202021125;NA1ESZE078-17SA;Regulação e Mercado de Energia Elétrica
11202021125;NA1ESTE027-17SA;Laboratório de Calor e Fluidos
11202021125;NAESTO011-17SA;Fundamentos de Desenho Técnico
11202021125;NA1NHZ3008-22SA;Evolução da Física I
11202022222;DA2BCJ0203-15SA;Fenômenos Eletromagnéticos A2-Matutino (Santo André)
11202322077;NA1BCM0504-15SB;Natureza da Informação
11202230740;DA1BCM0506-15SA;Comunicação e Redes A1-Matutino (Santo André)
11202020663;NANHZ1009-15SA;Biologia Molecular e Biotecnologia
11201722077;NA1ESZE078-17SA;Regulação e Mercado de Energia Elétrica
11202231278;NA1BHS0008-23SB;Práticas Comunitárias em campo
11201921698;DA1MCZC013-15SB;Memória e Aprendizagem A1-Matutino (São Bernardo)
11201810513;NA1MCZB015-13SA;Introdução à Criptografia
11201810513;NA1ESTI013-17SA;Sistemas Microprocessados
11201810513;NA2MCTC007-20SB;Comunicação Científica
11201812014;NA1ESHR027-21SB;África nas Relações Internacionais
11201812014;NA1ESHP022-14SB;Cultura Política
11202231449;NB2BCM0504-15SA;Natureza da Informação
11201721532;NA1ESTG022-17SB;Sistemas CAM
11202321973;DA1NHI5015-15SB;LIBRAS A1-Matutino (São Bernardo)
11201920727;DANHT1030-15SA;Geologia e Paleontologia A-Matutino (Santo André)
11202020382;NA1BHO1102-19SB;Introdução à Economia
11201922306;NA2ESTO012-17SB;Princípios de Administração
11201922306;NA1BHO0102-15SB;Desenvolvimento e Sustentabilidade
11108516;NA1ESZU013-17SA;Logística e Meio Ambiente
11201922110;NA3BCN0404-15SA;Geometria Analítica
11202020884;DANHI2049-13SA;Lógica Básica A-Matutino (Santo André)
11202230425;DB1NHZ6001-18SA;Fundamentos da Biotecnologia B1-Matutino (Santo André)
11202020456;DA1ESHP004-13SB;Cidadania, Direitos e Desigualdades A1-Matutino (São Bernardo)
11201921681;DAESTA020-17SA;Modelagem e Controle A-Matutino (Santo André)
11202310038;NB1BHO1102-19SB;Introdução à Economia
11201722367;DA1MCTC007-20SB;Comunicação Científica A1-Matutino (São Bernardo)
11202020547;DB1BHS0007-23SB;Panorama internacional do ABC B1-Matutino (São Bernardo)
11202322078;DB1BHP0202-15SB;Pensamento Crítico B1-Matutino (São Bernardo)
11202322078;DA1BHS0008-23SB;Práticas Comunitárias em campo A1-Matutino (São Bernardo)
11201920420;NA1NHI5011-13SA;Políticas Educacionais
11202020269;DA1ESHC030-17SB;Desigualdades de Raça, Gênero e Renda A1-Matutino (São Bernardo)
11201720606;DA1NHZ6012-18SA;Empreendedorismo e planejamento de projetos em Biotecnologia A1-Matutino (Santo André)
11202230302;NA1NHZ4035-15SA;Processos Industriais Orgânicos e Inorgânicos
11201811159;NA1ESZU010-17SA;Gestão Ambiental na Indústria
11202332415;DA1ESZG013-17SB;Empreendedorismo A1-Matutino (São Bernardo)
11201822413;NA1ESZG041-17SB;Gestão da Inovação
11201822413;DA1ESZU013-17SA;Logística e Meio Ambiente A1-Matutino (Santo André)
11202332369;DBBHO0002-19SB;Introdução ao Pensamento Econômico B-Matutino (São Bernardo)
11202021533;NA1ESTA019-17SA;Projeto Assistido por Computador
11201722616;DAESZI031-17SA;Segurança de Redes A-Matutino (Santo André)
11202130774;DB1ESTO012-17SB;Princípios de Administração B1-Matutino (São Bernardo)
11064716;ND2BCJ0203-15SA;Fenômenos Eletromagnéticos
11109213;DAMCTA027-17SA;Teoria dos Grafos A-Matutino (Santo André)
11202332323;DB3BCN0402-15SA;Funções de Uma Variável B3-Matutino (Santo André)
11202332323;DA3BCJ0204-15SA;Fenômenos Mecânicos A3-Matutino (Santo André)
11202332323;DB1BCL0306-15SA;Biodiversidade: Interações entre organismos e ambiente B1-Matutino (Santo André)
11202332323;DB1BCM0504-15SA;Natureza da Informação B1-Matutino (Santo André)
11202130777;DC1ESTA002-17SA;Circuitos Elétricos I C1-Matutino (Santo André)
11201920308;NA1MCTC011-15SB;Psicologia Cognitiva
11201920308;NA1ESTB030-17SB;Física Médica II
11202320431;NA2BIR0004-15SA;Bases Epistemológicas da Ciência Moderna
11202320431;DA1NHZ5016-15SA;História da Educação A1-Matutino (Santo André)
11202320431;DA1NHZ5019-15SA;Tecnologias da Informação e Comunicação na Educação A1-Matutino (Santo André)
11201723010;DC1ESTO013-17SA;Engenharia Econômica C1-Matutino (Santo André)
11201723010;NA1ESHC027-21SB;Economia Matemática
11092816;NA1ESTG022-17SB;Sistemas CAM
11202332375;NA2BCN0404-15SA;Geometria Analítica
11202020080;DA1ESHR006-13SB;Formação Histórica da América Latina A1-Matutino (São Bernardo)
11201922161;DA1BHS0007-23SB;Panorama internacional do ABC A1-Matutino (São Bernardo)
11202111953;DB2BIN0406-15SB;Introdução à Probabilidade e à Estatística B2-Matutino (São Bernardo)
11202322079;NAESZI030-17SA;Gerenciamento e Interoperabilidade de Redes
11202322079;DAESZI031-17SA;Segurança de Redes A-Matutino (Santo André)
11202131852;NB3BCN0402-15SA;Funções de Uma Variável
11202212476;NA1ESTO005-17SB;Introdução às Engenharias
11046816;NA1ESHT001-17SB;Arranjos Institucionais e Marco Regulatório do Território
11202320454;DA1BIQ0602-15SA;Estrutura e Dinâmica Social A1-Matutino (Santo André)
11202320454;DB1BCM0506-15SA;Comunicação e Redes B1-Matutino (Santo André)
11201722339;NBMCTA008-17SA;Computação Gráfica
11201921142;DA1ESHC030-17SB;Desigualdades de Raça, Gênero e Renda A1-Matutino (São Bernardo)
11202230225;DC1ESTO013-17SA;Engenharia Econômica C1-Matutino (Santo André)
11202021632;DAMCTA004-17SA;Arquitetura de Computadores A-Matutino (Santo André)
11202021941;NA1MCTC011-15SB;Psicologia Cognitiva
11202021941;NA2MCTC023-15SB;Neuroanatomia
11201932492;NB1BHQ0003-15SB;Interpretações do Brasil
11037916;DBESTE026-17SA;Laboratório de Máquinas Térmicas e Hidráulicas B-Matutino (Santo André)
11202021062;DA1ESTM009-17SA;Termodinâmica Estatística de Materiais A1-Matutino (Santo André)
11202021062;DA1ESTM016-17SA;Química Inorgânica de Materiais A1-Matutino (Santo André)
11202021062;DA1ESTM010-17SA;Propriedades Mecânicas e Térmicas A1-Matutino (Santo André)
11201920144;NC1BCM0506-15SA;Comunicação e Redes
11034916;NAMCZA035-17SA;Algoritmos Probabilísticos
11202320471;DA2BCN0405-15SA;Introdução às Equações Diferenciais Ordinárias A2-Matutino (Santo André)
11202320471;DD1BCM0506-15SA;Comunicação e Redes D1-Matutino (Santo André)
11201721949;DA2ESTO903-17SA;Engenharia Unificada II A2-Matutino (Santo André)
11201721949;NANHZ1009-15SA;Biologia Molecular e Biotecnologia
11120615;NAESZU035-17SA;Geomorfologia
11201920758;NA1ESHP018-14SB;Políticas Sociais
11041514;NA1ESTU023-17SA;Biomas Brasileiros
11202130751;NA1BHS0008-23SB;Práticas Comunitárias em campo
11202020234;DB1BCS0002-15SA;Projeto Dirigido B1-Matutino (Santo André)
11202020234;DB3BCN0405-15SA;Introdução às Equações Diferenciais Ordinárias B3-Matutino (Santo André)
11202020234;DA1ESZU013-17SA;Logística e Meio Ambiente A1-Matutino (Santo André)
11201811875;NA1MCTC002-15SB;Introdução à Neurociência
11201810901;NAESZI034-17SA;Jogos Digitais: Aspectos Técnicos e Aplicações
21011213;DA1ESHP018-14SB;Políticas Sociais A1-Matutino (São Bernardo)
21011213;DA1ESZG041-17SB;Gestão da Inovação A1-Matutino (São Bernardo)
11202130560;DA1NHZ4080-20SA;História da Química A1-Matutino (Santo André)
11202130566;DA1ESHR006-13SB;Formação Histórica da América Latina A1-Matutino (São Bernardo)
11201920711;DA1NHZ5014-15SA;Questões Atuais no Ensino de Ciências A1-Matutino (Santo André)
11202212464;DA1ESHC034-21SB;Economia do Meio Ambiente A1-Matutino (São Bernardo)
11202231660;DANHZ1024-15SA;Etnofarmacologia A-Matutino (Santo André)
11202231660;DA1ESZS016-17SB;Análise Experimental de Estruturas A1-Matutino (São Bernardo)
11202131617;NA1ESHP018-14SB;Políticas Sociais
11202131617;NA1ESHR008-21SB;Integração Regional - Teorias e Experiências
11201920656;NA1ESZG013-17SB;Empreendedorismo
11202231682;NB1BIR0004-15SA;Bases Epistemológicas da Ciência Moderna
11052813;NA1MCZB015-13SA;Introdução à Criptografia
11052813;NAESZI034-17SA;Jogos Digitais: Aspectos Técnicos e Aplicações
11201920176;DA1ESHC034-21SB;Economia do Meio Ambiente A1-Matutino (São Bernardo)
11202021488;NA2ESTO004-17SB;Instrumentação e Controle
11202021488;NB3BCN0402-15SA;Funções de Uma Variável
11202131093;NA1NHT5013-15SA;Práticas de Ensino de Ciências e Matemática no Ensino Fundamental
11202231866;DA1ESHR026-14SB;História do Terceiro Mundo A1-Matutino (São Bernardo)
21026416;DA1MCTC002-15SB;Introdução à Neurociência A1-Matutino (São Bernardo)
21026416;NA1NHI5011-13SA;Políticas Educacionais
11035313;NA1ESTU029-17SA;Hidráulica de Condutos Livres
11035313;NAESTI003-17SA;Transformadas em Sinais e Sistemas Lineares
11202021040;NAMCZA017-13SA;Processamento de Linguagem Natural
11201810694;NA3BCM0504-15SA;Natureza da Informação
11201810694;NA3BCL0306-15SA;Biodiversidade: Interações entre organismos e ambiente
11201810694;NA4BCN0402-15SA;Funções de Uma Variável
11201921905;NAESTA016-17SA;Máquinas Elétricas
11201921905;NA1ESTI013-17SA;Sistemas Microprocessados
11201921017;NA2ESHP004-13SB;Cidadania, Direitos e Desigualdades
11073413;DA1ESTU032-17SA;Representação Gráfica de Projetos Ambientais e Urbanos A1-Matutino (Santo André)
11073413;NA2ESTU026-17SA;Caracterização de Matrizes Ambientais
11201921825;NA1MCTA002-17SA;Algoritmos e Estruturas de Dados II
11201922186;NANHH2026-13SB;Filosofia no Brasil e na América Latina
11201922186;DANHZ2144-18SB;Temas de Filosofia Contemporânea II A-Matutino (São Bernardo)
11201922186;DANHZ2112-18SB;Epistemologia Feminista A-Matutino (São Bernardo)
11201922186;NA1ESHP018-14SB;Políticas Sociais
11201922006;NA1NHT4040-15SA;Química Orgânica Aplicada
11201921383;DB1BHS0007-23SB;Panorama internacional do ABC B1-Matutino (São Bernardo)
11202320437;NB2BCM0505-22SA;Processamento da Informação
11101212;DANHZ1015-15SA;Citogenética Básica A-Matutino (Santo André)
11201721927;NB1ESTO902-17SA;Engenharia Unificada I
11202320588;DA1BCS0002-15SA;Projeto Dirigido A1-Matutino (Santo André)
11202310070;DA1ESHC018-17SB;Formação Econômica do Brasil A1-Matutino (São Bernardo)
11202310070;DA1ESHC030-17SB;Desigualdades de Raça, Gênero e Renda A1-Matutino (São Bernardo)
11201920123;NA1NHI5011-13SB;Políticas Educacionais
11201920123;NA1ESHP022-14SB;Cultura Política
11202130179;NA1NHT1053-15SA;Biologia Celular
11202130179;NB1NHZ5020-15SA;Educação inclusiva
11202021726;NB1NHZ5020-15SA;Educação inclusiva
11201920687;NA1NHZ5016-15SA;História da Educação
11026913;NA1MCZB035-17SA;Evolução dos Conceitos Matemáticos
11201921902;NA1ESTG025-17SB;Propriedade Intelectual
11201921902;DA1ESZG032-17SB;Modelos e Ferramentas de Gestão Ambiental A1-Matutino (São Bernardo)
11201810547;NA1ESZU013-17SA;Logística e Meio Ambiente
11201921844;NA2BCN0404-15SA;Geometria Analítica
11202020041;DB1BCM0506-15SB;Comunicação e Redes B1-Matutino (São Bernardo)
11202020041;DANHI2049-13SA;Lógica Básica A-Matutino (Santo André)
11202020147;NB1MCTB001-17SB;Álgebra Linear
11202111567;NA1ESHC031-17SB;Macroeconomia Pós-Keynesiana
11201810078;NA1NHZ5020-15SA;Educação inclusiva
11201810078;NA1NHI5011-13SB;Políticas Educacionais
11202321599;DA3BCN0404-15SA;Geometria Analítica A3-Matutino (Santo André)
11202321599;DA9BCJ0204-15SA;Fenômenos Mecânicos A9-Matutino (Santo André)
11202321599;DA1BCL0306-15SA;Biodiversidade: Interações entre organismos e ambiente A1-Matutino (Santo André)
11202321599;DA1BCN0402-15SA;Funções de Uma Variável A1-Matutino (Santo André)
11201920541;NA1ESHP026-14SB;Participação, Movimentos Sociais e Políticas Públicas
11201922269;NA1ESHP026-14SB;Participação, Movimentos Sociais e Políticas Públicas
11201922269;NA1NHZ5016-15SB;História da Educação
11202310048;DA1ESTO012-17SB;Princípios de Administração A1-Matutino (São Bernardo)
11202232185;DA1MCZC016-15SB;Neurociência da Cognição Musical A1-Matutino (São Bernardo)
11202231915;NA4BCL0306-15SA;Biodiversidade: Interações entre organismos e ambiente
11202111967;NA1ESZE078-17SA;Regulação e Mercado de Energia Elétrica
11202321612;DA1ESHR008-21SB;Integração Regional - Teorias e Experiências A1-Matutino (São Bernardo)
11202231812;DB2BCN0405-15SA;Introdução às Equações Diferenciais Ordinárias B2-Matutino (Santo André)
11201812016;NA1MCTC011-15SB;Psicologia Cognitiva
11201812016;NA1MCTC002-15SB;Introdução à Neurociência
11091716;NANHZ6007-18SA;Segurança e Regulamentação em Biotecnologia
11091716;NA1ESZE078-17SA;Regulação e Mercado de Energia Elétrica
11201921769;DA1ESZT017-17SB;Dinâmicas Territoriais e Relações Étnico-Raciais no Brasil A1-Matutino (São Bernardo)
11201921769;DA1NHI5015-15SB;LIBRAS A1-Matutino (São Bernardo)
11033013;NA1BHS0008-23SB;Práticas Comunitárias em campo
11202310111;NB1ESTO013-17SA;Engenharia Econômica
11202310111;NB3BCN0402-15SA;Funções de Uma Variável
11202131751;NA1BCN0402-15SA;Funções de Uma Variável
11053115;DA1MCTB027-13SA;Trabalho de Conclusão de Curso em Matemática III A1-Matutino (Santo André)
11202130109;DB1BHS0007-23SB;Panorama internacional do ABC B1-Matutino (São Bernardo)
11201811117;NA1NHZ5016-15SA;História da Educação
11201811117;NANHZ1074-15SA;Astrobiologia
11201811117;NA1NHI5011-13SA;Políticas Educacionais
11201921874;NAESZI034-17SA;Jogos Digitais: Aspectos Técnicos e Aplicações
11202021110;DA1NHZ6003-18SA;Nanobiotecnologia A1-Matutino (Santo André)
11201921122;NAMCZA014-17SA;Métodos de Otimização
11201921122;NA1MCZB015-13SA;Introdução à Criptografia
11201921122;NAMCZA017-13SA;Processamento de Linguagem Natural
11202021347;NA1MCZC016-15SB;Neurociência da Cognição Musical
21053816;NB2BCJ0203-15SA;Fenômenos Eletromagnéticos
11202021642;NAMCTA014-15SA;Inteligência Artificial
11202021642;NA1MCTB023-17SA;Teoria Aritmética dos Números
11201921422;NAMCTA014-15SA;Inteligência Artificial
11202020966;NB1BIN0406-15SB;Introdução à Probabilidade e à Estatística
11202020966;NA1NHZ5016-15SB;História da Educação
11202231050;DANHZ2106-18SB;Filosofia da Ciência A-Matutino (São Bernardo)
11201921814;NB1BCJ0203-15SB;Fenômenos Eletromagnéticos
11202022278;DA1ESZM001-17SA;Seminários em Materiais Avançados A1-Matutino (Santo André)
11113213;NA2ESHP004-13SB;Cidadania, Direitos e Desigualdades
11202232029;DA1BHO0102-15SB;Desenvolvimento e Sustentabilidade A1-Matutino (São Bernardo)
11202232029;DA1ESHR018-21SB;Atores Não Estatais e as Relações Internacionais A1-Matutino (São Bernardo)
11202320501;DA1ESZB021-17SB;Introdução à Engenharia Biomédica A1-Matutino (São Bernardo)
11202130157;DA1ESTO016-17SA;Fenômenos de Transporte A1-Matutino (Santo André)
21019611;NA1ESTU029-17SA;Hidráulica de Condutos Livres
11202231585;NA1MCTC002-15SB;Introdução à Neurociência
21073016;NA1ESTO001-17SA;Circuitos Elétricos e Fotônica
11202320507;DA1NHT4040-15SA;Química Orgânica Aplicada A1-Matutino (Santo André)
11022314;NA1ESTE019-17SA;Instalações Elétricas I
11202232247;DB1BCM0506-15SB;Comunicação e Redes B1-Matutino (São Bernardo)
11201811373;DA1MCZA025-13SA;Segurança em Redes A1-Matutino (Santo André)
11202020933;NA1BCM0506-15SB;Comunicação e Redes
11201720120;NANHT3069-15SA;Mecânica Clássica II
11201720120;NA1NHT3013-15SA;Física Térmica
11201720120;ND2BCM0506-15SA;Comunicação e Redes
11201720120;NANHT3095-15SA;Práticas de Ensino de Física I
11202021442;NA1ESHC030-17SB;Desigualdades de Raça, Gênero e Renda
11202021442;DB1BHS0007-23SB;Panorama internacional do ABC B1-Matutino (São Bernardo)
11201921953;DA1ESHR027-21SB;África nas Relações Internacionais A1-Matutino (São Bernardo)
11202320518;DB1BCJ0204-15SB;Fenômenos Mecânicos B1-Matutino (São Bernardo)
11201721695;NA1MCTC024-15SB;Neuroetologia
11201721695;NA2MCTC007-20SB;Comunicação Científica
11202230430;DA1BIQ0602-15SA;Estrutura e Dinâmica Social A1-Matutino (Santo André)
11202231636;DA1BCJ0203-15SA;Fenômenos Eletromagnéticos A1-Matutino (Santo André)
11201721154;NA1ESZP038-14SB;Políticas de saúde
11201812044;DA1ESTU032-17SA;Representação Gráfica de Projetos Ambientais e Urbanos A1-Matutino (Santo André)
11202130433;NB1BHO1102-19SB;Introdução à Economia
11202130433;DA1BHS0008-23SB;Práticas Comunitárias em campo A1-Matutino (São Bernardo)
11202231237;NAESZE045-17SA;Resíduos Nucleares
11202231134;ND1BCM0506-15SA;Comunicação e Redes
11202231134;NA1BIR0004-15SA;Bases Epistemológicas da Ciência Moderna
11080516;NA1ESTO017-17SA;Métodos Experimentais em Engenharia
11202020208;DA1ESHC024-19SB;Macroeconomia III A1-Matutino (São Bernardo)
11202321687;DA1BHQ0003-15SB;Interpretações do Brasil A1-Matutino (São Bernardo)
11097215;NA1MCTC007-20SB;Comunicação Científica
11097215;NA1MCTC002-15SB;Introdução à Neurociência
11202232272;NA1ESHP022-14SB;Cultura Política
11202232272;NA1ESHP026-14SB;Participação, Movimentos Sociais e Políticas Públicas
11202232272;NA1ESZP038-14SB;Políticas de saúde
11003914;NANHT1030-15SA;Geologia e Paleontologia
11202231905;DA1NHZ6001-18SA;Fundamentos da Biotecnologia A1-Matutino (Santo André)
11202231905;DA1LHZ0010-19SB;Educação Não Formal, Informal e Popular A1-Matutino (São Bernardo)
11202020950;NA1ESHP007-13SB;Federalismo e Políticas Públicas
11202020639;NA1ESHR025-14SB;Política Externa Brasileira Contemporânea
11202212421;NA2MCTA028-15SA;Programação Estruturada
11202232278;NA1LIE0001-19SA;Metodologias de Pesquisa em Educação
11201810534;NAMCZA017-13SA;Processamento de Linguagem Natural
11202231035;NA2ESTO011-17SA;Fundamentos de Desenho Técnico
11202332356;DB2BCN0405-15SA;Introdução às Equações Diferenciais Ordinárias B2-Matutino (Santo André)
11055216;NA1ESZB031-17SB;Instalações Hospitalares
11201932448;NA1MCZC016-15SB;Neurociência da Cognição Musical
11201811282;NAMCZA035-17SA;Algoritmos Probabilísticos
11201811282;NAMCZA017-13SA;Processamento de Linguagem Natural
11202332420;DA1BCN0404-15SA;Geometria Analítica A1-Matutino (Santo André)
11202332420;DA7BCJ0204-15SA;Fenômenos Mecânicos A7-Matutino (Santo André)
11202332420;DA1BCN0402-15SA;Funções de Uma Variável A1-Matutino (Santo André)
21059316;DA1ESHR018-21SB;Atores Não Estatais e as Relações Internacionais A1-Matutino (São Bernardo)
11202131271;DABHQ0004-19SB;Estudos de Gênero A-Matutino (São Bernardo)
11202131271;NB1ESTO013-17SA;Engenharia Econômica
11201921104;DA1ESTG019-17SB;Tempos, Métodos e Arranjos Físicos A1-Matutino (São Bernardo)
11114915;NANHZ6009-18SA;Biologia Sintética
11114915;DA1ESTO012-17SA;Princípios de Administração A1-Matutino (Santo André)
11202012134;NANHH2040-13SB;História da Filosofia Moderna: o Iluminismo e seus desdobramentos
11201722748;NANHT3095-15SA;Práticas de Ensino de Física I
11202231492;DANHI2049-13SA;Lógica Básica A-Matutino (Santo André)
11202021618;NA1ESTU023-17SA;Biomas Brasileiros
11202021618;NANHZ6007-18SA;Segurança e Regulamentação em Biotecnologia
11202131276;NB3BCN0402-15SA;Funções de Uma Variável
11202022213;NA1ESHT005-17SB;Economia do Território
11202022213;DA1ESTU040-17SA;Projeto Ambiental Urbano A1-Matutino (Santo André)
11202022213;DA1NHZ1091-19SA;Educação em Saúde A1-Matutino (Santo André)
11202210105;NA1ESHP027-14SB;Poder Local
11202130346;NB2BCN0404-15SA;Geometria Analítica
11202130346;NA3BCN0402-15SA;Funções de Uma Variável
11202130390;NA2ESTO012-17SB;Princípios de Administração
11202130390;NA1NHI5011-13SB;Políticas Educacionais
21042815;DA1BHS0005-19SB;Práticas em Ciências e Humanidades A1-Matutino (São Bernardo)
11202021557;DA1BIR0603-15SA;Ciência, Tecnologia e Sociedade A1-Matutino (Santo André)
11202021557;DA1ESHT010-17SB;Métodos de Planejamento A1-Matutino (São Bernardo)
11202021557;DAESTG013-17SA;Pesquisa Operacional A-Matutino (Santo André)
11201812084;NA1MCTB009-17SB;Cálculo Numérico
21050915;DA1ESHP013-22SB;Direito Constitucional A1-Matutino (São Bernardo)
21050915;DA1ESHR027-21SB;África nas Relações Internacionais A1-Matutino (São Bernardo)
11201921021;NA1ESTU037-17SA;Sistemas de Tratamento de Água
11201932608;NA1NHZ5020-15SA;Educação inclusiva
11202321552;DA1BCN0402-15SB;Funções de Uma Variável A1-Matutino (São Bernardo)
11201810840;NAMCTA004-17SA;Arquitetura de Computadores
11201810840;DAMCTA027-17SA;Teoria dos Grafos A-Matutino (Santo André)
11201810840;DAMCTA014-15SA;Inteligência Artificial A-Matutino (Santo André)
11202231021;NB2BIR0603-15SB;Ciência, Tecnologia e Sociedade
13201910020;NA1ESZC039-21SB;Tópicos Avançados em Finanças
13201910020;NA1ESHC040-21SB;Relações Monetárias e Financeiras Internacionais
11201720906;NA1ESTG022-17SB;Sistemas CAM
11033811;NANHT3089-15SA;Trabalho de Conclusão de Curso em Física
11201811268;NA1ESZB031-17SB;Instalações Hospitalares
11202231974;DB1BCM0506-15SA;Comunicação e Redes B1-Matutino (Santo André)
11201920330;DA1ESHC034-21SB;Economia do Meio Ambiente A1-Matutino (São Bernardo)
11201722034;NA1ESZE099-17SA;Termo Hidráulica de Reatores Nucleares
11119815;NA1ESTO001-17SA;Circuitos Elétricos e Fotônica
11119815;NA1ESTA002-17SA;Circuitos Elétricos I
11094311;NA2NHZ5020-15SA;Educação inclusiva
11094311;NANHT1030-15SA;Geologia e Paleontologia
11202131857;ND2BCM0506-15SA;Comunicação e Redes
11202321732;DA1BIS0003-15SA;Bases Matemáticas A1-Matutino (Santo André)
11202321732;DB1NHZ6001-18SA;Fundamentos da Biotecnologia B1-Matutino (Santo André)
11201920898;NA1ESHC031-17SB;Macroeconomia Pós-Keynesiana
11202231057;NA1MCZB015-13SA;Introdução à Criptografia
11201920166;DA1NHZ5014-15SA;Questões Atuais no Ensino de Ciências A1-Matutino (Santo André)
11201811770;NA1BCN0404-15SA;Geometria Analítica
11201811770;NA2BCJ0204-15SA;Fenômenos Mecânicos
11202231211;NA1ESHP022-14SB;Cultura Política
11102409;DA1ESTA004-17SA;Circuitos Elétricos II A1-Matutino (Santo André)
11102409;DA1ESTO012-17SA;Princípios de Administração A1-Matutino (Santo André)
11202230920;NA1ESHP022-14SB;Cultura Política
11202321274;DA1BIR0004-15SA;Bases Epistemológicas da Ciência Moderna A1-Matutino (Santo André)
11202231950;NB1BIQ0602-15SB;Estrutura e Dinâmica Social
11202321226;DB2BCN0402-15SA;Funções de Uma Variável B2-Matutino (Santo André)
11202130175;DANHI2049-13SA;Lógica Básica A-Matutino (Santo André)
11202020530;DB1BCM0504-15SA;Natureza da Informação B1-Matutino (Santo André)
11202020530;DA1NHZ5014-15SA;Questões Atuais no Ensino de Ciências A1-Matutino (Santo André)
11202020530;DA1MCZD002-18SA;Educação Estatística A1-Matutino (Santo André)
11202020530;DA1NHZ1091-19SA;Educação em Saúde A1-Matutino (Santo André)
11202020707;NA1ESZE078-17SA;Regulação e Mercado de Energia Elétrica
11105915;DAMCTA014-15SA;Inteligência Artificial A-Matutino (Santo André)
11201722076;NB1BCN0407-15SB;Funções de Várias Variáveis
11201810873;DA1BCJ0203-15SA;Fenômenos Eletromagnéticos A1-Matutino (Santo André)
11201810873;DA1ESTO012-17SA;Princípios de Administração A1-Matutino (Santo André)
11202321269;NA1BCN0402-15SB;Funções de Uma Variável
11018516;DAMCTA014-15SA;Inteligência Artificial A-Matutino (Santo André)
11018516;NA2MCTB001-17SA;Álgebra Linear
11018516;NAMCTA017-17SA;Programação Matemática
11201810211;NBBHO0002-19SB;Introdução ao Pensamento Econômico
13201723132;DA1ESHR030-21SB;Estudos Estratégicos e Defesa A1-Matutino (São Bernardo)
13201723132;DA1ESHR025-14SB;Política Externa Brasileira Contemporânea A1-Matutino (São Bernardo)
11201811246;NA1MCTC007-20SB;Comunicação Científica
11202131235;DA2BIR0004-15SA;Bases Epistemológicas da Ciência Moderna A2-Matutino (Santo André)
11201822520;NA1ESHR006-13SB;Formação Histórica da América Latina
11202232244;DB1BCM0506-15SB;Comunicação e Redes B1-Matutino (São Bernardo)
11201810342;NA1NHZ4080-20SA;História da Química
11202111203;DB1BHS0007-23SB;Panorama internacional do ABC B1-Matutino (São Bernardo)
11201920562;DB1BHS0007-23SB;Panorama internacional do ABC B1-Matutino (São Bernardo)
11202232371;DA1BIS0003-15SB;Bases Matemáticas A1-Matutino (São Bernardo)
11202232371;DB1NHZ6001-18SA;Fundamentos da Biotecnologia B1-Matutino (Santo André)
11201921969;NA1ESZU010-17SA;Gestão Ambiental na Indústria
11202320739;NA1NHZ6003-18SA;Nanobiotecnologia
11073011;DAESTE023-17SA;Transferência de Calor II A-Matutino (Santo André)
11202112014;DA1BHO1335-15SB;Formação do Sistema Internacional A1-Matutino (São Bernardo)
11202112014;NA1BHO0102-15SB;Desenvolvimento e Sustentabilidade
11201811980;NA1NHZ5020-15SA;Educação inclusiva
11201921758;DA1ESHP027-14SB;Poder Local A1-Matutino (São Bernardo)
11201921758;NA1ESHT013-22SB;Oficina de Planejamento Macro e Meso Regional
11083814;NA1NHZ4074-15SA;Recursos Didáticos para o Ensino de Química
11083814;NA1ESZE078-17SA;Regulação e Mercado de Energia Elétrica
11202021765;DA1ESTO005-17SB;Introdução às Engenharias A1-Matutino (São Bernardo)
11201921295;NA1ESTO012-17SB;Princípios de Administração
11201921295;NA1BIR0603-15SB;Ciência, Tecnologia e Sociedade
11202130232;NA1ESTG023-17SB;Organização do Trabalho
11201720134;NAMCZA017-13SA;Processamento de Linguagem Natural
11202130047;NA3BCM0504-15SA;Natureza da Informação
11202130047;DD1BCM0506-15SA;Comunicação e Redes D1-Matutino (Santo André)
11202310034;DA1NHZ5019-15SA;Tecnologias da Informação e Comunicação na Educação A1-Matutino (Santo André)
11202310034;DA1NHZ1091-19SA;Educação em Saúde A1-Matutino (Santo André)
13201910034;NA1ESHT010-17SB;Métodos de Planejamento
13201910034;NA1ESHT001-17SB;Arranjos Institucionais e Marco Regulatório do Território
11201921010;DB1BHS0007-23SB;Panorama internacional do ABC B1-Matutino (São Bernardo)
11201920937;NAESZU035-17SA;Geomorfologia
11201812223;DA1ESHR026-14SB;História do Terceiro Mundo A1-Matutino (São Bernardo)
11201922348;DA1ESTO012-17SB;Princípios de Administração A1-Matutino (São Bernardo)
11201921612;NAMCZA017-13SA;Processamento de Linguagem Natural
11201921612;NB1NHZ5020-15SA;Educação inclusiva
11202232168;DB1BIR0603-15SA;Ciência, Tecnologia e Sociedade B1-Matutino (Santo André)
11201720082;NA1ESTA008-17SA;Sistemas de Controle II
11201720082;DB1ESTB018-17SB;Computação Científica aplicada a Problemas Biológicos B1-Matutino (São Bernardo)
11202230703;NAESTS008-17SB;Vibrações
13201910031;DA1ESHR027-21SB;África nas Relações Internacionais A1-Matutino (São Bernardo)
11202130262;DA2MCTA037-17SA;Banco de Dados A2-Matutino (Santo André)
11202022164;NA1ESZG013-17SB;Empreendedorismo
11202022164;NA1ESHC018-17SB;Formação Econômica do Brasil
11201722222;DA1ESHC040-21SB;Relações Monetárias e Financeiras Internacionais A1-Matutino (São Bernardo)
11201721713;NB1BCM0505-22SB;Processamento da Informação
11202022230;NA1ESZG013-17SB;Empreendedorismo
11202021852;DA1ESTU040-17SA;Projeto Ambiental Urbano A1-Matutino (Santo André)
11202230317;DB1BIQ0602-15SA;Estrutura e Dinâmica Social B1-Matutino (Santo André)
11202020600;DA1ESZG013-17SB;Empreendedorismo A1-Matutino (São Bernardo)
11202130329;NAESZE045-17SA;Resíduos Nucleares
11020016;NA1ESHP022-14SB;Cultura Política
11202320690;NA1ESHP013-22SB;Direito Constitucional
11201921613;NAMCTA017-17SA;Programação Matemática
11202020693;NA1NHZ6006-18SA;Proteínas Recombinantes
11202020693;NANHZ6009-18SA;Biologia Sintética
11201822547;NA1MCZC019-20SB;Introdução à Neuroimunologia
21086915;DA1ESZG041-17SB;Gestão da Inovação A1-Matutino (São Bernardo)
11202021572;DA1LHZ0010-19SB;Educação Não Formal, Informal e Popular A1-Matutino (São Bernardo)
11202021572;NA1ESHP007-13SB;Federalismo e Políticas Públicas
11202232373;NA1BIN0406-15SB;Introdução à Probabilidade e à Estatística
11201722690;DA1MCTC011-15SB;Psicologia Cognitiva A1-Matutino (São Bernardo)
11036915;NA1ESTM004-17SA;Ciência dos Materiais
11201810577;NAMCZA038-17SA;Prática Avançada de Programação A
11021211;NA2ESTO012-17SB;Princípios de Administração
11202020569;NAESTE022-17SA;Transferência de Calor I
11201921885;DA1NHZ5019-15SB;Tecnologias da Informação e Comunicação na Educação A1-Matutino (São Bernardo)
11202230574;NA2ESTO012-17SB;Princípios de Administração
11029216;DA1ESTO001-17SA;Circuitos Elétricos e Fotônica A1-Matutino (Santo André)
11202230828;NA1ESTU025-17SA;Avaliação de Impactos Ambientais
11201721494;NA1ESTU011-17SA;Planejamento Urbano e Metropolitano
11201721494;NA1MCZB015-13SA;Introdução à Criptografia
11201721494;NB1NHZ5020-15SA;Educação inclusiva
11017211;DA1ESZM001-17SA;Seminários em Materiais Avançados A1-Matutino (Santo André)
11201721160;NA4BCJ0204-15SB;Fenômenos Mecânicos
11202020297;NA1NHI5011-13SA;Políticas Educacionais
21010816;NA1ESHP007-13SB;Federalismo e Políticas Públicas
11202231786;NA1ESHT021-17SB;Política Urbana
11202231786;NANHZ2109-18SB;Teoria das Ciências Humanas
11202231786;NA1BIN0406-15SB;Introdução à Probabilidade e à Estatística
11202231786;NB2BIR0004-15SB;Bases Epistemológicas da Ciência Moderna
11202231786;NA1ESHP026-14SB;Participação, Movimentos Sociais e Políticas Públicas
21076515;DA1ESZG013-17SB;Empreendedorismo A1-Matutino (São Bernardo)
21076515;NANHH2026-13SB;Filosofia no Brasil e na América Latina
11202230759;DB3BCJ0203-15SA;Fenômenos Eletromagnéticos B3-Matutino (Santo André)
11202231422;DAMCTA027-17SA;Teoria dos Grafos A-Matutino (Santo André)
11201920290;DA1ESZG012-17SB;Projetos Industriais A1-Matutino (São Bernardo)
11201920290;NA1ESTO008-17SA;Mecânica dos Sólidos I
11201920290;DA1ESZU023-17SA;Recursos Hídricos A1-Matutino (Santo André)
11201920290;DA2ESTO902-17SA;Engenharia Unificada I A2-Matutino (Santo André)
11202020570;NANHI2049-13SA;Lógica Básica
11202020621;NA1MCTC007-20SB;Comunicação Científica
11202020621;NA1MCTB009-17SB;Cálculo Numérico
11202020621;NC1MCTA028-15SA;Programação Estruturada
11202020610;NA1NHZ4074-15SA;Recursos Didáticos para o Ensino de Química
11201811793;NA1BHS0008-23SB;Práticas Comunitárias em campo
11202332362;NB3BCL0306-15SA;Biodiversidade: Interações entre organismos e ambiente
11201921731;NB2BCN0404-15SA;Geometria Analítica
11201921731;NB3BCN0402-15SA;Funções de Uma Variável
11201811975;NB1BHO1102-19SB;Introdução à Economia
11202022187;NA1ESHT001-17SB;Arranjos Institucionais e Marco Regulatório do Território
11202230739;NA1BCM0506-15SA;Comunicação e Redes
11202320719;DA7BCJ0204-15SA;Fenômenos Mecânicos A7-Matutino (Santo André)
11202020941;NB2ESTO902-17SA;Engenharia Unificada I
11201722231;NANHZ2106-18SB;Filosofia da Ciência
11201722756;NB1ESTO902-17SA;Engenharia Unificada I
11201810303;ND1BCM0506-15SA;Comunicação e Redes
21068012;DB1BHQ0003-15SB;Interpretações do Brasil B1-Matutino (São Bernardo)
11202022076;NA2BCN0404-15SB;Geometria Analítica
11201920282;NB1BCL0307-15SB;Transformações Químicas
11202232282;NA1BHO0102-15SB;Desenvolvimento e Sustentabilidade
11202111674;DA1LHZ0010-19SB;Educação Não Formal, Informal e Popular A1-Matutino (São Bernardo)
11201812117;NAESTE015-17SA;Fundamentos de Conversão de Energia Elétrica
11202111303;NB2BCN0404-15SA;Geometria Analítica
11202020177;DA1NHT4017-15SA;Funções e Reações Orgânicas A1-Matutino (Santo André)
11201721924;NAESZS012-17SB;Aplicações de Elementos Finitos para Engenharia
11201920919;NB1BCN0402-15SA;Funções de Uma Variável
11201920549;NANHI2049-13SA;Lógica Básica
11201920549;NA1ESTA019-17SA;Projeto Assistido por Computador
11202020828;NA1ESTO903-17SB;Engenharia Unificada II
11202231302;NB1BCM0506-15SA;Comunicação e Redes
11202231302;NAESZE045-17SA;Resíduos Nucleares
11202231302;NA1NHZ6006-18SA;Proteínas Recombinantes
11202230332;NB3BCL0307-15SA;Transformações Químicas
11202022077;NB1ESTO012-17SB;Princípios de Administração
11202022077;NA1MCTC007-20SB;Comunicação Científica
11201932522;NA1ESTU011-17SA;Planejamento Urbano e Metropolitano
11201932522;NAESZI030-17SA;Gerenciamento e Interoperabilidade de Redes
11201920924;NAESTA014-17SA;Sistemas CAD/CAM
11201920924;NA1NHZ4004-15SA;Desenho e Projeto em Química
21046616;NA1ESTG022-17SB;Sistemas CAM
11201822519;NA1ESTE019-17SA;Instalações Elétricas I
11201921719;NA1MCTC023-15SB;Neuroanatomia
11202021507;NAMCTA017-17SA;Programação Matemática
11202021507;NAMCZA035-17SA;Algoritmos Probabilísticos
11202021507;NA1MCTB023-17SA;Teoria Aritmética dos Números
11201920896;NA1ESTO004-17SB;Instrumentação e Controle
11201920986;NA6BCL0307-15SA;Transformações Químicas
11201920986;NB1BCM0506-15SA;Comunicação e Redes
11201920986;NB1BCJ0203-15SA;Fenômenos Eletromagnéticos
11202021639;NA1ESTU023-17SA;Biomas Brasileiros
11201720352;NA1ESHT023-17SB;Sociologia dos Territórios
11202022211;DA1BCN0402-15SB;Funções de Uma Variável A1-Matutino (São Bernardo)
11201721795;NA1NHT4040-15SA;Química Orgânica Aplicada
11201920221;NA1ESTO004-17SB;Instrumentação e Controle
11201920221;NA1ESTU023-17SA;Biomas Brasileiros
11201920221;NA1ESZU019-17SA;Transportes e Meio Ambiente
11202321066;NB1BCN0405-15SB;Introdução às Equações Diferenciais Ordinárias
11201920793;NA1ESTU007-17SA;Habitação e Assentamentos Humanos
21017911;NA1ESHC024-19SB;Macroeconomia III
11202321072;DA1ESTU040-17SA;Projeto Ambiental Urbano A1-Matutino (Santo André)
11202322022;DA1BCN0402-15SB;Funções de Uma Variável A1-Matutino (São Bernardo)
11202130864;NAMCTC014-13SA;Introdução à Inferência Estatística
11202111760;NB1MCTB009-17SB;Cálculo Numérico
11201920100;NB1BCM0506-15SB;Comunicação e Redes
11202020921;NAMCZA017-13SA;Processamento de Linguagem Natural
11201811508;NANHT3095-15SA;Práticas de Ensino de Física I
11202020196;DA1NHZ5014-15SA;Questões Atuais no Ensino de Ciências A1-Matutino (Santo André)
11202020196;DA1MCZD002-18SA;Educação Estatística A1-Matutino (Santo André)
11202020568;DA1ESZC017-17SB;Tópicos Avançados em Macroeconomia A1-Matutino (São Bernardo)
11202020568;DA1ESHC027-21SB;Economia Matemática A1-Matutino (São Bernardo)
11202021365;DAESTG008-17SB;Gerência de Ativos A-Matutino (São Bernardo)
11202231583;NA1ESTA002-17SB;Circuitos Elétricos I
11044313;NA2BCN0405-15SA;Introdução às Equações Diferenciais Ordinárias
11202130833;DA1NHZ4080-20SA;História da Química A1-Matutino (Santo André)
11202130834;NANHI2049-13SA;Lógica Básica
11202021312;NB1MCTB009-17SB;Cálculo Numérico
11202021312;NA3BCN0402-15SB;Funções de Uma Variável
11202230316;DA1NHZ3091-22SA;Conhecimento Físico e Linguagens A1-Matutino (Santo André)
11202230316;DB3BCN0402-15SA;Funções de Uma Variável B3-Matutino (Santo André)
11202230531;NA2BCJ0204-15SA;Fenômenos Mecânicos
11202231036;NB1BIN0406-15SB;Introdução à Probabilidade e à Estatística
11201810382;NAESZA018-17SA;Engenharia Óptica e Imagens
11202230603;DANHZ1024-15SA;Etnofarmacologia A-Matutino (Santo André)
11202230603;DA1ESZS016-17SB;Análise Experimental de Estruturas A1-Matutino (São Bernardo)
11202020769;NA1NHI5011-13SB;Políticas Educacionais
11202232256;DB1ESTO012-17SB;Princípios de Administração B1-Matutino (São Bernardo)
11201822580;NB1NHZ5020-15SA;Educação inclusiva
11201920435;NA1ESZT017-17SB;Dinâmicas Territoriais e Relações Étnico-Raciais no Brasil
11201920435;NA1ESHT001-17SB;Arranjos Institucionais e Marco Regulatório do Território
11202312272;DA1ESTM014-17SA;Caracterização de Materiais A1-Matutino (Santo André)
11202312272;DA1BIR0004-15SB;Bases Epistemológicas da Ciência Moderna A1-Matutino (São Bernardo)
11202312272;DA1ESTA004-17SA;Circuitos Elétricos II A1-Matutino (Santo André)
11202312272;DA1ESZS018-17SB;Mecânica dos Sólidos II A1-Matutino (São Bernardo)
11202312272;DA1BCN0407-15SA;Funções de Várias Variáveis A1-Matutino (Santo André)
11202312272;NAESTS008-17SB;Vibrações
11202312272;DA9BCJ0204-15SA;Fenômenos Mecânicos A9-Matutino (Santo André)
11202312272;DA1BIL0304-15SA;Evolução e Diversificação da Vida na Terra A1-Matutino (Santo André)
11202312272;DB1BIS0003-15SA;Bases Matemáticas B1-Matutino (Santo André)
11202312272;NB5BCL0307-15SA;Transformações Químicas
11202312272;NA2ESTA002-17SB;Circuitos Elétricos I
11202312272;ND2BCM0506-15SA;Comunicação e Redes
11201810483;NA1LHZ0038-22SB;História e Gênero
11202212407;NA1BHO1335-15SB;Formação do Sistema Internacional
11201920271;NA1ESTG020-17SB;Sistemas e Processos de Produção
11201921231;NA1ESHC018-17SB;Formação Econômica do Brasil
11201921231;NB1ESTO013-17SA;Engenharia Econômica
11202021859;NA2ESTO017-17SA;Métodos Experimentais em Engenharia
11201920145;NA1ESZP038-14SB;Políticas de saúde
11201920145;ND1ESTO903-17SB;Engenharia Unificada II
11079615;DA1ESTU024-17SA;Análise de Sistemas e Modelagem Ambiental A1-Matutino (Santo André)
11202322284;DB1BHP0202-15SB;Pensamento Crítico B1-Matutino (São Bernardo)
11202021158;NB1ESTO012-17SB;Princípios de Administração
11202021158;NA1MCTC007-20SB;Comunicação Científica
11201722965;DA1BIS0003-15SB;Bases Matemáticas A1-Matutino (São Bernardo)
11202021955;NA2ESHP004-13SB;Cidadania, Direitos e Desigualdades
11202021955;NA1ESHP007-13SB;Federalismo e Políticas Públicas
11201932592;NA1BHO0102-15SB;Desenvolvimento e Sustentabilidade
11201932592;DB1NHZ5020-15SA;Educação inclusiva B1-Matutino (Santo André)
11201721724;NA1NHZ2097-16SB;Métodos para produção de Filosofia
11202320989;DA5BCJ0204-15SB;Fenômenos Mecânicos A5-Matutino (São Bernardo)
11201921569;NA1LIE0001-19SA;Metodologias de Pesquisa em Educação
11202022110;DA1ESTU026-17SA;Caracterização de Matrizes Ambientais A1-Matutino (Santo André)
11202021956;NA1ESZU013-17SA;Logística e Meio Ambiente
11083116;NB5BCJ0204-15SA;Fenômenos Mecânicos
11202231154;DB1BIQ0602-15SA;Estrutura e Dinâmica Social B1-Matutino (Santo André)
11201811530;NAMCTA014-15SA;Inteligência Artificial
11201811530;NAMCZA038-17SA;Prática Avançada de Programação A
11201810181;NA1ESHC030-17SB;Desigualdades de Raça, Gênero e Renda
11201812131;DA1ESTG009-17SB;Gestão de Operações A1-Matutino (São Bernardo)
11201921847;NA1LHE0002-19SB;Laboratório de Práticas Integradoras I (PCC)
11202232192;NB1BCN0402-15SA;Funções de Uma Variável
11202232192;NANHZ6007-18SA;Segurança e Regulamentação em Biotecnologia
11202321173;DA1BCN0404-15SB;Geometria Analítica A1-Matutino (São Bernardo)
11202122022;DB2BCN0402-15SA;Funções de Uma Variável B2-Matutino (Santo André)
21088916;DA1ESZU019-17SA;Transportes e Meio Ambiente A1-Matutino (Santo André)
21088916;NB1ESTU024-17SA;Análise de Sistemas e Modelagem Ambiental
11202021764;DA2ESTO903-17SA;Engenharia Unificada II A2-Matutino (Santo André)
11202021764;DB1BCS0002-15SA;Projeto Dirigido B1-Matutino (Santo André)
11202021764;DA1BHS0008-23SB;Práticas Comunitárias em campo A1-Matutino (São Bernardo)
11202022068;NA1ESZG013-17SB;Empreendedorismo
11202020711;NA4BCL0306-15SA;Biodiversidade: Interações entre organismos e ambiente
11201723066;NAMCTA004-17SA;Arquitetura de Computadores
11201920636;NA1ESTU037-17SA;Sistemas de Tratamento de Água
11201920636;NAESTO011-17SA;Fundamentos de Desenho Técnico
11202130405;NA1ESHP022-14SB;Cultura Política
11202111027;NA1ESHT005-17SB;Economia do Território
11202230631;NA1ESZU013-17SA;Logística e Meio Ambiente
11202230968;NB1BIN0406-15SB;Introdução à Probabilidade e à Estatística
11201921497;NA1ESZT017-17SB;Dinâmicas Territoriais e Relações Étnico-Raciais no Brasil
11201920444;NANHZ2067-18SB;Temas de Filosofia Contemporânea I
11201920444;NA1BHS0008-23SB;Práticas Comunitárias em campo
11201920444;NA1ESHT021-17SB;Política Urbana
11202021093;NA1ESHR030-21SB;Estudos Estratégicos e Defesa
11201920459;NA1NHZ4069-15SA;Química de Alimentos
11201720666;NA1BCN0402-15SA;Funções de Uma Variável
11201720666;NA1BIS0003-15SA;Bases Matemáticas
11201720666;NB1BIN0406-15SB;Introdução à Probabilidade e à Estatística
11201720666;DA1MCZC019-20SB;Introdução à Neuroimunologia A1-Matutino (São Bernardo)
11202130463;DA1NHZ6001-18SA;Fundamentos da Biotecnologia A1-Matutino (Santo André)
11202130752;DA2BCN0405-15SA;Introdução às Equações Diferenciais Ordinárias A2-Matutino (Santo André)
11202112020;DA1ESHR008-21SB;Integração Regional - Teorias e Experiências A1-Matutino (São Bernardo)
11202112020;DA1ESHT005-17SB;Economia do Território A1-Matutino (São Bernardo)
11202230401;DA1ESHR027-21SB;África nas Relações Internacionais A1-Matutino (São Bernardo)
11202130760;DA1BIR0603-15SB;Ciência, Tecnologia e Sociedade A1-Matutino (São Bernardo)
11202130763;DB1NHT1053-15SA;Biologia Celular B1-Matutino (Santo André)
11202130763;NA1BCN0402-15SA;Funções de Uma Variável
11202020864;NB2BCN0404-15SA;Geometria Analítica
11202111045;DA1ESHR002-21SB;Temas de Direito Internacional Público A1-Matutino (São Bernardo)
11202321756;DA2BCL0306-15SB;Biodiversidade: Interações entre organismos e ambiente A2-Matutino (São Bernardo)
11202231949;NB3BCN0405-15SA;Introdução às Equações Diferenciais Ordinárias
11202130772;NB1BCN0402-15SA;Funções de Uma Variável
11201921712;DA1BHS0007-23SB;Panorama internacional do ABC A1-Matutino (São Bernardo)
11202111983;DANHT1030-15SA;Geologia e Paleontologia A-Matutino (Santo André)
11202130755;DA1ESHC039-17SB;Questões Metodológicas em Economia A1-Matutino (São Bernardo)
11202231693;DB1BCN0405-15SA;Introdução às Equações Diferenciais Ordinárias B1-Matutino (Santo André)
11201922268;NB2BIR0004-15SB;Bases Epistemológicas da Ciência Moderna
11201922268;DD1BCM0506-15SA;Comunicação e Redes D1-Matutino (Santo André)
11031116;NA1NHZ3008-22SA;Evolução da Física I
11031116;DB1NHZ5020-15SA;Educação inclusiva B1-Matutino (Santo André)
11202021022;NA1ESHP018-14SB;Políticas Sociais
11202021022;NA1BHS0008-23SB;Práticas Comunitárias em campo
11202021510;DA1ESTG007-17SB;Engenharia Logística A1-Matutino (São Bernardo)
11201921940;DA2BCN0402-15SB;Funções de Uma Variável A2-Matutino (São Bernardo)
11202232284;DA1ESTU023-17SA;Biomas Brasileiros A1-Matutino (Santo André)
11202232284;DB1NHT1053-15SA;Biologia Celular B1-Matutino (Santo André)
11202130711;DA2BCN0404-15SA;Geometria Analítica A2-Matutino (Santo André)
11202130711;NAESTI007-17SA;Comunicação Digital
11202131517;DA1BHS0007-23SB;Panorama internacional do ABC A1-Matutino (São Bernardo)
11202131517;DA1BHS0004-23SB;Encontros sobre Gênero e Sexualidades A1-Matutino (São Bernardo)
11201722241;DA1ESHC029-21SB;Microeconomia III A1-Matutino (São Bernardo)
11202020037;NA2BCN0402-15SB;Funções de Uma Variável
11202020037;NA1ESHP027-14SB;Poder Local
11202020480;NA1NHZ6011-18SA;Biotecnologia Humana
11202020054;NA1ESZU036-17SA;Saúde, Determinantes Socioambientais e Equidade
11202020054;NAMCTA017-17SA;Programação Matemática
11201921036;NA1NHI5015-15SB;LIBRAS
11202230997;DA1BIS0003-15SA;Bases Matemáticas A1-Matutino (Santo André)
11201810320;NA1ESZG010-17SB;Planejamento e Controle de Projetos
11202130749;NA1ESZG041-17SB;Gestão da Inovação
11085115;NA1ESHR008-21SB;Integração Regional - Teorias e Experiências
11085115;NA1ESHR018-21SB;Atores Não Estatais e as Relações Internacionais
11202020575;DA1MCZC016-15SB;Neurociência da Cognição Musical A1-Matutino (São Bernardo)
11201810617;NANHZ6007-18SA;Segurança e Regulamentação em Biotecnologia
11201922413;NA1ESTB010-17SB;Legislação Relacionada à Saúde
11202231736;NA1BCM0506-15SA;Comunicação e Redes
11202130378;DANHT3070-15SA;Eletromagnetismo I A-Matutino (Santo André)
11202130378;DA1ESZG013-17SB;Empreendedorismo A1-Matutino (São Bernardo)
11201811558;NA1BCN0405-15SA;Introdução às Equações Diferenciais Ordinárias
11202332441;DANHT1030-15SA;Geologia e Paleontologia A-Matutino (Santo André)
11202231744;DANHZ3058-15SA;Tópicos em Física Experimental A-Matutino (Santo André)
11202130652;DA1ESHR026-14SB;História do Terceiro Mundo A1-Matutino (São Bernardo)
11202130652;NANHZ2109-18SB;Teoria das Ciências Humanas
11202130653;DANHZ1015-15SA;Citogenética Básica A-Matutino (Santo André)
11201812246;NA1BCN0405-15SB;Introdução às Equações Diferenciais Ordinárias
11201811727;NC1MCTA028-15SA;Programação Estruturada
11202232381;NA1ESHP007-13SB;Federalismo e Políticas Públicas
11202210088;DA1LHZ0010-19SB;Educação Não Formal, Informal e Popular A1-Matutino (São Bernardo)
11202020567;NANHZ1074-15SA;Astrobiologia
11202021304;NA3BCN0402-15SB;Funções de Uma Variável
11201921102;DA1ESHR027-21SB;África nas Relações Internacionais A1-Matutino (São Bernardo)
11201921102;DA1ESHC018-17SB;Formação Econômica do Brasil A1-Matutino (São Bernardo)
11114215;NAESZI034-17SA;Jogos Digitais: Aspectos Técnicos e Aplicações
11114215;DAESTA020-17SA;Modelagem e Controle A-Matutino (Santo André)
11114215;NAMCZB018-13SA;Introdução à Modelagem e Processos Estocásticos
11202111052;DB1ESTO006-17SA;Materiais e Suas Propriedades B1-Matutino (Santo André)
11202130668;DC1BCJ0203-15SA;Fenômenos Eletromagnéticos C1-Matutino (Santo André)
11202232124;DB1BIR0004-15SA;Bases Epistemológicas da Ciência Moderna B1-Matutino (Santo André)
11202232202;NA1BIR0603-15SB;Ciência, Tecnologia e Sociedade
11097815;NAMCTA017-17SA;Programação Matemática
11097815;NA1ESTO008-17SA;Mecânica dos Sólidos I
11202020294;NA1ESTO005-17SB;Introdução às Engenharias
11202020294;NA1ESZE078-17SA;Regulação e Mercado de Energia Elétrica
11202020294;NA1MCTB023-17SA;Teoria Aritmética dos Números
11202020294;NA1NHI5011-13SB;Políticas Educacionais
11201920266;NA3BCJ0204-15SA;Fenômenos Mecânicos
21025015;NB1BCM0506-15SB;Comunicação e Redes
11102313;DAMCTA027-17SA;Teoria dos Grafos A-Matutino (Santo André)
11202021743;NA1NHI5011-13SA;Políticas Educacionais
11068916;NA1ESTM002-17SA;Tópicos Experimentais em Materiais I
11202332435;DB1BIS0003-15SA;Bases Matemáticas B1-Matutino (Santo André)
11202231329;DA1MCTC007-20SB;Comunicação Científica A1-Matutino (São Bernardo)
11201811602;DA1ESZU016-17SA;Questões Ambientais Globais A1-Matutino (Santo André)
11202021071;NA2ESTO012-17SB;Princípios de Administração
11202021071;NA1ESHC027-21SB;Economia Matemática
21041114;DAESZI031-17SA;Segurança de Redes A-Matutino (Santo André)
21041114;DA2MCTA028-15SA;Programação Estruturada A2-Matutino (Santo André)
11201921449;NAMCTA017-17SA;Programação Matemática
11202021410;NA1MCTC019-20SB;Neurobiologia Molecular e Celular
11202020438;NA1NHZ4004-15SA;Desenho e Projeto em Química
11202021708;NA1ESHT001-17SB;Arranjos Institucionais e Marco Regulatório do Território
11202021453;NAESTO011-17SA;Fundamentos de Desenho Técnico
11202021453;NA1ESTE027-17SA;Laboratório de Calor e Fluidos
11202021453;NA1NHZ3008-22SA;Evolução da Física I
11202021453;NA1ESZE078-17SA;Regulação e Mercado de Energia Elétrica
11202021246;NA2BCM0504-15SA;Natureza da Informação
11201921774;DA2MCTA028-15SA;Programação Estruturada A2-Matutino (Santo André)
11201921774;DA1NHZ5019-15SA;Tecnologias da Informação e Comunicação na Educação A1-Matutino (Santo André)
11201921774;DAESZI031-17SA;Segurança de Redes A-Matutino (Santo André)
11202021994;DA1NHZ5014-15SA;Questões Atuais no Ensino de Ciências A1-Matutino (Santo André)
13201910009;NA1LHE0002-19SB;Laboratório de Práticas Integradoras I (PCC)
13201910009;DA1BHS0008-23SB;Práticas Comunitárias em campo A1-Matutino (São Bernardo)
13201910009;NA1NHZ5016-15SB;História da Educação
13201910009;NA2MCTC007-20SB;Comunicação Científica
21027412;NA5BCJ0204-15SA;Fenômenos Mecânicos
21027412;NA1ESTO008-17SA;Mecânica dos Sólidos I
21027412;DA1ESZU023-17SA;Recursos Hídricos A1-Matutino (Santo André)
21027412;DA1ESZU024-17SA;Clima Urbano A1-Matutino (Santo André)
21027412;DA2ESTO903-17SA;Engenharia Unificada II A2-Matutino (Santo André)
21027412;NA1ESZU019-17SA;Transportes e Meio Ambiente
11202111057;DB2ESTO902-17SA;Engenharia Unificada I B2-Matutino (Santo André)
11202130860;DB1BCS0002-15SA;Projeto Dirigido B1-Matutino (Santo André)
11202021601;NA1BHQ0003-15SB;Interpretações do Brasil
11201811663;NAMCZA038-17SA;Prática Avançada de Programação A
11202321848;NA2MCTC007-20SB;Comunicação Científica
11201811628;NA1ESHP026-14SB;Participação, Movimentos Sociais e Políticas Públicas
11201811628;NANHH2026-13SB;Filosofia no Brasil e na América Latina
11201811628;NANHH2019-13SB;Filosofia da Linguagem
11201811628;NA1ESHR027-21SB;África nas Relações Internacionais
11202020890;NA1NHZ6010-18SA;Genômica e Pós-Genômica
11201810913;DB3BCN0404-15SA;Geometria Analítica B3-Matutino (Santo André)
11201810913;DA1ESTM004-17SA;Ciência dos Materiais A1-Matutino (Santo André)
11201810913;DA2BCN0402-15SA;Funções de Uma Variável A2-Matutino (Santo André)
11202230596;NA1BCN0405-15SB;Introdução às Equações Diferenciais Ordinárias
11201811614;NA1MCTB007-17SA;Anéis e Corpos
11201921574;NB1BCN0405-15SB;Introdução às Equações Diferenciais Ordinárias
11201921574;NA1BHS0008-23SB;Práticas Comunitárias em campo
11202320704;DA1BIS0003-15SA;Bases Matemáticas A1-Matutino (Santo André)
11202332400;NB3BCM0504-15SA;Natureza da Informação
11202332400;NAESTA020-17SA;Modelagem e Controle
11202332400;NB2BCL0306-15SA;Biodiversidade: Interações entre organismos e ambiente
11202332400;NB1NHZ5020-15SA;Educação inclusiva
11202332400;NA2MCTB009-17SA;Cálculo Numérico
11202020937;NA1BCN0404-15SA;Geometria Analítica
11202021986;DALHE0004-19SB;Teoria da História I A-Matutino (São Bernardo)
11201811447;NAMCZA038-17SA;Prática Avançada de Programação A
11202020898;NANHT3027-15SA;Laboratório de Física I
11202020654;NA1MCZB035-17SA;Evolução dos Conceitos Matemáticos
11202020654;NA1ESTB010-17SB;Legislação Relacionada à Saúde
11201811270;DA1ESZS016-17SB;Análise Experimental de Estruturas A1-Matutino (São Bernardo)
21038216;DA1LHZ0010-19SB;Educação Não Formal, Informal e Popular A1-Matutino (São Bernardo)
21038216;NB1ESTO902-17SA;Engenharia Unificada I
11202230540;NB6BCL0307-15SA;Transformações Químicas
11201920613;NA1MCTC024-15SB;Neuroetologia
11201822523;NA1ESZM028-17SA;Materiais para Tecnologia da Informação
11201920918;DAMCTC014-13SA;Introdução à Inferência Estatística A-Matutino (Santo André)
11201920918;DA1ESTG007-17SB;Engenharia Logística A1-Matutino (São Bernardo)
11201921478;DANHZ2013-11SB;Filosofia Brasileira: História e Problemas A-Matutino (São Bernardo)
11201811674;NA1ESZU010-17SA;Gestão Ambiental na Indústria
11202130908;DAMCTA014-15SA;Inteligência Artificial A-Matutino (Santo André)
11201922314;NA1ESHC030-17SB;Desigualdades de Raça, Gênero e Renda
11201810796;NA1ESZP043-14SB;Inovação nos Serviços Públicos
11201810796;NA1MCTC007-20SB;Comunicação Científica
11201810796;NA1ESZM025-17SA;Siderurgia e Engenharia dos Aços
11201922290;NA1ESTU029-17SA;Hidráulica de Condutos Livres
11201920321;NAMCTA004-17SA;Arquitetura de Computadores
11060216;DAESTG011-17SB;Estatística Aplicada a Sistemas de Gestão A-Matutino (São Bernardo)
11054016;DA1NHZ5020-15SA;Educação inclusiva A1-Matutino (Santo André)
11202021823;NB1BCS0002-15SA;Projeto Dirigido
11202021823;NC2MCTA028-15SA;Programação Estruturada
11202022237;NA1ESTU029-17SA;Hidráulica de Condutos Livres
11202020072;NA1ESTU025-17SA;Avaliação de Impactos Ambientais
11201920434;NA1ESHP013-22SB;Direito Constitucional
11202130100;DB3BCJ0203-15SA;Fenômenos Eletromagnéticos B3-Matutino (Santo André)
11201810860;NANHT3064-15SA;Física Ondulatória
11202230857;NAMCTA014-15SA;Inteligência Artificial
11201722358;DB1BCS0002-15SA;Projeto Dirigido B1-Matutino (Santo André)
11201810877;NA1MCZA025-13SA;Segurança em Redes
11121514;NA1ESTU023-17SA;Biomas Brasileiros
11201722459;DA1MCTC002-15SB;Introdução à Neurociência A1-Matutino (São Bernardo)
11202021063;NA1ESZU036-17SA;Saúde, Determinantes Socioambientais e Equidade
11202230363;DD1BCM0506-15SA;Comunicação e Redes D1-Matutino (Santo André)
11202021146;NA1ESZE078-17SA;Regulação e Mercado de Energia Elétrica
11202130611;NC1BCJ0203-15SA;Fenômenos Eletromagnéticos
11202130611;DA1BCS0002-15SA;Projeto Dirigido A1-Matutino (Santo André)
11201811684;DA1ESZM009-17SA;Diagramas de Fase A1-Matutino (Santo André)
11201811684;NA1ESZM032-17SA;Biomateriais
11202320215;DA1BCN0404-15SB;Geometria Analítica A1-Matutino (São Bernardo)
11201921996;NA1ESHR025-14SB;Política Externa Brasileira Contemporânea
11202021120;NA1ESTO903-17SA;Engenharia Unificada II
11202020323;NA1ESHP018-14SB;Políticas Sociais
11201920357;NA1ESTM002-17SA;Tópicos Experimentais em Materiais I
11201720796;DB1NHZ5020-15SA;Educação inclusiva B1-Matutino (Santo André)
11202322050;NA2BCN0402-15SB;Funções de Uma Variável
11202021272;NB2BCN0404-15SA;Geometria Analítica
11202021494;DA1MCZC016-15SB;Neurociência da Cognição Musical A1-Matutino (São Bernardo)
11201810692;DA1ESTG019-17SB;Tempos, Métodos e Arranjos Físicos A1-Matutino (São Bernardo)
11201922319;DA1NHZ4080-20SA;História da Química A1-Matutino (Santo André)
11202111917;DB1NHT1053-15SA;Biologia Celular B1-Matutino (Santo André)
11202111917;DA1NHZ6001-18SA;Fundamentos da Biotecnologia A1-Matutino (Santo André)
11202020146;NA1NHZ2097-16SB;Métodos para produção de Filosofia
11201720260;NA1LIE0001-19SA;Metodologias de Pesquisa em Educação
11201720260;NA1ESHT001-17SB;Arranjos Institucionais e Marco Regulatório do Território
11201921966;NA1ESHC039-17SB;Questões Metodológicas em Economia
11201920609;NC1ESTA002-17SA;Circuitos Elétricos I
11201920609;DA1ESTG006-17SB;Engenharia Laboral A1-Matutino (São Bernardo)
11202321039;DA1ESTO012-17SA;Princípios de Administração A1-Matutino (Santo André)
11202321039;NB1BIQ0602-15SA;Estrutura e Dinâmica Social
11202232304;DA1BIR0004-15SB;Bases Epistemológicas da Ciência Moderna A1-Matutino (São Bernardo)
11202232304;DA1BHO0102-15SB;Desenvolvimento e Sustentabilidade A1-Matutino (São Bernardo)
11202232304;DA1BHQ0003-15SB;Interpretações do Brasil A1-Matutino (São Bernardo)
11202232304;NA1ESHT001-17SB;Arranjos Institucionais e Marco Regulatório do Território
21077115;DA1ESHR002-21SB;Temas de Direito Internacional Público A1-Matutino (São Bernardo)
11201720374;NANHZ3076-15SA;Eletromagnetismo III
11201811359;NA4BCN0402-15SA;Funções de Uma Variável
11046715;NANHT3089-15SA;Trabalho de Conclusão de Curso em Física
11201811103;NAESTI019-17SA;Codificação de Sinais Multimídia
11202022027;NA4BCN0402-15SA;Funções de Uma Variável
11202022027;NA1ESHP018-14SB;Políticas Sociais
11202130081;NA2BCN0405-15SA;Introdução às Equações Diferenciais Ordinárias
11202231821;DA2BCJ0203-15SB;Fenômenos Eletromagnéticos A2-Matutino (São Bernardo)
11202231821;DA1BCM0506-15SB;Comunicação e Redes A1-Matutino (São Bernardo)
11202231673;DB1BCJ0203-15SA;Fenômenos Eletromagnéticos B1-Matutino (Santo André)
11201721983;NA1ESZE078-17SA;Regulação e Mercado de Energia Elétrica
11201721172;NA1BCJ0203-15SA;Fenômenos Eletromagnéticos
11202231750;DB1BIQ0602-15SB;Estrutura e Dinâmica Social B1-Matutino (São Bernardo)
11202020251;NANHI2049-13SA;Lógica Básica
11202232288;NB1BIR0603-15SA;Ciência, Tecnologia e Sociedade
11202320400;DA3BCN0402-15SA;Funções de Uma Variável A3-Matutino (Santo André)
11201811371;NA1BCN0402-15SA;Funções de Uma Variável
21032815;NA1ESHC027-21SB;Economia Matemática
21009916;NA1NHI5015-15SB;LIBRAS
11202320497;NA1BIR0603-15SB;Ciência, Tecnologia e Sociedade
11202232043;NA1BIS0003-15SB;Bases Matemáticas
11202320788;DA1BHS0007-23SB;Panorama internacional do ABC A1-Matutino (São Bernardo)
11202310002;NA1BCL0307-15SA;Transformações Químicas
11119314;NAMCTA017-17SA;Programação Matemática
11202021990;NAMCTA017-17SA;Programação Matemática
11202021990;NANHT1068-15SA;Evolução e Diversidade de Plantas II
11202021990;NA2ESTI002-17SA;Eletrônica Digital
11202020351;NA1ESZU013-17SA;Logística e Meio Ambiente
11202022294;DA1ESZS016-17SB;Análise Experimental de Estruturas A1-Matutino (São Bernardo)
11202131505;NA3BCM0504-15SA;Natureza da Informação
11202320804;DA2BCS0002-15SA;Projeto Dirigido A2-Matutino (Santo André)
11202021003;DAMCTA004-17SA;Arquitetura de Computadores A-Matutino (Santo André)
11201932558;NB2BCN0405-15SA;Introdução às Equações Diferenciais Ordinárias
11202020276;NB1ESTA002-17SA;Circuitos Elétricos I
11201721489;NA1ESZE078-17SA;Regulação e Mercado de Energia Elétrica
11202131861;NA1NHI5011-13SB;Políticas Educacionais
11202131861;NA1ESZU013-17SA;Logística e Meio Ambiente
11202130005;NA2ESHP004-13SB;Cidadania, Direitos e Desigualdades
11201922185;NA1ESZG013-17SB;Empreendedorismo
11202022277;NB4BCL0307-15SA;Transformações Químicas
11202022277;NA1ESTU011-17SA;Planejamento Urbano e Metropolitano
11202321765;NB1BIS0003-15SB;Bases Matemáticas
11202130019;DA1NHZ5020-15SA;Educação inclusiva A1-Matutino (Santo André)
11202131527;NB1BCM0506-15SB;Comunicação e Redes
11202131527;NA2BCL0307-15SB;Transformações Químicas
11202131527;DA1BHS0004-23SB;Encontros sobre Gênero e Sexualidades A1-Matutino (São Bernardo)
11202020344;NA1ESHC018-17SB;Formação Econômica do Brasil
11202020344;NA1ESHC031-17SB;Macroeconomia Pós-Keynesiana
11202231989;DA1LHE0002-19SB;Laboratório de Práticas Integradoras I (PCC) A1-Matutino (São Bernardo)
11202230933;DB2BCN0404-15SA;Geometria Analítica B2-Matutino (Santo André)
11202021542;NA1MCTC022-15SB;Processamento de Sinais Neurais
11202021077;NA1BHQ0003-15SB;Interpretações do Brasil
11202021077;NA1ESHR027-21SB;África nas Relações Internacionais
11201921593;NA1BHO0102-15SB;Desenvolvimento e Sustentabilidade
11202231868;DA1LHZ0040-22SB;Ensino de História da África A1-Matutino (São Bernardo)
11201811574;NA1BCS0002-15SB;Projeto Dirigido
11201920632;NA1ESZG013-17SB;Empreendedorismo
11202020943;DANHI2049-13SA;Lógica Básica A-Matutino (Santo André)
11202021925;DA1BHS0008-23SB;Práticas Comunitárias em campo A1-Matutino (São Bernardo)
11202021081;NA1ESHR008-21SB;Integração Regional - Teorias e Experiências
11202021081;NA1LHZ0038-22SB;História e Gênero
11202020189;NA1ESHR025-14SB;Política Externa Brasileira Contemporânea
11202210038;NB1BIQ0602-15SA;Estrutura e Dinâmica Social
11202230777;NA1ESHR017-21SB;Organizações Internacionais e Multilateralismo
11202321927;NA2BCM0505-22SA;Processamento da Informação
11201810179;NAESZE044-17SA;Segurança de Instalações Nucleares
11201921764;NA1ESTU024-17SA;Análise de Sistemas e Modelagem Ambiental
11201921764;NA1ESZU023-17SA;Recursos Hídricos
11202230228;NA1ESHR008-21SB;Integração Regional - Teorias e Experiências
11202231803;DA1ESZG013-17SB;Empreendedorismo A1-Matutino (São Bernardo)
11202321195;DA1NHZ6001-18SA;Fundamentos da Biotecnologia A1-Matutino (Santo André)
11201811100;NANHZ6009-18SA;Biologia Sintética
11202021818;NA1ESHR025-14SB;Política Externa Brasileira Contemporânea
11202232386;DA1ESHP004-13SB;Cidadania, Direitos e Desigualdades A1-Matutino (São Bernardo)
11202232386;DA1ESHP024-22SB;Métodos Qualitativos e Desenho de Pesquisa para o TCC de Políticas Públicas A1-Matutino (São Bernardo)
11202232386;DA1ESHP026-14SB;Participação, Movimentos Sociais e Políticas Públicas A1-Matutino (São Bernardo)
11202232386;DA1BHS0007-23SB;Panorama internacional do ABC A1-Matutino (São Bernardo)
11071016;NA1ESTU011-17SA;Planejamento Urbano e Metropolitano
11201921699;NA1LHZ0042-22SB;Práticas de Agroecologia: de(s)colonizando saberes sobre manejo e cultivo em solos tropicais
11201920372;NA1ESTB010-17SB;Legislação Relacionada à Saúde
11201811483;DA1ESHR030-21SB;Estudos Estratégicos e Defesa A1-Matutino (São Bernardo)
11202230627;NA1BIN0406-15SB;Introdução à Probabilidade e à Estatística
11202230627;NA1ESHP022-14SB;Cultura Política
11201920256;NA1BCS0002-15SB;Projeto Dirigido
11201921724;NA1ESTA002-17SB;Circuitos Elétricos I
11201921724;NB1BCS0002-15SB;Projeto Dirigido
11201921724;DA1ESTO008-17SB;Mecânica dos Sólidos I A1-Matutino (São Bernardo)
11202231509;DA1BCN0405-15SA;Introdução às Equações Diferenciais Ordinárias A1-Matutino (Santo André)
11202321625;DA2BCN0402-15SA;Funções de Uma Variável A2-Matutino (Santo André)
11201722817;NA1ESTG004-17SB;Elaboração, Análise e Avaliação de Projetos
13201822638;DA1BHP0202-15SB;Pensamento Crítico A1-Matutino (São Bernardo)
13201822638;DA1BHO1102-19SB;Introdução à Economia A1-Matutino (São Bernardo)
13201822638;DA1MCTC011-15SB;Psicologia Cognitiva A1-Matutino (São Bernardo)
13201822638;NA1ESHR027-21SB;África nas Relações Internacionais
13201822638;NA1ESHP022-14SB;Cultura Política
11202021690;NA1ESTU004-17SA;Cartografia e Geoprocessamento
11202021690;NA1ESTU029-17SA;Hidráulica de Condutos Livres
21053014;NAMCZA017-13SA;Processamento de Linguagem Natural
21053014;NAMCZA014-17SA;Métodos de Otimização
11202230883;DA2BCJ0203-15SB;Fenômenos Eletromagnéticos A2-Matutino (São Bernardo)
11202230883;NB1BCM0506-15SB;Comunicação e Redes
11201811695;NA1ESZG041-17SB;Gestão da Inovação
11202111871;NB1BCN0402-15SA;Funções de Uma Variável
11039414;NA1MCTA037-17SA;Banco de Dados
11026416;NA1ESHT023-17SB;Sociologia dos Territórios
11026416;DA1ESZB006-17SB;Engenharia de Tecidos A1-Matutino (São Bernardo)
11202230760;NB2BIR0004-15SB;Bases Epistemológicas da Ciência Moderna
11202230760;NA2ESTO011-17SA;Fundamentos de Desenho Técnico
11202231615;NA3BCN0402-15SB;Funções de Uma Variável
11201921200;DA1ESZM029-17SA;Engenharia de Filmes Finos A1-Matutino (Santo André)
11202020289;DB1NHT1053-15SA;Biologia Celular B1-Matutino (Santo André)
11202130992;DA2BCN0402-15SB;Funções de Uma Variável A2-Matutino (São Bernardo)
11202130992;NB1BCM0506-15SA;Comunicação e Redes
11202020571;DA1BHS0008-23SB;Práticas Comunitárias em campo A1-Matutino (São Bernardo)
21074412;NA1ESZP038-14SB;Políticas de saúde
11029307;NANHT3089-15SA;Trabalho de Conclusão de Curso em Física
11201812230;DAESZS031-17SB;Placas e Cascas A-Matutino (São Bernardo)
11112213;DA1ESTU004-17SA;Cartografia e Geoprocessamento A1-Matutino (Santo André)
21087014;NA1BHS0008-23SB;Práticas Comunitárias em campo
11202022205;NB1BCM0506-15SB;Comunicação e Redes
11201921833;NA1ESTO013-17SA;Engenharia Econômica
11202231381;DB1BIR0004-15SB;Bases Epistemológicas da Ciência Moderna B1-Matutino (São Bernardo)
11201810168;DA1ESHR025-14SB;Política Externa Brasileira Contemporânea A1-Matutino (São Bernardo)
11202210049;NANHT1030-15SA;Geologia e Paleontologia
21046416;NA1ESTO012-17SB;Princípios de Administração
21046416;DAESTA003-17SB;Sistemas de Controle I A-Matutino (São Bernardo)
21046416;NB1BCS0002-15SB;Projeto Dirigido
21046416;NA1ESTO008-17SB;Mecânica dos Sólidos I
21046416;NAESTI003-17SB;Transformadas em Sinais e Sistemas Lineares
21046416;NB1MCTB009-17SB;Cálculo Numérico
11201810509;NAESTI017-17SA;Fundamentos de Eletromagnetismo Aplicado
11201810509;NAESTE015-17SA;Fundamentos de Conversão de Energia Elétrica
11201810509;NC1ESTO903-17SB;Engenharia Unificada II
11202132033;NANHI2049-13SA;Lógica Básica
11202020237;NA1ESHC030-17SB;Desigualdades de Raça, Gênero e Renda
11114314;DA1MCTB001-17SB;Álgebra Linear A1-Matutino (São Bernardo)
11202321907;NB1BHQ0003-15SB;Interpretações do Brasil
11201920142;NA1ESZU010-17SA;Gestão Ambiental na Indústria
11201922152;NA2ESTO012-17SB;Princípios de Administração
11202231183;NANHH2026-13SB;Filosofia no Brasil e na América Latina
11202231183;NANHZ2067-18SB;Temas de Filosofia Contemporânea I
11202231183;NANHZ2109-18SB;Teoria das Ciências Humanas
11116416;DA1ESTM003-17SA;Tópicos Computacionais em Materiais A1-Matutino (Santo André)
11201810529;NAESTI017-17SA;Fundamentos de Eletromagnetismo Aplicado
11201810529;NAESTE015-17SA;Fundamentos de Conversão de Energia Elétrica
11201722560;NANHZ2109-18SB;Teoria das Ciências Humanas
11201722560;NANHZ2067-18SB;Temas de Filosofia Contemporânea I
11202231819;NANHZ6009-18SA;Biologia Sintética
11202130245;NA1BIR0603-15SB;Ciência, Tecnologia e Sociedade
11202232204;DA1NHZ5019-15SA;Tecnologias da Informação e Comunicação na Educação A1-Matutino (Santo André)
11202232204;ND2BCM0506-15SA;Comunicação e Redes
21083314;NA1BIS0003-15SB;Bases Matemáticas
11202130437;NB1BCJ0203-15SA;Fenômenos Eletromagnéticos
11202130437;NB1BCM0506-15SA;Comunicação e Redes
11202231130;DA1ESHT023-17SB;Sociologia dos Territórios A1-Matutino (São Bernardo)
11202231740;DB1BIR0004-15SA;Bases Epistemológicas da Ciência Moderna B1-Matutino (Santo André)
13201723208;NA1ESHR018-21SB;Atores Não Estatais e as Relações Internacionais
13201723208;NA1ESHR002-21SB;Temas de Direito Internacional Público
11202130476;NA1ESTB018-17SB;Computação Científica aplicada a Problemas Biológicos
11202130476;DA1ESTO005-17SB;Introdução às Engenharias A1-Matutino (São Bernardo)
11202111078;DA1ESTM016-17SA;Química Inorgânica de Materiais A1-Matutino (Santo André)
11202021919;DA1MCZA025-13SA;Segurança em Redes A1-Matutino (Santo André)
11202021919;NAMCZA017-13SA;Processamento de Linguagem Natural
11201722771;NA1BIS0003-15SB;Bases Matemáticas
11202130485;NA1BIR0004-15SB;Bases Epistemológicas da Ciência Moderna
11202022214;DA1ESHR025-14SB;Política Externa Brasileira Contemporânea A1-Matutino (São Bernardo)
11202231170;DB2BCL0307-15SA;Transformações Químicas B2-Matutino (Santo André)
11202021330;NA1BIR0004-15SB;Bases Epistemológicas da Ciência Moderna
11202021330;NB1BCM0506-15SB;Comunicação e Redes
11202021330;NA2BIS0003-15SB;Bases Matemáticas
11202021330;NA1LHZ0014-19SB;Fundamentos do ensino de Geografia
11202021330;NA1NHI5011-13SB;Políticas Educacionais
11201922228;NA1ESZU013-17SA;Logística e Meio Ambiente
11202021515;NANHH2026-13SB;Filosofia no Brasil e na América Latina
11202320815;DB1BCN0404-15SB;Geometria Analítica B1-Matutino (São Bernardo)
11201722389;NA1MCTC007-20SB;Comunicação Científica
11201722389;DA1MCZC019-20SB;Introdução à Neuroimunologia A1-Matutino (São Bernardo)
11202020671;NA1MCZB036-17SA;Filosofia da Matemática
11202322027;DA1BHS0007-23SB;Panorama internacional do ABC A1-Matutino (São Bernardo)
11202231015;DABHQ0004-19SB;Estudos de Gênero A-Matutino (São Bernardo)
13201910017;NB1BCN0407-15SB;Funções de Várias Variáveis
11202130116;NB1BIR0603-15SA;Ciência, Tecnologia e Sociedade
11202321543;NA1NHZ5019-15SA;Tecnologias da Informação e Comunicação na Educação
11201721960;NA2BCN0404-15SA;Geometria Analítica
11201721960;NAMCTA017-17SA;Programação Matemática
11201721960;NAESZE044-17SA;Segurança de Instalações Nucleares
11201721960;NA1BCN0405-15SA;Introdução às Equações Diferenciais Ordinárias
11201721960;NB1MCTB009-17SA;Cálculo Numérico
11201921394;NA1ESHR017-21SB;Organizações Internacionais e Multilateralismo
11201921394;NA1ESHR027-21SB;África nas Relações Internacionais
11201810864;NA1NHZ4074-15SA;Recursos Didáticos para o Ensino de Química
11201921990;DAMCTA014-15SA;Inteligência Artificial A-Matutino (Santo André)
11201921919;NAESZU035-17SA;Geomorfologia
11202230257;NA2BIR0603-15SB;Ciência, Tecnologia e Sociedade
11202230257;NB2BIR0004-15SB;Bases Epistemológicas da Ciência Moderna
11092915;DAESTE023-17SA;Transferência de Calor II A-Matutino (Santo André)
11202021221;NA1BIN0406-15SB;Introdução à Probabilidade e à Estatística
11202021221;NB2BIR0004-15SB;Bases Epistemológicas da Ciência Moderna
11202021221;NB1BCM0506-15SB;Comunicação e Redes
11201810156;NA1MCTD023-18SA;Fundamentos de Análise
11201810156;NC2MCTA028-15SA;Programação Estruturada
11201810156;NA1NHI5011-13SA;Políticas Educacionais
11201721573;NAESTI003-17SA;Transformadas em Sinais e Sistemas Lineares
11201721573;NA1ESZE078-17SA;Regulação e Mercado de Energia Elétrica
11202022206;NA2ESTO012-17SB;Princípios de Administração
11201922009;NA2MCTA002-17SA;Algoritmos e Estruturas de Dados II
11201810775;NA1ESTG020-17SB;Sistemas e Processos de Produção
11202320851;NA4BCN0402-15SA;Funções de Uma Variável
11201812120;DA1ESHC034-21SB;Economia do Meio Ambiente A1-Matutino (São Bernardo)
11202232027;DANHZ1009-15SA;Biologia Molecular e Biotecnologia A-Matutino (Santo André)
11202212499;DA1BCM0506-15SA;Comunicação e Redes A1-Matutino (Santo André)
11202230449;NA2BIR0004-15SB;Bases Epistemológicas da Ciência Moderna
11201920323;NB1BCS0002-15SB;Projeto Dirigido
11201920323;NB1BCM0506-15SB;Comunicação e Redes
11202230908;NC4BCJ0203-15SA;Fenômenos Eletromagnéticos
11201921020;NA2ESHP004-13SB;Cidadania, Direitos e Desigualdades
11201812321;NB1BCN0405-15SB;Introdução às Equações Diferenciais Ordinárias
11201812321;NA3BCN0402-15SB;Funções de Uma Variável
11201721800;DA1ESHC034-21SB;Economia do Meio Ambiente A1-Matutino (São Bernardo)
11202230340;NB1BCM0505-22SB;Processamento da Informação
11201812056;DA1ESZU019-17SA;Transportes e Meio Ambiente A1-Matutino (Santo André)
11201812056;DA1ESZU016-17SA;Questões Ambientais Globais A1-Matutino (Santo André)
11201921778;NA1ESZM025-17SA;Siderurgia e Engenharia dos Aços
11201822506;NANHH2019-13SB;Filosofia da Linguagem
11201822506;NANHH2040-13SB;História da Filosofia Moderna: o Iluminismo e seus desdobramentos
21071116;NA1BHO0102-15SB;Desenvolvimento e Sustentabilidade
21071116;NA1ESHP018-14SB;Políticas Sociais
21071116;NA1BIN0406-15SB;Introdução à Probabilidade e à Estatística
11201921959;NA1ESTO004-17SB;Instrumentação e Controle
11042816;DB1ESTO902-17SA;Engenharia Unificada I B1-Matutino (Santo André)
11202310106;DBBHO0002-19SB;Introdução ao Pensamento Econômico B-Matutino (São Bernardo)
11202310106;NA1BHS0008-23SB;Práticas Comunitárias em campo
11201810319;DANHZ2106-18SB;Filosofia da Ciência A-Matutino (São Bernardo)
11201810319;NANHH2019-13SB;Filosofia da Linguagem
11201810250;NA1ESTE027-17SA;Laboratório de Calor e Fluidos
11202130535;NANHI2049-13SA;Lógica Básica
11201921691;NA1ESHP022-14SB;Cultura Política
11201921691;NA1ESZT017-17SB;Dinâmicas Territoriais e Relações Étnico-Raciais no Brasil
11202021689;NA1MCZC016-15SB;Neurociência da Cognição Musical
11202320740;NB2ESTA002-17SA;Circuitos Elétricos I
11201810997;NA1NHZ5019-15SA;Tecnologias da Informação e Comunicação na Educação
11202131494;DA1BHS0007-23SB;Panorama internacional do ABC A1-Matutino (São Bernardo)
11202131494;DA1BHS0004-23SB;Encontros sobre Gênero e Sexualidades A1-Matutino (São Bernardo)
11202130715;NA1BCN0405-15SB;Introdução às Equações Diferenciais Ordinárias
11202130715;NA1BCM0506-15SB;Comunicação e Redes
11202021585;DA2MCTA028-15SA;Programação Estruturada A2-Matutino (Santo André)
11202021585;NA2BCN0405-15SA;Introdução às Equações Diferenciais Ordinárias
11201810445;DA1NHT4002-15SA;Bioquímica Experimental A1-Matutino (Santo André)
11201921933;DA1ESHR030-21SB;Estudos Estratégicos e Defesa A1-Matutino (São Bernardo)
11201921933;DB1BHS0007-23SB;Panorama internacional do ABC B1-Matutino (São Bernardo)
11202232276;DB1BHS0007-23SB;Panorama internacional do ABC B1-Matutino (São Bernardo)
11202021876;NA1ESTG022-17SB;Sistemas CAM
11202021876;NA1ESZG041-17SB;Gestão da Inovação
11202021634;DANHZ2067-18SB;Temas de Filosofia Contemporânea I A-Matutino (São Bernardo)
11202130099;NA1BCN0405-15SB;Introdução às Equações Diferenciais Ordinárias
11202321247;DA1BHS0007-23SB;Panorama internacional do ABC A1-Matutino (São Bernardo)
11202021048;DA1MCZC016-15SB;Neurociência da Cognição Musical A1-Matutino (São Bernardo)
11202021048;DB1MCTB009-17SB;Cálculo Numérico B1-Matutino (São Bernardo)
11202021877;NANHT1030-15SA;Geologia e Paleontologia
11202021877;DB1BHO0102-15SB;Desenvolvimento e Sustentabilidade B1-Matutino (São Bernardo)
11202020614;NA1ESHC029-21SB;Microeconomia III
11202130414;NANHZ1074-15SA;Astrobiologia
11201932519;NA1BCS0002-15SB;Projeto Dirigido
11201812001;NA1ESTO012-17SB;Princípios de Administração
11201812001;DA1BHS0004-23SB;Encontros sobre Gênero e Sexualidades A1-Matutino (São Bernardo)
11202021105;DB1BIR0603-15SA;Ciência, Tecnologia e Sociedade B1-Matutino (Santo André)
11202230741;NA1NHI5011-13SB;Políticas Educacionais
11202230741;NA1ESHT001-17SB;Arranjos Institucionais e Marco Regulatório do Território
11202131841;NA1NHZ5020-15SA;Educação inclusiva
11202131841;NA1BCN0402-15SA;Funções de Uma Variável
11202230680;NA3BCL0307-15SA;Transformações Químicas
11202230680;DA1ESTU029-17SA;Hidráulica de Condutos Livres A1-Matutino (Santo André)
11202230680;NA2BIR0004-15SA;Bases Epistemológicas da Ciência Moderna
11202230680;DA1ESTU023-17SA;Biomas Brasileiros A1-Matutino (Santo André)
11201920788;NAESTE004-17SA;Energia, Meio Ambiente e Sociedade
11202212500;NB2BIS0003-15SB;Bases Matemáticas
11202230335;NA2BCN0402-15SA;Funções de Uma Variável
11202322176;NA2BCM0504-15SB;Natureza da Informação
11202322176;NA4BCJ0204-15SB;Fenômenos Mecânicos
11202322176;NA2BCN0404-15SB;Geometria Analítica
11202322176;NA3BCN0402-15SB;Funções de Uma Variável
11202212465;NA1ESHC018-17SB;Formação Econômica do Brasil
11201921158;NA1ESHC034-21SB;Economia do Meio Ambiente
11201722074;DAESZI014-17SA;Sistemas Inteligentes A-Matutino (Santo André)
11201811949;NAESTS001-17SB;Dinâmica I
11201810404;NA1NHZ5020-15SA;Educação inclusiva
11202130097;DA1BCN0404-15SB;Geometria Analítica A1-Matutino (São Bernardo)
11202130097;NA1BCN0405-15SB;Introdução às Equações Diferenciais Ordinárias
11201810451;NA1ESHT023-17SB;Sociologia dos Territórios
11094414;NA1NHT5013-15SA;Práticas de Ensino de Ciências e Matemática no Ensino Fundamental
11094414;NA1NHZ5020-15SA;Educação inclusiva
21060713;DAESTA020-17SA;Modelagem e Controle A-Matutino (Santo André)
11202231219;NA1BIR0603-15SA;Ciência, Tecnologia e Sociedade
11202231219;NAESTA014-17SA;Sistemas CAD/CAM
11202130102;DA1ESZG013-17SB;Empreendedorismo A1-Matutino (São Bernardo)
11034413;DA1ESTO001-17SA;Circuitos Elétricos e Fotônica A1-Matutino (Santo André)
21005516;NA1ESTE019-17SA;Instalações Elétricas I
11076015;NA2MCTA002-17SA;Algoritmos e Estruturas de Dados II
11076015;NAMCZA017-13SA;Processamento de Linguagem Natural
11201720782;NA2BIS0003-15SA;Bases Matemáticas
11201720782;DB2BIR0004-15SB;Bases Epistemológicas da Ciência Moderna B2-Matutino (São Bernardo)
11201720782;DALHE0004-19SB;Teoria da História I A-Matutino (São Bernardo)
11202111872;NC5BCJ0203-15SA;Fenômenos Eletromagnéticos
11202111872;NANHZ6007-18SA;Segurança e Regulamentação em Biotecnologia
11202131940;DA1BIR0004-15SB;Bases Epistemológicas da Ciência Moderna A1-Matutino (São Bernardo)
11202131940;DB1BCL0306-15SB;Biodiversidade: Interações entre organismos e ambiente B1-Matutino (São Bernardo)
11202131940;DB1BIR0603-15SB;Ciência, Tecnologia e Sociedade B1-Matutino (São Bernardo)
11202130979;NA5BCL0307-15SA;Transformações Químicas
11202130503;NA1NHZ4035-15SA;Processos Industriais Orgânicos e Inorgânicos
11202130503;NA1NHZ4069-15SA;Química de Alimentos
11202130327;NB3BCN0405-15SA;Introdução às Equações Diferenciais Ordinárias
11202130327;NANHI2049-13SA;Lógica Básica
11202131515;DA1ESHR006-13SB;Formação Histórica da América Latina A1-Matutino (São Bernardo)
11201922342;NA1BCN0407-15SB;Funções de Várias Variáveis
11004516;NAESTA010-17SA;Sensores e Transdutores
11004516;NA1ESTA002-17SA;Circuitos Elétricos I
21060113;NA2ESTG020-17SB;Sistemas e Processos de Produção
11201920809;DB2ESTO903-17SA;Engenharia Unificada II B2-Matutino (Santo André)
11202131518;DA1MCTC007-20SB;Comunicação Científica A1-Matutino (São Bernardo)
11202131518;DA3BCJ0203-15SA;Fenômenos Eletromagnéticos A3-Matutino (Santo André)
11201921303;NA1ESTB007-17SB;Biomecânica I
11202020790;DA1BHS0007-23SB;Panorama internacional do ABC A1-Matutino (São Bernardo)
11202020790;NB1BCM0505-22SB;Processamento da Informação
11202130069;NA1BCN0407-15SA;Funções de Várias Variáveis
11202231922;NA1LHZ0040-22SB;Ensino de História da África
11201920201;NA1ESZE099-17SA;Termo Hidráulica de Reatores Nucleares
21080714;NA1ESTO016-17SB;Fenômenos de Transporte
11201810454;DA1ESHC034-21SB;Economia do Meio Ambiente A1-Matutino (São Bernardo)
11202232351;DB1NHZ5020-15SA;Educação inclusiva B1-Matutino (Santo André)
11202232351;DC1ESTO013-17SA;Engenharia Econômica C1-Matutino (Santo André)
11202232351;DD1BCM0506-15SA;Comunicação e Redes D1-Matutino (Santo André)
11202022039;NA1ESHC030-17SB;Desigualdades de Raça, Gênero e Renda
11202131522;DA1ESHR025-14SB;Política Externa Brasileira Contemporânea A1-Matutino (São Bernardo)
11202131522;NA2ESTO012-17SB;Princípios de Administração
11047616;DA1ESZG013-17SB;Empreendedorismo A1-Matutino (São Bernardo)
21057216;NA1NHZ2097-16SB;Métodos para produção de Filosofia
11202021524;NA1ESHT001-17SB;Arranjos Institucionais e Marco Regulatório do Território
11202321968;NB2BIR0004-15SB;Bases Epistemológicas da Ciência Moderna
11202231141;DA1BIQ0602-15SB;Estrutura e Dinâmica Social A1-Matutino (São Bernardo)
11202231180;NB1BHO0102-15SB;Desenvolvimento e Sustentabilidade
11202231180;NA1NHI5011-13SB;Políticas Educacionais
11202111101;DC1MCTA028-15SA;Programação Estruturada C1-Matutino (Santo André)
11202230672;NB1BHO1102-19SB;Introdução à Economia
11202320992;DA1NHT4040-15SA;Química Orgânica Aplicada A1-Matutino (Santo André)
11202022241;NA1NHZ5016-15SA;História da Educação
11202321598;DA3BCN0404-15SA;Geometria Analítica A3-Matutino (Santo André)
11202321598;DA3BCM0504-15SA;Natureza da Informação A3-Matutino (Santo André)
11202321598;DA3BCJ0204-15SA;Fenômenos Mecânicos A3-Matutino (Santo André)
11202321598;DA1BCL0306-15SA;Biodiversidade: Interações entre organismos e ambiente A1-Matutino (Santo André)
11202231548;NA1LHZ0042-22SB;Práticas de Agroecologia: de(s)colonizando saberes sobre manejo e cultivo em solos tropicais
11202020709;DB1BHS0007-23SB;Panorama internacional do ABC B1-Matutino (São Bernardo)
11202020560;NB1ESTO012-17SB;Princípios de Administração
11201822461;NA1BHS0008-23SB;Práticas Comunitárias em campo
11075716;NA2ESTO902-17SA;Engenharia Unificada I
11075716;NA1ESTO903-17SA;Engenharia Unificada II
11201920631;NB1ESTO903-17SB;Engenharia Unificada II
11202231280;NA1BHS0008-23SB;Práticas Comunitárias em campo
11202332361;DB1BHS0007-23SB;Panorama internacional do ABC B1-Matutino (São Bernardo)
11202231493;NB1BIN0406-15SB;Introdução à Probabilidade e à Estatística
11201920103;DA8BCJ0204-15SA;Fenômenos Mecânicos A8-Matutino (Santo André)
11201920103;DB2ESTO902-17SA;Engenharia Unificada I B2-Matutino (Santo André)
11202020837;DA1ESHP004-13SB;Cidadania, Direitos e Desigualdades A1-Matutino (São Bernardo)
11201721452;NA1MCTC022-15SB;Processamento de Sinais Neurais
11201721452;NA1MCZC019-20SB;Introdução à Neuroimunologia
11202020397;DA1BHS0004-23SB;Encontros sobre Gênero e Sexualidades A1-Matutino (São Bernardo)
11202020397;DANHZ2112-18SB;Epistemologia Feminista A-Matutino (São Bernardo)
11201922167;DA1ESZU013-17SA;Logística e Meio Ambiente A1-Matutino (Santo André)
11201922167;DA1ESZU019-17SA;Transportes e Meio Ambiente A1-Matutino (Santo André)
11201922167;DAESTA023-17SA;Introdução aos Processos de Fabricação A-Matutino (Santo André)
11202021498;DA1NHT1053-15SA;Biologia Celular A1-Matutino (Santo André)
11201920180;DB1BIN0406-15SB;Introdução à Probabilidade e à Estatística B1-Matutino (São Bernardo)
11201721577;NA2BCN0402-15SA;Funções de Uma Variável
11201920559;NANHT1030-15SA;Geologia e Paleontologia
11202020005;DA1ESZS016-17SB;Análise Experimental de Estruturas A1-Matutino (São Bernardo)
11202130600;DA2BCN0404-15SA;Geometria Analítica A2-Matutino (Santo André)
11202321957;NA2BCL0306-15SA;Biodiversidade: Interações entre organismos e ambiente
11202021759;NB1BIQ0602-15SA;Estrutura e Dinâmica Social
11202021759;DD1BCM0506-15SA;Comunicação e Redes D1-Matutino (Santo André)
11201722883;DA1MCZC013-15SB;Memória e Aprendizagem A1-Matutino (São Bernardo)
11202130602;NA1ESZU013-17SA;Logística e Meio Ambiente
11201921811;NA2BCS0002-15SA;Projeto Dirigido
11202022151;NB2BIR0004-15SB;Bases Epistemológicas da Ciência Moderna
11202022151;NA2BIS0003-15SA;Bases Matemáticas
11202022100;NA1ESHR030-21SB;Estudos Estratégicos e Defesa
11202130525;NA2BIR0004-15SA;Bases Epistemológicas da Ciência Moderna
11202232249;DA1MCZC016-15SB;Neurociência da Cognição Musical A1-Matutino (São Bernardo)
11202022067;NA1ESHP022-14SB;Cultura Política
11202022067;NA1NHI5011-13SB;Políticas Educacionais
11201920932;DAMCTC014-13SA;Introdução à Inferência Estatística A-Matutino (Santo André)
11202021609;DA1ESHR025-14SB;Política Externa Brasileira Contemporânea A1-Matutino (São Bernardo)
11201811906;DAESTG008-17SB;Gerência de Ativos A-Matutino (São Bernardo)
11202021619;NA1ESHT001-17SB;Arranjos Institucionais e Marco Regulatório do Território
11202020096;NA1ESTG023-17SB;Organização do Trabalho
11202021582;DA2BIR0603-15SB;Ciência, Tecnologia e Sociedade A2-Matutino (São Bernardo)
11201722184;NA1MCZA025-13SA;Segurança em Redes
13201812184;DA1ESZG013-17SB;Empreendedorismo A1-Matutino (São Bernardo)
11202130537;DB2ESTO903-17SA;Engenharia Unificada II B2-Matutino (Santo André)
11202130537;DA1LIE0001-19SA;Metodologias de Pesquisa em Educação A1-Matutino (Santo André)
11201811230;DAMCTA027-17SA;Teoria dos Grafos A-Matutino (Santo André)
11201811230;NAESZI034-17SA;Jogos Digitais: Aspectos Técnicos e Aplicações
11201811230;NAESTA020-17SA;Modelagem e Controle
11201811230;NAMCZA035-17SA;Algoritmos Probabilísticos
11202332444;DA1BCN0405-15SA;Introdução às Equações Diferenciais Ordinárias A1-Matutino (Santo André)
11202231832;DC1BCM0506-15SA;Comunicação e Redes C1-Matutino (Santo André)
11202231832;DA2BIR0004-15SA;Bases Epistemológicas da Ciência Moderna A2-Matutino (Santo André)
11201811669;NA1ESTO015-17SA;Mecânica dos Fluidos I
11201811669;DA2ESTA004-17SA;Circuitos Elétricos II A2-Matutino (Santo André)
11202021648;NAMCZA046-17SA;Semântica de Linguagem de Programação
11201922141;NA2MCTA037-17SA;Banco de Dados
11201922141;NA1MCZA025-13SA;Segurança em Redes
11201722532;NA1ESHP022-14SB;Cultura Política
11202230845;NB2BCJ0204-15SA;Fenômenos Mecânicos
11201811037;NA1ESTU023-17SA;Biomas Brasileiros
11201920862;NA1MCTC007-20SB;Comunicação Científica
11201920862;NA1MCZB015-13SA;Introdução à Criptografia
11201921960;NA1ESTG025-17SB;Propriedade Intelectual
11201921001;DANHZ2144-18SB;Temas de Filosofia Contemporânea II A-Matutino (São Bernardo)
11022414;NAESTI007-17SA;Comunicação Digital
11202022101;NA1ESTU023-17SA;Biomas Brasileiros
11201810312;NAESZA018-17SA;Engenharia Óptica e Imagens
21051415;NA1ESTA008-17SA;Sistemas de Controle II
11201920744;NAMCTA014-15SA;Inteligência Artificial
11201920744;NANHT3095-15SA;Práticas de Ensino de Física I
11201920744;NA1NHZ5019-15SA;Tecnologias da Informação e Comunicação na Educação
13201910076;DAMCTC014-13SA;Introdução à Inferência Estatística A-Matutino (Santo André)
11202130436;NA3BCN0402-15SA;Funções de Uma Variável
11201920579;NAMCZA038-17SA;Prática Avançada de Programação A
11201811775;DA1NHZ4080-20SA;História da Química A1-Matutino (Santo André)
11201811775;DA1ESZU016-17SA;Questões Ambientais Globais A1-Matutino (Santo André)
11201812281;NA1BCM0505-22SB;Processamento da Informação
11201811616;DBMCTA008-17SA;Computação Gráfica B-Matutino (Santo André)
11202322133;NB1BCL0306-15SA;Biodiversidade: Interações entre organismos e ambiente
11201811900;NA2ESTG020-17SB;Sistemas e Processos de Produção
11201811097;DAMCTA014-15SA;Inteligência Artificial A-Matutino (Santo André)
11202321610;NABHQ0004-19SB;Estudos de Gênero
11201811624;NA2BCN0405-15SA;Introdução às Equações Diferenciais Ordinárias
11201920561;DA1ESHR026-14SB;História do Terceiro Mundo A1-Matutino (São Bernardo)
11202322252;DA1BIS0003-15SA;Bases Matemáticas A1-Matutino (Santo André)
11201921164;NA1ESZE078-17SA;Regulação e Mercado de Energia Elétrica
11202231867;NA1NHZ3008-22SA;Evolução da Física I
11202230895;DB1BIR0603-15SA;Ciência, Tecnologia e Sociedade B1-Matutino (Santo André)
11201722706;DA2BCJ0203-15SA;Fenômenos Eletromagnéticos A2-Matutino (Santo André)
11201722706;NA5BCJ0204-15SA;Fenômenos Mecânicos
11201722706;DA2BCN0405-15SA;Introdução às Equações Diferenciais Ordinárias A2-Matutino (Santo André)
11201810290;DAESTG008-17SB;Gerência de Ativos A-Matutino (São Bernardo)
11202231988;NB1BIQ0602-15SA;Estrutura e Dinâmica Social
11202210041;DA1BCS0002-15SA;Projeto Dirigido A1-Matutino (Santo André)
11202231407;DB3BCL0307-15SA;Transformações Químicas B3-Matutino (Santo André)
11201722831;DA1ESHP026-14SB;Participação, Movimentos Sociais e Políticas Públicas A1-Matutino (São Bernardo)
11202020618;DA1NHT4007-15SA;Espectroscopia A1-Matutino (Santo André)
11201922325;DANHZ6009-18SA;Biologia Sintética A-Matutino (Santo André)
11201922325;NA1MCZC019-20SB;Introdução à Neuroimunologia
11201922221;NA1NHZ5016-15SB;História da Educação
11201922221;NA1MCTC002-15SB;Introdução à Neurociência
11202111716;DA1ESHR025-14SB;Política Externa Brasileira Contemporânea A1-Matutino (São Bernardo)
11202231215;DB1BHS0007-23SB;Panorama internacional do ABC B1-Matutino (São Bernardo)
11202320309;DA1BCN0402-15SB;Funções de Uma Variável A1-Matutino (São Bernardo)
11202230988;DB1BCL0306-15SB;Biodiversidade: Interações entre organismos e ambiente B1-Matutino (São Bernardo)
11202111160;NA1ESZE078-17SA;Regulação e Mercado de Energia Elétrica
11202111160;NA1ESTE027-17SA;Laboratório de Calor e Fluidos
11202111160;NA1LIE0001-19SA;Metodologias de Pesquisa em Educação
11202111160;NA1ESTU011-17SA;Planejamento Urbano e Metropolitano
11201920456;DAMCTA004-17SA;Arquitetura de Computadores A-Matutino (Santo André)
11201811303;DB1BCL0307-15SB;Transformações Químicas B1-Matutino (São Bernardo)
11202231605;NB1BHO0102-15SB;Desenvolvimento e Sustentabilidade
11201811301;DAESZI030-17SA;Gerenciamento e Interoperabilidade de Redes A-Matutino (Santo André)
11201721038;NA1ESZG013-17SB;Empreendedorismo
11201721038;NANHZ2106-18SB;Filosofia da Ciência
11202230396;DB1BIR0603-15SA;Ciência, Tecnologia e Sociedade B1-Matutino (Santo André)
11202231178;DB1BIR0603-15SA;Ciência, Tecnologia e Sociedade B1-Matutino (Santo André)
11202332344;NA2BCL0306-15SB;Biodiversidade: Interações entre organismos e ambiente
11202021894;NAESTS010-17SB;Técnicas de Análise Estrutural e Projeto
11202230823;NA1BIQ0602-15SA;Estrutura e Dinâmica Social
11201921560;DA1ESTO004-17SB;Instrumentação e Controle A1-Matutino (São Bernardo)
11201811221;DA1ESTB010-17SB;Legislação Relacionada à Saúde A1-Matutino (São Bernardo)
11201921997;NA1ESHR027-21SB;África nas Relações Internacionais
11201921997;NA1BHS0008-23SB;Práticas Comunitárias em campo
11202130027;NA1NHZ4080-20SA;História da Química
11202232346;DC2MCTA028-15SA;Programação Estruturada C2-Matutino (Santo André)
11201920240;DANHZ6009-18SA;Biologia Sintética A-Matutino (Santo André)
11201920240;DA1MCZC013-15SB;Memória e Aprendizagem A1-Matutino (São Bernardo)
11201812342;NA1ESZM032-17SA;Biomateriais
11202130033;NANHI2049-13SA;Lógica Básica
11201810573;NA2ESHP004-13SB;Cidadania, Direitos e Desigualdades
11201811743;NA1NHI5011-13SB;Políticas Educacionais
11202231406;DA1ESHC018-17SB;Formação Econômica do Brasil A1-Matutino (São Bernardo)
11202232289;NA4BCN0402-15SA;Funções de Uma Variável
11202321385;DBBHO0002-19SB;Introdução ao Pensamento Econômico B-Matutino (São Bernardo)
11202321385;DA1BHP0202-15SB;Pensamento Crítico A1-Matutino (São Bernardo)
11202321385;DA1BIR0004-15SB;Bases Epistemológicas da Ciência Moderna A1-Matutino (São Bernardo)
11202130925;NA1ESZU036-17SA;Saúde, Determinantes Socioambientais e Equidade
11202321603;NA1BHO0101-15SB;Estado e Relações de Poder
11039816;DAESTG008-17SB;Gerência de Ativos A-Matutino (São Bernardo)
11202020064;NA1MCTB022-17SA;Sequências e Séries
11202020064;NB1NHZ5020-15SA;Educação inclusiva
11202022086;NA1NHZ5016-15SA;História da Educação
11201722457;NA2BCJ0203-15SB;Fenômenos Eletromagnéticos
11202322017;DANHZ6007-18SA;Segurança e Regulamentação em Biotecnologia A-Matutino (Santo André)
11202022155;NA1ESTG023-17SB;Organização do Trabalho
11201811864;NAMCZA046-17SA;Semântica de Linguagem de Programação
11202020676;NA1NHZ5016-15SA;História da Educação
11202021959;NAESTA022-17SA;Teoria de Acionamentos Elétricos
11201721138;DA1ESTG006-17SB;Engenharia Laboral A1-Matutino (São Bernardo)
11202230578;NB2BCJ0204-15SA;Fenômenos Mecânicos
11202021309;NB1MCTB009-17SA;Cálculo Numérico
11202021052;NA1ESTU025-17SA;Avaliação de Impactos Ambientais
11201811056;NA2BCM0504-15SB;Natureza da Informação
11201720262;NA1ESZU019-17SA;Transportes e Meio Ambiente
11202021643;DAMCTA027-17SA;Teoria dos Grafos A-Matutino (Santo André)
11201932495;DA1ESTU023-17SA;Biomas Brasileiros A1-Matutino (Santo André)
11201932495;NA2BIS0003-15SA;Bases Matemáticas
11202021207;NAMCZA017-13SA;Processamento de Linguagem Natural
11101513;NA1ESTO016-17SA;Fenômenos de Transporte
21051616;NA2ESTE019-17SA;Instalações Elétricas I
11002216;NAMCTA017-17SA;Programação Matemática
11002216;NB1MCTB009-17SA;Cálculo Numérico
21057112;NA1NHT3013-15SA;Física Térmica
11202021417;NB3BCN0402-15SA;Funções de Uma Variável
11034816;DA1NHZ5014-15SA;Questões Atuais no Ensino de Ciências A1-Matutino (Santo André)
11034816;NA1ESTU026-17SA;Caracterização de Matrizes Ambientais
11034816;DA1ESTU023-17SA;Biomas Brasileiros A1-Matutino (Santo André)
11202020517;NANHZ1074-15SA;Astrobiologia
11202021696;NA1ESTO001-17SA;Circuitos Elétricos e Fotônica
11202321390;DB8BCJ0204-15SA;Fenômenos Mecânicos B8-Matutino (Santo André)
11201720792;DA1MCZA025-13SA;Segurança em Redes A1-Matutino (Santo André)
11202310017;NB2BCM0505-22SA;Processamento da Informação
11202130453;NA1BCN0407-15SA;Funções de Várias Variáveis
11201921832;NB1ESTO013-17SA;Engenharia Econômica
11202231322;NA1BIR0004-15SB;Bases Epistemológicas da Ciência Moderna
11201920759;NB1BHQ0003-15SB;Interpretações do Brasil
11201922377;NC1BCL0307-15SA;Transformações Químicas
11201810415;DB1ESTB018-17SB;Computação Científica aplicada a Problemas Biológicos B1-Matutino (São Bernardo)
11201921852;DA1ESZG013-17SB;Empreendedorismo A1-Matutino (São Bernardo)
11202321145;DB2BCN0404-15SA;Geometria Analítica B2-Matutino (Santo André)
11201812275;NA1BCN0407-15SB;Funções de Várias Variáveis
11202020777;DA1ESZU023-17SA;Recursos Hídricos A1-Matutino (Santo André)
11202232270;DABHQ0004-19SB;Estudos de Gênero A-Matutino (São Bernardo)
11202130277;NANHI2049-13SA;Lógica Básica
11201920895;NAESZI014-17SA;Sistemas Inteligentes
11201921125;NA2ESTO902-17SA;Engenharia Unificada I
11202130936;NA1BHS0008-23SB;Práticas Comunitárias em campo
11201932486;NA1BHQ0003-15SB;Interpretações do Brasil
11201920505;DA1ESZU019-17SA;Transportes e Meio Ambiente A1-Matutino (Santo André)
11201920505;DAESZA005-17SA;Processadores Digitais em Controle e Automação A-Matutino (Santo André)
11202310105;NA1BHO0102-15SB;Desenvolvimento e Sustentabilidade
11201922156;NAESTI017-17SA;Fundamentos de Eletromagnetismo Aplicado
11201922156;NB2ESTO902-17SA;Engenharia Unificada I
11201922328;NA1NHZ5020-15SA;Educação inclusiva
11201922328;NAESTA010-17SA;Sensores e Transdutores
11202230836;DA1MCZA025-13SA;Segurança em Redes A1-Matutino (Santo André)
11201921318;NA1BCJ0203-15SA;Fenômenos Eletromagnéticos
11202310037;NA1ESHR027-21SB;África nas Relações Internacionais
11202310037;NB2BIR0004-15SB;Bases Epistemológicas da Ciência Moderna
11201810398;NA2BIR0603-15SB;Ciência, Tecnologia e Sociedade
11201810398;NA1ESTE019-17SA;Instalações Elétricas I
11201810398;NA1ESTA002-17SB;Circuitos Elétricos I
11201720490;NAMCTA017-17SA;Programação Matemática
11201720490;NAMCZA014-17SA;Métodos de Otimização
11201921562;NA2BCM0504-15SA;Natureza da Informação
11201921562;NB5BCL0307-15SA;Transformações Químicas
11035316;NA1NHT3055-13SA;Teoria Eletromagnética
11202021200;NANHT3027-15SA;Laboratório de Física I
11202232020;DA1ESZU016-17SA;Questões Ambientais Globais A1-Matutino (Santo André)
11201722998;DA1ESTI002-17SA;Eletrônica Digital A1-Matutino (Santo André)
11202130722;DA1BHS0008-23SB;Práticas Comunitárias em campo A1-Matutino (São Bernardo)
11202231266;NB1BCN0402-15SA;Funções de Uma Variável
11201920811;NA1ESZE078-17SA;Regulação e Mercado de Energia Elétrica
11201920811;NA1MCZB035-17SA;Evolução dos Conceitos Matemáticos
11202020180;DA1BCS0002-15SA;Projeto Dirigido A1-Matutino (Santo André)
11202020180;DB1ESTO902-17SA;Engenharia Unificada I B1-Matutino (Santo André)
11202021706;NA1ESZE078-17SA;Regulação e Mercado de Energia Elétrica
11202021706;NAESTI005-17SA;Sinais Aleatórios
11202020316;DA1ESTM014-17SA;Caracterização de Materiais A1-Matutino (Santo André)
11202020316;DA2ESTO903-17SA;Engenharia Unificada II A2-Matutino (Santo André)
11202020316;NA2ESTO006-17SA;Materiais e Suas Propriedades
11201920400;NAESZG006-17SB;Pesquisa Operacional Aplicada
11202020324;DB1BCS0002-15SA;Projeto Dirigido B1-Matutino (Santo André)
11202020324;NA1NHI5011-13SA;Políticas Educacionais
13201812297;NA1BIL0304-15SA;Evolução e Diversificação da Vida na Terra
11201921074;NA1ESHC024-19SB;Macroeconomia III
11201921111;NA1NHI5015-15SB;LIBRAS
11202020746;DA1ESHC034-21SB;Economia do Meio Ambiente A1-Matutino (São Bernardo)
11202321423;DA1NHI5015-15SB;LIBRAS A1-Matutino (São Bernardo)
11202230665;ND2BCM0506-15SA;Comunicação e Redes
11201811265;NAMCZA035-17SA;Algoritmos Probabilísticos
11201811265;NAMCZA017-13SA;Processamento de Linguagem Natural
11201811265;NAMCZA014-17SA;Métodos de Otimização
11201811265;NAMCTA017-17SA;Programação Matemática
11201722853;NAESTS015-17SB;Combustão I
11202130815;DA1NHZ3091-22SA;Conhecimento Físico e Linguagens A1-Matutino (Santo André)
11201921773;NA1ESZS019-17SB;Aerodinâmica II
11201921773;DA1LHZ0010-19SB;Educação Não Formal, Informal e Popular A1-Matutino (São Bernardo)
21022615;DA1MCZC019-20SB;Introdução à Neuroimunologia A1-Matutino (São Bernardo)
11202332425;DA1LIE0001-19SA;Metodologias de Pesquisa em Educação A1-Matutino (Santo André)
11202332425;DA1NHZ5019-15SA;Tecnologias da Informação e Comunicação na Educação A1-Matutino (Santo André)
11202332425;DA1NHZ5016-15SA;História da Educação A1-Matutino (Santo André)
11202332425;DA1NHI5011-13SA;Políticas Educacionais A1-Matutino (Santo André)
11202332425;DA4BCL0306-15SA;Biodiversidade: Interações entre organismos e ambiente A4-Matutino (Santo André)
11201721252;NC3BCJ0203-15SA;Fenômenos Eletromagnéticos
11202020313;DA1ESHP022-14SB;Cultura Política A1-Matutino (São Bernardo)
11202020313;DA1ESHP024-22SB;Métodos Qualitativos e Desenho de Pesquisa para o TCC de Políticas Públicas A1-Matutino (São Bernardo)
11202321411;NA2BIR0603-15SB;Ciência, Tecnologia e Sociedade
11202321121;DA2BCJ0204-15SA;Fenômenos Mecânicos A2-Matutino (Santo André)
11202321121;DA1ESTO013-17SA;Engenharia Econômica A1-Matutino (Santo André)
11202321121;DA1NHZ1091-19SA;Educação em Saúde A1-Matutino (Santo André)
11202321121;DA2BCN0402-15SA;Funções de Uma Variável A2-Matutino (Santo André)
11202321121;DA2MCTB009-17SA;Cálculo Numérico A2-Matutino (Santo André)
11202321121;DA1NHZ6001-18SA;Fundamentos da Biotecnologia A1-Matutino (Santo André)
11202321121;DAESZI031-17SA;Segurança de Redes A-Matutino (Santo André)
11059615;DAESTE023-17SA;Transferência de Calor II A-Matutino (Santo André)
11202232275;NA2BIS0003-15SA;Bases Matemáticas
11202020533;NA1ESZP038-14SB;Políticas de saúde
11202231412;DA1ESHT023-17SB;Sociologia dos Territórios A1-Matutino (São Bernardo)
11201921767;DA3BCJ0203-15SA;Fenômenos Eletromagnéticos A3-Matutino (Santo André)
11202111187;DB1BCS0002-15SA;Projeto Dirigido B1-Matutino (Santo André)
11202111790;DA1BIR0603-15SA;Ciência, Tecnologia e Sociedade A1-Matutino (Santo André)
11202130201;DA1BIR0603-15SA;Ciência, Tecnologia e Sociedade A1-Matutino (Santo André)
11202130201;DD1BCM0506-15SA;Comunicação e Redes D1-Matutino (Santo André)
11202130201;DB2BCN0402-15SA;Funções de Uma Variável B2-Matutino (Santo André)
11202020292;NA1BIR0004-15SB;Bases Epistemológicas da Ciência Moderna
11201811291;NAMCZA014-17SA;Métodos de Otimização
11202232136;DA1ESTO012-17SA;Princípios de Administração A1-Matutino (Santo André)
11201921059;DA1ESZG012-17SB;Projetos Industriais A1-Matutino (São Bernardo)
11201921059;ND1ESTO903-17SB;Engenharia Unificada II
11202131183;NA1ESHC031-17SB;Macroeconomia Pós-Keynesiana
11201921323;NAESTS010-17SB;Técnicas de Análise Estrutural e Projeto
11202130343;NA1BIQ0602-15SA;Estrutura e Dinâmica Social
11202130343;NA1BCM0506-15SA;Comunicação e Redes
11202321435;NA2BIS0003-15SB;Bases Matemáticas
11202231973;DA2MCTA028-15SA;Programação Estruturada A2-Matutino (Santo André)
11202231973;DA1BCM0504-15SA;Natureza da Informação A1-Matutino (Santo André)
11202230532;NA2BCJ0203-15SB;Fenômenos Eletromagnéticos
11202131218;NA2MCTB009-17SA;Cálculo Numérico
11202321458;DB2ESTO006-17SA;Materiais e Suas Propriedades B2-Matutino (Santo André)
11201810688;NA1ESHC027-21SB;Economia Matemática
11202131220;DA1BIN0406-15SB;Introdução à Probabilidade e à Estatística A1-Matutino (São Bernardo)
11202130367;DB2ESTO903-17SA;Engenharia Unificada II B2-Matutino (Santo André)
11202111193;NA1MCZC016-15SB;Neurociência da Cognição Musical
11202332430;NA1LHZ0038-22SB;História e Gênero
11202332430;NA1BHO0102-15SB;Desenvolvimento e Sustentabilidade
11201720518;NA2BCJ0203-15SA;Fenômenos Eletromagnéticos
11202111989;NB1BCM0505-22SB;Processamento da Informação
11201921003;DA1BCS0002-15SB;Projeto Dirigido A1-Matutino (São Bernardo)
11202020775;DA1ESHC018-17SB;Formação Econômica do Brasil A1-Matutino (São Bernardo)
11202130403;DA1ESHC031-17SB;Macroeconomia Pós-Keynesiana A1-Matutino (São Bernardo)
11012215;NA1MCZB015-13SA;Introdução à Criptografia
11012215;NAMCZA017-13SA;Processamento de Linguagem Natural
11201811736;NANHT1030-15SA;Geologia e Paleontologia
11202320855;NB1BIQ0602-15SA;Estrutura e Dinâmica Social
11201722452;NA1NHI5011-13SB;Políticas Educacionais
11202230904;DA1ESTO012-17SA;Princípios de Administração A1-Matutino (Santo André)
11201920326;NA1BCN0402-15SB;Funções de Uma Variável
11015216;NANHT3066-15SA;Variáveis complexas e aplicações
11015216;NAMCZB018-13SA;Introdução à Modelagem e Processos Estocásticos
11015216;NA2MCTC007-20SB;Comunicação Científica
11007314;DAMCTA017-17SA;Programação Matemática A-Matutino (Santo André)
11201722825;DB2BCJ0203-15SB;Fenômenos Eletromagnéticos B2-Matutino (São Bernardo)
11201812096;NAESTA014-17SA;Sistemas CAD/CAM
11201812096;NA1NHZ6003-18SA;Nanobiotecnologia
11201812096;NA1NHT1084-16SA;Práticas de Ensino de Biologia II
11202111636;NB1ESTO013-17SA;Engenharia Econômica
11202111636;NA1MCZB035-17SA;Evolução dos Conceitos Matemáticos
11202231119;NA1ESHR017-21SB;Organizações Internacionais e Multilateralismo
11201921843;NB2BCL0307-15SA;Transformações Químicas
11201722470;NA1ESZE078-17SA;Regulação e Mercado de Energia Elétrica
11202231559;NA1BHO1102-19SB;Introdução à Economia
11022115;DA1NHZ5019-15SA;Tecnologias da Informação e Comunicação na Educação A1-Matutino (Santo André)
11202332345;NA1BIN0406-15SB;Introdução à Probabilidade e à Estatística
11201920884;DA1ESZM001-17SA;Seminários em Materiais Avançados A1-Matutino (Santo André)
11202020763;NA1BCN0405-15SB;Introdução às Equações Diferenciais Ordinárias
11202230803;NA2BCJ0203-15SA;Fenômenos Eletromagnéticos
11201810140;NAMCTA017-17SA;Programação Matemática
11201922320;NA1MCTC024-15SB;Neuroetologia
11202231500;DA1ESHR002-21SB;Temas de Direito Internacional Público A1-Matutino (São Bernardo)
11202231500;NA1ESHR027-21SB;África nas Relações Internacionais
11201921725;NAMCTC014-13SA;Introdução à Inferência Estatística
11201921725;NAESTI005-17SA;Sinais Aleatórios
11100115;DA2MCTA028-15SA;Programação Estruturada A2-Matutino (Santo André)
11202232340;ND2BCM0506-15SA;Comunicação e Redes
11201811187;NA1ESHP018-14SB;Políticas Sociais
11202231836;DA1BIR0004-15SB;Bases Epistemológicas da Ciência Moderna A1-Matutino (São Bernardo)
11202130242;NB1ESTO012-17SB;Princípios de Administração
11202232337;DA1BHO1102-19SB;Introdução à Economia A1-Matutino (São Bernardo)
11202321739;NA3BCM0504-15SA;Natureza da Informação
11202321739;NA2BIR0004-15SA;Bases Epistemológicas da Ciência Moderna
11201932571;DA1ESZU013-17SA;Logística e Meio Ambiente A1-Matutino (Santo André)
11202131756;DB1NHZ6001-18SA;Fundamentos da Biotecnologia B1-Matutino (Santo André)
11202231058;DB2BIR0004-15SB;Bases Epistemológicas da Ciência Moderna B2-Matutino (São Bernardo)
11202230508;NA1ESHT023-17SB;Sociologia dos Territórios
11202130280;NB1BHO1102-19SB;Introdução à Economia
11202130287;NA1ESTU023-17SA;Biomas Brasileiros
11202130294;DA1BCS0002-15SA;Projeto Dirigido A1-Matutino (Santo André)
11202021909;DA1ESHP004-13SB;Cidadania, Direitos e Desigualdades A1-Matutino (São Bernardo)
11202021909;DA1BHS0008-23SB;Práticas Comunitárias em campo A1-Matutino (São Bernardo)
11201932452;DA1ESHC030-17SB;Desigualdades de Raça, Gênero e Renda A1-Matutino (São Bernardo)
11202231513;NA1BCN0404-15SA;Geometria Analítica
11202231513;NA3BCM0504-15SA;Natureza da Informação
11201812365;DANHT3064-15SA;Física Ondulatória A-Matutino (Santo André)
11201812365;DANHT3066-15SA;Variáveis complexas e aplicações A-Matutino (Santo André)
11202020204;NA1NHT4051-15SA;Química Analítica Clássica I
11202020918;NA1MCZC019-20SB;Introdução à Neuroimunologia
11202320627;DBBHO0002-19SB;Introdução ao Pensamento Econômico B-Matutino (São Bernardo)
11202212475;DA1ESHT021-17SB;Política Urbana A1-Matutino (São Bernardo)
11202111112;DANHZ2112-18SB;Epistemologia Feminista A-Matutino (São Bernardo)
11202020082;NA1ESHC040-21SB;Relações Monetárias e Financeiras Internacionais
11202321591;DB1NHZ6001-18SA;Fundamentos da Biotecnologia B1-Matutino (Santo André)
11201932460;NA1ESHT021-17SB;Política Urbana
11202020026;DA1ESHR030-21SB;Estudos Estratégicos e Defesa A1-Matutino (São Bernardo)
11202020026;NA1ESHR018-21SB;Atores Não Estatais e as Relações Internacionais
11202021777;NA2ESTU026-17SA;Caracterização de Matrizes Ambientais
11202130259;DA1ESHR027-21SB;África nas Relações Internacionais A1-Matutino (São Bernardo)
11201811424;NA1LHZ0040-22SB;Ensino de História da África
11202321574;DA1BCL0306-15SB;Biodiversidade: Interações entre organismos e ambiente A1-Matutino (São Bernardo)
11201920482;DD1BCM0506-15SA;Comunicação e Redes D1-Matutino (Santo André)
11201810958;DAESTE034-17SA;Engenharia de Biocombustíveis A-Matutino (Santo André)
11025013;DAMCTA027-17SA;Teoria dos Grafos A-Matutino (Santo André)
11025013;DBMCTA008-17SA;Computação Gráfica B-Matutino (Santo André)
11202321865;DB1BHO0101-15SB;Estado e Relações de Poder B1-Matutino (São Bernardo)
11202321865;DABHQ0004-19SB;Estudos de Gênero A-Matutino (São Bernardo)
11201811863;DA1LHZ0010-19SB;Educação Não Formal, Informal e Popular A1-Matutino (São Bernardo)
11202021047;NA1MCZB015-13SA;Introdução à Criptografia
11202320653;DB1BCN0404-15SB;Geometria Analítica B1-Matutino (São Bernardo)
11052814;NAESTE035-17SA;Engenharia Eólica
11201920834;NA1ESHT010-17SB;Métodos de Planejamento
11202131242;DANHZ2013-11SB;Filosofia Brasileira: História e Problemas A-Matutino (São Bernardo)
11202020774;NA2BIS0003-15SB;Bases Matemáticas
11201810127;DB1BHS0007-23SB;Panorama internacional do ABC B1-Matutino (São Bernardo)
11201810127;NA1BHS0008-23SB;Práticas Comunitárias em campo
11202321678;DA1MCTC002-15SB;Introdução à Neurociência A1-Matutino (São Bernardo)
11201920132;NA1NHZ6010-18SA;Genômica e Pós-Genômica
11202320657;DB3BCN0402-15SA;Funções de Uma Variável B3-Matutino (Santo André)
11202230729;DA1NHZ6001-18SA;Fundamentos da Biotecnologia A1-Matutino (Santo André)
11202130459;DA1ESZG013-17SB;Empreendedorismo A1-Matutino (São Bernardo)
11202231075;NA1BHO0102-15SB;Desenvolvimento e Sustentabilidade
11201822401;NA2BCL0306-15SA;Biodiversidade: Interações entre organismos e ambiente
11202332371;DB2BCN0405-15SA;Introdução às Equações Diferenciais Ordinárias B2-Matutino (Santo André)
11202231873;NB2BCN0404-15SA;Geometria Analítica
11202231873;NB2BCM0504-15SA;Natureza da Informação
11202231873;NA2BIS0003-15SA;Bases Matemáticas
11202231873;NB3BCL0306-15SA;Biodiversidade: Interações entre organismos e ambiente
11202020258;NAESZE104-17SA;Energia Geotérmica
21004016;NANHT3064-15SA;Física Ondulatória
21004016;NANHZ1074-15SA;Astrobiologia
11202020172;DA1ESZM001-17SA;Seminários em Materiais Avançados A1-Matutino (Santo André)
11202021188;DA1NHI5015-15SB;LIBRAS A1-Matutino (São Bernardo)
11202021758;NAMCZA017-13SA;Processamento de Linguagem Natural
11202021758;NAMCZA035-17SA;Algoritmos Probabilísticos
11201811395;NB1BIQ0602-15SB;Estrutura e Dinâmica Social
11202022284;NA2BCM0505-22SA;Processamento da Informação
11202021323;NA1ESHC027-21SB;Economia Matemática
11202130782;DANHZ6009-18SA;Biologia Sintética A-Matutino (Santo André)
11202020643;NA2MCTC007-20SB;Comunicação Científica
11202020643;NA1MCTC002-15SB;Introdução à Neurociência
11202111119;DANHZ1024-15SA;Etnofarmacologia A-Matutino (Santo André)
11202111119;DANHZ2013-11SB;Filosofia Brasileira: História e Problemas A-Matutino (São Bernardo)
21021515;NA1ESZU013-17SA;Logística e Meio Ambiente
11201921622;NAESZE045-17SA;Resíduos Nucleares
11201720354;DAMCTA017-17SA;Programação Matemática A-Matutino (Santo André)
11202130784;NA1MCTB023-17SA;Teoria Aritmética dos Números
11202130784;NA1MCZB035-17SA;Evolução dos Conceitos Matemáticos
11201722657;NAESZI014-17SA;Sistemas Inteligentes
11201921937;DA1ESHR030-21SB;Estudos Estratégicos e Defesa A1-Matutino (São Bernardo)
11202130785;DANHZ6007-18SA;Segurança e Regulamentação em Biotecnologia A-Matutino (Santo André)
11202130785;DA1NHZ1091-19SA;Educação em Saúde A1-Matutino (Santo André)
11202320634;NB3BCN0402-15SA;Funções de Uma Variável
11201932498;DA1NHT1053-15SA;Biologia Celular A1-Matutino (Santo André)
11202320937;NA2BCM0504-15SA;Natureza da Informação
11201920380;DA1ESHT005-17SB;Economia do Território A1-Matutino (São Bernardo)
11202231683;DA1NHZ5014-15SA;Questões Atuais no Ensino de Ciências A1-Matutino (Santo André)
21086214;NANHH2026-13SB;Filosofia no Brasil e na América Latina
21086214;NANHH2040-13SB;História da Filosofia Moderna: o Iluminismo e seus desdobramentos
21086214;DA1BHO1102-19SB;Introdução à Economia A1-Matutino (São Bernardo)
21086214;DA1BHQ0003-15SB;Interpretações do Brasil A1-Matutino (São Bernardo)
21086214;DA1ESHR026-14SB;História do Terceiro Mundo A1-Matutino (São Bernardo)
11201920618;DA1ESTG006-17SB;Engenharia Laboral A1-Matutino (São Bernardo)
13201910019;NANHZ2109-18SB;Teoria das Ciências Humanas
11202231039;ND2BCM0506-15SA;Comunicação e Redes
11202020165;NA2ESTA002-17SB;Circuitos Elétricos I
11202020165;NA1BCN0402-15SA;Funções de Uma Variável
11202020179;DAMCTA004-17SA;Arquitetura de Computadores A-Matutino (Santo André)
11201812271;NA1ESTG025-17SB;Propriedade Intelectual
11202310107;NB1BCM0506-15SB;Comunicação e Redes
11201822489;NC1MCTA028-15SA;Programação Estruturada
11201920845;NB1NHZ5020-15SA;Educação inclusiva
11201920845;NA1ESTO013-17SA;Engenharia Econômica
11201920845;NA1ESTU023-17SA;Biomas Brasileiros
21079714;DA1NHZ4080-20SA;História da Química A1-Matutino (Santo André)
11202231743;NA1BHO0102-15SB;Desenvolvimento e Sustentabilidade
11201920678;DA1ESZS016-17SB;Análise Experimental de Estruturas A1-Matutino (São Bernardo)
11201920678;NA1ESTO903-17SB;Engenharia Unificada II
11032616;NANHT3054-15SA;Teoria da Relatividade
11201922148;NA1ESHR026-14SB;História do Terceiro Mundo
11201922148;NA1ESHP027-14SB;Poder Local
11202320608;DA1BCM0504-15SB;Natureza da Informação A1-Matutino (São Bernardo)
11202320608;DA2BCN0402-15SA;Funções de Uma Variável A2-Matutino (Santo André)
11202320608;NAESZU035-17SA;Geomorfologia
11201811821;NA2BCN0404-15SA;Geometria Analítica
11201921697;DA1NHZ1091-19SA;Educação em Saúde A1-Matutino (Santo André)
11202231231;NA1MCTC002-15SB;Introdução à Neurociência
11202021230;NB1ESTO902-17SA;Engenharia Unificada I
11202321261;DB1BIR0603-15SB;Ciência, Tecnologia e Sociedade B1-Matutino (São Bernardo)
11202231309;DA1BCN0402-15SB;Funções de Uma Variável A1-Matutino (São Bernardo)
11202332355;NB1BIQ0602-15SB;Estrutura e Dinâmica Social
11202332355;NA1BIR0603-15SB;Ciência, Tecnologia e Sociedade
11201921124;DC1ESTO903-17SB;Engenharia Unificada II C1-Matutino (São Bernardo)
11201920583;NA1MCTC022-15SB;Processamento de Sinais Neurais
11201810690;NA1NHI5011-13SA;Políticas Educacionais
11202020207;NB1MCTB009-17SB;Cálculo Numérico
21085115;DA1ESHC040-21SB;Relações Monetárias e Financeiras Internacionais A1-Matutino (São Bernardo)
11046415;NB1MCTA028-15SA;Programação Estruturada
11201822546;DA1ESTM019-17SA;Propriedades Elétricas, Magnéticas e Ópticas A1-Matutino (Santo André)
11202130872;NANHI2049-13SA;Lógica Básica
11201921962;NA1ESHC040-21SB;Relações Monetárias e Financeiras Internacionais
11202112054;DB3BCN0404-15SA;Geometria Analítica B3-Matutino (Santo André)
11202332337;DD1BCM0506-15SA;Comunicação e Redes D1-Matutino (Santo André)
11201810089;NB1NHZ5020-15SA;Educação inclusiva
11201810089;NA1ESHP007-13SB;Federalismo e Políticas Públicas
11201810089;NA4BCL0306-15SA;Biodiversidade: Interações entre organismos e ambiente
11201810089;NA1LIE0001-19SA;Metodologias de Pesquisa em Educação
11201920625;NA1NHT4051-15SA;Química Analítica Clássica I
11201920625;NA2NHZ5020-15SA;Educação inclusiva
11201921641;NA1LHZ0040-22SB;Ensino de História da África
11201921292;NA2MCTA037-17SA;Banco de Dados
11201932457;NA2BCN0404-15SB;Geometria Analítica
11202020261;DC1ESTO013-17SA;Engenharia Econômica C1-Matutino (Santo André)
11202020505;DAESTI005-17SA;Sinais Aleatórios A-Matutino (Santo André)
11202020726;NAMCTC014-13SA;Introdução à Inferência Estatística
11201723076;DB1MCTB009-17SA;Cálculo Numérico B1-Matutino (Santo André)
11202232019;NC1BCM0506-15SA;Comunicação e Redes
11202130881;NA2ESTO012-17SB;Princípios de Administração
11201810083;NA1NHT1084-16SA;Práticas de Ensino de Biologia II
11202321079;DA1BHQ0003-15SB;Interpretações do Brasil A1-Matutino (São Bernardo)
11202131023;DA1BIR0603-15SB;Ciência, Tecnologia e Sociedade A1-Matutino (São Bernardo)
11202022013;NA1ESHP022-14SB;Cultura Política
11202022013;NA1ESZG041-17SB;Gestão da Inovação
11202021735;DB2BCL0306-15SA;Biodiversidade: Interações entre organismos e ambiente B2-Matutino (Santo André)
11202111714;DANHZ1015-15SA;Citogenética Básica A-Matutino (Santo André)
13201910015;NA1ESHP018-14SB;Políticas Sociais
13201910015;NA1ESHP027-14SB;Poder Local
13201910015;NA2ESHP004-13SB;Cidadania, Direitos e Desigualdades
11202321795;DB1BCL0306-15SB;Biodiversidade: Interações entre organismos e ambiente B1-Matutino (São Bernardo)
11202130884;DA1ESTA004-17SA;Circuitos Elétricos II A1-Matutino (Santo André)
11202130884;DA1ESTO012-17SA;Princípios de Administração A1-Matutino (Santo André)
11201722328;DA1ESHP026-14SB;Participação, Movimentos Sociais e Políticas Públicas A1-Matutino (São Bernardo)
11201722328;DANHZ2013-11SB;Filosofia Brasileira: História e Problemas A-Matutino (São Bernardo)
11202020987;NA1ESZU013-17SA;Logística e Meio Ambiente
11201920171;NA1BCN0402-15SA;Funções de Uma Variável
11202332365;DA1MCTC022-15SB;Processamento de Sinais Neurais A1-Matutino (São Bernardo)
11201721741;NB1ESTO903-17SB;Engenharia Unificada II
11202112006;NA1MCTC011-15SB;Psicologia Cognitiva
21068416;NA1ESHP027-14SB;Poder Local
11202112050;NA1ESZG013-17SB;Empreendedorismo
11202021210;ND1ESTO903-17SB;Engenharia Unificada II
11202230213;DA2BIR0004-15SB;Bases Epistemológicas da Ciência Moderna A2-Matutino (São Bernardo)
11202230213;DA1BHO0102-15SB;Desenvolvimento e Sustentabilidade A1-Matutino (São Bernardo)
11202230213;DA1BHP0202-15SB;Pensamento Crítico A1-Matutino (São Bernardo)
11202130947;NA1ESTA019-17SA;Projeto Assistido por Computador
11201812157;DANHT3090-15SA;Práticas de Ensino de Física II A-Matutino (Santo André)
11201921279;DANHT1068-15SA;Evolução e Diversidade de Plantas II A-Matutino (Santo André)
11201810364;NANHZ2109-18SB;Teoria das Ciências Humanas
11201810364;DB1NHZ2054-18SB;Pensamento Nietzscheano e seus Desdobramentos Contemporâneos B1-Matutino (São Bernardo)
11201810923;DA1BCN0407-15SA;Funções de Várias Variáveis A1-Matutino (Santo André)
11201810923;DD1BCM0506-15SA;Comunicação e Redes D1-Matutino (Santo André)
11201920588;DA1ESTG006-17SB;Engenharia Laboral A1-Matutino (São Bernardo)
11202130949;DB1BHS0007-23SB;Panorama internacional do ABC B1-Matutino (São Bernardo)
11201921784;DA1ESZU024-17SA;Clima Urbano A1-Matutino (Santo André)
11088616;NB1BCS0002-15SA;Projeto Dirigido
11202232330;DA2BCJ0203-15SB;Fenômenos Eletromagnéticos A2-Matutino (São Bernardo)
11202131035;NA1ESHT001-17SB;Arranjos Institucionais e Marco Regulatório do Território
11202131035;NA1ESHT019-17SB;Planejamento e Política Rural
21026616;DA1ESHP027-14SB;Poder Local A1-Matutino (São Bernardo)
11202111992;DA2ESTO006-17SB;Materiais e Suas Propriedades A2-Matutino (São Bernardo)
11202020138;DA2MCTA037-17SA;Banco de Dados A2-Matutino (Santo André)
11031715;NA1MCZA025-13SA;Segurança em Redes
11202231162;NB2BCN0405-15SA;Introdução às Equações Diferenciais Ordinárias
11201921368;DA1ESHC039-17SB;Questões Metodológicas em Economia A1-Matutino (São Bernardo)
11201921368;NA2ESTO012-17SB;Princípios de Administração
11201811472;NAESZI028-17SA;TV Digital
11201810062;NA1MCTC022-15SB;Processamento de Sinais Neurais
11202130955;NA1BCN0404-15SB;Geometria Analítica
11202130955;NA2BCN0402-15SB;Funções de Uma Variável
11201912415;NA1ESTB010-17SB;Legislação Relacionada à Saúde
11201920674;NA2ESHP004-13SB;Cidadania, Direitos e Desigualdades
11201920674;DALHE0004-19SB;Teoria da História I A-Matutino (São Bernardo)
11202021108;NA1ESTU029-17SA;Hidráulica de Condutos Livres
11202321720;NA1BIR0004-15SB;Bases Epistemológicas da Ciência Moderna
11202111960;NA3BCN0404-15SA;Geometria Analítica
11202321285;DA1ESHP004-13SB;Cidadania, Direitos e Desigualdades A1-Matutino (São Bernardo)
11202321285;DA1MCTC002-15SB;Introdução à Neurociência A1-Matutino (São Bernardo)
11202321285;DA1BHS0004-23SB;Encontros sobre Gênero e Sexualidades A1-Matutino (São Bernardo)
11202020434;DA1MCTB022-17SA;Sequências e Séries A1-Matutino (Santo André)
11202020434;DA1NHZ5019-15SA;Tecnologias da Informação e Comunicação na Educação A1-Matutino (Santo André)
11202231961;NA2ESTO011-17SA;Fundamentos de Desenho Técnico
11202321935;NB1BHQ0003-15SB;Interpretações do Brasil
11202130664;DAESZI031-17SA;Segurança de Redes A-Matutino (Santo André)
11202130664;DA1BIR0603-15SB;Ciência, Tecnologia e Sociedade A1-Matutino (São Bernardo)
11201810170;DA1ESTB010-17SB;Legislação Relacionada à Saúde A1-Matutino (São Bernardo)
11201810170;NA1ESZB031-17SB;Instalações Hospitalares
11202231466;NA2BCL0306-15SB;Biodiversidade: Interações entre organismos e ambiente
11202230618;DA1ESTU023-17SA;Biomas Brasileiros A1-Matutino (Santo André)
11202230618;DA1NHZ1091-19SA;Educação em Saúde A1-Matutino (Santo André)
11125315;DA1BCN0407-15SB;Funções de Várias Variáveis A1-Matutino (São Bernardo)
11125315;DB2BCJ0203-15SB;Fenômenos Eletromagnéticos B2-Matutino (São Bernardo)
11202230890;NB1BCN0405-15SB;Introdução às Equações Diferenciais Ordinárias
11201810722;NA1NHZ3008-22SA;Evolução da Física I
11202130666;NANHZ2106-18SB;Filosofia da Ciência
11202232327;NANHZ1009-15SA;Biologia Molecular e Biotecnologia
11202232225;NANHI2049-13SA;Lógica Básica
11063516;DA1ESTG017-17SB;Introdução aos Processos de Fabricação Metal - Mecânico A1-Matutino (São Bernardo)
11201922182;NA1ESTM010-17SA;Propriedades Mecânicas e Térmicas
11202130654;NA1NHZ5019-15SA;Tecnologias da Informação e Comunicação na Educação
11201922127;DA2MCTA037-17SA;Banco de Dados A2-Matutino (Santo André)
11201922127;NA1ESZU013-17SA;Logística e Meio Ambiente
11201922127;NAMCZA014-17SA;Métodos de Otimização
11201921192;DB1NHZ6001-18SA;Fundamentos da Biotecnologia B1-Matutino (Santo André)
11202021089;NA2MCTC007-20SB;Comunicação Científica
11202021089;NA2MCTC023-15SB;Neuroanatomia
11201721788;NA1ESZB031-17SB;Instalações Hospitalares
11201922366;NA1ESHR027-21SB;África nas Relações Internacionais
11202020501;NA1ESTO017-17SA;Métodos Experimentais em Engenharia
11201811010;DA1BCJ0203-15SA;Fenômenos Eletromagnéticos A1-Matutino (Santo André)
11113714;NA1ESTE019-17SA;Instalações Elétricas I
11202310011;NB1ESTO902-17SA;Engenharia Unificada I
11202321733;DA1BCN0402-15SA;Funções de Uma Variável A1-Matutino (Santo André)
11202321821;DB2BCN0404-15SA;Geometria Analítica B2-Matutino (Santo André)
11202321821;DB3BCN0402-15SA;Funções de Uma Variável B3-Matutino (Santo André)
11202321821;DB2BCN0405-15SA;Introdução às Equações Diferenciais Ordinárias B2-Matutino (Santo André)
11201920940;NA1BIN0406-15SB;Introdução à Probabilidade e à Estatística
11201920940;NB1ESTO013-17SA;Engenharia Econômica
11201920940;NA1ESHC027-21SB;Economia Matemática
11201722275;NA3BCL0306-15SA;Biodiversidade: Interações entre organismos e ambiente
11201812021;NA1BCJ0203-15SA;Fenômenos Eletromagnéticos
11202130090;DA1NHZ4080-20SA;História da Química A1-Matutino (Santo André)
11202130090;DA1NHT4051-15SA;Química Analítica Clássica I A1-Matutino (Santo André)
11202232281;DA1ESHR002-21SB;Temas de Direito Internacional Público A1-Matutino (São Bernardo)
11202232281;NA1ESHR006-13SB;Formação Histórica da América Latina
11202321076;DA1BHO0102-15SB;Desenvolvimento e Sustentabilidade A1-Matutino (São Bernardo)
11201920956;NA2ESTO004-17SB;Instrumentação e Controle
11201920956;NA1ESTB018-17SB;Computação Científica aplicada a Problemas Biológicos
11117216;DA2BCS0002-15SA;Projeto Dirigido A2-Matutino (Santo André)
11117216;DA2BCN0405-15SA;Introdução às Equações Diferenciais Ordinárias A2-Matutino (Santo André)
11117216;NA1BIN0406-15SB;Introdução à Probabilidade e à Estatística
11202130095;DA1ESTO013-17SA;Engenharia Econômica A1-Matutino (Santo André)
11202021250;NA1ESZE078-17SA;Regulação e Mercado de Energia Elétrica
11202021250;NA1ESTO005-17SB;Introdução às Engenharias
11202021250;NA1MCTB023-17SA;Teoria Aritmética dos Números
11202111827;NA1ESTO012-17SB;Princípios de Administração
11201920365;DA1ESTG017-17SB;Introdução aos Processos de Fabricação Metal - Mecânico A1-Matutino (São Bernardo)
11202021587;DAMCTA004-17SA;Arquitetura de Computadores A-Matutino (Santo André)
11202130640;DA1BCM0506-15SA;Comunicação e Redes A1-Matutino (Santo André)
11202130640;NAMCZA017-13SA;Processamento de Linguagem Natural
11202231850;NA1ESZU019-17SA;Transportes e Meio Ambiente
11202021206;NA1ESHT021-17SB;Política Urbana
11202022069;NA2ESHP004-13SB;Cidadania, Direitos e Desigualdades
11202231828;DA3BCN0402-15SA;Funções de Uma Variável A3-Matutino (Santo André)
11202230789;DA1LHZ0010-19SB;Educação Não Formal, Informal e Popular A1-Matutino (São Bernardo)
11201822412;NB2BCJ0203-15SA;Fenômenos Eletromagnéticos
11202230978;NA1BIS0003-15SA;Bases Matemáticas
11202321891;DA3BCJ0204-15SA;Fenômenos Mecânicos A3-Matutino (Santo André)
11202310096;NA1ESTO012-17SB;Princípios de Administração
11202310113;NANHH2040-13SB;História da Filosofia Moderna: o Iluminismo e seus desdobramentos
11202130750;DAESZS031-17SB;Placas e Cascas A-Matutino (São Bernardo)
11201932569;NA2BCN0402-15SA;Funções de Uma Variável
11202020259;NA1ESZS002-17SB;Aeronáutica II
11201721400;NA1ESHP026-14SB;Participação, Movimentos Sociais e Políticas Públicas
11201721400;NA1ESHT021-17SB;Política Urbana
11202020127;DC1ESTA002-17SA;Circuitos Elétricos I C1-Matutino (Santo André)
11202020127;DA1NHZ6003-18SA;Nanobiotecnologia A1-Matutino (Santo André)
11202020127;DC1ESTO903-17SB;Engenharia Unificada II C1-Matutino (São Bernardo)
11201723048;DA1NHT4017-15SA;Funções e Reações Orgânicas A1-Matutino (Santo André)
11201723048;NA1ESHT001-17SB;Arranjos Institucionais e Marco Regulatório do Território
11201723048;NA1ESHT007-17SB;Estudos do Meio Físico
11202130757;NA2ESTO017-17SA;Métodos Experimentais em Engenharia
11202130757;NA2MCTB009-17SA;Cálculo Numérico
11202130757;NBESTA014-17SA;Sistemas CAD/CAM
11202210075;DANHZ2013-11SB;Filosofia Brasileira: História e Problemas A-Matutino (São Bernardo)
11202210045;NB1BCJ0204-15SA;Fenômenos Mecânicos
11202231337;DA1BCM0506-15SA;Comunicação e Redes A1-Matutino (Santo André)
11202020123;NA1LHZ0040-22SB;Ensino de História da África
11202020123;DA1BIR0603-15SB;Ciência, Tecnologia e Sociedade A1-Matutino (São Bernardo)
11202321576;DB3BCJ0204-15SA;Fenômenos Mecânicos B3-Matutino (Santo André)
13201822595;NA1ESHT005-17SB;Economia do Território
11202020949;DB1BCS0002-15SA;Projeto Dirigido B1-Matutino (Santo André)
11202020949;DA1NHZ5020-15SA;Educação inclusiva A1-Matutino (Santo André)
11202020949;DA2MCTB009-17SA;Cálculo Numérico A2-Matutino (Santo André)
11202020949;DA1ESTO016-17SA;Fenômenos de Transporte A1-Matutino (Santo André)
11202020527;NAESTE028-17SA;Engenharia Nuclear
11202322265;NA3BCN0402-15SB;Funções de Uma Variável
11202021564;NB1BCS0002-15SA;Projeto Dirigido
11202230523;DA2MCTB009-17SA;Cálculo Numérico A2-Matutino (Santo André)
11202022250;NA1BHS0008-23SB;Práticas Comunitárias em campo
11202210021;DA1MCTD021-18SA;Fundamentos de Álgebra A1-Matutino (Santo André)
11202021167;DANHT1048-15SA;Sistemática e Biogeografia A-Matutino (Santo André)
11202021245;DB1MCTB001-17SA;Álgebra Linear B1-Matutino (Santo André)
11202021245;DA1NHZ5020-15SA;Educação inclusiva A1-Matutino (Santo André)
11201920417;NA2BCS0002-15SA;Projeto Dirigido
11202111164;NA1ESTU025-17SA;Avaliação de Impactos Ambientais
11202111164;NA1NHZ3008-22SA;Evolução da Física I
11202130769;DA1BIR0603-15SB;Ciência, Tecnologia e Sociedade A1-Matutino (São Bernardo)
11202130769;DA1BHO1102-19SB;Introdução à Economia A1-Matutino (São Bernardo)
11202022265;NA1ESZU013-17SA;Logística e Meio Ambiente
11202022265;NA1ESHT001-17SB;Arranjos Institucionais e Marco Regulatório do Território
21031016;NA1ESZP038-14SB;Políticas de saúde
11202232212;NB1BCM0505-22SA;Processamento da Informação
11202232212;NA2MCTA002-17SA;Algoritmos e Estruturas de Dados II
11201932516;NA1ESHC040-21SB;Relações Monetárias e Financeiras Internacionais
11201811401;NB1ESTO902-17SA;Engenharia Unificada I
11202022180;DA1ESTO016-17SB;Fenômenos de Transporte A1-Matutino (São Bernardo)
11202022180;DA1ESTG006-17SB;Engenharia Laboral A1-Matutino (São Bernardo)
11201932551;NA2BIR0004-15SB;Bases Epistemológicas da Ciência Moderna
11201932551;NA1BCM0506-15SB;Comunicação e Redes
11080716;NAMCTA017-17SA;Programação Matemática
11202111640;NB2BCL0307-15SA;Transformações Químicas
11201921390;NA1BCN0407-15SA;Funções de Várias Variáveis
11201921390;DANHZ1024-15SA;Etnofarmacologia A-Matutino (Santo André)
11201921390;NA1NHT1084-16SA;Práticas de Ensino de Biologia II
11201921390;DA1NHZ5020-15SA;Educação inclusiva A1-Matutino (Santo André)
11202021728;NB1ESTO013-17SA;Engenharia Econômica
11202021728;NA2MCTB009-17SA;Cálculo Numérico
11202130213;NB1BCM0506-15SA;Comunicação e Redes
11202022005;NB1BIS0003-15SA;Bases Matemáticas
11202021917;DA1ESZG032-17SB;Modelos e Ferramentas de Gestão Ambiental A1-Matutino (São Bernardo)
11202021917;DA1BHS0008-23SB;Práticas Comunitárias em campo A1-Matutino (São Bernardo)
11202021516;DA1ESHC018-17SB;Formação Econômica do Brasil A1-Matutino (São Bernardo)
11201810464;NA1BHO0102-15SB;Desenvolvimento e Sustentabilidade
11201810464;NA1ESHR008-21SB;Integração Regional - Teorias e Experiências
11114616;DANHT1064-15SA;Zoologia de Invertebrados II A-Matutino (Santo André)
11202111896;DA1ESHC018-17SB;Formação Econômica do Brasil A1-Matutino (São Bernardo)
11202111896;NA1BCN0402-15SB;Funções de Uma Variável
11202111896;NA1ESZP038-14SB;Políticas de saúde
11202020625;NA1ESTO008-17SA;Mecânica dos Sólidos I
11202322168;DA2BIR0004-15SB;Bases Epistemológicas da Ciência Moderna A2-Matutino (São Bernardo)
11202231163;NA2ESTO011-17SA;Fundamentos de Desenho Técnico
11202230979;DB2BIR0004-15SB;Bases Epistemológicas da Ciência Moderna B2-Matutino (São Bernardo)
11202130521;DA1ESHR026-14SB;História do Terceiro Mundo A1-Matutino (São Bernardo)
11202021637;NA1ESZU029-17SA;História da Cidade e do Urbanismo
11026916;DA1ESTU029-17SA;Hidráulica de Condutos Livres A1-Matutino (Santo André)
11202310114;DA1ESHT005-17SB;Economia do Território A1-Matutino (São Bernardo)
11201720284;NA1BHS0008-23SB;Práticas Comunitárias em campo
11202320877;NB2BCJ0204-15SA;Fenômenos Mecânicos
11202232048;DD1BCM0506-15SA;Comunicação e Redes D1-Matutino (Santo André)
11202232048;DB2BCN0402-15SA;Funções de Uma Variável B2-Matutino (Santo André)
13201713125;DA2MCTA002-17SA;Algoritmos e Estruturas de Dados II A2-Matutino (Santo André)
11201810134;DA1NHZ3091-22SA;Conhecimento Físico e Linguagens A1-Matutino (Santo André)
11202231324;NA2BCN0402-15SA;Funções de Uma Variável
11202321091;NB1BIQ0602-15SA;Estrutura e Dinâmica Social
11202321091;NA1NHZ5019-15SA;Tecnologias da Informação e Comunicação na Educação
11201722898;DA2ESTA004-17SA;Circuitos Elétricos II A2-Matutino (Santo André)
11201722898;NA1ESTO903-17SA;Engenharia Unificada II
11202112043;NA1ESTU007-17SA;Habitação e Assentamentos Humanos
11202112043;NB2ESTA002-17SA;Circuitos Elétricos I
11202112043;NA2ESTO011-17SA;Fundamentos de Desenho Técnico
11202232117;DB1BCM0506-15SA;Comunicação e Redes B1-Matutino (Santo André)
11201810970;NA2MCTC007-20SB;Comunicação Científica
21054215;NA1BCN0407-15SB;Funções de Várias Variáveis
21075314;NB1BIN0406-15SB;Introdução à Probabilidade e à Estatística
11202020173;DA1ESZG041-17SB;Gestão da Inovação A1-Matutino (São Bernardo)
11202020173;NA2ESTS010-17SB;Técnicas de Análise Estrutural e Projeto
11202310031;NA1MCTC007-20SB;Comunicação Científica
11039715;NB1ESTG022-17SB;Sistemas CAM
11201922384;DA1BCS0002-15SA;Projeto Dirigido A1-Matutino (Santo André)
11202231086;DA1BIR0603-15SB;Ciência, Tecnologia e Sociedade A1-Matutino (São Bernardo)
11202231848;NA3BCL0307-15SA;Transformações Químicas
11201921327;NA1ESHP013-22SB;Direito Constitucional
11202021216;NANHT1056-15SA;Microbiologia
11202130439;NA1BHO0101-15SB;Estado e Relações de Poder
11202131678;NA1MCTC024-15SB;Neuroetologia
11202321104;DA1BIS0003-15SB;Bases Matemáticas A1-Matutino (São Bernardo)
11202231511;DB1BHO1102-19SB;Introdução à Economia B1-Matutino (São Bernardo)
11201920387;NB1NHZ5020-15SA;Educação inclusiva
11201722634;DA1ESHC036-21SB;Econometria II A1-Matutino (São Bernardo)
11202310035;DA1ESHC031-17SB;Macroeconomia Pós-Keynesiana A1-Matutino (São Bernardo)
11202310035;DA1ESHC039-17SB;Questões Metodológicas em Economia A1-Matutino (São Bernardo)
11201920288;NA2BCN0405-15SA;Introdução às Equações Diferenciais Ordinárias
11202131962;NB2BCN0404-15SA;Geometria Analítica
11202131962;NB1BCN0405-15SA;Introdução às Equações Diferenciais Ordinárias
11202131962;NC4BCJ0203-15SA;Fenômenos Eletromagnéticos
11202021844;NA2ESTO012-17SB;Princípios de Administração
11201921670;DB1ESTO902-17SA;Engenharia Unificada I B1-Matutino (Santo André)
11202020176;DAMCTA004-17SA;Arquitetura de Computadores A-Matutino (Santo André)
11035416;NAESTI005-17SA;Sinais Aleatórios
11202321212;DB1BCJ0204-15SA;Fenômenos Mecânicos B1-Matutino (Santo André)
11201921448;NAMCTA014-15SA;Inteligência Artificial
11201921448;NA1LIE0001-19SA;Metodologias de Pesquisa em Educação
11202021704;NAESTI005-17SA;Sinais Aleatórios
11202021704;NA2ESTO903-17SA;Engenharia Unificada II
11202130686;NAESZE044-17SA;Segurança de Instalações Nucleares
11202022029;NA1ESHT010-17SB;Métodos de Planejamento
11202021094;NC1ESTO903-17SB;Engenharia Unificada II
11202020912;DA1ESHP027-14SB;Poder Local A1-Matutino (São Bernardo)
11202020912;DA1ESZP038-14SB;Políticas de saúde A1-Matutino (São Bernardo)
11202021860;DA1ESZB021-17SB;Introdução à Engenharia Biomédica A1-Matutino (São Bernardo)
11202021860;DC1ESTO013-17SA;Engenharia Econômica C1-Matutino (Santo André)
11201920786;NB1BCM0505-22SB;Processamento da Informação
21058415;NA3BCN0402-15SB;Funções de Uma Variável
11058016;NA1ESTE019-17SA;Instalações Elétricas I
11058016;NA1NHZ4080-20SA;História da Química
11201920997;DAESTG011-17SB;Estatística Aplicada a Sistemas de Gestão A-Matutino (São Bernardo)
11097012;NAESZU035-17SA;Geomorfologia
11201810835;NA1ESZC039-21SB;Tópicos Avançados em Finanças
11101916;NB2BCN0404-15SA;Geometria Analítica
11201920897;NA1NHZ4074-15SA;Recursos Didáticos para o Ensino de Química
11201920897;NA1ESTU025-17SA;Avaliação de Impactos Ambientais
11201920897;NA1ESZU013-17SA;Logística e Meio Ambiente
11201932591;DB1BHS0007-23SB;Panorama internacional do ABC B1-Matutino (São Bernardo)
21061315;NA1ESHP022-14SB;Cultura Política
21061315;NA1ESZP043-14SB;Inovação nos Serviços Públicos
11201722031;NA1ESHP027-14SB;Poder Local
11202021228;NA1BIN0406-15SB;Introdução à Probabilidade e à Estatística
11202021678;DANHZ1009-15SA;Biologia Molecular e Biotecnologia A-Matutino (Santo André)
11202021678;DA1ESTO012-17SA;Princípios de Administração A1-Matutino (Santo André)
11202021923;DANHT1030-15SA;Geologia e Paleontologia A-Matutino (Santo André)
11202020268;DANHZ2144-18SB;Temas de Filosofia Contemporânea II A-Matutino (São Bernardo)
21086316;NA1ESTM001-17SA;Estado Sólido
11201811162;DA1ESHC027-21SB;Economia Matemática A1-Matutino (São Bernardo)
11202020468;DANHI2049-13SA;Lógica Básica A-Matutino (Santo André)
11201721383;NA1MCZB015-13SA;Introdução à Criptografia
11202021529;NB1BCN0404-15SB;Geometria Analítica
11202310040;DABHQ0004-19SB;Estudos de Gênero A-Matutino (São Bernardo)
11202310040;DANHZ2109-18SB;Teoria das Ciências Humanas A-Matutino (São Bernardo)
11202310040;DA1BHS0004-23SB;Encontros sobre Gênero e Sexualidades A1-Matutino (São Bernardo)
11094111;NA1NHZ4029-15SA;Operações Unitárias II
11201722040;NB1NHZ5020-15SA;Educação inclusiva
11202231362;NA1LIE0001-19SA;Metodologias de Pesquisa em Educação
11201921280;NA1MCTD023-18SA;Fundamentos de Análise
11202130800;NB3BCN0402-15SA;Funções de Uma Variável
11202130800;ND2BCM0506-15SA;Comunicação e Redes
11063115;NA1ESTB018-17SB;Computação Científica aplicada a Problemas Biológicos
11063115;NAMCZA014-17SA;Métodos de Otimização
11202320664;DA1BCL0306-15SB;Biodiversidade: Interações entre organismos e ambiente A1-Matutino (São Bernardo)
11202111632;DANHZ2013-11SB;Filosofia Brasileira: História e Problemas A-Matutino (São Bernardo)
11202111632;DB1BHS0007-23SB;Panorama internacional do ABC B1-Matutino (São Bernardo)
11202111632;DA1BHS0004-23SB;Encontros sobre Gênero e Sexualidades A1-Matutino (São Bernardo)
11202231823;NA1MCTA028-15SA;Programação Estruturada
11201723107;NA1ESHR025-14SB;Política Externa Brasileira Contemporânea
11202020350;NA1NHZ4080-20SA;História da Química
11202020350;DA1ESTO012-17SA;Princípios de Administração A1-Matutino (Santo André)
11202022031;DA1ESHC030-17SB;Desigualdades de Raça, Gênero e Renda A1-Matutino (São Bernardo)
11202321221;DB1BCJ0204-15SA;Fenômenos Mecânicos B1-Matutino (Santo André)
11202231320;NA1BHS0008-23SB;Práticas Comunitárias em campo
11202021971;DA1BIQ0602-15SB;Estrutura e Dinâmica Social A1-Matutino (São Bernardo)
11202021971;DA1ESHT023-17SB;Sociologia dos Territórios A1-Matutino (São Bernardo)
11202322269;NA1LIE0001-19SA;Metodologias de Pesquisa em Educação
11202322269;NA1MCZB005-17SA;Análise Numérica
11202322269;NAMCZA035-17SA;Algoritmos Probabilísticos
11202322269;NA1BCN0405-15SA;Introdução às Equações Diferenciais Ordinárias
11202131647;NB1BCM0505-22SB;Processamento da Informação
11201812161;DB1ESTO006-17SA;Materiais e Suas Propriedades B1-Matutino (Santo André)
11201920829;DAESTG013-17SA;Pesquisa Operacional A-Matutino (Santo André)
21083616;DA1ESZB021-17SB;Introdução à Engenharia Biomédica A1-Matutino (São Bernardo)
21083616;DA1ESZB014-17SB;Introdução à Robótica A1-Matutino (São Bernardo)
11202231485;DANHZ1009-15SA;Biologia Molecular e Biotecnologia A-Matutino (Santo André)
11202321570;NB1BCN0402-15SB;Funções de Uma Variável
11069815;NAMCTC014-13SA;Introdução à Inferência Estatística
11069815;NANHT1056-15SA;Microbiologia
11202322141;DA1BHO0102-15SB;Desenvolvimento e Sustentabilidade A1-Matutino (São Bernardo)
11202230694;NA1BCN0402-15SA;Funções de Uma Variável
11202230400;DA1NHZ6001-18SA;Fundamentos da Biotecnologia A1-Matutino (Santo André)
11202230400;DA1MCTC011-15SB;Psicologia Cognitiva A1-Matutino (São Bernardo)
11202230400;DA1MCZC019-20SB;Introdução à Neuroimunologia A1-Matutino (São Bernardo)
11202230400;DA1MCTC002-15SB;Introdução à Neurociência A1-Matutino (São Bernardo)
11202230400;DA1MCZC016-15SB;Neurociência da Cognição Musical A1-Matutino (São Bernardo)
21001214;DB1ESTA002-17SA;Circuitos Elétricos I B1-Matutino (Santo André)
11201811732;NAMCZA038-17SA;Prática Avançada de Programação A
11201921105;NA1NHZ4080-20SA;História da Química
11202131648;NA1ESHP022-14SB;Cultura Política
11201812094;NA1MCZC019-20SB;Introdução à Neuroimunologia
11202021948;NAESZI028-17SA;TV Digital
11202021948;NA1NHZ4080-20SA;História da Química
11202320947;NA1ESTO005-17SB;Introdução às Engenharias
11202130628;DA1ESHP018-14SB;Políticas Sociais A1-Matutino (São Bernardo)
11202130678;DA1ESHT005-17SB;Economia do Território A1-Matutino (São Bernardo)
11202230767;DB1BCM0506-15SA;Comunicação e Redes B1-Matutino (Santo André)
13201812193;NA1ESHP027-14SB;Poder Local
21090116;NA1ESTO004-17SB;Instrumentação e Controle
11201720672;NA1NHI5015-15SB;LIBRAS
11201722542;DB1BHS0007-23SB;Panorama internacional do ABC B1-Matutino (São Bernardo)
11201722542;NA1ESHP018-14SB;Políticas Sociais
11202130827;DA1ESTO016-17SA;Fenômenos de Transporte A1-Matutino (Santo André)
11202020792;NAMCZA035-17SA;Algoritmos Probabilísticos
11202020792;NA1ESTU011-17SA;Planejamento Urbano e Metropolitano
11201720630;NANHZ2067-18SB;Temas de Filosofia Contemporânea I
11201810227;NA1ESTU024-17SA;Análise de Sistemas e Modelagem Ambiental
11202130804;NA1ESHR017-21SB;Organizações Internacionais e Multilateralismo
11202130804;DA1ESHR002-21SB;Temas de Direito Internacional Público A1-Matutino (São Bernardo)
11201811965;DA1ESTG009-17SB;Gestão de Operações A1-Matutino (São Bernardo)
11202320227;DA1BHS0007-23SB;Panorama internacional do ABC A1-Matutino (São Bernardo)
11202310082;NA1ESHC031-17SB;Macroeconomia Pós-Keynesiana
11202020989;NANHH2026-13SB;Filosofia no Brasil e na América Latina
11202321996;DA2BCL0306-15SB;Biodiversidade: Interações entre organismos e ambiente A2-Matutino (São Bernardo)
11201722646;NAESZI014-17SA;Sistemas Inteligentes
11202321093;DB1BIR0004-15SA;Bases Epistemológicas da Ciência Moderna B1-Matutino (Santo André)
11202231844;NB2BIS0003-15SB;Bases Matemáticas
11202231195;NB2BIS0003-15SB;Bases Matemáticas
11201811281;NA1BHS0008-23SB;Práticas Comunitárias em campo
11202210080;NANHH2040-13SB;História da Filosofia Moderna: o Iluminismo e seus desdobramentos
11202230336;NA1BHO1102-19SB;Introdução à Economia
21082015;NA1LHZ0014-19SB;Fundamentos do ensino de Geografia
11202231431;DA1NHZ5019-15SA;Tecnologias da Informação e Comunicação na Educação A1-Matutino (Santo André)
11201721134;NB2BCN0402-15SA;Funções de Uma Variável
11072412;NA1ESTU037-17SA;Sistemas de Tratamento de Água
11202322074;DA1MCZC019-20SB;Introdução à Neuroimunologia A1-Matutino (São Bernardo)
11201922333;DA1ESHC036-21SB;Econometria II A1-Matutino (São Bernardo)
11201922333;DA1BHS0005-19SB;Práticas em Ciências e Humanidades A1-Matutino (São Bernardo)
11202021204;DA1NHZ5019-15SA;Tecnologias da Informação e Comunicação na Educação A1-Matutino (Santo André)
11202322171;NB1BCL0307-15SB;Transformações Químicas
11202322171;NA2BCL0306-15SB;Biodiversidade: Interações entre organismos e ambiente
11202021011;DA1BHS0005-19SB;Práticas em Ciências e Humanidades A1-Matutino (São Bernardo)
11202021011;NANHZ2067-18SB;Temas de Filosofia Contemporânea I
11058014;NB1MCTB009-17SA;Cálculo Numérico
11058014;NA1ESTO006-17SA;Materiais e Suas Propriedades
11202130551;NA1BCN0402-15SB;Funções de Uma Variável
11202130551;NA1ESZG013-17SB;Empreendedorismo
11202021328;NA2MCTB001-17SA;Álgebra Linear
11201920443;NA1ESZT017-17SB;Dinâmicas Territoriais e Relações Étnico-Raciais no Brasil
11201920443;DA1ESHR030-21SB;Estudos Estratégicos e Defesa A1-Matutino (São Bernardo)
11099813;DA1NHZ3091-22SA;Conhecimento Físico e Linguagens A1-Matutino (Santo André)
11201920187;DB1BCM0506-15SA;Comunicação e Redes B1-Matutino (Santo André)
11201920187;DB2BCN0402-15SA;Funções de Uma Variável B2-Matutino (Santo André)
21042215;NAMCTC014-13SA;Introdução à Inferência Estatística
11202321967;NBBHO0002-19SB;Introdução ao Pensamento Econômico
11202131699;NA6BCL0307-15SA;Transformações Químicas
21028816;NA1ESZC039-21SB;Tópicos Avançados em Finanças
11201722846;NA1ESZP038-14SB;Políticas de saúde
11202320280;DA3BCJ0204-15SB;Fenômenos Mecânicos A3-Matutino (São Bernardo)
11202020807;NA1ESHC030-17SB;Desigualdades de Raça, Gênero e Renda
11202232271;DABHQ0004-19SB;Estudos de Gênero A-Matutino (São Bernardo)
11072614;NB1BHO1102-19SB;Introdução à Economia
11202231202;DA1BCN0407-15SA;Funções de Várias Variáveis A1-Matutino (Santo André)
11202020623;NA1NHZ2097-16SB;Métodos para produção de Filosofia
11202131906;NANHT1030-15SA;Geologia e Paleontologia
11201920950;DAESTG008-17SB;Gerência de Ativos A-Matutino (São Bernardo)
11201920950;DAESTG011-17SB;Estatística Aplicada a Sistemas de Gestão A-Matutino (São Bernardo)
11202020882;DA1MCZA025-13SA;Segurança em Redes A1-Matutino (Santo André)
11202321652;NB1BIN0406-15SB;Introdução à Probabilidade e à Estatística
11202130324;ND2BCM0506-15SA;Comunicação e Redes
11202320446;DB1BCJ0204-15SB;Fenômenos Mecânicos B1-Matutino (São Bernardo)
11202230346;DB1ESTO006-17SA;Materiais e Suas Propriedades B1-Matutino (Santo André)
11202230346;DC1BCM0506-15SA;Comunicação e Redes C1-Matutino (Santo André)
11202310117;NANHZ1009-15SA;Biologia Molecular e Biotecnologia
11202310117;NA1NHT4075-15SA;Físico-Química Experimental
11202310117;NA1BCN0405-15SA;Introdução às Equações Diferenciais Ordinárias
11202322146;NB1BCN0402-15SA;Funções de Uma Variável
11201810891;NA2ESTE019-17SA;Instalações Elétricas I
11019316;NA2MCTA028-15SA;Programação Estruturada
11202131848;DB1NHT1053-15SA;Biologia Celular B1-Matutino (Santo André)
11202131848;DANHT1030-15SA;Geologia e Paleontologia A-Matutino (Santo André)
11202131848;DA1NHZ6001-18SA;Fundamentos da Biotecnologia A1-Matutino (Santo André)
11202230818;NA2BCL0306-15SA;Biodiversidade: Interações entre organismos e ambiente
21004112;NA1ESZS019-17SB;Aerodinâmica II
21004112;NA2MCTC007-20SB;Comunicação Científica
11201811051;NA1NHI5011-13SA;Políticas Educacionais
11201811051;NA1ESZE078-17SA;Regulação e Mercado de Energia Elétrica
11201812313;NB1ESTU024-17SA;Análise de Sistemas e Modelagem Ambiental
11201812313;NA1ESZU023-17SA;Recursos Hídricos
11202320747;NB1BIR0603-15SA;Ciência, Tecnologia e Sociedade
11201722173;NANHT3048-15SA;Princípios de Mecânica Quântica
11201920124;NA1MCZC013-15SB;Memória e Aprendizagem
11202130973;DC1ESTA002-17SA;Circuitos Elétricos I C1-Matutino (Santo André)
11202021616;DA2BCM0504-15SA;Natureza da Informação A2-Matutino (Santo André)
11202130417;NAMCZA017-13SA;Processamento de Linguagem Natural
11202130435;DA1BCJ0203-15SA;Fenômenos Eletromagnéticos A1-Matutino (Santo André)
11201810570;NA1BCM0505-22SB;Processamento da Informação
11201810570;NA1MCTC023-15SB;Neuroanatomia
11201921370;NA1ESTG023-17SB;Organização do Trabalho
11202020694;NA1ESTO012-17SB;Princípios de Administração
21063815;NA1MCZC019-20SB;Introdução à Neuroimunologia
11201811617;NA1MCZC019-20SB;Introdução à Neuroimunologia
11201920767;NA1ESTG020-17SB;Sistemas e Processos de Produção
11202111738;NA2BCJ0203-15SA;Fenômenos Eletromagnéticos
11201921930;NB2BCN0405-15SA;Introdução às Equações Diferenciais Ordinárias
11202020551;DA1NHZ5020-15SA;Educação inclusiva A1-Matutino (Santo André)
11202020551;DA1ESZU016-17SA;Questões Ambientais Globais A1-Matutino (Santo André)
11201812078;DAESTS010-17SB;Técnicas de Análise Estrutural e Projeto A-Matutino (São Bernardo)
11202021127;NA1ESHR006-13SB;Formação Histórica da América Latina
11202021127;DA1ESHR030-21SB;Estudos Estratégicos e Defesa A1-Matutino (São Bernardo)
11202021535;NA3BCN0402-15SB;Funções de Uma Variável
11202020562;NA1BHS0008-23SB;Práticas Comunitárias em campo
11202230536;NANHZ6007-18SA;Segurança e Regulamentação em Biotecnologia
11202231365;ND2BCM0506-15SA;Comunicação e Redes
11202231445;NA1BCM0506-15SB;Comunicação e Redes
11201932501;NA1ESZM031-17SA;Nanocompósitos
11202332335;DB2BCM0504-15SA;Natureza da Informação B2-Matutino (Santo André)
11202332335;DA8BCJ0204-15SA;Fenômenos Mecânicos A8-Matutino (Santo André)
11202332335;NA1BIL0304-15SA;Evolução e Diversificação da Vida na Terra
11202230431;NA1ESTO012-17SB;Princípios de Administração
11202022280;NAESTA010-17SA;Sensores e Transdutores
11202130393;NA1ESHC030-17SB;Desigualdades de Raça, Gênero e Renda
11201920941;DAMCTA004-17SA;Arquitetura de Computadores A-Matutino (Santo André)
11201921360;DA1ESHP004-13SB;Cidadania, Direitos e Desigualdades A1-Matutino (São Bernardo)
11201921360;DA1NHZ5020-15SA;Educação inclusiva A1-Matutino (Santo André)
11201810987;NA1MCZC016-15SB;Neurociência da Cognição Musical
11201722654;DAESTG008-17SB;Gerência de Ativos A-Matutino (São Bernardo)
11202020097;DA1MCTC007-20SB;Comunicação Científica A1-Matutino (São Bernardo)
11202230352;NA1ESHT021-17SB;Política Urbana
11201921149;DA1MCTC011-15SB;Psicologia Cognitiva A1-Matutino (São Bernardo)
11201921149;DA1ESZG013-17SB;Empreendedorismo A1-Matutino (São Bernardo)
11201812127;NA1ESTU037-17SA;Sistemas de Tratamento de Água
11201921185;NA3BCN0402-15SB;Funções de Uma Variável
11201921185;NANHZ2067-18SB;Temas de Filosofia Contemporânea I
11202111575;DA1BHO1102-19SB;Introdução à Economia A1-Matutino (São Bernardo)
11033312;DAESTG011-17SB;Estatística Aplicada a Sistemas de Gestão A-Matutino (São Bernardo)
11202210127;NA1ESHC027-21SB;Economia Matemática
11202320612;DB2BCL0306-15SA;Biodiversidade: Interações entre organismos e ambiente B2-Matutino (Santo André)
11201722872;DD1BCM0506-15SA;Comunicação e Redes D1-Matutino (Santo André)
11202021897;NA1ESHT005-17SB;Economia do Território
11202021897;DA1ESTU040-17SA;Projeto Ambiental Urbano A1-Matutino (Santo André)
11202021897;DA1NHZ1091-19SA;Educação em Saúde A1-Matutino (Santo André)
11202232241;NA1BIR0004-15SB;Bases Epistemológicas da Ciência Moderna
11202020766;NA1ESZU013-17SA;Logística e Meio Ambiente
11109712;DA1BHS0004-23SB;Encontros sobre Gênero e Sexualidades A1-Matutino (São Bernardo)
11109712;DB1BHO0102-15SB;Desenvolvimento e Sustentabilidade B1-Matutino (São Bernardo)
11201811836;NA1ESTE019-17SA;Instalações Elétricas I
11201920890;ND2BCJ0203-15SA;Fenômenos Eletromagnéticos
11202130794;DA1ESTO008-17SB;Mecânica dos Sólidos I A1-Matutino (São Bernardo)
11202130794;DA1ESZG032-17SB;Modelos e Ferramentas de Gestão Ambiental A1-Matutino (São Bernardo)
11202130794;NA1MCTB001-17SB;Álgebra Linear
11202130792;NA1ESTO902-17SA;Engenharia Unificada I
11202332381;NA2BCM0504-15SA;Natureza da Informação
11202332381;NA4BCJ0204-15SA;Fenômenos Mecânicos
11202332381;NA1BIL0304-15SA;Evolução e Diversificação da Vida na Terra
11202332381;NA4BCL0306-15SA;Biodiversidade: Interações entre organismos e ambiente
11202020668;NA2MCTA037-17SA;Banco de Dados
11202020668;DANHI2049-13SA;Lógica Básica A-Matutino (Santo André)
11201810482;DA1BCM0504-15SA;Natureza da Informação A1-Matutino (Santo André)
11202231886;NA3BCJ0203-15SA;Fenômenos Eletromagnéticos
11202020094;DA1BIR0004-15SB;Bases Epistemológicas da Ciência Moderna A1-Matutino (São Bernardo)
11202020094;DA2BCN0402-15SA;Funções de Uma Variável A2-Matutino (Santo André)
11201810191;NAMCZB018-13SA;Introdução à Modelagem e Processos Estocásticos
11202230254;NANHT3095-15SA;Práticas de Ensino de Física I
11201920371;NA1ESTO008-17SA;Mecânica dos Sólidos I
11201921642;NA1ESTG025-17SB;Propriedade Intelectual
11201921642;DAESTG008-17SB;Gerência de Ativos A-Matutino (São Bernardo)
11201720388;NAMCZA046-17SA;Semântica de Linguagem de Programação
11201720388;NA2MCTB001-17SA;Álgebra Linear
11202310081;NA1ESHC024-19SB;Macroeconomia III
11201722141;NA1ESZE078-17SA;Regulação e Mercado de Energia Elétrica
11201722141;NA1NHZ3008-22SA;Evolução da Física I
11126315;NAESZI034-17SA;Jogos Digitais: Aspectos Técnicos e Aplicações
11202230697;NANHZ1074-15SA;Astrobiologia
11202230697;NANHZ6007-18SA;Segurança e Regulamentação em Biotecnologia
11201920651;DA1ESTU023-17SA;Biomas Brasileiros A1-Matutino (Santo André)
11201920651;ND2BCJ0203-15SA;Fenômenos Eletromagnéticos
11202022019;DA1BHO1102-19SB;Introdução à Economia A1-Matutino (São Bernardo)
11202022019;DA1BHS0005-19SB;Práticas em Ciências e Humanidades A1-Matutino (São Bernardo)
11202022019;DA1ESHC040-21SB;Relações Monetárias e Financeiras Internacionais A1-Matutino (São Bernardo)
11202212447;DB2BCM0504-15SA;Natureza da Informação B2-Matutino (Santo André)
11202212447;DB7BCJ0204-15SA;Fenômenos Mecânicos B7-Matutino (Santo André)
11202212447;DA2BCL0306-15SA;Biodiversidade: Interações entre organismos e ambiente A2-Matutino (Santo André)
11201723019;DA1NHZ4080-20SA;História da Química A1-Matutino (Santo André)
11201723019;DANHZ1009-15SA;Biologia Molecular e Biotecnologia A-Matutino (Santo André)
11201723019;DA2BCN0404-15SA;Geometria Analítica A2-Matutino (Santo André)
11201811515;DAESZA018-17SA;Engenharia Óptica e Imagens A-Matutino (Santo André)
11201811515;NAMCZA014-17SA;Métodos de Otimização
11202321283;NB3BCL0306-15SA;Biodiversidade: Interações entre organismos e ambiente
11202020029;DAESTA003-17SA;Sistemas de Controle I A-Matutino (Santo André)
11202020029;DA1MCZD002-18SA;Educação Estatística A1-Matutino (Santo André)
11201920654;NA1ESZU036-17SA;Saúde, Determinantes Socioambientais e Equidade
11201920654;NA1ESZU013-17SA;Logística e Meio Ambiente
11201921701;DAMCTA008-17SA;Computação Gráfica A-Matutino (Santo André)
11202022195;DB2BCN0404-15SA;Geometria Analítica B2-Matutino (Santo André)
11201920286;DA2ESTG017-17SB;Introdução aos Processos de Fabricação Metal - Mecânico A2-Matutino (São Bernardo)
11201921754;NB2BCN0404-15SA;Geometria Analítica
11202130443;DANHZ1024-15SA;Etnofarmacologia A-Matutino (Santo André)
11202130443;DA1BCM0506-15SB;Comunicação e Redes A1-Matutino (São Bernardo)
11202020071;NA2BIS0003-15SB;Bases Matemáticas
11201920812;DAMCTA014-15SA;Inteligência Artificial A-Matutino (Santo André)
11201920403;DA2ESTO902-17SA;Engenharia Unificada I A2-Matutino (Santo André)
11201920403;NA1ESZU013-17SA;Logística e Meio Ambiente
11201920403;NA1ESZE078-17SA;Regulação e Mercado de Energia Elétrica
11202131437;NA1BCM0506-15SB;Comunicação e Redes
11202131437;NA2BCJ0203-15SB;Fenômenos Eletromagnéticos
11201811376;DAMCTA014-15SA;Inteligência Artificial A-Matutino (Santo André)
11201722887;NA1MCTA002-17SA;Algoritmos e Estruturas de Dados II
11202020019;NB1BHO1102-19SB;Introdução à Economia
11202332426;NB1BIR0603-15SB;Ciência, Tecnologia e Sociedade
11202332426;NA1BIN0406-15SB;Introdução à Probabilidade e à Estatística
11202320687;DA1BCM0506-15SA;Comunicação e Redes A1-Matutino (Santo André)
11202022281;NA2BCN0404-15SB;Geometria Analítica
11202130709;DA1BHO1335-15SB;Formação do Sistema Internacional A1-Matutino (São Bernardo)
11202130663;NA1NHT5013-15SA;Práticas de Ensino de Ciências e Matemática no Ensino Fundamental
11201920871;NA1ESZS002-17SB;Aeronáutica II
11201810048;NA1MCZA025-13SA;Segurança em Redes
11201810048;DA1ESTO012-17SA;Princípios de Administração A1-Matutino (Santo André)
11202020406;DA1BCS0002-15SB;Projeto Dirigido A1-Matutino (São Bernardo)
11202020406;DA1ESTG006-17SB;Engenharia Laboral A1-Matutino (São Bernardo)
11202020406;DA1ESZG032-17SB;Modelos e Ferramentas de Gestão Ambiental A1-Matutino (São Bernardo)
11201722723;NA1MCTA037-17SA;Banco de Dados
11202020713;NAESTE004-17SA;Energia, Meio Ambiente e Sociedade
11040811;DA1ESZU019-17SA;Transportes e Meio Ambiente A1-Matutino (Santo André)
11201812169;NA2ESTO017-17SA;Métodos Experimentais em Engenharia
11201812169;DAESTG008-17SB;Gerência de Ativos A-Matutino (São Bernardo)
11202322219;NA6BCL0307-15SA;Transformações Químicas
11202131447;DANHT3066-15SA;Variáveis complexas e aplicações A-Matutino (Santo André)
11202131447;DANHT3064-15SA;Física Ondulatória A-Matutino (Santo André)
11201720608;DA1ESZU019-17SA;Transportes e Meio Ambiente A1-Matutino (Santo André)
11201720608;NA1ESHT019-17SB;Planejamento e Política Rural
11201921424;DA1MCZA025-13SA;Segurança em Redes A1-Matutino (Santo André)
11202111614;NB3BCN0402-15SA;Funções de Uma Variável
11202131856;NA1ESZP038-14SB;Políticas de saúde
11201922394;NA4BCL0307-15SA;Transformações Químicas
11201723005;DA1ESHP022-14SB;Cultura Política A1-Matutino (São Bernardo)
11201811347;NA1ESHP013-22SB;Direito Constitucional
11202020231;DA1ESZS016-17SB;Análise Experimental de Estruturas A1-Matutino (São Bernardo)
11202232157;DB2BCN0402-15SA;Funções de Uma Variável B2-Matutino (Santo André)
11202112009;DA2MCTA028-15SA;Programação Estruturada A2-Matutino (Santo André)
11202112009;NA1MCZA025-13SA;Segurança em Redes
11201723099;DA1ESHR002-21SB;Temas de Direito Internacional Público A1-Matutino (São Bernardo)
11201723099;DA1ESHP004-13SB;Cidadania, Direitos e Desigualdades A1-Matutino (São Bernardo)
11202020095;DB1NHZ6001-18SA;Fundamentos da Biotecnologia B1-Matutino (Santo André)
11201722075;DA1NHZ6012-18SA;Empreendedorismo e planejamento de projetos em Biotecnologia A1-Matutino (Santo André)
11201921971;NA1ESHR030-21SB;Estudos Estratégicos e Defesa
11202111998;DB2BCJ0204-15SA;Fenômenos Mecânicos B2-Matutino (Santo André)
11201722546;NA1MCTC019-20SB;Neurobiologia Molecular e Celular
11202020503;DA1BIQ0602-15SA;Estrutura e Dinâmica Social A1-Matutino (Santo André)
11002411;NAMCZA046-17SA;Semântica de Linguagem de Programação
11202231784;DANHZ2106-18SB;Filosofia da Ciência A-Matutino (São Bernardo)
11201722799;NA1BIN0406-15SB;Introdução à Probabilidade e à Estatística
11201722799;NB1ESTO013-17SA;Engenharia Econômica
11201722799;NA1BIL0304-15SA;Evolução e Diversificação da Vida na Terra
11201722661;NA1ESHR030-21SB;Estudos Estratégicos e Defesa
11202131908;NA2ESTO902-17SA;Engenharia Unificada I
11202111905;NA1BCM0506-15SA;Comunicação e Redes
21020615;NA2BCN0402-15SB;Funções de Uma Variável
21020615;NB1MCTB009-17SB;Cálculo Numérico
21020615;NA1BCJ0204-15SB;Fenômenos Mecânicos
21020615;NA1ESTO005-17SB;Introdução às Engenharias
11202021714;NA1ESTU029-17SA;Hidráulica de Condutos Livres
11202021714;NA1NHZ4080-20SA;História da Química
11202021714;NA1ESTA019-17SA;Projeto Assistido por Computador
11202021714;NA2NHZ5020-15SA;Educação inclusiva
11202111480;NA1MCTC007-20SB;Comunicação Científica
11068516;NA3BCJ0204-15SA;Fenômenos Mecânicos
11068516;NAMCTA017-17SA;Programação Matemática
11201921078;NA1ESTG025-17SB;Propriedade Intelectual
11202231359;NA1BIR0004-15SA;Bases Epistemológicas da Ciência Moderna
11201810837;DA1BCN0407-15SA;Funções de Várias Variáveis A1-Matutino (Santo André)
11201922426;DB1ESTB018-17SB;Computação Científica aplicada a Problemas Biológicos B1-Matutino (São Bernardo)
11202022264;DA1MCTC022-15SB;Processamento de Sinais Neurais A1-Matutino (São Bernardo)
11202231394;NA1LHZ0038-22SB;História e Gênero
11202231394;NA1LHZ0014-19SB;Fundamentos do ensino de Geografia
11202332329;DA1BIR0603-15SB;Ciência, Tecnologia e Sociedade A1-Matutino (São Bernardo)
11201921646;NA1ESTG020-17SB;Sistemas e Processos de Produção
11201921646;NA1MCZC016-15SB;Neurociência da Cognição Musical
11201921646;NA2MCTC007-20SB;Comunicação Científica
11202020893;ND2BCM0506-15SA;Comunicação e Redes
11202020893;NA2ESTO011-17SA;Fundamentos de Desenho Técnico
11202020229;DA1ESTU004-17SA;Cartografia e Geoprocessamento A1-Matutino (Santo André)
11202231441;NA1BIS0003-15SA;Bases Matemáticas
11202232018;NA1LHE0002-19SB;Laboratório de Práticas Integradoras I (PCC)
11202130696;DANHI2049-13SA;Lógica Básica A-Matutino (Santo André)
11202130024;DA1ESTO012-17SB;Princípios de Administração A1-Matutino (São Bernardo)
11202130020;NB2BCM0504-15SA;Natureza da Informação
11202232022;DB3BCN0402-15SA;Funções de Uma Variável B3-Matutino (Santo André)
11107815;DA1ESHT011-21SB;Análise de dados para o Planejamento Territorial A1-Matutino (São Bernardo)
11201811685;DAESTU038-17SA;Tratamento de Águas Urbanas Servidas A-Matutino (Santo André)
11201921313;DB1BCK0104-15SB;Interações Atômicas e Moleculares B1-Matutino (São Bernardo)
11202131095;DA1ESHC028-17SB;Economia Política A1-Matutino (São Bernardo)
11202131095;DANHZ2116-18SB;Discussões Atuais em Filosofia da Ciência A-Matutino (São Bernardo)
11202131095;DAESHR007-21SB;Geopolítica A-Matutino (São Bernardo)
11202131095;DA1ESHC003-17SB;Desenvolvimento Socioeconômico A1-Matutino (São Bernardo)
11201920527;NA2NHI5001-15SA;Desenvolvimento e Aprendizagem
11045315;DA1ESTB024-17SB;Modelagem de Sistemas Dinâmicos II A1-Matutino (São Bernardo)
11201920856;DB1ESTO005-17SB;Introdução às Engenharias B1-Matutino (São Bernardo)
11202020061;NAESZB022-17SA;Introdução à Bioinformática
11201920641;NANHZ2093-16SB;Corpo, sexualidade e questões de gênero
21086413;NA1NHZ2099-16SB;Tópicos contemporâneos em Educação e Filosofia
21086413;NANHH2073-18SB;Teoria do Conhecimento: Empirismo e Racionalismo
21086413;NANHZ2111-18SB;Teorias da Verdade
21086413;NAESZC024-17SB;Tópicos Avançados em História Econômica
11202131100;NA1MCZC018-20SB;Psicopatologia
11201812123;DA1ESTU039-17SA;Regulação Ambiental e Urbanística A1-Matutino (Santo André)
11201812123;NA1NHT5004-15SA;Educação Científica, Sociedade e Cultura
11201920378;DAESZG023-17SB;Contabilidade para Engenharia A-Matutino (São Bernardo)
11201921586;NA1ESTO013-17SB;Engenharia Econômica
11201921586;NA2BIN0406-15SB;Introdução à Probabilidade e à Estatística
11201921586;NA1ESHP019-13SB;Regimes e Formas de Governo
11201811563;NAESZE010-17SA;Automação de Sistemas Elétricos de Potência
11201810449;NA1ESTU034-17SA;Sistemas de Abastecimento de Águas
11201810449;ND1ESTO902-17SA;Engenharia Unificada I
11201721620;NA1ESTU034-17SA;Sistemas de Abastecimento de Águas
11201722869;NAMCZA015-13SA;Mineração de Dados
11201722869;NA2MCTA025-13SA;Sistemas Distribuídos
11100816;NAESTE033-17SA;Engenharia Solar Fotovoltaica
11202131105;NA1NHZ5023-18SB;Práticas escolares em educação especial e inclusiva
11202131105;NB1BHP0001-15SB;Ética e Justiça
11202131105;NA1ESTO013-17SB;Engenharia Econômica
11202131105;NA1NHZ2099-16SB;Tópicos contemporâneos em Educação e Filosofia
11201920628;ND1ESTO902-17SB;Engenharia Unificada I
11202210058;DA1ESHC028-17SB;Economia Política A1-Matutino (São Bernardo)
11202021788;DB1ESTO902-17SA;Engenharia Unificada I B1-Matutino (Santo André)
11201812126;DANHZ2111-18SB;Teorias da Verdade A-Matutino (São Bernardo)
11202230584;DA1ESTO012-17SA;Princípios de Administração A1-Matutino (Santo André)
11201810216;NA2ESTO017-17SA;Métodos Experimentais em Engenharia
11201921324;NA1MCZA002-17SA;Aprendizado de Máquina
11201921324;NA1MCTC014-13SB;Introdução à Inferência Estatística
11201920486;NAMCZA015-13SA;Mineração de Dados
11202232218;DA3BIS0003-15SB;Bases Matemáticas A3-Matutino (São Bernardo)
11202111826;DA1MCZB018-13SA;Introdução à Modelagem e Processos Estocásticos A1-Matutino (Santo André)
11202020701;DA1ESTO006-17SB;Materiais e Suas Propriedades A1-Matutino (São Bernardo)
11051314;NA1ESTA013-17SA;Fundamentos de Robótica
11051314;NAMCZA014-17SA;Métodos de Otimização
11202231616;DA1NHI5002-15SA;Didática A1-Matutino (Santo André)
11080416;NA2ESTO011-17SA;Fundamentos de Desenho Técnico
11080416;NB1NHI5002-15SA;Didática
11202022072;DANHZ2116-18SB;Discussões Atuais em Filosofia da Ciência A-Matutino (São Bernardo)
11202022072;DA1BHS0002-17SB;Diálogos Interdisciplinares A1-Matutino (São Bernardo)
11202022072;DA1NHI5002-15SB;Didática A1-Matutino (São Bernardo)
11202230808;DAESTA019-17SA;Projeto Assistido por Computador A-Matutino (Santo André)
11202231825;DA1ESTU039-17SA;Regulação Ambiental e Urbanística A1-Matutino (Santo André)
11201811573;DAESHR029-21SB;Análise de Política Externa A-Matutino (São Bernardo)
11201811573;DA1NHZ5023-18SB;Práticas escolares em educação especial e inclusiva A1-Matutino (São Bernardo)
11201811573;DA1NHZ1096-19SA;Práticas Discursivas da Ciência e Educação em Ciências A1-Matutino (Santo André)
11202020199;NA1ESTB031-18SB;Métodos Matemáticos aplicados a Sistemas Biomédicos
11202231878;NA1ESHR024-14SB;História da Política Externa Brasileira
11202231558;DB3BIS0005-15SB;Bases Computacionais da Ciência B3-Matutino (São Bernardo)
11202131192;DA1ESTB013-17SB;Biossegurança A1-Matutino (São Bernardo)
11202130070;DA1ESHC012-21SB;Economia Institucional A1-Matutino (São Bernardo)
11201720574;NA1NHZ2099-16SB;Tópicos contemporâneos em Educação e Filosofia
11201721962;DANHZ2021-11SB;Filosofia da Mente A-Matutino (São Bernardo)
11201810465;DANHT1072-15SA;Ecologia Comportamental A-Matutino (Santo André)
11201810465;DANHT1071-15SA;Práticas de Ecologia A-Matutino (Santo André)
11202130101;NA1ESHR016-21SB;Sistema Financeiro Internacional
11202310021;DB1ESTO011-17SA;Fundamentos de Desenho Técnico B1-Matutino (Santo André)
11201810038;DA1ESTG020-17SB;Sistemas e Processos de Produção A1-Matutino (São Bernardo)
11020315;NA1MCZA002-17SA;Aprendizado de Máquina
11202021065;DA1ESTO011-17SB;Fundamentos de Desenho Técnico A1-Matutino (São Bernardo)
11202021065;DD1ESTO902-17SA;Engenharia Unificada I D1-Matutino (Santo André)
11202022049;NA1ESHC037-21SB;Econometria III
11090016;DC1ESTO902-17SA;Engenharia Unificada I C1-Matutino (Santo André)
11201812160;DA1ESHC016-17SB;Finanças Corporativas A1-Matutino (São Bernardo)
11201922402;NA1ESTU040-17SA;Projeto Ambiental Urbano
11201721457;NB1ESTA014-17SA;Sistemas CAD/CAM
11202231114;DB2BIS0003-15SB;Bases Matemáticas B2-Matutino (São Bernardo)
11201722584;NA1ESTB031-18SB;Métodos Matemáticos aplicados a Sistemas Biomédicos
11202232014;NA1MCTC020-15SB;Psicologia Experimental
21042113;NA1ESHC037-21SB;Econometria III
21042113;DA1ESHC027-21SB;Economia Matemática A1-Matutino (São Bernardo)
11201921103;DA1NHT4017-15SA;Funções e Reações Orgânicas A1-Matutino (Santo André)
11202020695;DA1ESHP021-13SB;Trajetórias das Políticas de CT&I no Brasil A1-Matutino (São Bernardo)
11201810861;DANHZ6002-18SA;Tecnologia de Fermentações A-Matutino (Santo André)
11201812111;DA1ESTU039-17SA;Regulação Ambiental e Urbanística A1-Matutino (Santo André)
11202020677;NANHT1054-15SA;Histologia e Embriologia
11201722288;DANHBF150-22SB;Oficina de Pesquisa em Filosofia II A-Matutino (São Bernardo)
11201811812;DA1ESTO902-17SB;Engenharia Unificada I A1-Matutino (São Bernardo)
11201812061;NA1MCTC020-15SB;Psicologia Experimental
11201812061;NA1MCTC021-20SB;Neurociência Teórica e Computacional
11201722368;DAESTA006-17SA;Fotônica A-Matutino (Santo André)
11202131232;NANHT3049-15SA;Princípios de Termodinâmica
11202130778;DA1NHZ2044-11SB;História das Ciências no Brasil A1-Matutino (São Bernardo)
11202130778;DA1ESHP012-13SB;Introdução ao Direito Administrativo A1-Matutino (São Bernardo)
11202020410;NAESZG036-17SB;Conceitos de Marketing
11202130853;NB2BCN0407-15SA;Funções de Várias Variáveis
11202020130;NA1ESTO016-17SA;Fenômenos de Transporte
11202020130;DAESTG005-17SB;Engenharia Econômica Aplicada a Sistemas de Gestão A-Matutino (São Bernardo)
11202020809;NA1MCTC018-15SB;Neuropsicofarmacologia
11202130836;DA1ESTB013-17SB;Biossegurança A1-Matutino (São Bernardo)
11201722978;NA1ESZM030-17SA;Materiais Nanoestruturados
11201722978;DA1NHT1083-16SA;Práticas de Ensino de Biologia I A1-Matutino (Santo André)
11201822474;NA1ESTO006-17SB;Materiais e Suas Propriedades
11202111525;DA1ESHC028-17SB;Economia Política A1-Matutino (São Bernardo)
11202131973;DA1ESHP021-13SB;Trajetórias das Políticas de CT&I no Brasil A1-Matutino (São Bernardo)
11202131236;DA1ESZU030-17SA;Riscos no Ambiente Urbano A1-Matutino (Santo André)
11202231678;NA1BIN0406-15SB;Introdução à Probabilidade e à Estatística
11201810799;NANHZ2093-16SB;Corpo, sexualidade e questões de gênero
11201810799;DA1ESHP028-14SB;Políticas Públicas para Sociedade da Informação A1-Matutino (São Bernardo)
11202021499;DA1ESTM004-17SA;Ciência dos Materiais A1-Matutino (Santo André)
11202021499;DC1ESTO902-17SA;Engenharia Unificada I C1-Matutino (Santo André)
11202231851;DA1BCL0306-15SB;Biodiversidade: Interações entre organismos e ambiente A1-Matutino (São Bernardo)
11202231851;DB1BIR0603-15SB;Ciência, Tecnologia e Sociedade B1-Matutino (São Bernardo)
11202231851;DA1NHZ4081-20SB;Paulo Freire: educação para a criticidade A1-Matutino (São Bernardo)
11073014;NA1ESTM018-17SA;Termodinâmica de Materiais
11073014;NA1ESTM017-17SA;Materiais Cerâmicos
11073014;DA1ESZM001-17SA;Seminários em Materiais Avançados A1-Matutino (Santo André)
11202020370;NA1MCTB010-13SA;Cálculo Vetorial e Tensorial
11201921708;NAESHR029-21SB;Análise de Política Externa
11202231808;DB1NHZ5023-18SA;Práticas escolares em educação especial e inclusiva B1-Matutino (Santo André)
11201921210;NA2NHI5001-15SA;Desenvolvimento e Aprendizagem
11201722321;NA1MCTA003-17SA;Análise de Algoritmos
11201921522;DA2BIK0102-15SB;Estrutura da Matéria A2-Matutino (São Bernardo)
11201921522;DB1BIN0406-15SA;Introdução à Probabilidade e à Estatística B1-Matutino (Santo André)
11201921522;DB2BIS0003-15SB;Bases Matemáticas B2-Matutino (São Bernardo)
11201810525;NANHT3096-22SA;Práticas do Ensino de Física no Ensino Fundamental II
11202020870;DA2MCTA007-17SA;Compiladores A2-Matutino (Santo André)
11095816;NA1NHT4006-15SA;Eletroquímica e Cinética Química
11202130034;NB1BIK0102-15SA;Estrutura da Matéria
11202130037;DA2ESTA002-17SA;Circuitos Elétricos I A2-Matutino (Santo André)
11202020249;DB1ESHC016-17SB;Finanças Corporativas B1-Matutino (São Bernardo)
11201921067;NB1BHP0001-15SB;Ética e Justiça
11202020227;NA1ESHR031-21SB;Economia Política Internacional
11202020227;NA1ESHC012-21SB;Economia Institucional
11117616;NAMCTD024-18SA;Análise na Educação Básica
11201811173;NA2ESTO006-17SB;Materiais e Suas Propriedades
11201811173;NA1ESTO008-17SB;Mecânica dos Sólidos I
11030516;NAESTG003-17SB;Economia de Empresas
11030516;NA1ESZU013-17SA;Logística e Meio Ambiente
11030516;NAESZE006-17SA;Subestação e Equipamentos
11202020413;DA1MCTA018-13SA;Programação Orientada a Objetos A1-Matutino (Santo André)
11202131248;NA1ESHC032-17SB;Macroeconomia II
11202021610;NA2ESTA014-17SA;Sistemas CAD/CAM
11202021840;DAESTA020-17SA;Modelagem e Controle A-Matutino (Santo André)
11202021840;DA1MCZB031-17SA;Teoria dos Jogos A1-Matutino (Santo André)
11202021840;DD1ESTO902-17SA;Engenharia Unificada I D1-Matutino (Santo André)
11202020502;NA1BCS0002-15SA;Projeto Dirigido
11202230862;NB1BHQ0002-15SA;Estudos Étnico-Raciais
11202111677;NA1ESTO016-17SA;Fenômenos de Transporte
11202232113;NA2BCN0407-15SA;Funções de Várias Variáveis
11202232113;DB1BIR0603-15SB;Ciência, Tecnologia e Sociedade B1-Matutino (São Bernardo)
11202112039;NA1BHP0001-15SB;Ética e Justiça
11202020548;DA1BCS0001-15SA;Base Experimental das Ciências Naturais A1-Matutino (Santo André)
11202020548;DA1BCS0002-15SA;Projeto Dirigido A1-Matutino (Santo André)
11202020548;DB1BIR0004-15SB;Bases Epistemológicas da Ciência Moderna B1-Matutino (São Bernardo)
11202020548;DA1BIQ0602-15SB;Estrutura e Dinâmica Social A1-Matutino (São Bernardo)
11201810533;NA1NHT4005-15SA;Eletroanalítica e Técnicas de Separação
11201811698;NA1NHZ4080-20SA;História da Química
11201811254;NA1NHZ4081-20SB;Paulo Freire: educação para a criticidade
11202111929;NA1NHZ4078-20SA;Gestão Educacional: Políticas, Processos e Cotidiano Escolar
11202021933;NAESZG036-17SB;Conceitos de Marketing
11073615;NB1NHT5004-15SA;Educação Científica, Sociedade e Cultura
11201811687;NAESHT017-17SB;Planejamento e Política Ambiental
11202232203;DA2ESTO017-17SA;Métodos Experimentais em Engenharia A2-Matutino (Santo André)
11022815;NAMCTD024-18SA;Análise na Educação Básica
11202210026;DA1NHT4006-15SA;Eletroquímica e Cinética Química A1-Matutino (Santo André)
11202210026;NB4BCN0407-15SA;Funções de Várias Variáveis
11201811926;DANHZ6015-18SA;Biotecnologia Ambiental e Agroindustrial A-Matutino (Santo André)
11201811926;DA1ESZU030-17SA;Riscos no Ambiente Urbano A1-Matutino (Santo André)
11202111950;NANHZ2093-16SB;Corpo, sexualidade e questões de gênero
11201921128;NA1ESTB021-17SB;Sensores Biomédicos
11201921128;NA1ESTO017-17SB;Métodos Experimentais em Engenharia
11202231612;NA2ESTO005-17SA;Introdução às Engenharias
11202021562;DA1ESTO006-17SB;Materiais e Suas Propriedades A1-Matutino (São Bernardo)
11039916;DAESTE032-17SA;Engenharia Solar Térmica A-Matutino (Santo André)
21075716;NB1ESTO011-17SA;Fundamentos de Desenho Técnico
11202111860;DA1BHS0002-17SB;Diálogos Interdisciplinares A1-Matutino (São Bernardo)
11202111860;DA1LHZ0028-19SB;Práticas de Ensino de Geografia: Metodologias A1-Matutino (São Bernardo)
13201910096;DA1ESHC003-17SB;Desenvolvimento Socioeconômico A1-Matutino (São Bernardo)
11201921416;DANHZ3043-15SA;Noções de Astronomia e Cosmologia A-Matutino (Santo André)
11009816;NA1ESZM030-17SA;Materiais Nanoestruturados
11201811285;DAESZU002-17SA;Compostagem A-Matutino (Santo André)
11201811285;NA1ESTU039-17SA;Regulação Ambiental e Urbanística
11061215;NA1MCTA016-13SA;Paradigmas de Programação
11202230824;DB1ESTO005-17SB;Introdução às Engenharias B1-Matutino (São Bernardo)
11201822496;NAESZG002-17SB;Confiabilidade Industrial em Sistemas de Gestão
11202111536;NA3BCJ0205-15SA;Fenômenos Térmicos
11202111536;NB2ESTO011-17SA;Fundamentos de Desenho Técnico
11202111536;NANHT3068-15SA;Mecânica Clássica I
11202111536;NA4BCN0407-15SA;Funções de Várias Variáveis
11202321684;NB2ESTO011-17SA;Fundamentos de Desenho Técnico
11202130214;NA1MCTC018-15SB;Neuropsicofarmacologia
11017315;DA1ESTA007-17SA;Eletrônica Analógica Aplicada A1-Matutino (Santo André)
11202020597;NA1MCTB019-17SA;Matemática Discreta
11202020597;NAMCZA014-17SA;Métodos de Otimização
11202231725;NA1BCN0407-15SA;Funções de Várias Variáveis
11201922144;NAESZC024-17SB;Tópicos Avançados em História Econômica
11202020293;NA1ESHC012-21SB;Economia Institucional
11202020293;DA1ESHC013-21SB;Relações Comerciais e de Investimento Internacionais A1-Matutino (São Bernardo)
11201811402;NAESZG002-17SB;Confiabilidade Industrial em Sistemas de Gestão
11202130353;DA2BCN0407-15SA;Funções de Várias Variáveis A2-Matutino (Santo André)
11202230289;NA1BCM0505-22SA;Processamento da Informação
11202020358;NB1ESTO011-17SB;Fundamentos de Desenho Técnico
11201722556;DA1ESTU039-17SA;Regulação Ambiental e Urbanística A1-Matutino (Santo André)
11201722556;DANHT1072-15SA;Ecologia Comportamental A-Matutino (Santo André)
11201822540;NAMCTD024-18SA;Análise na Educação Básica
11201822540;NAESZE010-17SA;Automação de Sistemas Elétricos de Potência
11201723224;DA1BHQ0002-15SB;Estudos Étnico-Raciais A1-Matutino (São Bernardo)
11201723224;DA1ESHR004-13SB;Economia Política Internacional da Energia A1-Matutino (São Bernardo)
11202020739;DAMCZA030-17SA;Vida Artificial na Computação A-Matutino (Santo André)
11202111546;DA1MCZC011-15SB;Tomada de Decisões e Neuroeconomia A1-Matutino (São Bernardo)
11202111546;DA1ESHR005-13SB;Estado e Desenvolvimento Econômico no Brasil Contemporâneo A1-Matutino (São Bernardo)
11202021236;DB1BCS0002-15SA;Projeto Dirigido B1-Matutino (Santo André)
21086813;NANHH2089-16SB;Prática de Ensino de Filosofia: Metodologias
21086813;DANHBF150-22SB;Oficina de Pesquisa em Filosofia II A-Matutino (São Bernardo)
11201720776;ND1ESTO902-17SB;Engenharia Unificada I
21018012;NANHH2007-13SB;Estética
11202111720;NA1ESHC008-21SB;Economia Brasileira II
11202021489;DA1ESZU022-17SA;Ciências Atmosféricas A1-Matutino (Santo André)
11201721332;DA1ESTB023-17SB;Física Médica I A1-Matutino (São Bernardo)
11201811990;NA1MCZC018-20SB;Psicopatologia
11202231410;DA1NHZ2099-16SB;Tópicos contemporâneos em Educação e Filosofia A1-Matutino (São Bernardo)
11202231410;DA1NHZ4081-20SB;Paulo Freire: educação para a criticidade A1-Matutino (São Bernardo)
11201811846;DAESTU038-17SA;Tratamento de Águas Urbanas Servidas A-Matutino (Santo André)
11201811922;NA1ESHR015-21SB;Segurança Internacional
11201811744;DA1NHT5004-15SA;Educação Científica, Sociedade e Cultura A1-Matutino (Santo André)
11201812242;NA1ESZM030-17SA;Materiais Nanoestruturados
11201722860;NANHZ2052-11SB;Pensamento Kantiano e seus Desdobramentos Contemporâneos
11201722860;NANHZ2051-11SB;Pensamento Hegeliano e seus Desdobramentos Contemporâneos
11201921603;NA1MCZC018-20SB;Psicopatologia
11202020799;NAMCZA008-17SA;Interação Humano-Computador
11202020799;NANHZ3095-22SA;Literatura e Ensino de Ciências
11202021240;NANHT1002-15SA;Bioética
11202230338;DB1BIQ0602-15SB;Estrutura e Dinâmica Social B1-Matutino (São Bernardo)
11202231757;DC1BCS0001-15SB;Base Experimental das Ciências Naturais C1-Matutino (São Bernardo)
11201932484;DAESTU038-17SA;Tratamento de Águas Urbanas Servidas A-Matutino (Santo André)
11201932484;DB1BCK0104-15SA;Interações Atômicas e Moleculares B1-Matutino (Santo André)
11201811312;NA1ESTU025-17SA;Avaliação de Impactos Ambientais
11202021715;DB1ESTO902-17SA;Engenharia Unificada I B1-Matutino (Santo André)
11201810879;NA1ESHR024-14SB;História da Política Externa Brasileira
11201810879;NAESHR029-21SB;Análise de Política Externa
11201810879;NA1ESHP031-14SB;Avaliação e Monitoramento de Políticas Públicas
11202230246;DA1BIJ0207-15SB;Bases Conceituais da Energia A1-Matutino (São Bernardo)
11202230246;DA1MCTC001-15SB;Introdução à Filosofia da Mente A1-Matutino (São Bernardo)
21021815;NA1MCTB006-13SA;Análise Real II
21021815;NA1NHZ4078-20SA;Gestão Educacional: Políticas, Processos e Cotidiano Escolar
11202131851;NA1BCL0306-15SB;Biodiversidade: Interações entre organismos e ambiente
11202131851;DA1ESHP019-13SB;Regimes e Formas de Governo A1-Matutino (São Bernardo)
11201810213;DA1NHT4017-15SA;Funções e Reações Orgânicas A1-Matutino (Santo André)
11201922115;NA1ESHR031-21SB;Economia Política Internacional
11202020686;DA1ESTA014-17SA;Sistemas CAD/CAM A1-Matutino (Santo André)
11202131693;DAMCZA030-17SA;Vida Artificial na Computação A-Matutino (Santo André)
11202230709;DB4BCJ0205-15SA;Fenômenos Térmicos B4-Matutino (Santo André)
11201921097;DB1ESTO005-17SB;Introdução às Engenharias B1-Matutino (São Bernardo)
11201921097;NA1ESTO014-17SB;Termodinâmica Aplicada I
11202021301;DAESTG023-17SB;Organização do Trabalho A-Matutino (São Bernardo)
11201932596;NA1ESHC026-21SB;Microeconomia II
11202130355;NA1BIR0004-15SB;Bases Epistemológicas da Ciência Moderna
11202021125;NA1MCZA002-17SA;Aprendizado de Máquina
21041116;NA1ESTG021-17SB;Sistemas CAD/CAE
13201910057;NA1ESHR031-21SB;Economia Política Internacional
11202212394;NA6BCM0505-22SA;Processamento da Informação
11202212394;NB2BIN0406-15SB;Introdução à Probabilidade e à Estatística
11202020137;NA1MCTC001-15SB;Introdução à Filosofia da Mente
11202210092;NAESTG016-17SB;Qualidade em Sistemas
11202020663;NA2BCM0505-22SB;Processamento da Informação
11201920577;NA1ESHR015-21SB;Segurança Internacional
11201920577;DA1ESHC013-21SB;Relações Comerciais e de Investimento Internacionais A1-Matutino (São Bernardo)
11201920577;NAESZR026-21SB;Deslocamento Forçado, Refúgio e humanitarismo
11201920577;DB1BCL0306-15SB;Biodiversidade: Interações entre organismos e ambiente B1-Matutino (São Bernardo)
11202230643;DA3BIS0003-15SB;Bases Matemáticas A3-Matutino (São Bernardo)
11202111952;NA1ESTO015-17SA;Mecânica dos Fluidos I
11202130183;NAESZG036-17SB;Conceitos de Marketing
11202020627;DAMCZA030-17SA;Vida Artificial na Computação A-Matutino (Santo André)
11201810513;NA1ESZM028-17SA;Materiais para Tecnologia da Informação
11105809;DA1ESTM018-17SA;Termodinâmica de Materiais A1-Matutino (Santo André)
11201811419;NA1ESHC026-21SB;Microeconomia II
11201811419;DAESZG018-17SB;Estratégias de Comunicação Organizacional A-Matutino (São Bernardo)
11201811419;DA1ESTS010-17SB;Técnicas de Análise Estrutural e Projeto A1-Matutino (São Bernardo)
11201811419;NA1MCTC020-15SB;Psicologia Experimental
11202210086;NA1LHZ0018-19SB;História Cultural
11202210086;NA1NHZ2044-11SB;História das Ciências no Brasil
21060516;DA1ESTG020-17SB;Sistemas e Processos de Produção A1-Matutino (São Bernardo)
11202111556;DA1BHQ0002-15SB;Estudos Étnico-Raciais A1-Matutino (São Bernardo)
11202212525;DB6BCM0505-22SA;Processamento da Informação B6-Matutino (Santo André)
11201922306;NA1BCK0104-15SB;Interações Atômicas e Moleculares
11201922306;NAESHR007-21SB;Geopolítica
11202130301;DB1BCS0002-15SB;Projeto Dirigido B1-Matutino (São Bernardo)
11201922110;NAESZG036-17SB;Conceitos de Marketing
11201922110;NAESTG002-17SB;Desenvolvimento Integrado do Produto
11201722024;DAESZI014-17SA;Sistemas Inteligentes A-Matutino (Santo André)
21013416;NA1ESHC032-17SB;Macroeconomia II
11202310038;DA1MCTC014-13SB;Introdução à Inferência Estatística A1-Matutino (São Bernardo)
11201921896;DAESTG005-17SB;Engenharia Econômica Aplicada a Sistemas de Gestão A-Matutino (São Bernardo)
11201921896;NAESTG003-17SB;Economia de Empresas
11202021665;NB1ESTO902-17SA;Engenharia Unificada I
11202021862;DA1ESTB005-17SB;Ciência dos Materiais Biocompatíveis A1-Matutino (São Bernardo)
11202021862;DA1ESTB021-17SB;Sensores Biomédicos A1-Matutino (São Bernardo)
11202021862;NA1ESZU022-17SA;Ciências Atmosféricas
11202021225;NANHZ3026-15SA;Introdução à Física Nuclear
11074215;NAESTA021-17SA;Introdução ao Controle Discreto
13201723147;DA1LIE0001-19SA;Metodologias de Pesquisa em Educação A1-Matutino (Santo André)
11202210028;NA1ESTM017-17SA;Materiais Cerâmicos
11201810458;NB1LIE0001-19SA;Metodologias de Pesquisa em Educação
11202130601;NB1ESTO008-17SA;Mecânica dos Sólidos I
11201822413;NAESTG001-17SB;Custos
11202130610;NA1MCZC011-15SB;Tomada de Decisões e Neuroeconomia
11201932506;DA1ESTU031-17SA;Recuperação de Áreas Degradadas A1-Matutino (Santo André)
11201722980;NAESZE110-17SA;Eletrificação Rural com Recursos Energéticos Renováveis
11201722980;NAESZE010-17SA;Automação de Sistemas Elétricos de Potência
21050416;DB1ESHC016-17SB;Finanças Corporativas B1-Matutino (São Bernardo)
21050416;NA1ESHR005-13SB;Estado e Desenvolvimento Econômico no Brasil Contemporâneo
11201921828;DA1BIR0004-15SB;Bases Epistemológicas da Ciência Moderna A1-Matutino (São Bernardo)
11201811640;DAESTG025-17SB;Propriedade Intelectual A-Matutino (São Bernardo)
11109213;NA2BIN0406-15SA;Introdução à Probabilidade e à Estatística
11201822409;DAESZC037-21SB;Microeconomia do Desenvolvimento A-Matutino (São Bernardo)
11202021940;NA1BCL0306-15SB;Biodiversidade: Interações entre organismos e ambiente
11202021940;DA1BIK0102-15SB;Estrutura da Matéria A1-Matutino (São Bernardo)
11202021940;NA2BIL0304-15SB;Evolução e Diversificação da Vida na Terra
11202231689;DA2BCJ0204-15SA;Fenômenos Mecânicos A2-Matutino (Santo André)
11202130777;DA1ESTO902-17SA;Engenharia Unificada I A1-Matutino (Santo André)
11077515;NA1ESZB032-17SB;Bioimpedância Aplicada
11202230595;NA1NHT3037-13SA;Mecânica Geral
11202130894;NA1NHI5002-15SB;Didática
11201922161;DAESTG014-17SB;Planejamento e Controle da Produção A-Matutino (São Bernardo)
11201922161;NA1ESTO017-17SB;Métodos Experimentais em Engenharia
11046816;NB1NHT5004-15SA;Educação Científica, Sociedade e Cultura
11046816;DA2NHI5002-15SA;Didática A2-Matutino (Santo André)
11202230392;NA1BIK0102-15SA;Estrutura da Matéria
11202230392;NB4BCM0505-22SA;Processamento da Informação
11202230392;NA4BIS0003-15SA;Bases Matemáticas
11201921142;NA1ESZT022-17SB;Modelos Econômicos e Análise das Dinâmicas Territoriais
11202021632;DA1MCTA009-13SA;Computadores, Ética e Sociedade A1-Matutino (Santo André)
11202230715;DA1MCZA038-17SA;Prática Avançada de Programação A A1-Matutino (Santo André)
11202021416;NA1ESHP019-13SB;Regimes e Formas de Governo
11201920653;NAESTS004-17SB;Desempenho de Aeronaves
11201920653;DAESZG023-17SB;Contabilidade para Engenharia A-Matutino (São Bernardo)
11202021942;NANHT1059-15SA;Morfofisiologia Humana II
11202021942;DA1BHS0005-19SB;Práticas em Ciências e Humanidades A1-Matutino (São Bernardo)
11202021810;NA1MCTC014-13SB;Introdução à Inferência Estatística
11202130743;NA1ESHC008-21SB;Economia Brasileira II
11201721655;DA1MCTC014-13SB;Introdução à Inferência Estatística A1-Matutino (São Bernardo)
11201721655;NA1ESHC037-21SB;Econometria III
11202020234;DANHT1072-15SA;Ecologia Comportamental A-Matutino (Santo André)
11121715;NA1ESTO016-17SA;Fenômenos de Transporte
11201811725;NANHZ2111-18SB;Teorias da Verdade
11201811725;NAESZR026-21SB;Deslocamento Forçado, Refúgio e humanitarismo
11202130754;DA1ESZM034-17SA;Design de Dispositivos A1-Matutino (Santo André)
11202210030;NA1ESTG021-17SB;Sistemas CAD/CAE
11202210030;NA1MCZC011-15SB;Tomada de Decisões e Neuroeconomia
11202231660;DA1ESHP019-13SB;Regimes e Formas de Governo A1-Matutino (São Bernardo)
11202022145;NA1ESZT022-17SB;Modelos Econômicos e Análise das Dinâmicas Territoriais
11201812027;NA1NHT4017-15SA;Funções e Reações Orgânicas
11201812027;NA1BCN0407-15SA;Funções de Várias Variáveis
11201812027;NA1BCK0104-15SA;Interações Atômicas e Moleculares
11201811047;DANHT1002-15SA;Bioética A-Matutino (Santo André)
11202231866;DA1BHQ0301-15SB;Território e Sociedade A1-Matutino (São Bernardo)
11201921364;NA1ESZM028-17SA;Materiais para Tecnologia da Informação
11202130590;DA1ESHC028-17SB;Economia Política A1-Matutino (São Bernardo)
11201920935;NAESTS013-17SB;Projeto de Elementos Estruturais de Aeronaves I
11201920935;DA1ESTS010-17SB;Técnicas de Análise Estrutural e Projeto A1-Matutino (São Bernardo)
11202111562;NB1ESTO008-17SA;Mecânica dos Sólidos I
11201921825;DAMCZA030-17SA;Vida Artificial na Computação A-Matutino (Santo André)
11201920245;NAESTE034-17SA;Engenharia de Biocombustíveis
11201811527;NB1NHI5002-15SA;Didática
11201811580;NA1ESZU013-17SA;Logística e Meio Ambiente
11201811580;NANHT3096-22SA;Práticas do Ensino de Física no Ensino Fundamental II
11201811580;DAMCTB024-13SA;Trabalho de Conclusão de Curso em Matemática I A-Matutino (Santo André)
11201811580;DAMCTB025-13SA;Trabalho de Conclusão de Curso em Matemática II A-Matutino (Santo André)
11201811110;DAESZG023-17SB;Contabilidade para Engenharia A-Matutino (São Bernardo)
11201811110;DAESTG025-17SB;Propriedade Intelectual A-Matutino (São Bernardo)
11201811110;DA1ESTG020-17SB;Sistemas e Processos de Produção A1-Matutino (São Bernardo)
11201721927;NA1NHT5004-15SA;Educação Científica, Sociedade e Cultura
11201721927;NAESZG002-17SB;Confiabilidade Industrial em Sistemas de Gestão
11201721927;NA2ESTO017-17SA;Métodos Experimentais em Engenharia
11201721728;NA1ESZU030-17SA;Riscos no Ambiente Urbano
11201920123;NAESTG002-17SB;Desenvolvimento Integrado do Produto
11201920123;NAESTG003-17SB;Economia de Empresas
11201722399;NANHH2033-18SB;História da Filosofia Antiga Clássica
11202020970;DAESZB022-17SA;Introdução à Bioinformática A-Matutino (Santo André)
11202231746;NB1BCM0505-22SB;Processamento da Informação
11202021726;NA1NHT5004-15SA;Educação Científica, Sociedade e Cultura
11202130072;NA2BCS0002-15SA;Projeto Dirigido
11202111748;NA1NHZ4081-20SB;Paulo Freire: educação para a criticidade
11202130063;NB2BIN0406-15SA;Introdução à Probabilidade e à Estatística
11202130063;NAESZB022-17SA;Introdução à Bioinformática
11012115;DB2BCK0104-15SA;Interações Atômicas e Moleculares B2-Matutino (Santo André)
11012115;DA1NHT5004-15SA;Educação Científica, Sociedade e Cultura A1-Matutino (Santo André)
11201722765;DA1MCTA025-13SA;Sistemas Distribuídos A1-Matutino (Santo André)
11201932530;DA2ESTG020-17SB;Sistemas e Processos de Produção A2-Matutino (São Bernardo)
11202020041;NA1MCTA009-13SA;Computadores, Ética e Sociedade
11202020041;NA2MCTA024-13SA;Sistemas Digitais
11112416;DB2BCJ0205-15SB;Fenômenos Térmicos B2-Matutino (São Bernardo)
11112416;NA1NHZ4081-20SB;Paulo Freire: educação para a criticidade
11202020147;NA2MCTB001-17SA;Álgebra Linear
11202020147;DA1MCTB009-17SA;Cálculo Numérico A1-Matutino (Santo André)
11201722332;NA1ESHC038-17SB;Economia Monetária
11201722332;NA1ESHC003-17SB;Desenvolvimento Socioeconômico
11201920547;NAESZG002-17SB;Confiabilidade Industrial em Sistemas de Gestão
11060516;NCESTA008-17SA;Sistemas de Controle II
11201922269;NA1ESHR016-21SB;Sistema Financeiro Internacional
11202232185;DA1MCZC010-15SB;Atenção e Estados de Consciência A1-Matutino (São Bernardo)
11201811248;NAESZU002-17SA;Compostagem
11202212526;NB1BHQ0002-15SA;Estudos Étnico-Raciais
11201812151;NA1LHZ0028-19SB;Práticas de Ensino de Geografia: Metodologias
11201812151;NA1NHZ2044-11SB;História das Ciências no Brasil
11201920696;NAESZE086-17SA;Cogeração
11050315;DAESTI016-17SA;Fundamentos de Fotônica A-Matutino (Santo André)
11201812016;DA1MCTA003-17SA;Análise de Algoritmos A1-Matutino (Santo André)
11201812016;NAMCZA014-17SA;Métodos de Otimização
11201812016;DAMCZA030-17SA;Vida Artificial na Computação A-Matutino (Santo André)
11006316;DA2NHI5001-15SA;Desenvolvimento e Aprendizagem A2-Matutino (Santo André)
21047616;DA1ESHC013-21SB;Relações Comerciais e de Investimento Internacionais A1-Matutino (São Bernardo)
21047616;DA1ESHC028-17SB;Economia Política A1-Matutino (São Bernardo)
11033013;DA1LIE0001-19SA;Metodologias de Pesquisa em Educação A1-Matutino (Santo André)
11033013;DA1ESTU031-17SA;Recuperação de Áreas Degradadas A1-Matutino (Santo André)
11033013;DB1ESTO011-17SB;Fundamentos de Desenho Técnico B1-Matutino (São Bernardo)
11202310111;NAESZC024-17SB;Tópicos Avançados em História Econômica
11086513;NAESZB022-17SA;Introdução à Bioinformática
11007015;NA1MCZA019-17SA;Programação para Web
11007015;DAMCZA037-17SA;Combinatória Extremal A-Matutino (Santo André)
11103716;DA2ESTG020-17SB;Sistemas e Processos de Produção A2-Matutino (São Bernardo)
11201921071;DA1ESZT009-17SB;Planejamento e Gestão de Redes Técnicas e Sistemas Territoriais A1-Matutino (São Bernardo)
11202210101;NA1BHO1102-19SB;Introdução à Economia
11202210101;NAESHR007-21SB;Geopolítica
11201921053;NA2MCTA024-13SA;Sistemas Digitais
11201921053;NA2MCTA016-13SA;Paradigmas de Programação
11201921122;DA1MCTA003-17SA;Análise de Algoritmos A1-Matutino (Santo André)
11201921122;DA2MCTA024-13SA;Sistemas Digitais A2-Matutino (Santo André)
11201921422;DA2MCTA025-13SA;Sistemas Distribuídos A2-Matutino (Santo André)
11202111569;NANHH2033-18SB;História da Filosofia Antiga Clássica
11201921814;NAESTS013-17SB;Projeto de Elementos Estruturais de Aeronaves I
11202020636;NA2ESTB028-17SB;Equipamentos Médico-Hospitalares
11202020636;DA1NHZ2092-16SB;Arte e ensino A1-Matutino (São Bernardo)
11202230222;NA1ESTO011-17SB;Fundamentos de Desenho Técnico
11201722311;NB4BCN0407-15SA;Funções de Várias Variáveis
11202231585;NA1MCZC010-15SB;Atenção e Estados de Consciência
11202231585;NA1MCTC001-15SB;Introdução à Filosofia da Mente
11060011;DANHZ2021-11SB;Filosofia da Mente A-Matutino (São Bernardo)
11202230614;NB1BCN0407-15SA;Funções de Várias Variáveis
11022314;NA2ESTA007-17SA;Eletrônica Analógica Aplicada
21002614;NA1ESTB031-18SB;Métodos Matemáticos aplicados a Sistemas Biomédicos
21076314;NAESZG002-17SB;Confiabilidade Industrial em Sistemas de Gestão
21076314;NB2BCN0407-15SB;Funções de Várias Variáveis
11202021442;NAESHC035-21SB;Econometria I
11202021442;DA1ESHC008-21SB;Economia Brasileira II A1-Matutino (São Bernardo)
21025114;DA1ESTO001-17SB;Circuitos Elétricos e Fotônica A1-Matutino (São Bernardo)
11202131793;NA1ESTA017-17SA;Laboratório de Máquinas Elétricas
11202131793;NB2ESTO011-17SA;Fundamentos de Desenho Técnico
11202021848;DB1ESTO011-17SB;Fundamentos de Desenho Técnico B1-Matutino (São Bernardo)
11202231578;NABCL0306-15SA;Biodiversidade: Interações entre organismos e ambiente
11201812044;DA1ESTU039-17SA;Regulação Ambiental e Urbanística A1-Matutino (Santo André)
11201812044;DA1ESTO902-17SA;Engenharia Unificada I A1-Matutino (Santo André)
11201811020;DANHH2007-13SB;Estética A-Matutino (São Bernardo)
11202020510;NAESTE023-17SA;Transferência de Calor II
11202020510;DAESTU038-17SA;Tratamento de Águas Urbanas Servidas A-Matutino (Santo André)
11202020510;DA1BIN0406-15SA;Introdução à Probabilidade e à Estatística A1-Matutino (Santo André)
11202020510;NA4BCN0407-15SA;Funções de Várias Variáveis
11202021402;DB1BIN0406-15SA;Introdução à Probabilidade e à Estatística B1-Matutino (Santo André)
11201822497;NAMCTD009-18SA;Geometria Plana Axiomática
11202020950;NA1ESHP009-13SB;Governo, Burocracia e Administração Pública
11202020950;NA1ESHR031-21SB;Economia Política Internacional
11202020639;NAESZG036-17SB;Conceitos de Marketing
11202022228;DA1NHT5004-15SA;Educação Científica, Sociedade e Cultura A1-Matutino (Santo André)
11110414;NAESTG001-17SB;Custos
11110414;NA1BCJ0204-15SB;Fenômenos Mecânicos
11202130470;NANHZ1003-15SA;Biofísica
11202130470;NANHT1054-15SA;Histologia e Embriologia
11201720576;DA1LIE0001-19SA;Metodologias de Pesquisa em Educação A1-Matutino (Santo André)
11201921104;NA1ESTS003-17SB;Introdução à Astronáutica
11202022037;DA3BIS0003-15SB;Bases Matemáticas A3-Matutino (São Bernardo)
11202022037;DA1ESHC013-21SB;Relações Comerciais e de Investimento Internacionais A1-Matutino (São Bernardo)
11202012134;NAESHR029-21SB;Análise de Política Externa
11202012134;NA1ESHR031-21SB;Economia Política Internacional
11201722848;NB2ESTO017-17SA;Métodos Experimentais em Engenharia
11201722848;DA1ESTI002-17SA;Eletrônica Digital A1-Matutino (Santo André)
11201722848;NA1ESTM005-17SA;Materiais Metálicos
11201921013;DBESTA019-17SA;Projeto Assistido por Computador B-Matutino (Santo André)
11202111152;DA1ESHP009-13SB;Governo, Burocracia e Administração Pública A1-Matutino (São Bernardo)
11123615;NA1ESTU035-17SA;Sistemas de Esgotamento Sanitário
11202021618;NANHZ6002-18SA;Tecnologia de Fermentações
11201720554;NA1ESZU013-17SA;Logística e Meio Ambiente
11202022213;DB1BCK0104-15SB;Interações Atômicas e Moleculares B1-Matutino (São Bernardo)
11202022213;DA1ESHC012-21SB;Economia Institucional A1-Matutino (São Bernardo)
11202130272;NA1ESHC003-17SB;Desenvolvimento Socioeconômico
11202130325;NA1BCK0104-15SB;Interações Atômicas e Moleculares
11202130325;NA1ESTO008-17SB;Mecânica dos Sólidos I
11202130390;DB1ESHC016-17SB;Finanças Corporativas B1-Matutino (São Bernardo)
11202021557;DA1ESTO015-17SA;Mecânica dos Fluidos I A1-Matutino (Santo André)
11202021557;DA1ESTO014-17SA;Termodinâmica Aplicada I A1-Matutino (Santo André)
11201812084;NB2BCK0104-15SA;Interações Atômicas e Moleculares
11201812084;NA1MCTA003-17SA;Análise de Algoritmos
11202231717;DAESTE036-17SA;Economia da Energia A-Matutino (Santo André)
11202231717;DB8BCJ0205-15SA;Fenômenos Térmicos B8-Matutino (Santo André)
11202231717;NA1MCZB013-13SA;Introdução à Análise Estocástica em Finanças
11202231717;DB1BIJ0207-15SA;Bases Conceituais da Energia B1-Matutino (Santo André)
11202231717;DA1ESTU035-17SA;Sistemas de Esgotamento Sanitário A1-Matutino (Santo André)
11202231717;DB1BIN0406-15SA;Introdução à Probabilidade e à Estatística B1-Matutino (Santo André)
11201720588;DA1NHT4005-15SA;Eletroanalítica e Técnicas de Separação A1-Matutino (Santo André)
11201720588;DA1NHT4024-15SA;Mecanismos de Reações Orgânicas A1-Matutino (Santo André)
11201720588;NAESTE034-17SA;Engenharia de Biocombustíveis
11201932608;NB2ESTO011-17SA;Fundamentos de Desenho Técnico
11201932608;NAMCZA004-13SA;Avaliação de Desempenho de Redes
11202231021;NA1BIJ0207-15SB;Bases Conceituais da Energia
11201921129;DAESZB022-17SA;Introdução à Bioinformática A-Matutino (Santo André)
11201921655;DA1ESHC013-21SB;Relações Comerciais e de Investimento Internacionais A1-Matutino (São Bernardo)
11001216;DAMCTB024-13SA;Trabalho de Conclusão de Curso em Matemática I A-Matutino (Santo André)
11001216;NA1MCTB012-13SA;Equações Diferenciais Parciais
11001216;NA1MCTB014-17SA;Extensões Algébricas
21026711;DAESZA007-17SA;Confiabilidade de Componentes e Sistemas A-Matutino (Santo André)
11202022160;NA2BCS0002-15SA;Projeto Dirigido
11202021965;DAESZU002-17SA;Compostagem A-Matutino (Santo André)
11017616;NA1MCZC011-15SB;Tomada de Decisões e Neuroeconomia
11017616;NA1NHH2017-16SB;Filosofia da Educação
11017616;NA1ESZU022-17SA;Ciências Atmosféricas
11017616;NANHT1002-15SA;Bioética
11202111166;DA1BIN0406-15SA;Introdução à Probabilidade e à Estatística A1-Matutino (Santo André)
11202021505;NA1MCZA002-17SA;Aprendizado de Máquina
11202020221;DA1MCTA018-13SA;Programação Orientada a Objetos A1-Matutino (Santo André)
11202021277;NA1ESHR024-14SB;História da Política Externa Brasileira
21000111;NANHZ2051-11SB;Pensamento Hegeliano e seus Desdobramentos Contemporâneos
11094311;DANHZ2132-18SB;Filosofia, Música e Literatura A-Matutino (São Bernardo)
11094311;NANHH2033-18SB;História da Filosofia Antiga Clássica
11094311;NANHH2007-13SB;Estética
11094311;NANHZ2111-18SB;Teorias da Verdade
11202131281;DA1LIE0001-19SB;Metodologias de Pesquisa em Educação A1-Matutino (São Bernardo)
11202130299;DA1LHZ0028-19SB;Práticas de Ensino de Geografia: Metodologias A1-Matutino (São Bernardo)
11202111175;DA1LHZ0028-19SB;Práticas de Ensino de Geografia: Metodologias A1-Matutino (São Bernardo)
13201812200;NAESHP030-14SB;Planejamento Orçamentário
11202231334;NA1LHZ0035-19SB;Região e Regionalização
11201921285;NA2MCTA007-17SA;Compiladores
11202232107;DANHT1072-15SA;Ecologia Comportamental A-Matutino (Santo André)
11202020158;NB1ESTO017-17SB;Métodos Experimentais em Engenharia
11202111798;NB1ESTO005-17SB;Introdução às Engenharias
11202230722;DA1BCL0306-15SB;Biodiversidade: Interações entre organismos e ambiente A1-Matutino (São Bernardo)
11202231042;DB5BIS0005-15SB;Bases Computacionais da Ciência B5-Matutino (São Bernardo)
11202230309;NA2MCTB001-17SA;Álgebra Linear
11202021399;DA1ESTA014-17SA;Sistemas CAD/CAM A1-Matutino (Santo André)
11201920138;NAESZI032-17SA;Processamento de Vídeo
11201920138;DA1MCTA007-17SA;Compiladores A1-Matutino (Santo André)
11201920191;NB4BCN0407-15SA;Funções de Várias Variáveis
11202021325;NA1ESTS003-17SB;Introdução à Astronáutica
11202130175;DB1BCK0104-15SA;Interações Atômicas e Moleculares B1-Matutino (Santo André)
11202020707;NA1MCZA002-17SA;Aprendizado de Máquina
11202130310;DA1BHQ0002-15SA;Estudos Étnico-Raciais A1-Matutino (Santo André)
11072512;DA1MCZA038-17SA;Prática Avançada de Programação A A1-Matutino (Santo André)
11072512;NAMCZA014-17SA;Métodos de Otimização
11072512;DAESZI014-17SA;Sistemas Inteligentes A-Matutino (Santo André)
11072512;DAMCZA037-17SA;Combinatória Extremal A-Matutino (Santo André)
11202232366;DB3BCM0505-22SA;Processamento da Informação B3-Matutino (Santo André)
11202022040;DAESHC035-21SB;Econometria I A-Matutino (São Bernardo)
11202022040;DA1ESHC003-17SB;Desenvolvimento Socioeconômico A1-Matutino (São Bernardo)
11018516;NAESZI032-17SA;Processamento de Vídeo
11018516;NA1MCTA003-17SA;Análise de Algoritmos
11018516;DA1MCZA038-17SA;Prática Avançada de Programação A A1-Matutino (Santo André)
11201811246;NA1MCZC002-15SB;Bases Neurais da Motricidade
11201811246;NA1MCZC011-15SB;Tomada de Decisões e Neuroeconomia
11201822520;DB1ESHC016-17SB;Finanças Corporativas B1-Matutino (São Bernardo)
11202022212;NAESZI032-17SA;Processamento de Vídeo
11202020673;NA1ESHR005-13SB;Estado e Desenvolvimento Econômico no Brasil Contemporâneo
11201921311;DA2BCK0104-15SA;Interações Atômicas e Moleculares A2-Matutino (Santo André)
11202232369;DA1BIQ0602-15SB;Estrutura e Dinâmica Social A1-Matutino (São Bernardo)
11201811739;DA2MCTA025-13SA;Sistemas Distribuídos A2-Matutino (Santo André)
11201921535;NA1ESZU022-17SA;Ciências Atmosféricas
11201921666;NAESTA020-17SA;Modelagem e Controle
21086816;NA1BCK0104-15SB;Interações Atômicas e Moleculares
11202230940;NB2ESTO011-17SA;Fundamentos de Desenho Técnico
11071616;DANHZ6002-18SA;Tecnologia de Fermentações A-Matutino (Santo André)
11202131244;NB1BCS0002-15SB;Projeto Dirigido
11093716;DA1MCTB010-13SA;Cálculo Vetorial e Tensorial A1-Matutino (Santo André)
11201822480;NA1ESHC037-21SB;Econometria III
11202022056;NA1BHO1102-19SB;Introdução à Economia
11202320739;NA1ESZM002-17SA;Nanociência e Nanotecnologia
11202320739;NB1BCL0306-15SB;Biodiversidade: Interações entre organismos e ambiente
11202320739;NA1ESTS003-17SB;Introdução à Astronáutica
21032616;NA1MCTA003-17SA;Análise de Algoritmos
11202021951;NA1ESTU009-17SA;Hidrologia
11202021951;NB1ESTU036-17SA;Sistemas de Drenagem Urbana
11116313;DAMCTB027-13SA;Trabalho de Conclusão de Curso em Matemática III A-Matutino (Santo André)
11201811612;NA2ESTO017-17SA;Métodos Experimentais em Engenharia
11202112017;NA1ESTO014-17SB;Termodinâmica Aplicada I
11202021765;DA2BCS0002-15SA;Projeto Dirigido A2-Matutino (Santo André)
11202021765;DA1ESTO014-17SA;Termodinâmica Aplicada I A1-Matutino (Santo André)
11202020578;DA1ESTO014-17SB;Termodinâmica Aplicada I A1-Matutino (São Bernardo)
11201810266;DA1NHT1083-16SA;Práticas de Ensino de Biologia I A1-Matutino (Santo André)
11202130044;DA2BCS0002-15SA;Projeto Dirigido A2-Matutino (Santo André)
11202131981;NA1ESHP019-13SB;Regimes e Formas de Governo
21051014;NA1ESHT018-17SB;Planejamento e Política Regional
21051014;NA1ESZT009-17SB;Planejamento e Gestão de Redes Técnicas e Sistemas Territoriais
21051014;NB1BIN0406-15SB;Introdução à Probabilidade e à Estatística
11202310034;NA1BCN0407-15SA;Funções de Várias Variáveis
11201921010;DA1BIL0304-15SB;Evolução e Diversificação da Vida na Terra A1-Matutino (São Bernardo)
11202130126;NA1ESTO902-17SB;Engenharia Unificada I
11201922145;DB1ESTA017-17SA;Laboratório de Máquinas Elétricas B1-Matutino (Santo André)
11201922145;NAESZE110-17SA;Eletrificação Rural com Recursos Energéticos Renováveis
11201812355;DA3BIS0003-15SB;Bases Matemáticas A3-Matutino (São Bernardo)
11202022081;NA1ESTO013-17SB;Engenharia Econômica
11201921154;NA1ESZU022-17SA;Ciências Atmosféricas
11202130243;NA2BCK0104-15SA;Interações Atômicas e Moleculares
11201921444;DA1ESHP009-13SB;Governo, Burocracia e Administração Pública A1-Matutino (São Bernardo)
11201921612;NAESZI016-17SA;Projeto de Filtros Digitais
11202020069;DA1MCTB019-17SA;Matemática Discreta A1-Matutino (Santo André)
11202020069;NA2MCTB001-17SA;Álgebra Linear
11201812249;NA1ESTU034-17SA;Sistemas de Abastecimento de Águas
11202130900;NB1BIQ0602-15SB;Estrutura e Dinâmica Social
11202130900;NA1BHP0001-15SB;Ética e Justiça
11202112019;DB1BCM0505-22SB;Processamento da Informação B1-Matutino (São Bernardo)
11202112019;DA1BIR0004-15SB;Bases Epistemológicas da Ciência Moderna A1-Matutino (São Bernardo)
13201910043;NA1ESHC003-17SB;Desenvolvimento Socioeconômico
11202021143;DA1ESTU031-17SA;Recuperação de Áreas Degradadas A1-Matutino (Santo André)
11202021143;DAESTE036-17SA;Economia da Energia A-Matutino (Santo André)
11202021143;DA1ESZU022-17SA;Ciências Atmosféricas A1-Matutino (Santo André)
21018511;DB1BIJ0207-15SA;Bases Conceituais da Energia B1-Matutino (Santo André)
21082615;NAESZP002-13SB;Instituições Judiciais e Políticas Públicas
21082615;NA1LHZ0018-19SB;História Cultural
11202022164;NAESHT017-17SB;Planejamento e Política Ambiental
11202022164;NA1ESHT020-17SB;Política Metropolitana
11202020429;NA1ESZU030-17SA;Riscos no Ambiente Urbano
11202020429;DAESZU002-17SA;Compostagem A-Matutino (Santo André)
11202020429;DA1ESTU039-17SA;Regulação Ambiental e Urbanística A1-Matutino (Santo André)
11201920558;NA1ESHP031-14SB;Avaliação e Monitoramento de Políticas Públicas
11201920558;DA1ESHP019-13SB;Regimes e Formas de Governo A1-Matutino (São Bernardo)
11202022166;DA1ESTO006-17SA;Materiais e Suas Propriedades A1-Matutino (Santo André)
11202212458;DAESHR007-21SB;Geopolítica A-Matutino (São Bernardo)
11202212458;DA1LHZ0028-19SB;Práticas de Ensino de Geografia: Metodologias A1-Matutino (São Bernardo)
11202212458;DA1ESHP019-13SB;Regimes e Formas de Governo A1-Matutino (São Bernardo)
11202020624;NAESHR007-21SB;Geopolítica
11201922137;NA1ESTU021-17SA;Transportes e Mobilidade Urbana
11201810337;NA1ESHR005-13SB;Estado e Desenvolvimento Econômico no Brasil Contemporâneo
11201921555;DA1ESHC038-17SB;Economia Monetária A1-Matutino (São Bernardo)
11201921555;NA1ESHC013-21SB;Relações Comerciais e de Investimento Internacionais
11202230416;DA2BCN0407-15SA;Funções de Várias Variáveis A2-Matutino (Santo André)
11202020693;NANHZ6015-18SA;Biotecnologia Ambiental e Agroindustrial
11201722449;NA1ESHR005-13SB;Estado e Desenvolvimento Econômico no Brasil Contemporâneo
11202020633;DAESHR903-18SB;Metodologia de Pesquisa em Relações Internacionais (TCC 1) A-Matutino (São Bernardo)
11202210005;DA1ESTO902-17SB;Engenharia Unificada I A1-Matutino (São Bernardo)
11202210005;DA1ESTO011-17SB;Fundamentos de Desenho Técnico A1-Matutino (São Bernardo)
11202021572;DA1NHZ2092-16SB;Arte e ensino A1-Matutino (São Bernardo)
11201811042;NA2MCTA016-13SA;Paradigmas de Programação
11202020616;DA1ESHC038-17SB;Economia Monetária A1-Matutino (São Bernardo)
11202020616;NA1ESHP012-13SB;Introdução ao Direito Administrativo
11201822498;NAESHR029-21SB;Análise de Política Externa
11202111737;NANHZ6005-18SA;Laboratório de Bioprocessos
11202111737;NANHZ6013-18SA;Biotecnologia Animal
11201722972;NAESTI006-17SA;Processamento Digital de Sinais
11033916;NAESTE033-17SA;Engenharia Solar Fotovoltaica
11015315;NA1ESZB032-17SB;Bioimpedância Aplicada
11202230574;NB2BIS0003-15SB;Bases Matemáticas
11202230828;NA5BCM0505-22SA;Processamento da Informação
11201822391;NA1BCK0104-15SB;Interações Atômicas e Moleculares
11201822391;DA1NHZ2044-11SB;História das Ciências no Brasil A1-Matutino (São Bernardo)
11201811348;DAESTA006-17SA;Fotônica A-Matutino (Santo André)
11201720978;DB1NHT5004-15SA;Educação Científica, Sociedade e Cultura B1-Matutino (Santo André)
11011016;DA1MCTB010-13SA;Cálculo Vetorial e Tensorial A1-Matutino (Santo André)
11202020052;NAESZG036-17SB;Conceitos de Marketing
11054216;NA2ESTA014-17SA;Sistemas CAD/CAM
11202020452;NA1MCZC011-15SB;Tomada de Decisões e Neuroeconomia
21080614;NAESZE110-17SA;Eletrificação Rural com Recursos Energéticos Renováveis
11201720122;NAMCZA008-17SA;Interação Humano-Computador
11201811062;NB1BHQ0002-15SA;Estudos Étnico-Raciais
11202111630;NAESZR026-21SB;Deslocamento Forçado, Refúgio e humanitarismo
11026516;NAESZE038-17SA;Reações Nucleares
11026516;NAESZE086-17SA;Cogeração
11202020570;NA2BIN0406-15SA;Introdução à Probabilidade e à Estatística
11202020610;NAESZI032-17SA;Processamento de Vídeo
11201811655;NA1ESTA007-17SA;Eletrônica Analógica Aplicada
11202310102;NA1MCTC020-15SB;Psicologia Experimental
11202310102;NA1ESHR015-21SB;Segurança Internacional
11201722774;NA1ESHP021-13SB;Trajetórias das Políticas de CT&I no Brasil
11202232375;NB2BIN0406-15SA;Introdução à Probabilidade e à Estatística
11202232375;NB1ESTO005-17SA;Introdução às Engenharias
11202020802;NANHT1002-15SA;Bioética
11202231801;DA1BCL0306-15SB;Biodiversidade: Interações entre organismos e ambiente A1-Matutino (São Bernardo)
11201723065;NA1ESTM017-17SA;Materiais Cerâmicos
11074616;NAESZI039-17SA;Propagação e Antenas
11201810784;NA1ESTB024-17SB;Modelagem de Sistemas Dinâmicos II
11201720080;NAESTS006-17SB;Laboratório de Guiagem, Navegação e Controle
11202020891;NB6BCM0505-22SA;Processamento da Informação
11202020891;NA1BCN0404-15SA;Geometria Analítica
11201722756;DAESTI016-17SA;Fundamentos de Fotônica A-Matutino (Santo André)
11201721625;NA1ESTS003-17SB;Introdução à Astronáutica
11202020680;NANHT1013-15SA;Bioquímica Funcional
11201922364;NAESHC017-17SB;Finanças Públicas
11201922364;DB1ESHC016-17SB;Finanças Corporativas B1-Matutino (São Bernardo)
11201921477;NA1ESHR005-13SB;Estado e Desenvolvimento Econômico no Brasil Contemporâneo
11202021387;NB2BCN0407-15SA;Funções de Várias Variáveis
11202021387;NB1BCK0104-15SA;Interações Atômicas e Moleculares
11201932555;DAESTE036-17SA;Economia da Energia A-Matutino (Santo André)
11201812117;NA2ESTA006-17SA;Fotônica
11202020742;DA1ESTO902-17SB;Engenharia Unificada I A1-Matutino (São Bernardo)
11202130307;NABCL0306-15SA;Biodiversidade: Interações entre organismos e ambiente
11202130307;NB1BCK0104-15SA;Interações Atômicas e Moleculares
11202130307;NA2ESTA007-17SA;Eletrônica Analógica Aplicada
11202130307;NA2ESTA004-17SA;Circuitos Elétricos II
11202130293;NANHZ6015-18SA;Biotecnologia Ambiental e Agroindustrial
11201721924;NA1ESTO014-17SB;Termodinâmica Aplicada I
11201920919;NAESHC035-21SB;Econometria I
11202020828;DAESTS009-17SB;Materiais Compósitos e Aplicações Estruturais A-Matutino (São Bernardo)
11201920436;NA1ESTO902-17SB;Engenharia Unificada I
11201922390;DA2BCK0104-15SA;Interações Atômicas e Moleculares A2-Matutino (Santo André)
11202020129;NB1BCS0002-15SB;Projeto Dirigido
11201920668;NA1ESTA004-17SA;Circuitos Elétricos II
11201920668;NA1ESTA007-17SA;Eletrônica Analógica Aplicada
11202022077;NA1MCTA018-13SA;Programação Orientada a Objetos
11202022077;NA1ESHP012-13SB;Introdução ao Direito Administrativo
11201721973;NA2MCTA007-17SA;Compiladores
11202230738;DA1ESHT011-21SB;Análise de dados para o Planejamento Territorial A1-Matutino (São Bernardo)
11201721712;DA1ESTM004-17SA;Ciência dos Materiais A1-Matutino (Santo André)
11201921471;NA2MCTB001-17SA;Álgebra Linear
11202310022;NA1ESZU022-17SA;Ciências Atmosféricas
11202021507;DA1MCTA003-17SA;Análise de Algoritmos A1-Matutino (Santo André)
11202021507;DA1MCTB019-17SA;Matemática Discreta A1-Matutino (Santo André)
11201921015;NAESTI006-17SA;Processamento Digital de Sinais
11202021639;DB1BCS0002-15SB;Projeto Dirigido B1-Matutino (São Bernardo)
11202020053;DAESTG025-17SB;Propriedade Intelectual A-Matutino (São Bernardo)
11202020591;NB1ESTO013-17SB;Engenharia Econômica
11201720352;NA1BCN0407-15SA;Funções de Várias Variáveis
11201920841;DAESTA013-17SA;Fundamentos de Robótica A-Matutino (Santo André)
11201920841;DB1ESTA017-17SA;Laboratório de Máquinas Elétricas B1-Matutino (Santo André)
11201920221;NAESZG002-17SB;Confiabilidade Industrial em Sistemas de Gestão
11202231089;DB1BIR0004-15SB;Bases Epistemológicas da Ciência Moderna B1-Matutino (São Bernardo)
11202231089;DA1BIQ0602-15SB;Estrutura e Dinâmica Social A1-Matutino (São Bernardo)
11202022036;DA1ESHC003-17SB;Desenvolvimento Socioeconômico A1-Matutino (São Bernardo)
11202022036;NA1BHO1102-19SB;Introdução à Economia
11202130864;NA1MCZC011-15SB;Tomada de Decisões e Neuroeconomia
11202020277;NANHZ3026-15SA;Introdução à Física Nuclear
11201921114;NA1NHT4053-15SA;Química dos Elementos
11201921114;NANHZ6002-18SA;Tecnologia de Fermentações
11202021357;NAESZG036-17SB;Conceitos de Marketing
11202021357;NAESTG024-17SB;Sistemas de Informação Corporativos
11202020196;DA1NHT5004-15SA;Educação Científica, Sociedade e Cultura A1-Matutino (Santo André)
11202020196;DAMCTD024-18SA;Análise na Educação Básica A-Matutino (Santo André)
11202020196;DA1LIE0001-19SA;Metodologias de Pesquisa em Educação A1-Matutino (Santo André)
11202020568;NAESZC024-17SB;Tópicos Avançados em História Econômica
11201721263;DAESTG004-17SB;Elaboração, Análise e Avaliação de Projetos A-Matutino (São Bernardo)
11202020984;NB3BCJ0205-15SB;Fenômenos Térmicos
11202022188;NAESTA020-17SA;Modelagem e Controle
11202020442;NA1NHH2017-16SB;Filosofia da Educação
11201921745;NAESHP030-14SB;Planejamento Orçamentário
11202020959;NA1NHT4015-15SA;Experimentação e Ensino de Química
11202020959;NB1BCN0407-15SA;Funções de Várias Variáveis
11202021312;NA2ESTO001-17SB;Circuitos Elétricos e Fotônica
11088013;NB1ESTA003-17SA;Sistemas de Controle I
11088013;NAESZA016-17SA;Optoeletrônica
11202230531;NB1BCJ0204-15SA;Fenômenos Mecânicos
11202231694;DC1BCS0001-15SB;Base Experimental das Ciências Naturais C1-Matutino (São Bernardo)
11201921455;DA1BCS0002-15SB;Projeto Dirigido A1-Matutino (São Bernardo)
11202020769;NB1ESTO011-17SB;Fundamentos de Desenho Técnico
11007815;DAESZI037-17SA;Aplicações em Voz, Áudio e Acústica A-Matutino (Santo André)
11202130225;NB1LIE0001-19SA;Metodologias de Pesquisa em Educação
11202131453;DB8BCJ0205-15SA;Fenômenos Térmicos B8-Matutino (Santo André)
11202131453;DB1BIN0406-15SA;Introdução à Probabilidade e à Estatística B1-Matutino (Santo André)
11202232256;DA2BCJ0205-15SB;Fenômenos Térmicos A2-Matutino (São Bernardo)
11201822580;DA1ESTA014-17SA;Sistemas CAD/CAM A1-Matutino (Santo André)
11024216;NANHZ6015-18SA;Biotecnologia Ambiental e Agroindustrial
11024216;NANHZ6002-18SA;Tecnologia de Fermentações
11202020403;DB1ESHC016-17SB;Finanças Corporativas B1-Matutino (São Bernardo)
11202230543;DA2NHI5002-15SA;Didática A2-Matutino (Santo André)
11201811619;DANHZ2021-11SB;Filosofia da Mente A-Matutino (São Bernardo)
11201811619;DA1MCZB031-17SA;Teoria dos Jogos A1-Matutino (Santo André)
11201720190;NANHZ6008-18SA;Engenharia Metabólica
11202130246;DA1ESHR015-21SB;Segurança Internacional A1-Matutino (São Bernardo)
11201920697;NB1BHQ0301-15SB;Território e Sociedade
11201722965;DA3BIS0003-15SB;Bases Matemáticas A3-Matutino (São Bernardo)
11201810480;DA1LIE0001-19SA;Metodologias de Pesquisa em Educação A1-Matutino (Santo André)
11202210087;DA1NHZ2092-16SB;Arte e ensino A1-Matutino (São Bernardo)
11202020194;DB5BIS0005-15SB;Bases Computacionais da Ciência B5-Matutino (São Bernardo)
11202022110;DA2ESTO017-17SA;Métodos Experimentais em Engenharia A2-Matutino (Santo André)
11202020222;DB1ESTO902-17SB;Engenharia Unificada I B1-Matutino (São Bernardo)
11202231154;DA1BCN0404-15SA;Geometria Analítica A1-Matutino (Santo André)
11201722475;NAESTG002-17SB;Desenvolvimento Integrado do Produto
11202130522;NA1BCK0104-15SA;Interações Atômicas e Moleculares
11201810181;NANHZ2093-16SB;Corpo, sexualidade e questões de gênero
11202230747;DANHZ3043-15SA;Noções de Astronomia e Cosmologia A-Matutino (Santo André)
11201723013;NA2BCM0505-22SB;Processamento da Informação
11201920430;NAMCZA004-13SA;Avaliação de Desempenho de Redes
11201921847;NA1MCTC014-13SB;Introdução à Inferência Estatística
21028916;DANHZ2132-18SB;Filosofia, Música e Literatura A-Matutino (São Bernardo)
21028916;DAESZR026-21SB;Deslocamento Forçado, Refúgio e humanitarismo A-Matutino (São Bernardo)
11202232192;DA2NHI5002-15SA;Didática A2-Matutino (Santo André)
11202232192;DB1ESTO011-17SA;Fundamentos de Desenho Técnico B1-Matutino (Santo André)
21088916;NA3ESTU009-17SA;Hidrologia
21088916;DAESTU038-17SA;Tratamento de Águas Urbanas Servidas A-Matutino (Santo André)
11202022068;DA1NHZ2092-16SB;Arte e ensino A1-Matutino (São Bernardo)
11201810142;DA1ESHP028-14SB;Políticas Públicas para Sociedade da Informação A1-Matutino (São Bernardo)
11201720710;NA1LHZ0018-19SB;História Cultural
11201920636;NAMCTD024-18SA;Análise na Educação Básica
11201920636;DA1BCK0104-15SB;Interações Atômicas e Moleculares A1-Matutino (São Bernardo)
11201920636;NA1ESTO006-17SA;Materiais e Suas Propriedades
11201920636;NB2ESTO011-17SA;Fundamentos de Desenho Técnico
11201920636;NA1NHZ1096-19SA;Práticas Discursivas da Ciência e Educação em Ciências
11202130405;NAESHR029-21SB;Análise de Política Externa
11202111029;NA1NHZ4081-20SB;Paulo Freire: educação para a criticidade
11202020305;NANHZ6002-18SA;Tecnologia de Fermentações
11202131496;NA1MCTB019-17SA;Matemática Discreta
11202022233;NA1ESTU034-17SA;Sistemas de Abastecimento de Águas
11202021607;NA1MCTA003-17SA;Análise de Algoritmos
11091316;NAESZI016-17SA;Projeto de Filtros Digitais
11091316;NB1ESZA011-17SA;Eletrônica de Potência I
11202111733;NA1MCTB015-17SA;Funções de Variável Complexa
11202130475;DAESZU002-17SA;Compostagem A-Matutino (Santo André)
11201720666;NA1MCZC018-20SB;Psicopatologia
11202112020;NA1ESHR004-13SB;Economia Política Internacional da Energia
11202020525;NA6BCJ0205-15SA;Fenômenos Térmicos
11202020525;NA1ESTO005-17SA;Introdução às Engenharias
11202020525;DA1NHT1083-16SA;Práticas de Ensino de Biologia I A1-Matutino (Santo André)
11202130763;DB1BIR0004-15SB;Bases Epistemológicas da Ciência Moderna B1-Matutino (São Bernardo)
11202111045;DA1ESHC028-17SB;Economia Política A1-Matutino (São Bernardo)
11202231834;NB1LIE0001-19SA;Metodologias de Pesquisa em Educação
21084913;NAESTE037-17SA;Análise Econômica de Projetos Energéticos
21084913;DAESZG018-17SB;Estratégias de Comunicação Organizacional A-Matutino (São Bernardo)
21084913;DAESZG023-17SB;Contabilidade para Engenharia A-Matutino (São Bernardo)
11201922268;DA1BIN0406-15SA;Introdução à Probabilidade e à Estatística A1-Matutino (Santo André)
11202021988;NA1MCTB001-17SA;Álgebra Linear
11202210062;DANHH2035-13SB;História da Filosofia Contemporânea: o Século XX A-Matutino (São Bernardo)
11202021022;NAESZR026-21SB;Deslocamento Forçado, Refúgio e humanitarismo
11202021022;NA1ESHP021-13SB;Trajetórias das Políticas de CT&I no Brasil
11202232301;NA1ESTB021-17SB;Sensores Biomédicos
11202021510;DB1ESTO008-17SB;Mecânica dos Sólidos I B1-Matutino (São Bernardo)
11202021510;NAESZG002-17SB;Confiabilidade Industrial em Sistemas de Gestão
11124815;DA1NHT1083-16SA;Práticas de Ensino de Biologia I A1-Matutino (Santo André)
11202111657;DAESZR026-21SB;Deslocamento Forçado, Refúgio e humanitarismo A-Matutino (São Bernardo)
11202112023;NB5BCJ0205-15SA;Fenômenos Térmicos
11202112023;NA4BCM0505-22SA;Processamento da Informação
11202232284;DA2NHI5001-15SA;Desenvolvimento e Aprendizagem A2-Matutino (Santo André)
11201722063;NAESHC035-21SB;Econometria I
11202111047;NB2ESTO011-17SA;Fundamentos de Desenho Técnico
11202131517;DA1MCZC010-15SB;Atenção e Estados de Consciência A1-Matutino (São Bernardo)
11202020944;NAESZR026-21SB;Deslocamento Forçado, Refúgio e humanitarismo
21072416;NAESZG036-17SB;Conceitos de Marketing
11202021025;DAESZR026-21SB;Deslocamento Forçado, Refúgio e humanitarismo A-Matutino (São Bernardo)
11201722241;NBESHC035-21SB;Econometria I
11201722241;NA1ESHC003-17SB;Desenvolvimento Socioeconômico
11201722241;NB2BIN0406-15SB;Introdução à Probabilidade e à Estatística
11202020037;NA1ESHP009-13SB;Governo, Burocracia e Administração Pública
11202020054;NA2MCTA007-17SA;Compiladores
11202020054;NA2ESTO011-17SA;Fundamentos de Desenho Técnico
11201920495;DAESTG005-17SB;Engenharia Econômica Aplicada a Sistemas de Gestão A-Matutino (São Bernardo)
11202021506;NA5BCJ0205-15SA;Fenômenos Térmicos
11202020381;NA1ESTO008-17SB;Mecânica dos Sólidos I
11202130744;NA1BCK0104-15SB;Interações Atômicas e Moleculares
11202310077;NAESHR029-21SB;Análise de Política Externa
11202020247;NA1MCZC018-20SB;Psicopatologia
11201920745;NB1ESTO902-17SA;Engenharia Unificada I
11202020856;NANHT1071-15SA;Práticas de Ecologia
11005514;NA1ESTO016-17SA;Fenômenos de Transporte
11201822389;NA1NHT4053-15SA;Química dos Elementos
11202130139;DAESTA019-17SA;Projeto Assistido por Computador A-Matutino (Santo André)
11201810111;NA1NHZ4078-20SA;Gestão Educacional: Políticas, Processos e Cotidiano Escolar
11201810111;NAESTE016-17SA;Introdução aos Sistemas Elétricos de Potência
11201922413;DA1BCK0104-15SB;Interações Atômicas e Moleculares A1-Matutino (São Bernardo)
11201920923;NA1MCTA018-13SA;Programação Orientada a Objetos
11201932463;NA1ESHC038-17SB;Economia Monetária
11202020409;NA1BIN0406-15SA;Introdução à Probabilidade e à Estatística
11202130151;DAMCZA030-17SA;Vida Artificial na Computação A-Matutino (Santo André)
11201922111;NA1ESZB032-17SB;Bioimpedância Aplicada
11202130652;NAESHR007-21SB;Geopolítica
11202130653;DB1BHQ0002-15SB;Estudos Étnico-Raciais B1-Matutino (São Bernardo)
11202130665;NA1NHI5002-15SB;Didática
11201722662;DANHT3089-15SA;Trabalho de Conclusão de Curso em Física A-Matutino (Santo André)
11201811727;NA1MCTB019-17SA;Matemática Discreta
11202230639;NA1MCZC018-20SB;Psicopatologia
11201921102;NAESZC024-17SB;Tópicos Avançados em História Econômica
11201921102;NA1ESHC028-17SB;Economia Política
11114215;NA1MCZA019-17SA;Programação para Web
11202130668;NA1ESTO006-17SA;Materiais e Suas Propriedades
11202130668;DA1BIN0406-15SA;Introdução à Probabilidade e à Estatística A1-Matutino (Santo André)
11202232156;NA2BIN0406-15SB;Introdução à Probabilidade e à Estatística
11202232124;DA2BCS0002-15SA;Projeto Dirigido A2-Matutino (Santo André)
11201810223;NA1NHZ4081-20SB;Paulo Freire: educação para a criticidade
11202020294;NA1MCZA002-17SA;Aprendizado de Máquina
11201922301;DAESZG031-17SB;Engenharia Humana A-Matutino (São Bernardo)
11201921978;NA1ESTB005-17SB;Ciência dos Materiais Biocompatíveis
11201920266;NA4BIS0003-15SA;Bases Matemáticas
11202021743;DAESTA019-17SA;Projeto Assistido por Computador A-Matutino (Santo André)
11201922157;NA2BCS0002-15SA;Projeto Dirigido
11202022236;NA1LIE0001-19SB;Metodologias de Pesquisa em Educação
11202231594;NA5BCM0505-22SA;Processamento da Informação
11202231594;NA1LIE0001-19SA;Metodologias de Pesquisa em Educação
11202231594;NB1ESTO005-17SB;Introdução às Engenharias
11202230971;DA1ESTA014-17SA;Sistemas CAD/CAM A1-Matutino (Santo André)
11202022196;NA1ESTO015-17SB;Mecânica dos Fluidos I
11202021410;NA1MCZC018-20SB;Psicopatologia
11202021410;ND1ESTO902-17SB;Engenharia Unificada I
11202021708;DB1BCK0104-15SB;Interações Atômicas e Moleculares B1-Matutino (São Bernardo)
11202131404;NABCL0306-15SA;Biodiversidade: Interações entre organismos e ambiente
11202231852;DA1ESHC028-17SB;Economia Política A1-Matutino (São Bernardo)
11201810748;NA1MCZA002-17SA;Aprendizado de Máquina
11202130862;NANHH2086-16SB;História da Filosofia Medieval: do século IV ao X
11201922331;NAESZG036-17SB;Conceitos de Marketing
11202111055;NA1ESHP019-13SB;Regimes e Formas de Governo
11202111057;NA1ESTO006-17SA;Materiais e Suas Propriedades
11202111057;NA1ESTS003-17SB;Introdução à Astronáutica
11202111057;NA2BCN0407-15SA;Funções de Várias Variáveis
11202230989;NB1BCJ0205-15SA;Fenômenos Térmicos
11202021826;NAESTA006-17SA;Fotônica
11202021826;NANHT1059-15SA;Morfofisiologia Humana II
11202021826;NA1ESZM028-17SA;Materiais para Tecnologia da Informação
11202130860;NA3ESTU009-17SA;Hidrologia
11202021601;NA1ESTO017-17SB;Métodos Experimentais em Engenharia
11201932468;NA1BHO1102-19SB;Introdução à Economia
11201932468;NA1ESTO013-17SB;Engenharia Econômica
11202022279;NB3BCJ0205-15SB;Fenômenos Térmicos
11202022279;DA1ESTO902-17SB;Engenharia Unificada I A1-Matutino (São Bernardo)
11202130850;NAESHR007-21SB;Geopolítica
13201910047;NA1ESHR031-21SB;Economia Política Internacional
11057216;DA1LIE0001-19SA;Metodologias de Pesquisa em Educação A1-Matutino (Santo André)
11057216;DA1ESTU039-17SA;Regulação Ambiental e Urbanística A1-Matutino (Santo André)
11201723052;DAESTA013-17SA;Fundamentos de Robótica A-Matutino (Santo André)
11201811102;NAESZC024-17SB;Tópicos Avançados em História Econômica
13201910063;NANHH2007-13SB;Estética
13201910063;DANHZ2132-18SB;Filosofia, Música e Literatura A-Matutino (São Bernardo)
21043416;NANHZ2116-18SB;Discussões Atuais em Filosofia da Ciência
21043416;NA1ESZP041-14SB;Administração Pública e Reforma do Estado em Perspectiva Comparada
21043416;NAESTS004-17SB;Desempenho de Aeronaves
11202021598;DA1ESTO902-17SB;Engenharia Unificada I A1-Matutino (São Bernardo)
11202021282;NAESTE037-17SA;Análise Econômica de Projetos Energéticos
21080015;NA1NHI5002-15SB;Didática
21080015;NA1NHZ5023-18SB;Práticas escolares em educação especial e inclusiva
11201920623;NA1MCZA019-17SA;Programação para Web
11201920623;NA1MCTA018-13SA;Programação Orientada a Objetos
11202020898;NA1ESZU022-17SA;Ciências Atmosféricas
11202020654;NA1NHT5004-15SA;Educação Científica, Sociedade e Cultura
11201922404;DA1MCZB018-13SA;Introdução à Modelagem e Processos Estocásticos A1-Matutino (Santo André)
11201922404;DC1ESTO902-17SB;Engenharia Unificada I C1-Matutino (São Bernardo)
11201822477;NAESHR007-21SB;Geopolítica
11202020104;NA1BCS0002-15SA;Projeto Dirigido
21035414;DA1ESHP021-13SB;Trajetórias das Políticas de CT&I no Brasil A1-Matutino (São Bernardo)
11201922368;NA1BIK0102-15SA;Estrutura da Matéria
11201812283;DA1BCK0104-15SB;Interações Atômicas e Moleculares A1-Matutino (São Bernardo)
11201812283;DB1BHQ0301-15SB;Território e Sociedade B1-Matutino (São Bernardo)
11201812283;DA1ESTO008-17SB;Mecânica dos Sólidos I A1-Matutino (São Bernardo)
11201812283;DA1ESHC027-21SB;Economia Matemática A1-Matutino (São Bernardo)
11202130908;NA1MCTA009-13SA;Computadores, Ética e Sociedade
11202130908;DA2MCTA018-13SA;Programação Orientada a Objetos A2-Matutino (Santo André)
11201922314;NAESZC024-17SB;Tópicos Avançados em História Econômica
11202021998;DA1MCTB001-17SA;Álgebra Linear A1-Matutino (Santo André)
11202021998;DB2BCK0104-15SA;Interações Atômicas e Moleculares B2-Matutino (Santo André)
11202021771;DA1BCN0404-15SB;Geometria Analítica A1-Matutino (São Bernardo)
11202131428;NB1BCS0002-15SB;Projeto Dirigido
11201810215;DAESTI006-17SA;Processamento Digital de Sinais A-Matutino (Santo André)
11201722129;NA1ESTU021-17SA;Transportes e Mobilidade Urbana
11060216;DA2ESTG022-17SB;Sistemas CAM A2-Matutino (São Bernardo)
11202021700;NB1ESTO902-17SA;Engenharia Unificada I
11202020255;NA2ESTO006-17SA;Materiais e Suas Propriedades
11201920255;DA1ESHP009-13SB;Governo, Burocracia e Administração Pública A1-Matutino (São Bernardo)
11201723082;DA1ESHR031-21SB;Economia Política Internacional A1-Matutino (São Bernardo)
11201812224;NA1BHP0001-15SB;Ética e Justiça
11202020983;NA1ESZU030-17SA;Riscos no Ambiente Urbano
11202020983;DB1ESTO014-17SA;Termodinâmica Aplicada I B1-Matutino (Santo André)
11201722280;DB2BCM0505-22SB;Processamento da Informação B2-Matutino (São Bernardo)
11201722280;NAESTA011-17SA;Automação de Sistemas Industriais
11202022237;DA1MCZB031-17SA;Teoria dos Jogos A1-Matutino (Santo André)
11202020072;NB2NHI5002-15SA;Didática
11202020072;NA2BCK0104-15SA;Interações Atômicas e Moleculares
11202020072;DA1ESTM004-17SA;Ciência dos Materiais A1-Matutino (Santo André)
11201721631;DAESTA020-17SA;Modelagem e Controle A-Matutino (Santo André)
11076212;DAESZI014-17SA;Sistemas Inteligentes A-Matutino (Santo André)
11201920756;NA1LHZ0018-19SB;História Cultural
11202232378;DANHH2007-13SB;Estética A-Matutino (São Bernardo)
11202232378;DA1ESHP012-13SB;Introdução ao Direito Administrativo A1-Matutino (São Bernardo)
11046016;NA1ESHT015-22SB;Oficina de Planejamento Urbano
11046016;NA1NHZ4081-20SB;Paulo Freire: educação para a criticidade
11202021146;NAESZE006-17SA;Subestação e Equipamentos
11201811679;DA1BHQ0002-15SB;Estudos Étnico-Raciais A1-Matutino (São Bernardo)
11201811672;DAESTG023-17SB;Organização do Trabalho A-Matutino (São Bernardo)
11202131450;NB1BHQ0002-15SA;Estudos Étnico-Raciais
11201812221;NA1NHZ4080-20SA;História da Química
11201812221;NA1ESZU030-17SA;Riscos no Ambiente Urbano
11201720214;NAESZE006-17SA;Subestação e Equipamentos
11202020323;NA1ESHC032-17SB;Macroeconomia II
11201812323;NA1NHZ4081-20SB;Paulo Freire: educação para a criticidade
11201720796;NA1NHT3037-13SA;Mecânica Geral
11201720796;NA1ESTO016-17SA;Fenômenos de Transporte
11201810137;NA2MCTB001-17SA;Álgebra Linear
11202230667;DANHT1069-15SA;Fisiologia Vegetal I A-Matutino (Santo André)
11202020885;NA1ESHT018-17SB;Planejamento e Política Regional
11103514;NA1NHT4024-15SA;Mecanismos de Reações Orgânicas
11202131888;DANHZ2021-11SB;Filosofia da Mente A-Matutino (São Bernardo)
11202021717;NA1LHZ0035-19SB;Região e Regionalização
11201720260;NA2BIS0003-15SB;Bases Matemáticas
11201920149;DA1LHZ0035-19SB;Região e Regionalização A1-Matutino (São Bernardo)
11202230993;DB1BHQ0002-15SB;Estudos Étnico-Raciais B1-Matutino (São Bernardo)
11202131889;NANHT3049-15SA;Princípios de Termodinâmica
11202021723;NA6BIS0005-15SB;Bases Computacionais da Ciência
11202021723;NBESHC035-21SB;Econometria I
11201920609;NA1ESZB032-17SB;Bioimpedância Aplicada
11201920609;DA1ESTS010-17SB;Técnicas de Análise Estrutural e Projeto A1-Matutino (São Bernardo)
11202232304;DA1ESHR005-13SB;Estado e Desenvolvimento Econômico no Brasil Contemporâneo A1-Matutino (São Bernardo)
21032116;NA1MCTC009-15SB;Progressos e Métodos em Neurociência
11202130079;NB1BCK0104-15SA;Interações Atômicas e Moleculares
11202130079;NANHT3068-15SA;Mecânica Clássica I
11201920172;NA2ESTI002-17SA;Eletrônica Digital
11201811386;NA1ESTO006-17SA;Materiais e Suas Propriedades
11201822408;DA1NHI5002-15SB;Didática A1-Matutino (São Bernardo)
11201720834;DANHBF150-22SB;Oficina de Pesquisa em Filosofia II A-Matutino (São Bernardo)
11202022027;NA1ESHP028-14SB;Políticas Públicas para Sociedade da Informação
11202131457;DA1LHZ0018-19SB;História Cultural A1-Matutino (São Bernardo)
11201721172;NA1NHT3037-13SA;Mecânica Geral
11202130115;DA1ESZP041-14SB;Administração Pública e Reforma do Estado em Perspectiva Comparada A1-Matutino (São Bernardo)
11202020251;NAMCZA004-13SA;Avaliação de Desempenho de Redes
11202230779;DA1BHQ0002-15SB;Estudos Étnico-Raciais A1-Matutino (São Bernardo)
11202230779;DA1BHQ0301-15SB;Território e Sociedade A1-Matutino (São Bernardo)
11202230779;DA1BCL0306-15SB;Biodiversidade: Interações entre organismos e ambiente A1-Matutino (São Bernardo)
11202230744;NA1LIE0001-19SA;Metodologias de Pesquisa em Educação
11201922405;NB1BHP0001-15SB;Ética e Justiça
11201922405;NA1ESTO008-17SB;Mecânica dos Sólidos I
11201811202;NA2BCM0505-22SB;Processamento da Informação
11063513;NB1ESTA017-17SA;Laboratório de Máquinas Elétricas
11201810691;DA1MCTB015-17SA;Funções de Variável Complexa A1-Matutino (Santo André)
11202232043;DB1BIN0406-15SB;Introdução à Probabilidade e à Estatística B1-Matutino (São Bernardo)
11202212428;NA2BCJ0204-15SB;Fenômenos Mecânicos
11202131470;NA1BCN0407-15SA;Funções de Várias Variáveis
11080114;NA1ESTA013-17SA;Fundamentos de Robótica
11201810493;DA1LHZ0035-19SB;Região e Regionalização A1-Matutino (São Bernardo)
11202232372;NANHZ2116-18SB;Discussões Atuais em Filosofia da Ciência
11202232372;NA1LHZ0028-19SB;Práticas de Ensino de Geografia: Metodologias
11202020603;DANHT1071-15SA;Práticas de Ecologia A-Matutino (Santo André)
11202020603;NANHT1056-15SA;Microbiologia
11202310009;NANHZ2111-18SB;Teorias da Verdade
11202310009;DB1BHQ0002-15SB;Estudos Étnico-Raciais B1-Matutino (São Bernardo)
11202310009;DA1NHZ2092-16SB;Arte e ensino A1-Matutino (São Bernardo)
11202310009;DANHZ2132-18SB;Filosofia, Música e Literatura A-Matutino (São Bernardo)
11202310009;DANHZ2021-11SB;Filosofia da Mente A-Matutino (São Bernardo)
11201922124;NAESZB022-17SA;Introdução à Bioinformática
11202130498;NAESZR026-21SB;Deslocamento Forçado, Refúgio e humanitarismo
11202231257;DB6BCM0505-22SA;Processamento da Informação B6-Matutino (Santo André)
11201921340;NA2ESTA013-17SA;Fundamentos de Robótica
11202021176;DB2BCM0505-22SA;Processamento da Informação B2-Matutino (Santo André)
11202021176;DA4BIS0003-15SA;Bases Matemáticas A4-Matutino (Santo André)
11202021890;DANHT1072-15SA;Ecologia Comportamental A-Matutino (Santo André)
11202022201;NA1NHZ4080-20SA;História da Química
11201922180;DA1MCTA003-17SA;Análise de Algoritmos A1-Matutino (Santo André)
11201922180;DA1ESHC027-21SB;Economia Matemática A1-Matutino (São Bernardo)
11201922180;NAMCTD009-18SA;Geometria Plana Axiomática
11201921654;NA2BCN0407-15SA;Funções de Várias Variáveis
11202021003;DA2MCTA024-13SA;Sistemas Digitais A2-Matutino (Santo André)
11201920878;NAESTI020-17SA;Teoria de Filas e Análise de Desempenho
11201920878;NAESTA020-17SA;Modelagem e Controle
11201932558;NA1BCJ0205-15SB;Fenômenos Térmicos
11201722737;NAESTA008-17SA;Sistemas de Controle II
11201811861;NA1MCZA019-17SA;Programação para Web
11201811861;NA2MCTA025-13SA;Sistemas Distribuídos
11201811861;DA1MCZA038-17SA;Prática Avançada de Programação A A1-Matutino (Santo André)
11202131861;NA1ESHP019-13SB;Regimes e Formas de Governo
11201922185;NB1NHI5002-15SA;Didática
11202022277;NA1BIK0102-15SA;Estrutura da Matéria
11202022277;NB2BIN0406-15SA;Introdução à Probabilidade e à Estatística
11202022277;NB1ESTO005-17SA;Introdução às Engenharias
11202022277;NB1BCM0505-22SA;Processamento da Informação
11202310083;NANHH2086-16SB;História da Filosofia Medieval: do século IV ao X
11202020344;DB1ESHC016-17SB;Finanças Corporativas B1-Matutino (São Bernardo)
11202020344;NA4BIS0003-15SB;Bases Matemáticas
11202310099;NAESHP030-14SB;Planejamento Orçamentário
11202310099;DA1BHS0005-19SB;Práticas em Ciências e Humanidades A1-Matutino (São Bernardo)
11202310099;NA1ESHP009-13SB;Governo, Burocracia e Administração Pública
11201921647;DA1MCTC020-15SB;Psicologia Experimental A1-Matutino (São Bernardo)
11202130053;NANHT1072-15SA;Ecologia Comportamental
11202130053;NA1ESTU034-17SA;Sistemas de Abastecimento de Águas
11202130053;NA1ESZM002-17SA;Nanociência e Nanotecnologia
11202111680;NB1BIQ0602-15SB;Estrutura e Dinâmica Social
11202230820;NA1LIE0001-19SA;Metodologias de Pesquisa em Educação
11202021542;DB1BCS0002-15SA;Projeto Dirigido B1-Matutino (Santo André)
11202130064;DB2BIN0406-15SA;Introdução à Probabilidade e à Estatística B2-Matutino (Santo André)
11202130064;DB1ESTO902-17SA;Engenharia Unificada I B1-Matutino (Santo André)
11202230374;DA1MCZC018-20SB;Psicopatologia A1-Matutino (São Bernardo)
11201921593;NA1ESHR024-14SB;História da Política Externa Brasileira
11201921593;NA1ESHC003-17SB;Desenvolvimento Socioeconômico
11201811574;DAMCZA030-17SA;Vida Artificial na Computação A-Matutino (Santo André)
11201811574;NA1ESTB021-17SB;Sensores Biomédicos
11202231955;DA2BCM0505-22SB;Processamento da Informação A2-Matutino (São Bernardo)
11201920632;NB1NHI5002-15SA;Didática
11202130159;NB1BHQ0002-15SA;Estudos Étnico-Raciais
11202130159;NANHH2033-18SB;História da Filosofia Antiga Clássica
11201920164;DB2BCK0104-15SA;Interações Atômicas e Moleculares B2-Matutino (Santo André)
11202231721;DA1ESTO005-17SA;Introdução às Engenharias A1-Matutino (Santo André)
11201812235;NAESZR026-21SB;Deslocamento Forçado, Refúgio e humanitarismo
11201812235;NAESHR007-21SB;Geopolítica
11202022058;NA1ESHR031-21SB;Economia Política Internacional
21019715;DA2ESTU009-17SA;Hidrologia A2-Matutino (Santo André)
11202131543;NAESHR029-21SB;Análise de Política Externa
11202230674;DA1BHQ0002-15SB;Estudos Étnico-Raciais A1-Matutino (São Bernardo)
11202020189;NA1ESHP021-13SB;Trajetórias das Políticas de CT&I no Brasil
11202231600;DA1ESHP019-13SB;Regimes e Formas de Governo A1-Matutino (São Bernardo)
11202231104;DB1NHT5004-15SA;Educação Científica, Sociedade e Cultura B1-Matutino (Santo André)
11201811284;NA1MCTC014-13SB;Introdução à Inferência Estatística
11202231803;DB2BCM0505-22SA;Processamento da Informação B2-Matutino (Santo André)
11202020974;NAESTS017-17SB;Sistemas de Propulsão I
11202021818;NA1ESHR031-21SB;Economia Política Internacional
11202232386;NA1ESHR024-14SB;História da Política Externa Brasileira
11202232386;NA1BHQ0301-15SB;Território e Sociedade
11202232386;NB1BCL0306-15SB;Biodiversidade: Interações entre organismos e ambiente
11201810414;DA1MCZC018-20SB;Psicopatologia A1-Matutino (São Bernardo)
11201921724;NA1ESTB021-17SB;Sensores Biomédicos
11201920370;DA1MCZB018-13SA;Introdução à Modelagem e Processos Estocásticos A1-Matutino (Santo André)
11201822455;NA1NHT4056-15SA;Química Inorgânica Experimental
11202230992;DANHT1071-15SA;Práticas de Ecologia A-Matutino (Santo André)
11202230494;DA1BHQ0002-15SB;Estudos Étnico-Raciais A1-Matutino (São Bernardo)
11202231998;DAESTI016-17SA;Fundamentos de Fotônica A-Matutino (Santo André)
11202020994;DAESTE036-17SA;Economia da Energia A-Matutino (Santo André)
11202230546;NA2MCTB001-17SA;Álgebra Linear
11201811166;DA1ESZU022-17SA;Ciências Atmosféricas A1-Matutino (Santo André)
11202131461;DANHT1071-15SA;Práticas de Ecologia A-Matutino (Santo André)
11074015;DANHZ2021-11SB;Filosofia da Mente A-Matutino (São Bernardo)
11201921200;DANHZ3043-15SA;Noções de Astronomia e Cosmologia A-Matutino (Santo André)
11202130992;DANHZ3043-15SA;Noções de Astronomia e Cosmologia A-Matutino (Santo André)
11202130992;DAESTA019-17SA;Projeto Assistido por Computador A-Matutino (Santo André)
11201722536;NB2BCN0407-15SB;Funções de Várias Variáveis
11201932609;NAESTA020-17SA;Modelagem e Controle
11202232370;NABCL0306-15SA;Biodiversidade: Interações entre organismos e ambiente
11202232370;DA4BIS0003-15SA;Bases Matemáticas A4-Matutino (Santo André)
11202131462;DA1ESHR004-13SB;Economia Política Internacional da Energia A1-Matutino (São Bernardo)
11202131462;DA1BIR0004-15SB;Bases Epistemológicas da Ciência Moderna A1-Matutino (São Bernardo)
11202131462;DA1BIJ0207-15SB;Bases Conceituais da Energia A1-Matutino (São Bernardo)
11202131462;DA3BIS0003-15SB;Bases Matemáticas A3-Matutino (São Bernardo)
11202131462;DA1ESTO014-17SB;Termodinâmica Aplicada I A1-Matutino (São Bernardo)
11201922409;NA1MCZC010-15SB;Atenção e Estados de Consciência
11201922409;NA1MCZC011-15SB;Tomada de Decisões e Neuroeconomia
11201811143;NA1MCZB013-13SA;Introdução à Análise Estocástica em Finanças
11202022204;NA1NHT1083-16SA;Práticas de Ensino de Biologia I
11201922113;NANHH2073-18SB;Teoria do Conhecimento: Empirismo e Racionalismo
11201921821;NA1BCS0002-15SA;Projeto Dirigido
11201721192;NAESTI015-17SA;Comunicações Móveis
11201721192;NAESTI016-17SA;Fundamentos de Fotônica
11201721192;ND1ESTO902-17SA;Engenharia Unificada I
11201920325;NA1ESZU030-17SA;Riscos no Ambiente Urbano
11201920325;NAMCZA008-17SA;Interação Humano-Computador
11202231381;DA1BIL0304-15SB;Evolução e Diversificação da Vida na Terra A1-Matutino (São Bernardo)
11202231381;DA1ESHR005-13SB;Estado e Desenvolvimento Econômico no Brasil Contemporâneo A1-Matutino (São Bernardo)
11202231381;DA1ESHP009-13SB;Governo, Burocracia e Administração Pública A1-Matutino (São Bernardo)
11201810168;DA1ESHR004-13SB;Economia Política Internacional da Energia A1-Matutino (São Bernardo)
11201810168;DA1ESHR031-21SB;Economia Política Internacional A1-Matutino (São Bernardo)
11202210049;NANHZ3095-22SA;Literatura e Ensino de Ciências
11201722561;DAESTG014-17SB;Planejamento e Controle da Produção A-Matutino (São Bernardo)
21046416;NA1ESTO008-17SB;Mecânica dos Sólidos I
21005113;NA1BHO1102-19SB;Introdução à Economia
21005113;NAESZG002-17SB;Confiabilidade Industrial em Sistemas de Gestão
11087713;DA1ESTM017-17SA;Materiais Cerâmicos A1-Matutino (Santo André)
11202131467;DA1BHQ0002-15SA;Estudos Étnico-Raciais A1-Matutino (Santo André)
11202111999;NA1LIE0001-19SB;Metodologias de Pesquisa em Educação
11202310007;DA2NHI5002-15SA;Didática A2-Matutino (Santo André)
11201721697;DA1BHS0002-17SB;Diálogos Interdisciplinares A1-Matutino (São Bernardo)
11082911;NAESTS012-17SB;Aeroelasticidade
11082911;DA1ESTS010-17SB;Técnicas de Análise Estrutural e Projeto A1-Matutino (São Bernardo)
11202020378;NA1ESTO006-17SA;Materiais e Suas Propriedades
11202020378;NAESTA018-17SA;Eletromagnetismo Aplicado
11202230699;NB9BCJ0205-15SA;Fenômenos Térmicos
11202130245;NA1ESHC032-17SB;Macroeconomia II
11201922311;NA1ESHC013-21SB;Relações Comerciais e de Investimento Internacionais
11202021154;NA2BIS0003-15SB;Bases Matemáticas
11202021154;NA1BCN0404-15SA;Geometria Analítica
11202231921;NA1NHI5001-15SB;Desenvolvimento e Aprendizagem
11202231921;NA1MCTC009-15SB;Progressos e Métodos em Neurociência
11201921872;NAMCTD024-18SA;Análise na Educação Básica
11201921872;DA1BCK0104-15SB;Interações Atômicas e Moleculares A1-Matutino (São Bernardo)
11202231740;DA1ESTO012-17SA;Princípios de Administração A1-Matutino (Santo André)
11202021919;NA1ESTO012-17SA;Princípios de Administração
11202021919;NA1MCZA002-17SA;Aprendizado de Máquina
11004415;DA2MCTA025-13SA;Sistemas Distribuídos A2-Matutino (Santo André)
11201811336;NAMCZA014-17SA;Métodos de Otimização
11202020573;NA1ESHT009-17SB;História da Cidade e do Urbanismo
11201722082;NA1ESZT022-17SB;Modelos Econômicos e Análise das Dinâmicas Territoriais
11201722389;NA1MCZC018-20SB;Psicopatologia
11202020671;NA2ESTO006-17SA;Materiais e Suas Propriedades
11202020869;NA1ESHT020-17SB;Política Metropolitana
11201811435;DAESZG023-17SB;Contabilidade para Engenharia A-Matutino (São Bernardo)
11201811435;DA1NHI5002-15SA;Didática A1-Matutino (Santo André)
11202231015;NB1BHP0001-15SB;Ética e Justiça
13201910017;DB1ESHC037-21SB;Econometria III B1-Matutino (São Bernardo)
11202020271;DA1MCTB019-17SA;Matemática Discreta A1-Matutino (Santo André)
11202020271;DA1MCZB018-13SA;Introdução à Modelagem e Processos Estocásticos A1-Matutino (Santo André)
11202020271;DAESZI014-17SA;Sistemas Inteligentes A-Matutino (Santo André)
11201932575;DA1ESHP009-13SB;Governo, Burocracia e Administração Pública A1-Matutino (São Bernardo)
11202020402;NA1ESHR004-13SB;Economia Política Internacional da Energia
11202020402;NA1ESTO011-17SB;Fundamentos de Desenho Técnico
11202020402;NA1ESTO012-17SA;Princípios de Administração
11202020402;DA2BCJ0204-15SA;Fenômenos Mecânicos A2-Matutino (Santo André)
11202020402;DA1BCS0002-15SA;Projeto Dirigido A1-Matutino (Santo André)
11201810230;NA1ESZT022-17SB;Modelos Econômicos e Análise das Dinâmicas Territoriais
11201921990;DA2MCTA024-13SA;Sistemas Digitais A2-Matutino (Santo André)
11202230257;NA1ESHR015-21SB;Segurança Internacional
11202210089;DA1NHZ5023-18SB;Práticas escolares em educação especial e inclusiva A1-Matutino (São Bernardo)
11201721144;NA2BCN0407-15SA;Funções de Várias Variáveis
11201721144;NB1ESTO013-17SB;Engenharia Econômica
11202231335;NA3BCJ0205-15SA;Fenômenos Térmicos
11092915;NAESZE075-17SA;Análise Estática em Sistemas Elétricos de Potência
11201810156;DA2MCTA007-17SA;Compiladores A2-Matutino (Santo André)
11201920261;NA1MCZA002-17SA;Aprendizado de Máquina
11201920261;NB1BHQ0002-15SA;Estudos Étnico-Raciais
11201920261;NA1NHT3037-13SA;Mecânica Geral
11201810847;NA1ESZM030-17SA;Materiais Nanoestruturados
11201922009;NA2MCTA016-13SA;Paradigmas de Programação
11201922009;NA1BCS0002-15SA;Projeto Dirigido
11202130141;NA1ESHR005-13SB;Estado e Desenvolvimento Econômico no Brasil Contemporâneo
11202231375;DB4BCJ0205-15SA;Fenômenos Térmicos B4-Matutino (Santo André)
11201812168;NAMCZA014-17SA;Métodos de Otimização
11201812120;NA1ESHC037-21SB;Econometria III
11201812120;DA1ESHT009-17SB;História da Cidade e do Urbanismo A1-Matutino (São Bernardo)
11201811164;DA1MCTA007-17SA;Compiladores A1-Matutino (Santo André)
11201811164;DA1MCTA025-13SA;Sistemas Distribuídos A1-Matutino (Santo André)
11201811164;NAMCZA014-17SA;Métodos de Otimização
11202230449;NAESHC017-17SB;Finanças Públicas
11201920323;NA2BIN0406-15SB;Introdução à Probabilidade e à Estatística
11201920323;DB1ESTO013-17SB;Engenharia Econômica B1-Matutino (São Bernardo)
11202020055;NA1NHZ2044-11SB;História das Ciências no Brasil
11201810700;NANHT1072-15SA;Ecologia Comportamental
11201810395;NA1ESHC037-21SB;Econometria III
21024213;NAMCTD009-18SA;Geometria Plana Axiomática
11201822506;NAESZP002-13SB;Instituições Judiciais e Políticas Públicas
11201822506;NA1NHZ4081-20SB;Paulo Freire: educação para a criticidade
11201810503;DA1MCZB018-13SA;Introdução à Modelagem e Processos Estocásticos A1-Matutino (Santo André)
11201921062;DA1LIE0001-19SA;Metodologias de Pesquisa em Educação A1-Matutino (Santo André)
11201921062;NANHZ3095-22SA;Literatura e Ensino de Ciências
11201920335;DA1BIN0406-15SA;Introdução à Probabilidade e à Estatística A1-Matutino (Santo André)
11201921959;NB1ESTO017-17SB;Métodos Experimentais em Engenharia
11201811960;NA1ESHT015-22SB;Oficina de Planejamento Urbano
11071015;NB1ESTO011-17SB;Fundamentos de Desenho Técnico
11071015;NA5BCJ0205-15SA;Fenômenos Térmicos
11071015;NB2BCK0104-15SA;Interações Atômicas e Moleculares
11201811489;NA1ESTO017-17SB;Métodos Experimentais em Engenharia
21011710;DA1LHZ0018-19SB;História Cultural A1-Matutino (São Bernardo)
11201810053;NAESTG024-17SB;Sistemas de Informação Corporativos
21045516;NA2NHT5004-15SA;Educação Científica, Sociedade e Cultura
11201812322;NA1ESHC037-21SB;Econometria III
11202022207;NAESTI016-17SA;Fundamentos de Fotônica
11202022207;NA2BCK0104-15SA;Interações Atômicas e Moleculares
11057616;NA1MCZC011-15SB;Tomada de Decisões e Neuroeconomia
11057616;NA1NHZ4080-20SA;História da Química
11057616;NA1ESHP021-13SB;Trajetórias das Políticas de CT&I no Brasil
11202021561;NANHH2073-18SB;Teoria do Conhecimento: Empirismo e Racionalismo
11202021561;NB1BHP0001-15SB;Ética e Justiça
11202130535;NA1MCTC021-20SB;Neurociência Teórica e Computacional
21074316;DA1ESHC038-17SB;Economia Monetária A1-Matutino (São Bernardo)
11202131490;NA1BCN0404-15SA;Geometria Analítica
11202131490;DA1BCJ0204-15SA;Fenômenos Mecânicos A1-Matutino (Santo André)
11201721779;DANHH2086-16SB;História da Filosofia Medieval: do século IV ao X A-Matutino (São Bernardo)
11202130541;DAMCTD024-18SA;Análise na Educação Básica A-Matutino (Santo André)
11202130715;NB1BCS0002-15SB;Projeto Dirigido
11202130715;NB1ESTO902-17SB;Engenharia Unificada I
11201920203;NA1ESHC028-17SB;Economia Política
11202021929;DA1ESHT009-17SB;História da Cidade e do Urbanismo A1-Matutino (São Bernardo)
11202232114;DA1BCM0505-22SB;Processamento da Informação A1-Matutino (São Bernardo)
11201921933;DA1ESHR031-21SB;Economia Política Internacional A1-Matutino (São Bernardo)
11202130718;NA3BCJ0205-15SA;Fenômenos Térmicos
11202130718;NA1BCN0407-15SA;Funções de Várias Variáveis
11202130718;NB2BCK0104-15SA;Interações Atômicas e Moleculares
11202021876;NAESTG016-17SB;Qualidade em Sistemas
11201810804;NA1ESHT009-17SB;História da Cidade e do Urbanismo
11202022116;NA1MCTC009-15SB;Progressos e Métodos em Neurociência
11202020368;DAESZB022-17SA;Introdução à Bioinformática A-Matutino (Santo André)
11202020368;DA1BCS0002-15SB;Projeto Dirigido A1-Matutino (São Bernardo)
11202232159;DB2BIS0003-15SB;Bases Matemáticas B2-Matutino (São Bernardo)
11202111092;DA1ESHC013-21SB;Relações Comerciais e de Investimento Internacionais A1-Matutino (São Bernardo)
11201822508;NA1NHZ4078-20SA;Gestão Educacional: Políticas, Processos e Cotidiano Escolar
11202230809;DA1NHZ4081-20SB;Paulo Freire: educação para a criticidade A1-Matutino (São Bernardo)
21037816;DANHH2035-13SB;História da Filosofia Contemporânea: o Século XX A-Matutino (São Bernardo)
21037816;NA1ESHT020-17SB;Política Metropolitana
11201811843;DAESZG036-17SB;Conceitos de Marketing A-Matutino (São Bernardo)
11001215;NA2ESTA006-17SA;Fotônica
11202130414;DANHZ2021-11SB;Filosofia da Mente A-Matutino (São Bernardo)
11201810014;NA1MCTA003-17SA;Análise de Algoritmos
11202230741;NA1BCL0306-15SB;Biodiversidade: Interações entre organismos e ambiente
11201920228;DAESHR029-21SB;Análise de Política Externa A-Matutino (São Bernardo)
11202020250;NA1MCZC018-20SB;Psicopatologia
11202230680;DB6BCM0505-22SA;Processamento da Informação B6-Matutino (Santo André)
11202230680;DA1ESTU039-17SA;Regulação Ambiental e Urbanística A1-Matutino (Santo André)
11202230680;NANHT1071-15SA;Práticas de Ecologia
11202021749;DA1NHH2017-16SB;Filosofia da Educação A1-Matutino (São Bernardo)
11201810074;NA1ESHP021-13SB;Trajetórias das Políticas de CT&I no Brasil
11042213;NAMCTD007-18SA;Simetrias no Plano Euclidiano
11201812348;NA1LHZ0035-19SB;Região e Regionalização
11202020939;NANHT3096-22SA;Práticas do Ensino de Física no Ensino Fundamental II
11201811733;DB3BIS0003-15SA;Bases Matemáticas B3-Matutino (Santo André)
11201811733;DA2MCTA025-13SA;Sistemas Distribuídos A2-Matutino (Santo André)
11202230335;DAESZU002-17SA;Compostagem A-Matutino (Santo André)
11051016;DA1ESZG043-17SB;Projeto Virtual e Integrado de Manufatura A1-Matutino (São Bernardo)
11202212465;NAESZP002-13SB;Instituições Judiciais e Políticas Públicas
11202212465;NA1LHZ0028-19SB;Práticas de Ensino de Geografia: Metodologias
11201920285;NA1ESHC037-21SB;Econometria III
11086816;DA1MCZA038-17SA;Prática Avançada de Programação A A1-Matutino (Santo André)
11201921158;NA1MCZC011-15SB;Tomada de Decisões e Neuroeconomia
11202021300;NA1ESHT018-17SB;Planejamento e Política Regional
11202021300;DA1ESHC016-17SB;Finanças Corporativas A1-Matutino (São Bernardo)
11202021300;DB1BHP0001-15SB;Ética e Justiça B1-Matutino (São Bernardo)
11201722074;NB1NHI5002-15SA;Didática
11201722074;DA1ESTO902-17SB;Engenharia Unificada I A1-Matutino (São Bernardo)
11201722074;DA1ESTO011-17SB;Fundamentos de Desenho Técnico A1-Matutino (São Bernardo)
21052116;NB2BIS0003-15SB;Bases Matemáticas
11202130083;DA3BIS0003-15SB;Bases Matemáticas A3-Matutino (São Bernardo)
21060713;DA1ESTI002-17SA;Eletrônica Digital A1-Matutino (Santo André)
11076015;NA1MCZA019-17SA;Programação para Web
11076015;NAMCZA008-17SA;Interação Humano-Computador
11076015;NA1MCZA002-17SA;Aprendizado de Máquina
11076015;NAMCZA015-13SA;Mineração de Dados
11201922313;NA1MCTC021-20SB;Neurociência Teórica e Computacional
21036711;DA1NHH2017-16SB;Filosofia da Educação A1-Matutino (São Bernardo)
21073215;DAESZI014-17SA;Sistemas Inteligentes A-Matutino (Santo André)
21073215;DAMCZA030-17SA;Vida Artificial na Computação A-Matutino (Santo André)
21073215;DA1MCTA025-13SA;Sistemas Distribuídos A1-Matutino (Santo André)
11202111725;NB1BHQ0301-15SB;Território e Sociedade
11202131512;NA1BHQ0301-15SB;Território e Sociedade
11202020992;NAESZR026-21SB;Deslocamento Forçado, Refúgio e humanitarismo
11201920452;NAMCZA004-13SA;Avaliação de Desempenho de Redes
11202131515;DA1ESHR016-21SB;Sistema Financeiro Internacional A1-Matutino (São Bernardo)
11202131515;DA1ESHR031-21SB;Economia Política Internacional A1-Matutino (São Bernardo)
11201720924;NA1MCTC018-15SB;Neuropsicofarmacologia
11201720924;NANHZ2111-18SB;Teorias da Verdade
11201720924;NANHH2035-13SB;História da Filosofia Contemporânea: o Século XX
11201720924;NANHZ2051-11SB;Pensamento Hegeliano e seus Desdobramentos Contemporâneos
11202230238;NANHH2073-18SB;Teoria do Conhecimento: Empirismo e Racionalismo
11202111792;DA1LIE0001-19SA;Metodologias de Pesquisa em Educação A1-Matutino (Santo André)
11202111792;DA1ESTO006-17SB;Materiais e Suas Propriedades A1-Matutino (São Bernardo)
11058516;NANHZ6008-18SA;Engenharia Metabólica
11058516;NANHZ6005-18SA;Laboratório de Bioprocessos
11058516;NANHZ6002-18SA;Tecnologia de Fermentações
11058516;NANHZ6013-18SA;Biotecnologia Animal
11202130460;NB1ESTO005-17SB;Introdução às Engenharias
11202232028;DB1BCK0104-15SB;Interações Atômicas e Moleculares B1-Matutino (São Bernardo)
11201921303;NA1MCZC011-15SB;Tomada de Decisões e Neuroeconomia
11201921518;NA1ESTM006-17SA;Materiais Poliméricos
11201921518;DA1ESTA014-17SA;Sistemas CAD/CAM A1-Matutino (Santo André)
11201921421;NA1NHZ4080-20SA;História da Química
11202210040;NB2ESTO011-17SA;Fundamentos de Desenho Técnico
11201932565;DA1MCTA025-13SA;Sistemas Distribuídos A1-Matutino (Santo André)
11201932565;DA1MCTA024-13SA;Sistemas Digitais A1-Matutino (Santo André)
11201932565;DA2MCTA016-13SA;Paradigmas de Programação A2-Matutino (Santo André)
11201810454;NAESHC035-21SB;Econometria I
11202111688;DAESHR007-21SB;Geopolítica A-Matutino (São Bernardo)
11202232351;DB1ESTO005-17SA;Introdução às Engenharias B1-Matutino (Santo André)
11115114;NAMCTD024-18SA;Análise na Educação Básica
11115114;NANHT3096-22SA;Práticas do Ensino de Física no Ensino Fundamental II
11201722172;DA1MCTC014-13SB;Introdução à Inferência Estatística A1-Matutino (São Bernardo)
11201722172;NA1MCZC011-15SB;Tomada de Decisões e Neuroeconomia
11202021524;DB1BCK0104-15SB;Interações Atômicas e Moleculares B1-Matutino (São Bernardo)
11201722786;NANHH2035-13SB;História da Filosofia Contemporânea: o Século XX
11201921239;NA1ESHT011-21SB;Análise de dados para o Planejamento Territorial
11202230211;DA1NHZ2044-11SB;História das Ciências no Brasil A1-Matutino (São Bernardo)
11202022271;DA1BCJ0204-15SB;Fenômenos Mecânicos A1-Matutino (São Bernardo)
11202231548;NA1LHZ0035-19SB;Região e Regionalização
11202020709;NAESHR007-21SB;Geopolítica
11202020560;DA1ESHC008-21SB;Economia Brasileira II A1-Matutino (São Bernardo)
11202230648;DB1BIQ0602-15SB;Estrutura e Dinâmica Social B1-Matutino (São Bernardo)
11201721274;DB1ESHC016-17SB;Finanças Corporativas B1-Matutino (São Bernardo)
11202111135;NANHT1059-15SA;Morfofisiologia Humana II
11202111135;DA1BHS0005-19SB;Práticas em Ciências e Humanidades A1-Matutino (São Bernardo)
11109512;DA1MCTB001-17SA;Álgebra Linear A1-Matutino (Santo André)
11202131362;DAESZU002-17SA;Compostagem A-Matutino (Santo André)
11201811912;NA1ESHC032-17SB;Macroeconomia II
11202232200;DB2BIN0406-15SA;Introdução à Probabilidade e à Estatística B2-Matutino (Santo André)
11202232200;DB1ESTO011-17SA;Fundamentos de Desenho Técnico B1-Matutino (Santo André)
11201921254;DB1BCN0407-15SA;Funções de Várias Variáveis B1-Matutino (Santo André)
11201921254;DA1MCTA018-13SA;Programação Orientada a Objetos A1-Matutino (Santo André)
11202130177;NA6BIS0005-15SB;Bases Computacionais da Ciência
11201722537;NB4BCM0505-22SA;Processamento da Informação
11201722537;NA1ESTU021-17SA;Transportes e Mobilidade Urbana
11202232155;DA1BIQ0602-15SB;Estrutura e Dinâmica Social A1-Matutino (São Bernardo)
11201721452;NA1MCTC020-15SB;Psicologia Experimental
11202020397;NA1ESHR031-21SB;Economia Política Internacional
11202020714;NA1NHZ5023-18SB;Práticas escolares em educação especial e inclusiva
11202020714;NA1ESHP021-13SB;Trajetórias das Políticas de CT&I no Brasil
11087611;DA1MCTB019-17SA;Matemática Discreta A1-Matutino (Santo André)
11201920180;NANHT1071-15SA;Práticas de Ecologia
11201920673;NA1ESHT009-17SB;História da Cidade e do Urbanismo
11201921042;DA1ESTS010-17SB;Técnicas de Análise Estrutural e Projeto A1-Matutino (São Bernardo)
11201812371;NA1ESZU013-17SA;Logística e Meio Ambiente
11201920415;NA2MCTB001-17SA;Álgebra Linear
11202022150;DANHT1072-15SA;Ecologia Comportamental A-Matutino (Santo André)
11202021759;NB1BCN0407-15SA;Funções de Várias Variáveis
11202021759;NAESTA020-17SA;Modelagem e Controle
11202021759;NA2MCTB001-17SA;Álgebra Linear
11202111744;DANHH2073-18SB;Teoria do Conhecimento: Empirismo e Racionalismo A-Matutino (São Bernardo)
11201921127;NA1NHZ2099-16SB;Tópicos contemporâneos em Educação e Filosofia
11201921127;NANHZ2052-11SB;Pensamento Kantiano e seus Desdobramentos Contemporâneos
11202230369;DA1NHZ2099-16SB;Tópicos contemporâneos em Educação e Filosofia A1-Matutino (São Bernardo)
11202230369;DA1NHZ4081-20SB;Paulo Freire: educação para a criticidade A1-Matutino (São Bernardo)
11202130525;DA1ESTO017-17SA;Métodos Experimentais em Engenharia A1-Matutino (Santo André)
11202111139;DAESTA019-17SA;Projeto Assistido por Computador A-Matutino (Santo André)
11201811247;NAESZG036-17SB;Conceitos de Marketing
11201811906;DA2ESTG020-17SB;Sistemas e Processos de Produção A2-Matutino (São Bernardo)
11202111148;NA1MCTC001-15SB;Introdução à Filosofia da Mente
11202310067;NA1ESHP019-13SB;Regimes e Formas de Governo
11201822472;DA2ESTG022-17SB;Sistemas CAM A2-Matutino (São Bernardo)
11201822472;NAESZG002-17SB;Confiabilidade Industrial em Sistemas de Gestão
11201822472;DAESZG023-17SB;Contabilidade para Engenharia A-Matutino (São Bernardo)
11012108;NA1NHT3037-13SA;Mecânica Geral
11012108;NANHT3044-15SA;Óptica
11012108;NANHZ3026-15SA;Introdução à Física Nuclear
11202231621;NAESHR007-21SB;Geopolítica
11202231621;NA1BCM0505-22SB;Processamento da Informação
11049914;DAMCZA030-17SA;Vida Artificial na Computação A-Matutino (Santo André)
11202131366;NA4BCN0407-15SA;Funções de Várias Variáveis
11202131366;NA1NHZ4078-20SA;Gestão Educacional: Políticas, Processos e Cotidiano Escolar
11201921882;NANHZ2116-18SB;Discussões Atuais em Filosofia da Ciência
11201722184;NAMCZA004-13SA;Avaliação de Desempenho de Redes
11202022007;DA2MCTA018-13SA;Programação Orientada a Objetos A2-Matutino (Santo André)
11201723069;DB1BHP0001-15SB;Ética e Justiça B1-Matutino (São Bernardo)
21065716;NANHH2035-13SB;História da Filosofia Contemporânea: o Século XX
21065716;DAMCTD024-18SA;Análise na Educação Básica A-Matutino (Santo André)
21065716;NA1ESZP041-14SB;Administração Pública e Reforma do Estado em Perspectiva Comparada
11202231832;DB1BIK0102-15SA;Estrutura da Matéria B1-Matutino (Santo André)
11202130540;DA1BHS0005-19SB;Práticas em Ciências e Humanidades A1-Matutino (São Bernardo)
11201811669;DA1ESTA003-17SA;Sistemas de Controle I A1-Matutino (Santo André)
11201811669;DAESTA013-17SA;Fundamentos de Robótica A-Matutino (Santo André)
11201811037;NC1ESTO902-17SA;Engenharia Unificada I
11202131730;NA1MCZC011-15SB;Tomada de Decisões e Neuroeconomia
11202130507;DAESZI032-17SA;Processamento de Vídeo A-Matutino (Santo André)
11201921967;DAESZG023-17SB;Contabilidade para Engenharia A-Matutino (São Bernardo)
11201721317;NB2ESTO011-17SA;Fundamentos de Desenho Técnico
11201721317;NANHT1002-15SA;Bioética
11201921960;NAESTG001-17SB;Custos
11202210070;NA1ESHR031-21SB;Economia Política Internacional
11202130382;NA1ESTO012-17SA;Princípios de Administração
11202130382;DB1BCS0002-15SA;Projeto Dirigido B1-Matutino (Santo André)
21050616;DA1ESHC003-17SB;Desenvolvimento Socioeconômico A1-Matutino (São Bernardo)
21050616;DAESZR026-21SB;Deslocamento Forçado, Refúgio e humanitarismo A-Matutino (São Bernardo)
11201810312;NA2ESTO006-17SA;Materiais e Suas Propriedades
11201810312;NAESZI016-17SA;Projeto de Filtros Digitais
11202021106;NA1ESTU039-17SA;Regulação Ambiental e Urbanística
11201920744;NAMCZA008-17SA;Interação Humano-Computador
13201910076;NA1ESHC003-17SB;Desenvolvimento Socioeconômico
13201910076;NA1MCTC014-13SB;Introdução à Inferência Estatística
11202130436;NA1NHT3037-13SA;Mecânica Geral
11202130441;DA1LHZ0028-19SB;Práticas de Ensino de Geografia: Metodologias A1-Matutino (São Bernardo)
11201812217;NAESTS004-17SB;Desempenho de Aeronaves
11201932536;NA2BCN0407-15SA;Funções de Várias Variáveis
11201932536;NB2BIN0406-15SA;Introdução à Probabilidade e à Estatística
11202130186;DA1ESTO013-17SA;Engenharia Econômica A1-Matutino (Santo André)
11202130186;DA1ESTO012-17SA;Princípios de Administração A1-Matutino (Santo André)
11201812281;DAESZG023-17SB;Contabilidade para Engenharia A-Matutino (São Bernardo)
11201921934;NA1MCTB019-17SA;Matemática Discreta
11201921934;NA1MCTA003-17SA;Análise de Algoritmos
11201722022;NA2MCTA018-13SA;Programação Orientada a Objetos
11201722022;NA1ESTA014-17SA;Sistemas CAD/CAM
11201811900;DAESTG004-17SB;Elaboração, Análise e Avaliação de Projetos A-Matutino (São Bernardo)
11201920801;NA2MCTB001-17SA;Álgebra Linear
11201811624;NB2ESTO017-17SA;Métodos Experimentais em Engenharia
11201811624;DA1ESTM004-17SA;Ciência dos Materiais A1-Matutino (Santo André)
11201920603;NA1MCZC018-20SB;Psicopatologia
11201811271;NAESTE023-17SA;Transferência de Calor II
11201812019;NAESTE026-17SA;Laboratório de Máquinas Térmicas e Hidráulicas
11201812019;NA1ESZU013-17SA;Logística e Meio Ambiente
11201722706;NA4BCN0407-15SA;Funções de Várias Variáveis
11201722706;DAESTU038-17SA;Tratamento de Águas Urbanas Servidas A-Matutino (Santo André)
11201722706;DA1BCK0104-15SA;Interações Atômicas e Moleculares A1-Matutino (Santo André)
11201722706;NA1ESTU028-17SA;Hidráulica de Condutos Forçados
11201722706;DA1ESTU035-17SA;Sistemas de Esgotamento Sanitário A1-Matutino (Santo André)
11201921952;NA1MCTC014-13SB;Introdução à Inferência Estatística
11202021061;NA1BCN0404-15SB;Geometria Analítica
11202021061;DA1MCZC018-20SB;Psicopatologia A1-Matutino (São Bernardo)
11201810290;DAESTG023-17SB;Organização do Trabalho A-Matutino (São Bernardo)
11202231407;DA4BCM0505-22SA;Processamento da Informação A4-Matutino (Santo André)
11201920105;DA1MCTA003-17SA;Análise de Algoritmos A1-Matutino (Santo André)
11202231215;NB1BHP0001-15SB;Ética e Justiça
11202231215;NA1ESHP019-13SB;Regimes e Formas de Governo
11202231215;NA1ESHP028-14SB;Políticas Públicas para Sociedade da Informação
11201922151;DA1BCS0002-15SA;Projeto Dirigido A1-Matutino (Santo André)
11201922151;DA1BIQ0602-15SB;Estrutura e Dinâmica Social A1-Matutino (São Bernardo)
11201811571;NB1ESZA011-17SA;Eletrônica de Potência I
13201910080;NAESHR903-18SB;Metodologia de Pesquisa em Relações Internacionais (TCC 1)
11202020952;NA1ESTO015-17SA;Mecânica dos Fluidos I
11201811385;NA1ESZU030-17SA;Riscos no Ambiente Urbano
21082313;DANHBF150-22SB;Oficina de Pesquisa em Filosofia II A-Matutino (São Bernardo)
11202231467;DA1NHI5002-15SA;Didática A1-Matutino (Santo André)
11201811303;DANHZ3043-15SA;Noções de Astronomia e Cosmologia A-Matutino (Santo André)
11201811303;DA1NHZ4081-20SB;Paulo Freire: educação para a criticidade A1-Matutino (São Bernardo)
11202231252;DB1BCL0306-15SB;Biodiversidade: Interações entre organismos e ambiente B1-Matutino (São Bernardo)
11202231178;DBESTA019-17SA;Projeto Assistido por Computador B-Matutino (Santo André)
11202020089;NA1ESZM002-17SA;Nanociência e Nanotecnologia
11201812368;DANHT1002-15SA;Bioética A-Matutino (Santo André)
11202231153;DA1BCS0001-15SA;Base Experimental das Ciências Naturais A1-Matutino (Santo André)
11202230981;DA2BCN0407-15SB;Funções de Várias Variáveis A2-Matutino (São Bernardo)
11202130231;DA1ESTO005-17SB;Introdução às Engenharias A1-Matutino (São Bernardo)
11201921560;NC1ESTO902-17SA;Engenharia Unificada I
11202130278;NA1ESHP031-14SB;Avaliação e Monitoramento de Políticas Públicas
11075812;NA1ESTO016-17SA;Fenômenos de Transporte
11202130027;NANHT3049-15SA;Princípios de Termodinâmica
21024515;DA1ESHT018-17SB;Planejamento e Política Regional A1-Matutino (São Bernardo)
11202111162;NAMCTD009-18SA;Geometria Plana Axiomática
11201811340;NB1ESTA014-17SA;Sistemas CAD/CAM
11201812342;NA1ESZM031-17SA;Nanocompósitos
11201811743;NA1ESTO008-17SB;Mecânica dos Sólidos I
11202231406;NB1ESTO005-17SA;Introdução às Engenharias
11109313;NA1NHZ2044-11SB;História das Ciências no Brasil
11201810660;NA1NHT5004-15SA;Educação Científica, Sociedade e Cultura
11201810660;NB1BHQ0002-15SA;Estudos Étnico-Raciais
11202212392;DB1BCJ0204-15SA;Fenômenos Mecânicos B1-Matutino (Santo André)
11202020038;NAESTA011-17SA;Automação de Sistemas Industriais
11090115;DAMCZA030-17SA;Vida Artificial na Computação A-Matutino (Santo André)
11201811394;NAESTI015-17SA;Comunicações Móveis
11201811394;NAESZI039-17SA;Propagação e Antenas
11201811917;NAESZR026-21SB;Deslocamento Forçado, Refúgio e humanitarismo
11201811917;DA1ESHP019-13SB;Regimes e Formas de Governo A1-Matutino (São Bernardo)
11202111782;DA1NHI5001-15SB;Desenvolvimento e Aprendizagem A1-Matutino (São Bernardo)
11202111782;DA1ESZP041-14SB;Administração Pública e Reforma do Estado em Perspectiva Comparada A1-Matutino (São Bernardo)
11202020540;DA1BIN0406-15SA;Introdução à Probabilidade e à Estatística A1-Matutino (Santo André)
11202231019;DC1ESTO005-17SA;Introdução às Engenharias C1-Matutino (Santo André)
11202310028;DA1MCZB035-17SA;Evolução dos Conceitos Matemáticos A1-Matutino (Santo André)
11201722457;NA1BCS0002-15SB;Projeto Dirigido
11202022295;NA1BCK0104-15SB;Interações Atômicas e Moleculares
11202022155;DA2BCS0002-15SA;Projeto Dirigido A2-Matutino (Santo André)
11201932469;NAESHR029-21SB;Análise de Política Externa
11202230578;DC1ESTO005-17SA;Introdução às Engenharias C1-Matutino (Santo André)
11201722519;DANHH2033-18SB;História da Filosofia Antiga Clássica A-Matutino (São Bernardo)
11201722519;DA1ESHP021-13SB;Trajetórias das Políticas de CT&I no Brasil A1-Matutino (São Bernardo)
11202021309;NA1BCK0104-15SB;Interações Atômicas e Moleculares
11202130929;NB1BIQ0602-15SB;Estrutura e Dinâmica Social
11201922371;DA1BIN0406-15SA;Introdução à Probabilidade e à Estatística A1-Matutino (Santo André)
11201811056;NA1ESHP028-14SB;Políticas Públicas para Sociedade da Informação
11201720262;NABCL0306-15SA;Biodiversidade: Interações entre organismos e ambiente
11201932454;NA2BCM0505-22SA;Processamento da Informação
11202021643;DA1MCTA003-17SA;Análise de Algoritmos A1-Matutino (Santo André)
11202021207;NA1ESTB009-17SB;Princípios de Imagens Médicas
11202021207;NA1ESHR015-21SB;Segurança Internacional
11202021207;NB1ESTO013-17SB;Engenharia Econômica
11202020710;NC1ESTO902-17SA;Engenharia Unificada I
11201811625;NA1ESHC028-17SB;Economia Política
11201932597;DA1ESTA017-17SA;Laboratório de Máquinas Elétricas A1-Matutino (Santo André)
11201932597;DAESZA007-17SA;Confiabilidade de Componentes e Sistemas A-Matutino (Santo André)
11201932597;NA1ESTU034-17SA;Sistemas de Abastecimento de Águas
11202231889;DB1LIE0001-19SA;Metodologias de Pesquisa em Educação B1-Matutino (Santo André)
11202231889;DC1ESTO005-17SA;Introdução às Engenharias C1-Matutino (Santo André)
11202210091;NA1LHZ0028-19SB;Práticas de Ensino de Geografia: Metodologias
11114814;DB1LIE0001-19SA;Metodologias de Pesquisa em Educação B1-Matutino (Santo André)
11201920492;DA2BCK0104-15SA;Interações Atômicas e Moleculares A2-Matutino (Santo André)
11201721671;NA1ESTO006-17SA;Materiais e Suas Propriedades
11201922329;NA1MCZA002-17SA;Aprendizado de Máquina
11201922329;NAESZE038-17SA;Reações Nucleares
11202131388;NA1MCTA003-17SA;Análise de Algoritmos
11202310017;NB1BCK0104-15SA;Interações Atômicas e Moleculares
11202130453;NA1ESHC012-21SB;Economia Institucional
11202231322;NA6BCM0505-22SA;Processamento da Informação
11202231322;NA1LIE0001-19SA;Metodologias de Pesquisa em Educação
11201921852;DA1MCTA007-17SA;Compiladores A1-Matutino (Santo André)
11202021973;NB1ESTO005-17SB;Introdução às Engenharias
11202021973;NA1BCN0404-15SA;Geometria Analítica
11202021552;DA2BCJ0204-15SA;Fenômenos Mecânicos A2-Matutino (Santo André)
11202231319;DA1ESTO011-17SB;Fundamentos de Desenho Técnico A1-Matutino (São Bernardo)
11202231319;DB2BCJ0204-15SA;Fenômenos Mecânicos B2-Matutino (Santo André)
11202231319;NA1ESZU022-17SA;Ciências Atmosféricas
11202020345;NANHZ3080-15SA;Laboratório de Física Médica
11202020345;NB1ESTO005-17SA;Introdução às Engenharias
11202130286;DA1NHT5004-15SA;Educação Científica, Sociedade e Cultura A1-Matutino (Santo André)
11202130286;DA1BCS0001-15SA;Base Experimental das Ciências Naturais A1-Matutino (Santo André)
11202130286;DB1BIS0003-15SA;Bases Matemáticas B1-Matutino (Santo André)
11201932486;DAESZG031-17SB;Engenharia Humana A-Matutino (São Bernardo)
11201920505;DBESTA008-17SA;Sistemas de Controle II B-Matutino (Santo André)
11202310105;NA1ESHR005-13SB;Estado e Desenvolvimento Econômico no Brasil Contemporâneo
11202310105;NA2BIN0406-15SB;Introdução à Probabilidade e à Estatística
11201722558;DB1BHP0001-15SB;Ética e Justiça B1-Matutino (São Bernardo)
11201722558;DB1BHQ0301-15SB;Território e Sociedade B1-Matutino (São Bernardo)
11201922156;DAMCZA030-17SA;Vida Artificial na Computação A-Matutino (Santo André)
11201922156;DA1MCTB019-17SA;Matemática Discreta A1-Matutino (Santo André)
11201922156;NA1MCTA003-17SA;Análise de Algoritmos
11201811074;DA1MCTA016-13SA;Paradigmas de Programação A1-Matutino (Santo André)
11202130725;NA1ESTO005-17SB;Introdução às Engenharias
11201922328;NA2ESTA013-17SA;Fundamentos de Robótica
11201922328;DB1ESTO017-17SA;Métodos Experimentais em Engenharia B1-Matutino (Santo André)
11202131393;NA1ESHP028-14SB;Políticas Públicas para Sociedade da Informação
11202021248;NA1ESHT020-17SB;Política Metropolitana
11202021248;NA1ESZP041-14SB;Administração Pública e Reforma do Estado em Perspectiva Comparada
21020915;NA1MCTB006-13SA;Análise Real II
21020915;NA1NHZ4078-20SA;Gestão Educacional: Políticas, Processos e Cotidiano Escolar
11201921911;NAESTE037-17SA;Análise Econômica de Projetos Energéticos
11201921911;NA1ESTU034-17SA;Sistemas de Abastecimento de Águas
11029515;DA1NHT4015-15SA;Experimentação e Ensino de Química A1-Matutino (Santo André)
11029515;DA1NHH2017-16SB;Filosofia da Educação A1-Matutino (São Bernardo)
11201921617;NAESTI006-17SA;Processamento Digital de Sinais
11202021898;DA1BCS0002-15SB;Projeto Dirigido A1-Matutino (São Bernardo)
11202210073;NA1ESHR005-13SB;Estado e Desenvolvimento Econômico no Brasil Contemporâneo
11202210073;NAESHR007-21SB;Geopolítica
11202210073;NA1ESHP019-13SB;Regimes e Formas de Governo
11202021200;NA1ESTA003-17SA;Sistemas de Controle I
11202020364;NA1ESHC003-17SB;Desenvolvimento Socioeconômico
11202231855;DA1BCN0404-15SB;Geometria Analítica A1-Matutino (São Bernardo)
11072415;NAMCZA014-17SA;Métodos de Otimização
11201720280;DA1ESZM021-17SA;Matérias Primas Cerâmicas A1-Matutino (Santo André)
11201920227;DA1ESZU022-17SA;Ciências Atmosféricas A1-Matutino (Santo André)
11042815;DB1ESTA017-17SA;Laboratório de Máquinas Elétricas B1-Matutino (Santo André)
11021616;NAESZU002-17SA;Compostagem
11201920811;NA1MCTA003-17SA;Análise de Algoritmos
11201920811;NA2MCTA007-17SA;Compiladores
11201920811;NB1LIE0001-19SA;Metodologias de Pesquisa em Educação
11201920811;DB1ESHC016-17SB;Finanças Corporativas B1-Matutino (São Bernardo)
11202131039;NA1ESHR005-13SB;Estado e Desenvolvimento Econômico no Brasil Contemporâneo
11202131039;NAESHR007-21SB;Geopolítica
11202131039;NA1NHZ4081-20SB;Paulo Freire: educação para a criticidade
11202131039;NB2BIN0406-15SB;Introdução à Probabilidade e à Estatística
11202130729;NA1MCTB019-17SA;Matemática Discreta
11202130809;DAESTA019-17SA;Projeto Assistido por Computador A-Matutino (Santo André)
11201822515;DAESHP030-14SB;Planejamento Orçamentário A-Matutino (São Bernardo)
11201920991;DA2MCTA007-17SA;Compiladores A2-Matutino (Santo André)
11202021183;NC1ESTO013-17SB;Engenharia Econômica
21007516;NAESTE030-17SA;Engenharia de Petróleo e Gás
11202021706;NA2ESTA004-17SA;Circuitos Elétricos II
11202020316;NA1ESTO008-17SA;Mecânica dos Sólidos I
11202020316;NA1ESTO011-17SB;Fundamentos de Desenho Técnico
11201920400;NAESTG002-17SB;Desenvolvimento Integrado do Produto
11202020324;NAESTE034-17SA;Engenharia de Biocombustíveis
11201921074;DA1ESHC038-17SB;Economia Monetária A1-Matutino (São Bernardo)
11201722345;NA2MCTB001-17SA;Álgebra Linear
11201722345;DA2NHI5001-15SA;Desenvolvimento e Aprendizagem A2-Matutino (Santo André)
11201722345;DA1NHT5004-15SA;Educação Científica, Sociedade e Cultura A1-Matutino (Santo André)
11201722345;DA1MCZB031-17SA;Teoria dos Jogos A1-Matutino (Santo André)
11201722345;DA2NHI5002-15SA;Didática A2-Matutino (Santo André)
11202212530;DA2BIN0406-15SA;Introdução à Probabilidade e à Estatística A2-Matutino (Santo André)
21017115;NAESHR007-21SB;Geopolítica
11202020746;DA1ESHC003-17SB;Desenvolvimento Socioeconômico A1-Matutino (São Bernardo)
11202231576;NA2ESTA004-17SA;Circuitos Elétricos II
11201921846;DAESZG018-17SB;Estratégias de Comunicação Organizacional A-Matutino (São Bernardo)
11202130816;DA1BCN0404-15SB;Geometria Analítica A1-Matutino (São Bernardo)
11201921773;DA1ESTS010-17SB;Técnicas de Análise Estrutural e Projeto A1-Matutino (São Bernardo)
11201720540;NANHZ2116-18SB;Discussões Atuais em Filosofia da Ciência
11201721346;NA1ESTU034-17SA;Sistemas de Abastecimento de Águas
11201932514;DA1ESTU039-17SA;Regulação Ambiental e Urbanística A1-Matutino (Santo André)
11202020853;NANHZ2111-18SB;Teorias da Verdade
11103315;NA1BCS0002-15SB;Projeto Dirigido
11201921288;DA1BIS0003-15SB;Bases Matemáticas A1-Matutino (São Bernardo)
11201921288;DA1BIQ0602-15SB;Estrutura e Dinâmica Social A1-Matutino (São Bernardo)
11202021904;DA1ESTA014-17SA;Sistemas CAD/CAM A1-Matutino (Santo André)
11201810256;DA1MCTA016-13SA;Paradigmas de Programação A1-Matutino (Santo André)
11202130201;NA1ESTO011-17SB;Fundamentos de Desenho Técnico
11202020427;NANHH2007-13SB;Estética
11202232184;DC1ESTO902-17SA;Engenharia Unificada I C1-Matutino (Santo André)
11201811449;NA1ESHT009-17SB;História da Cidade e do Urbanismo
11202021683;NA1MCZA002-17SA;Aprendizado de Máquina
11201810008;NA1ESZU013-17SA;Logística e Meio Ambiente
11201810008;NA1NHZ4078-20SA;Gestão Educacional: Políticas, Processos e Cotidiano Escolar
11201810008;NA1ESTU031-17SA;Recuperação de Áreas Degradadas
11202111190;DB1BCL0306-15SB;Biodiversidade: Interações entre organismos e ambiente B1-Matutino (São Bernardo)
11202111190;DA1BIR0004-15SB;Bases Epistemológicas da Ciência Moderna A1-Matutino (São Bernardo)
11202111190;DB1BCM0505-22SB;Processamento da Informação B1-Matutino (São Bernardo)
11202022089;NAESZP002-13SB;Instituições Judiciais e Políticas Públicas
11202022089;NANHZ2093-16SB;Corpo, sexualidade e questões de gênero
11202230532;NAESTS012-17SB;Aeroelasticidade
11202020775;NANHH2086-16SB;História da Filosofia Medieval: do século IV ao X
11201920362;NA1MCTA003-17SA;Análise de Algoritmos
11201920362;DAMCZA030-17SA;Vida Artificial na Computação A-Matutino (Santo André)
11202020917;DA1BCS0002-15SB;Projeto Dirigido A1-Matutino (São Bernardo)
11016416;NAESZG002-17SB;Confiabilidade Industrial em Sistemas de Gestão
11201920326;NA1LHZ0018-19SB;História Cultural
11202231932;DB1ESTO017-17SA;Métodos Experimentais em Engenharia B1-Matutino (Santo André)
11202020422;NA1MCZA002-17SA;Aprendizado de Máquina
11201723109;DA1ESZU030-17SA;Riscos no Ambiente Urbano A1-Matutino (Santo André)
11202111636;NA2MCTB001-17SA;Álgebra Linear
11202111636;NA1MCZB013-13SA;Introdução à Análise Estocástica em Finanças
11201810517;NA1BCN0407-15SA;Funções de Várias Variáveis
11201810517;NA2MCTB001-17SA;Álgebra Linear
11201722438;NA1BCK0104-15SB;Interações Atômicas e Moleculares
11201722438;NA1ESTS003-17SB;Introdução à Astronáutica
11201810618;DA2MCTA024-13SA;Sistemas Digitais A2-Matutino (Santo André)
11024416;NANHH2033-18SB;História da Filosofia Antiga Clássica
11024416;DANHZ2132-18SB;Filosofia, Música e Literatura A-Matutino (São Bernardo)
11024416;NA1NHH2017-16SB;Filosofia da Educação
11202231589;NB1BIN0406-15SB;Introdução à Probabilidade e à Estatística
11202111990;DA1BCS0001-15SA;Base Experimental das Ciências Naturais A1-Matutino (Santo André)
11202111832;DA1NHZ1096-19SA;Práticas Discursivas da Ciência e Educação em Ciências A1-Matutino (Santo André)
11202231936;DA2BCM0505-22SB;Processamento da Informação A2-Matutino (São Bernardo)
11201920884;NB2BCM0505-22SB;Processamento da Informação
11201920884;NA1ESZM002-17SA;Nanociência e Nanotecnologia
11201810882;NA1ESZB032-17SB;Bioimpedância Aplicada
11201810882;NA1ESHT012-17SB;Mobilização Produtiva dos Territórios e Desenvolvimento Local
11202230803;DA2BCM0505-22SB;Processamento da Informação A2-Matutino (São Bernardo)
11201921377;NA1ESHP012-13SB;Introdução ao Direito Administrativo
11202212403;NA1BHP0001-15SB;Ética e Justiça
11202231789;DB1ESTO005-17SA;Introdução às Engenharias B1-Matutino (Santo André)
11202130242;NAMCZA004-13SA;Avaliação de Desempenho de Redes
11202232337;DANHZ2021-11SB;Filosofia da Mente A-Matutino (São Bernardo)
11202232337;DA1ESHR024-14SB;História da Política Externa Brasileira A1-Matutino (São Bernardo)
11201920214;DAESTG005-17SB;Engenharia Econômica Aplicada a Sistemas de Gestão A-Matutino (São Bernardo)
11202230974;DA2BCJ0204-15SA;Fenômenos Mecânicos A2-Matutino (Santo André)
11202230974;DA1NHT1083-16SA;Práticas de Ensino de Biologia I A1-Matutino (Santo André)
11201932571;DB2BCM0505-22SB;Processamento da Informação B2-Matutino (São Bernardo)
11028016;DAESZG023-17SB;Contabilidade para Engenharia A-Matutino (São Bernardo)
11202231953;DA1BHQ0301-15SB;Território e Sociedade A1-Matutino (São Bernardo)
11202231953;DA1BCL0306-15SB;Biodiversidade: Interações entre organismos e ambiente A1-Matutino (São Bernardo)
11202020301;NB1BHP0001-15SB;Ética e Justiça
11202020301;NB1ESTO013-17SB;Engenharia Econômica
11202020301;NA1ESZT022-17SB;Modelos Econômicos e Análise das Dinâmicas Territoriais
11201811747;NA1ESZM002-17SA;Nanociência e Nanotecnologia
11201811747;NA1NHZ4080-20SA;História da Química
11201811747;NA1ESZU030-17SA;Riscos no Ambiente Urbano
11201920857;DA1NHT5004-15SA;Educação Científica, Sociedade e Cultura A1-Matutino (Santo André)
11201811460;DA1ESZB033-17SB;Projeto e Desenvolvimento de Interfaces Cérebro-Máquina A1-Matutino (São Bernardo)
11202130304;NA1ESHR005-13SB;Estado e Desenvolvimento Econômico no Brasil Contemporâneo
11202130304;NAESZR026-21SB;Deslocamento Forçado, Refúgio e humanitarismo
11201810150;DA1ESHR015-21SB;Segurança Internacional A1-Matutino (São Bernardo)
11202021909;DA1NHZ2092-16SB;Arte e ensino A1-Matutino (São Bernardo)
21023016;NA1ESHT009-17SB;História da Cidade e do Urbanismo
11202021878;NB1BCS0002-15SB;Projeto Dirigido
11202021878;NA2BCK0104-15SA;Interações Atômicas e Moleculares
11201810368;NAESTG003-17SB;Economia de Empresas
11046116;NA2ESTA006-17SA;Fotônica
11201810366;DA2BCJ0205-15SB;Fenômenos Térmicos A2-Matutino (São Bernardo)
11201810366;DA1BCN0407-15SB;Funções de Várias Variáveis A1-Matutino (São Bernardo)
11201812366;NA1NHZ4081-20SB;Paulo Freire: educação para a criticidade
11202020218;DANHH2007-13SB;Estética A-Matutino (São Bernardo)
11202020218;DANHZ2132-18SB;Filosofia, Música e Literatura A-Matutino (São Bernardo)
11202020026;NA1ESHR005-13SB;Estado e Desenvolvimento Econômico no Brasil Contemporâneo
11202020026;NA1ESHR015-21SB;Segurança Internacional
11202021732;DA1BCS0002-15SB;Projeto Dirigido A1-Matutino (São Bernardo)
11202130252;NB2BCK0104-15SA;Interações Atômicas e Moleculares
11202130259;DA1ESHP021-13SB;Trajetórias das Políticas de CT&I no Brasil A1-Matutino (São Bernardo)
11202020866;DAESHR029-21SB;Análise de Política Externa A-Matutino (São Bernardo)
11201920482;DA1BCN0407-15SA;Funções de Várias Variáveis A1-Matutino (Santo André)
21085614;DA1MCTC014-13SB;Introdução à Inferência Estatística A1-Matutino (São Bernardo)
11201722484;DA1ESHR004-13SB;Economia Política Internacional da Energia A1-Matutino (São Bernardo)
11202130582;NB2BCK0104-15SA;Interações Atômicas e Moleculares
11202130582;NB1ESTO017-17SB;Métodos Experimentais em Engenharia
11202130985;DA1ESZT009-17SB;Planejamento e Gestão de Redes Técnicas e Sistemas Territoriais A1-Matutino (São Bernardo)
11201811863;DA1NHI5001-15SB;Desenvolvimento e Aprendizagem A1-Matutino (São Bernardo)
11071614;DANHZ2132-18SB;Filosofia, Música e Literatura A-Matutino (São Bernardo)
11202022268;DB1BHS0005-19SB;Práticas em Ciências e Humanidades B1-Matutino (São Bernardo)
11202022268;NAESHC017-17SB;Finanças Públicas
11202231453;NB2BIN0406-15SA;Introdução à Probabilidade e à Estatística
11202231943;DB1BHQ0002-15SB;Estudos Étnico-Raciais B1-Matutino (São Bernardo)
11202231943;DB2BIS0003-15SB;Bases Matemáticas B2-Matutino (São Bernardo)
11202231943;DA2BCN0407-15SB;Funções de Várias Variáveis A2-Matutino (São Bernardo)
11202231943;DB1BHQ0301-15SB;Território e Sociedade B1-Matutino (São Bernardo)
11201921772;NA1ESHT020-17SB;Política Metropolitana
11201921772;NB2BIN0406-15SB;Introdução à Probabilidade e à Estatística
11201920834;NAESZP002-13SB;Instituições Judiciais e Políticas Públicas
11201920834;NA1NHH2017-16SB;Filosofia da Educação
11202131216;DA1ESHR024-14SB;História da Política Externa Brasileira A1-Matutino (São Bernardo)
11202130637;DB1ESTO011-17SA;Fundamentos de Desenho Técnico B1-Matutino (Santo André)
11202231117;NB1LIE0001-19SA;Metodologias de Pesquisa em Educação
11202021305;NB1ESTO005-17SB;Introdução às Engenharias
11202231586;NB1BCL0306-15SB;Biodiversidade: Interações entre organismos e ambiente
11202231586;NA2BIN0406-15SB;Introdução à Probabilidade e à Estatística
11103016;NAESTA020-17SA;Modelagem e Controle
11202232335;NA1BCN0404-15SA;Geometria Analítica
11201822525;NA4BCN0407-15SA;Funções de Várias Variáveis
11201921592;DANHZ2021-11SB;Filosofia da Mente A-Matutino (São Bernardo)
11201921592;NA1MCTC009-15SB;Progressos e Métodos em Neurociência
11201721584;NAESZC024-17SB;Tópicos Avançados em História Econômica
11202131000;NB1ESTO017-17SA;Métodos Experimentais em Engenharia
11202111117;NB1BCM0505-22SB;Processamento da Informação
11201920903;NA1BHP0001-15SB;Ética e Justiça
11202130781;NANHT1059-15SA;Morfofisiologia Humana II
11202021758;DA2MCTA016-13SA;Paradigmas de Programação A2-Matutino (Santo André)
11201922266;DB1BIN0406-15SA;Introdução à Probabilidade e à Estatística B1-Matutino (Santo André)
11201812113;DA1MCTC018-15SB;Neuropsicofarmacologia A1-Matutino (São Bernardo)
11201812113;DA1MCTC020-15SB;Psicologia Experimental A1-Matutino (São Bernardo)
11202022284;NANHZ3010-15SA;Física Computacional
11202022284;DA1NHZ2092-16SB;Arte e ensino A1-Matutino (São Bernardo)
11202021323;NA1MCZB013-13SA;Introdução à Análise Estocástica em Finanças
11202130782;DB1BIQ0602-15SB;Estrutura e Dinâmica Social B1-Matutino (São Bernardo)
21093115;NA1ESZT022-17SB;Modelos Econômicos e Análise das Dinâmicas Territoriais
11202020643;NA1MCZC018-20SB;Psicopatologia
11202020643;NA1MCZC010-15SB;Atenção e Estados de Consciência
11202020643;NA1MCTC009-15SB;Progressos e Métodos em Neurociência
11202020643;NA1MCTC001-15SB;Introdução à Filosofia da Mente
11202020996;DA1ESHC032-17SB;Macroeconomia II A1-Matutino (São Bernardo)
11202020716;NA1ESHT011-21SB;Análise de dados para o Planejamento Territorial
11202020716;DAESTI016-17SA;Fundamentos de Fotônica A-Matutino (Santo André)
11201921622;NA1ESTO902-17SA;Engenharia Unificada I
11202131004;DB1BHQ0301-15SB;Território e Sociedade B1-Matutino (São Bernardo)
11202131004;NB1BHQ0002-15SA;Estudos Étnico-Raciais
11201921937;DA1BHQ0002-15SB;Estudos Étnico-Raciais A1-Matutino (São Bernardo)
11201920804;NAMCZA015-13SA;Mineração de Dados
11202131007;NA1ESTO902-17SB;Engenharia Unificada I
11202231577;NB3BCM0505-22SA;Processamento da Informação
11201922317;NA1BIQ0602-15SB;Estrutura e Dinâmica Social
11201722322;DA1MCZA038-17SA;Prática Avançada de Programação A A1-Matutino (Santo André)
11201722322;DAESZA023-17SA;Introdução ao Controle Moderno A-Matutino (Santo André)
11201722322;DAESZA006-17SB;Teoria de Controle Ótimo A-Matutino (São Bernardo)
11202130488;DA4BIS0003-15SA;Bases Matemáticas A4-Matutino (Santo André)
11202130488;NB1BCL0306-15SB;Biodiversidade: Interações entre organismos e ambiente
11201722257;DA1ESHP019-13SB;Regimes e Formas de Governo A1-Matutino (São Bernardo)
11201920210;NAESTG016-17SB;Qualidade em Sistemas
11201812152;NANHH2007-13SB;Estética
11202112053;DA2BIK0102-15SB;Estrutura da Matéria A2-Matutino (São Bernardo)
11202231039;NA1BCL0306-15SB;Biodiversidade: Interações entre organismos e ambiente
11202231039;NA1BCN0407-15SB;Funções de Várias Variáveis
11202231039;NA1BCK0104-15SA;Interações Atômicas e Moleculares
11202020165;NA1ESTB005-17SB;Ciência dos Materiais Biocompatíveis
11201921155;NANHT1072-15SA;Ecologia Comportamental
11201721575;NA1MCTC021-20SB;Neurociência Teórica e Computacional
11201721575;NA1MCTC014-13SB;Introdução à Inferência Estatística
11114014;NA1ESTU039-17SA;Regulação Ambiental e Urbanística
11114014;NA1ESZU022-17SA;Ciências Atmosféricas
11114014;NA1ESZU028-17SA;Geotecnia Aplicada ao Planejamento Urbano-Ambiental
11201922203;NB1LIE0001-19SA;Metodologias de Pesquisa em Educação
11202022170;NA1MCTA007-17SA;Compiladores
11202022170;NA2BCK0104-15SA;Interações Atômicas e Moleculares
11202131013;NB1BCS0002-15SB;Projeto Dirigido
11202131013;DA1ESTO902-17SB;Engenharia Unificada I A1-Matutino (São Bernardo)
11201922334;NA1NHZ4080-20SA;História da Química
11201922334;DA1BCS0002-15SB;Projeto Dirigido A1-Matutino (São Bernardo)
11201812271;NB1BHQ0002-15SB;Estudos Étnico-Raciais
11201812271;NANHH2007-13SB;Estética
11201920845;DA2MCTA007-17SA;Compiladores A2-Matutino (Santo André)
11202130489;NA1ESTO014-17SB;Termodinâmica Aplicada I
11201721544;DA2BCS0002-15SA;Projeto Dirigido A2-Matutino (Santo André)
11201721544;DA1MCTA003-17SA;Análise de Algoritmos A1-Matutino (Santo André)
11201721544;DA1MCZA038-17SA;Prática Avançada de Programação A A1-Matutino (Santo André)
11201720106;NA2MCTA024-13SA;Sistemas Digitais
11201720106;NA2MCTA025-13SA;Sistemas Distribuídos
11201922148;DA1BHS0005-19SB;Práticas em Ciências e Humanidades A1-Matutino (São Bernardo)
11201922148;DA1ESHP012-13SB;Introdução ao Direito Administrativo A1-Matutino (São Bernardo)
11201920537;NAESTE018-17SA;Fundamentos de Sistemas Dinâmicos
11201921697;DA2MCTA018-13SA;Programação Orientada a Objetos A2-Matutino (Santo André)
11201722503;DANHZ2116-18SB;Discussões Atuais em Filosofia da Ciência A-Matutino (São Bernardo)
11201722503;DB1BHP0001-15SB;Ética e Justiça B1-Matutino (São Bernardo)
11202231231;NA2BIL0304-15SB;Evolução e Diversificação da Vida na Terra
11202310014;NA1MCTC018-15SB;Neuropsicofarmacologia
11202022073;NA1BCN0407-15SA;Funções de Várias Variáveis
11121716;NA2MCTB001-17SA;Álgebra Linear
11202231853;NB1BHP0001-15SB;Ética e Justiça
11201921278;NB1NHT5004-15SA;Educação Científica, Sociedade e Cultura
11201721381;DA1ESHC016-17SB;Finanças Corporativas A1-Matutino (São Bernardo)
11201720202;NANHH2033-18SB;História da Filosofia Antiga Clássica
11202022074;NA4BIS0003-15SA;Bases Matemáticas
11202022074;NA6BCM0505-22SA;Processamento da Informação
11202022074;NA2ESTO011-17SA;Fundamentos de Desenho Técnico
11017916;DA1MCTA024-13SA;Sistemas Digitais A1-Matutino (Santo André)
11202231752;DA1MCZC010-15SB;Atenção e Estados de Consciência A1-Matutino (São Bernardo)
11201712922;NANHH2086-16SB;História da Filosofia Medieval: do século IV ao X
11201712922;NANHZ2111-18SB;Teorias da Verdade
11201712922;DANHZ2132-18SB;Filosofia, Música e Literatura A-Matutino (São Bernardo)
11202020084;NA1ESHT020-17SB;Política Metropolitana
11202020084;NA1ESZP041-14SB;Administração Pública e Reforma do Estado em Perspectiva Comparada
11202130872;NB1BIN0406-15SA;Introdução à Probabilidade e à Estatística
11202112054;DA1BCS0001-15SA;Base Experimental das Ciências Naturais A1-Matutino (Santo André)
11202112054;DA1MCTA003-17SA;Análise de Algoritmos A1-Matutino (Santo André)
11202130877;NANHT1002-15SA;Bioética
11202130877;DA1MCTC001-15SB;Introdução à Filosofia da Mente A1-Matutino (São Bernardo)
11201811622;NA2ESTA006-17SA;Fotônica
11202020376;NA2MCTB001-17SA;Álgebra Linear
11202021252;DA1ESHC013-21SB;Relações Comerciais e de Investimento Internacionais A1-Matutino (São Bernardo)
11024115;NAESTE037-17SA;Análise Econômica de Projetos Energéticos
11201921292;NA1BHS0002-17SB;Diálogos Interdisciplinares
11201921292;NA1ESHC012-21SB;Economia Institucional
11201920780;NA2NHI5001-15SA;Desenvolvimento e Aprendizagem
11201932457;NA1ESZT022-17SB;Modelos Econômicos e Análise das Dinâmicas Territoriais
11201932457;NA1ESHP019-13SB;Regimes e Formas de Governo
11201812162;DA1BHQ0002-15SB;Estudos Étnico-Raciais A1-Matutino (São Bernardo)
11201812162;DB1BHP0001-15SB;Ética e Justiça B1-Matutino (São Bernardo)
11202020261;DA1MCTA009-13SA;Computadores, Ética e Sociedade A1-Matutino (Santo André)
11202021882;DA1ESTO012-17SA;Princípios de Administração A1-Matutino (Santo André)
11202020726;NAESHC017-17SB;Finanças Públicas
11202111712;NB3BCN0407-15SA;Funções de Várias Variáveis
11202111712;NA1BCS0002-15SA;Projeto Dirigido
11033416;NANHZ6002-18SA;Tecnologia de Fermentações
11202130881;NA1BHP0001-15SB;Ética e Justiça
11202130881;NA1ESHP012-13SB;Introdução ao Direito Administrativo
11201810083;NA1ESZU022-17SA;Ciências Atmosféricas
11202131022;NB1BHP0001-15SB;Ética e Justiça
11202022013;NBESHC035-21SB;Econometria I
11201812213;NAESTE026-17SA;Laboratório de Máquinas Térmicas e Hidráulicas
11201921968;NAESTA020-17SA;Modelagem e Controle
11201921968;NB1NHI5002-15SA;Didática
11202230266;DA1BCJ0204-15SB;Fenômenos Mecânicos A1-Matutino (São Bernardo)
11201921683;NA1ESHR016-21SB;Sistema Financeiro Internacional
11201921683;NA1ESHR031-21SB;Economia Política Internacional
11201721741;NA1ESHP012-13SB;Introdução ao Direito Administrativo
21010113;NAMCZA014-17SA;Métodos de Otimização
11201920490;NA1ESZA011-17SA;Eletrônica de Potência I
11201921380;NA1ESHC013-21SB;Relações Comerciais e de Investimento Internacionais
21068416;NA2BIS0003-15SB;Bases Matemáticas
21068416;NA1ESHT020-17SB;Política Metropolitana
11202130948;NB2ESTO011-17SA;Fundamentos de Desenho Técnico
11202130948;NA1ESZM002-17SA;Nanociência e Nanotecnologia
11201722906;NA1ESZU013-17SA;Logística e Meio Ambiente
11201921279;DANHT1059-15SA;Morfofisiologia Humana II A-Matutino (Santo André)
11202131033;NA1MCZC002-15SB;Bases Neurais da Motricidade
11202131033;DANHZ2116-18SB;Discussões Atuais em Filosofia da Ciência A-Matutino (São Bernardo)
11202131033;DANHZ2021-11SB;Filosofia da Mente A-Matutino (São Bernardo)
11202131033;DA1MCTC009-15SB;Progressos e Métodos em Neurociência A1-Matutino (São Bernardo)
11201932564;NA1ESHC026-21SB;Microeconomia II
11201932564;DAESZC037-21SB;Microeconomia do Desenvolvimento A-Matutino (São Bernardo)
21088416;NA1ESHP012-13SB;Introdução ao Direito Administrativo
11201922326;DANHZ3043-15SA;Noções de Astronomia e Cosmologia A-Matutino (Santo André)
11201720256;NA1ESZB032-17SB;Bioimpedância Aplicada
11201811505;NA1ESTU021-17SA;Transportes e Mobilidade Urbana
11201811505;NAESTE030-17SA;Engenharia de Petróleo e Gás
11088616;NA1BCS0002-15SB;Projeto Dirigido
11088616;NA1MCTB014-17SA;Extensões Algébricas
11201811807;NA1MCTA007-17SA;Compiladores
11201811807;NA2MCTA025-13SA;Sistemas Distribuídos
11201922233;NB2BCK0104-15SA;Interações Atômicas e Moleculares
11038016;NA1ESTA017-17SA;Laboratório de Máquinas Elétricas
11202230749;NA1ESZU013-17SA;Logística e Meio Ambiente
11202230749;DC1ESTO005-17SA;Introdução às Engenharias C1-Matutino (Santo André)
11201921797;NA1MCTC001-15SB;Introdução à Filosofia da Mente
11202131035;DA1MCZC018-20SB;Psicopatologia A1-Matutino (São Bernardo)
11201921427;NANHT3096-22SA;Práticas do Ensino de Física no Ensino Fundamental II
11202111992;DA1ESTO011-17SB;Fundamentos de Desenho Técnico A1-Matutino (São Bernardo)
11202230423;NA4BCJ0205-15SA;Fenômenos Térmicos
11202020138;DAMCZA030-17SA;Vida Artificial na Computação A-Matutino (Santo André)
11201811052;DAESZS033-17SB;Propulsão Aeroespacial Não-Convencional A-Matutino (São Bernardo)
21028116;DA1MCTB001-17SA;Álgebra Linear A1-Matutino (Santo André)
11201811860;NB5BCJ0205-15SA;Fenômenos Térmicos
11201921368;DA1ESHR031-21SB;Economia Política Internacional A1-Matutino (São Bernardo)
11201921368;DA1ESHC003-17SB;Desenvolvimento Socioeconômico A1-Matutino (São Bernardo)
11201921368;DA1ESHC013-21SB;Relações Comerciais e de Investimento Internacionais A1-Matutino (São Bernardo)
11202111926;DA1ESTO011-17SA;Fundamentos de Desenho Técnico A1-Matutino (Santo André)
11202111926;DA1NHZ4081-20SB;Paulo Freire: educação para a criticidade A1-Matutino (São Bernardo)
11201810982;NA1ESTA003-17SA;Sistemas de Controle I
11201810062;NA1MCTC021-20SB;Neurociência Teórica e Computacional
11201810062;NA1MCTC014-13SB;Introdução à Inferência Estatística
11202130955;DB5BIS0005-15SB;Bases Computacionais da Ciência B5-Matutino (São Bernardo)
11202021107;NA1BCS0002-15SA;Projeto Dirigido
11202021107;DA2MCTA018-13SA;Programação Orientada a Objetos A2-Matutino (Santo André)
11202231469;NA1ESTA003-17SA;Sistemas de Controle I
11202231469;NAESZE075-17SA;Análise Estática em Sistemas Elétricos de Potência
11202231469;NA4BCN0407-15SA;Funções de Várias Variáveis
11202021017;NAESZA016-17SA;Optoeletrônica
11202021108;NA1MCTB001-17SA;Álgebra Linear
11202021108;DA1ESTO011-17SB;Fundamentos de Desenho Técnico A1-Matutino (São Bernardo)
11202021108;DB1ESTO902-17SB;Engenharia Unificada I B1-Matutino (São Bernardo)
11202021058;DB1ESZU028-17SA;Geotecnia Aplicada ao Planejamento Urbano-Ambiental B1-Matutino (Santo André)
11202231487;DA1NHI5002-15SA;Didática A1-Matutino (Santo André)
11202020434;DB1NHZ5023-18SA;Práticas escolares em educação especial e inclusiva B1-Matutino (Santo André)
11202021774;NA1MCZC018-20SB;Psicopatologia
11202021774;NA1MCZC010-15SB;Atenção e Estados de Consciência
11202020346;DA1MCTC001-15SB;Introdução à Filosofia da Mente A1-Matutino (São Bernardo)
11202230499;NA1BCJ0205-15SA;Fenômenos Térmicos
11201721448;NB1BCK0104-15SB;Interações Atômicas e Moleculares
11201721448;NANHZ2111-18SB;Teorias da Verdade
11201721448;NAESZP002-13SB;Instituições Judiciais e Políticas Públicas
11201721448;NA1ESZP041-14SB;Administração Pública e Reforma do Estado em Perspectiva Comparada
11201921461;NC1ESTO902-17SA;Engenharia Unificada I
11201810108;NB1LIE0001-19SA;Metodologias de Pesquisa em Educação
11202231909;DB1BCL0306-15SB;Biodiversidade: Interações entre organismos e ambiente B1-Matutino (São Bernardo)
11202131113;NA6BCJ0205-15SA;Fenômenos Térmicos
21078814;NANHH2086-16SB;História da Filosofia Medieval: do século IV ao X
11202232225;NAESZE110-17SA;Eletrificação Rural com Recursos Energéticos Renováveis
11202022297;NA1NHZ4028-15SA;Operações Unitárias I
11202022297;NA1NHT4053-15SA;Química dos Elementos
11202231597;NA2ESTO005-17SA;Introdução às Engenharias
11089116;NA1ESZU030-17SA;Riscos no Ambiente Urbano
11063516;NA1NHI5002-15SB;Didática
11201721718;DA1ESTA002-17SA;Circuitos Elétricos I A1-Matutino (Santo André)
11201921192;DA1ESTM004-17SA;Ciência dos Materiais A1-Matutino (Santo André)
11202231451;DA1BCN0404-15SB;Geometria Analítica A1-Matutino (São Bernardo)
11202021089;NAMCZA015-13SA;Mineração de Dados
11015515;DA3BCN0407-15SA;Funções de Várias Variáveis A3-Matutino (Santo André)
11015515;DA1NHT3095-15SA;Práticas de Ensino de Física I A1-Matutino (Santo André)
11015515;DAMCTD024-18SA;Análise na Educação Básica A-Matutino (Santo André)
11015515;DA1NHI5001-15SA;Desenvolvimento e Aprendizagem A1-Matutino (Santo André)
11015515;DANHT3065-15SA;Laboratório de Física III A-Matutino (Santo André)
11015515;NA1BCK0104-15SA;Interações Atômicas e Moleculares
11202111145;NA1ESTO013-17SB;Engenharia Econômica
11201922366;DA1BHS0002-17SB;Diálogos Interdisciplinares A1-Matutino (São Bernardo)
11202020501;NB1BCM0505-22SB;Processamento da Informação
11202020211;NA1ESHT009-17SB;História da Cidade e do Urbanismo
11202131314;DAESTU038-17SA;Tratamento de Águas Urbanas Servidas A-Matutino (Santo André)
11202020919;NA1MCZC011-15SB;Tomada de Decisões e Neuroeconomia
11202020919;NC1ESTO902-17SA;Engenharia Unificada I
11202130576;NA1BIQ0602-15SB;Estrutura e Dinâmica Social
11202130576;DB1ESTO013-17SB;Engenharia Econômica B1-Matutino (São Bernardo)
11201920312;NB1NHI5002-15SA;Didática
11202232154;NB2BIN0406-15SA;Introdução à Probabilidade e à Estatística
11201810020;NA1ESZU013-17SA;Logística e Meio Ambiente
11202022008;NA1ESHC028-17SB;Economia Política
11202021222;DA1ESTO902-17SB;Engenharia Unificada I A1-Matutino (São Bernardo)
11202020450;DB1BCS0002-15SB;Projeto Dirigido B1-Matutino (São Bernardo)
11202021975;NA1NHZ2044-11SB;História das Ciências no Brasil
11201723028;NABCL0306-15SA;Biodiversidade: Interações entre organismos e ambiente
11202210044;NB1BCJ0205-15SA;Fenômenos Térmicos
11202021886;NA1ESHR031-21SB;Economia Política Internacional
11201811959;DA1MCTA016-13SA;Paradigmas de Programação A1-Matutino (Santo André)
11202130090;DA1NHT4017-15SA;Funções e Reações Orgânicas A1-Matutino (Santo André)
11202232281;NA1ESHR005-13SB;Estado e Desenvolvimento Econômico no Brasil Contemporâneo
11202232281;DA1BIR0004-15SB;Bases Epistemológicas da Ciência Moderna A1-Matutino (São Bernardo)
11202232281;NAESHR007-21SB;Geopolítica
11202232003;NA1MCZC018-20SB;Psicopatologia
11202021250;NAMCZA008-17SA;Interação Humano-Computador
11202111827;NA1ESHP012-13SB;Introdução ao Direito Administrativo
11201920365;NAESTG016-17SB;Qualidade em Sistemas
11201810816;NANHT3068-15SA;Mecânica Clássica I
11202231024;DC1ESTO011-17SA;Fundamentos de Desenho Técnico C1-Matutino (Santo André)
11202231024;DA5BCM0505-22SA;Processamento da Informação A5-Matutino (Santo André)
11202021949;DA2BCK0104-15SA;Interações Atômicas e Moleculares A2-Matutino (Santo André)
11202020511;DB1BCL0306-15SB;Biodiversidade: Interações entre organismos e ambiente B1-Matutino (São Bernardo)
11202020511;DAESHR007-21SB;Geopolítica A-Matutino (São Bernardo)
11202020135;NA1ESTO001-17SB;Circuitos Elétricos e Fotônica
11202020135;DA1ESTA014-17SA;Sistemas CAD/CAM A1-Matutino (Santo André)
11202230936;DA1ESTO005-17SB;Introdução às Engenharias A1-Matutino (São Bernardo)
11202130646;NA1BHP0001-15SB;Ética e Justiça
11202021206;NANHH2007-13SB;Estética
11202022069;NAESHR007-21SB;Geopolítica
11202231814;NANHH2073-18SB;Teoria do Conhecimento: Empirismo e Racionalismo
11202231814;NB1ESTO005-17SB;Introdução às Engenharias
11201812063;NA1BCS0002-15SB;Projeto Dirigido
11202020957;NAESTG001-17SB;Custos
11202020957;DA1ESTA014-17SA;Sistemas CAD/CAM A1-Matutino (Santo André)
11201720246;DAESZS033-17SB;Propulsão Aeroespacial Não-Convencional A-Matutino (São Bernardo)
11075511;NA1ESTO001-17SB;Circuitos Elétricos e Fotônica
11202022009;DA1NHZ2092-16SB;Arte e ensino A1-Matutino (São Bernardo)
11201932569;NA1LIE0001-19SA;Metodologias de Pesquisa em Educação
11201932569;NA1ESTU009-17SA;Hidrologia
11201932569;NANHZ3056-15SA;Teoria de Grupos em Física
21018514;NA1ESZU030-17SA;Riscos no Ambiente Urbano
11201721762;NANHZ2116-18SB;Discussões Atuais em Filosofia da Ciência
11201722110;NA1MCTB019-17SA;Matemática Discreta
11202020810;DAESHT017-17SB;Planejamento e Política Ambiental A-Matutino (São Bernardo)
11202020127;DA1ESTB005-17SB;Ciência dos Materiais Biocompatíveis A1-Matutino (São Bernardo)
11202230746;NA1BCJ0205-15SB;Fenômenos Térmicos
11202130757;NA2ESTO006-17SA;Materiais e Suas Propriedades
11202210075;DA1ESHC028-17SB;Economia Política A1-Matutino (São Bernardo)
11202210075;NC1ESTO013-17SB;Engenharia Econômica
11202210075;DA1ESHR005-13SB;Estado e Desenvolvimento Econômico no Brasil Contemporâneo A1-Matutino (São Bernardo)
11202210075;NAESHR007-21SB;Geopolítica
11202210075;DA1ESHC016-17SB;Finanças Corporativas A1-Matutino (São Bernardo)
11201811835;DA1ESTB031-18SB;Métodos Matemáticos aplicados a Sistemas Biomédicos A1-Matutino (São Bernardo)
11202231337;DA1ESTO012-17SA;Princípios de Administração A1-Matutino (Santo André)
11201920852;DB1ESTO902-17SB;Engenharia Unificada I B1-Matutino (São Bernardo)
11202231318;DB1BIR0004-15SB;Bases Epistemológicas da Ciência Moderna B1-Matutino (São Bernardo)
11202230607;DA1ESTO011-17SA;Fundamentos de Desenho Técnico A1-Matutino (Santo André)
11201811027;NA2NHT5004-15SA;Educação Científica, Sociedade e Cultura
11075610;DA2NHI5001-15SA;Desenvolvimento e Aprendizagem A2-Matutino (Santo André)
11075610;DAMCTD024-18SA;Análise na Educação Básica A-Matutino (Santo André)
11075610;DA2NHI5002-15SA;Didática A2-Matutino (Santo André)
11202111722;NA1MCTB001-17SA;Álgebra Linear
11202111722;NA1BCS0002-15SA;Projeto Dirigido
11202130765;NABCL0306-15SA;Biodiversidade: Interações entre organismos e ambiente
11202230523;DB1ESTO011-17SA;Fundamentos de Desenho Técnico B1-Matutino (Santo André)
11202230713;NA6BIS0005-15SB;Bases Computacionais da Ciência
11201810948;NAESZG002-17SB;Confiabilidade Industrial em Sistemas de Gestão
11202130769;DA1BIQ0602-15SB;Estrutura e Dinâmica Social A1-Matutino (São Bernardo)
11201921222;NA2MCTB001-17SA;Álgebra Linear
11201722175;NANHZ3010-15SA;Física Computacional
11202022265;DAESZG036-17SB;Conceitos de Marketing A-Matutino (São Bernardo)
11202022265;NB1BCS0002-15SB;Projeto Dirigido
21086716;NA1ESHR004-13SB;Economia Política Internacional da Energia
21031016;NAESZG002-17SB;Confiabilidade Industrial em Sistemas de Gestão
11201822510;NA1ESTI002-17SA;Eletrônica Digital
11201822510;DAESZA006-17SB;Teoria de Controle Ótimo A-Matutino (São Bernardo)
11202130379;DA2BCS0002-15SA;Projeto Dirigido A2-Matutino (Santo André)
11202130379;DA2MCTA025-13SA;Sistemas Distribuídos A2-Matutino (Santo André)
11202232212;NC1BCS0001-15SA;Base Experimental das Ciências Naturais
11202231074;NAESTE037-17SA;Análise Econômica de Projetos Energéticos
11202231074;NAESZM032-17SA;Biomateriais
11202231074;NA1NHT4030-15SA;Práticas de Ensino de Química I
11202231074;NB1BCN0407-15SA;Funções de Várias Variáveis
11202021790;NAESZS012-17SB;Aplicações de Elementos Finitos para Engenharia
11202021790;NB1ESTO017-17SB;Métodos Experimentais em Engenharia
11202230772;DB1BCN0407-15SA;Funções de Várias Variáveis B1-Matutino (Santo André)
11201922204;DA1ESTB021-17SB;Sensores Biomédicos A1-Matutino (São Bernardo)
11201722850;DA1ESTG020-17SB;Sistemas e Processos de Produção A1-Matutino (São Bernardo)
11201722850;DAESTG025-17SB;Propriedade Intelectual A-Matutino (São Bernardo)
11201921390;NA1NHZ2044-11SB;História das Ciências no Brasil
11201810453;NA1ESTB024-17SB;Modelagem de Sistemas Dinâmicos II
11201810262;NB1ESTO005-17SA;Introdução às Engenharias
11201810262;NAESTU038-17SA;Tratamento de Águas Urbanas Servidas
11201811690;NAESHR029-21SB;Análise de Política Externa
11202020611;NA1ESTO013-17SB;Engenharia Econômica
11201920406;NA1ESZM028-17SA;Materiais para Tecnologia da Informação
11201920406;NAMCZA004-13SA;Avaliação de Desempenho de Redes
11201922168;DA3BIS0003-15SB;Bases Matemáticas A3-Matutino (São Bernardo)
11201922168;DB1ESTO902-17SB;Engenharia Unificada I B1-Matutino (São Bernardo)
11201922168;NA1ESZT009-17SB;Planejamento e Gestão de Redes Técnicas e Sistemas Territoriais
11202021516;DB4BIS0005-15SB;Bases Computacionais da Ciência B4-Matutino (São Bernardo)
11201810464;NANHZ2111-18SB;Teorias da Verdade
11202020262;DB1BCS0002-15SA;Projeto Dirigido B1-Matutino (Santo André)
11202111896;DA1ESHC012-21SB;Economia Institucional A1-Matutino (São Bernardo)
11202020437;DAESZU002-17SA;Compostagem A-Matutino (Santo André)
11202020437;DA2BCS0002-15SA;Projeto Dirigido A2-Matutino (Santo André)
11202130962;NA1NHZ1096-19SA;Práticas Discursivas da Ciência e Educação em Ciências
11202130515;DC1ESTO011-17SA;Fundamentos de Desenho Técnico C1-Matutino (Santo André)
11201921453;NANHT1056-15SA;Microbiologia
11202130523;NA1ESHR024-14SB;História da Política Externa Brasileira
11201921702;DA2BCS0002-15SA;Projeto Dirigido A2-Matutino (Santo André)
11201810134;DANHZ3043-15SA;Noções de Astronomia e Cosmologia A-Matutino (Santo André)
11202231324;NA2BIQ0602-15SB;Estrutura e Dinâmica Social
11007816;DA1BCS0002-15SA;Projeto Dirigido A1-Matutino (Santo André)
11201721482;NA1LIE0001-19SA;Metodologias de Pesquisa em Educação
11202130527;DAESZI014-17SA;Sistemas Inteligentes A-Matutino (Santo André)
11202020173;NANHH2007-13SB;Estética
11202020173;NA1NHI5001-15SB;Desenvolvimento e Aprendizagem
21085214;NB2NHI5002-15SA;Didática
11201920451;NA1LHZ0018-19SB;História Cultural
11202130439;DA1LHZ0018-19SB;História Cultural A1-Matutino (São Bernardo)
11202231982;NA4BIS0003-15SB;Bases Matemáticas
11202130671;DB1ESTO011-17SA;Fundamentos de Desenho Técnico B1-Matutino (Santo André)
11202130671;DB1NHT5004-15SA;Educação Científica, Sociedade e Cultura B1-Matutino (Santo André)
11201920288;NA1BCS0002-15SB;Projeto Dirigido
11201920288;NA1ESTO011-17SB;Fundamentos de Desenho Técnico
11201921706;NC1ESTO902-17SA;Engenharia Unificada I
11202230980;DA1ESZM001-17SA;Seminários em Materiais Avançados A1-Matutino (Santo André)
11202020303;NB1BCK0104-15SA;Interações Atômicas e Moleculares
11202020303;NA1MCTB019-17SA;Matemática Discreta
11201921448;NA1ESZM028-17SA;Materiais para Tecnologia da Informação
11202021704;NA2MCTA007-17SA;Compiladores
11202022029;NAESHP030-14SB;Planejamento Orçamentário
13201910065;DA1ESHP009-13SB;Governo, Burocracia e Administração Pública A1-Matutino (São Bernardo)
13201910065;DA1ESHP019-13SB;Regimes e Formas de Governo A1-Matutino (São Bernardo)
11201810622;DA1MCTA003-17SA;Análise de Algoritmos A1-Matutino (Santo André)
11202130689;DA1ESTO011-17SB;Fundamentos de Desenho Técnico A1-Matutino (São Bernardo)
11202131707;DA1BIN0406-15SB;Introdução à Probabilidade e à Estatística A1-Matutino (São Bernardo)
11202021860;DANHZ1090-15SA;Imunologia Aplicada A-Matutino (Santo André)
11201810532;NA1BCN0407-15SB;Funções de Várias Variáveis
11201920238;ND1ESTO902-17SA;Engenharia Unificada I
11202021195;DC1ESTO902-17SB;Engenharia Unificada I C1-Matutino (São Bernardo)
11201723095;DANHH2035-13SB;História da Filosofia Contemporânea: o Século XX A-Matutino (São Bernardo)
11201723095;DA1ESHP019-13SB;Regimes e Formas de Governo A1-Matutino (São Bernardo)
11202020938;NA1BHO1102-19SB;Introdução à Economia
11094913;NA1ESTO017-17SB;Métodos Experimentais em Engenharia
11202212409;DB2BCK0104-15SA;Interações Atômicas e Moleculares B2-Matutino (Santo André)
11105313;NA1ESZM022-17SA;Cerâmicas Especiais e Refratárias
11105313;NA1ESZM028-17SA;Materiais para Tecnologia da Informação
11105313;NA1ESZM031-17SA;Nanocompósitos
11201721315;NB1BCS0002-15SB;Projeto Dirigido
21079416;NA1ESTB025-17SB;Instrumentação Biomédica I
11068215;NAESTA020-17SA;Modelagem e Controle
11068215;DAESTA013-17SA;Fundamentos de Robótica A-Matutino (Santo André)
11068215;NA2MCTB001-17SA;Álgebra Linear
11068215;NA2ESTA006-17SA;Fotônica
21061315;NANHH2007-13SB;Estética
21061315;NAESHC017-17SB;Finanças Públicas
11202231293;DA1NHI5002-15SA;Didática A1-Matutino (Santo André)
11202231293;DB1LIE0001-19SA;Metodologias de Pesquisa em Educação B1-Matutino (Santo André)
11202231535;DB1BHQ0301-15SB;Território e Sociedade B1-Matutino (São Bernardo)
11202111580;NA1ESTO017-17SB;Métodos Experimentais em Engenharia
11201810642;NA1ESZB032-17SB;Bioimpedância Aplicada
11201810642;DA1ESTB021-17SB;Sensores Biomédicos A1-Matutino (São Bernardo)
11202021678;DAESZI014-17SA;Sistemas Inteligentes A-Matutino (Santo André)
11202020268;DANHH2033-18SB;História da Filosofia Antiga Clássica A-Matutino (São Bernardo)
11202231776;DA1BHQ0002-15SB;Estudos Étnico-Raciais A1-Matutino (São Bernardo)
11202021132;NA1ESZP041-14SB;Administração Pública e Reforma do Estado em Perspectiva Comparada
11201811162;DA1ESHC003-17SB;Desenvolvimento Socioeconômico A1-Matutino (São Bernardo)
11201811162;DA1ESHC027-21SB;Economia Matemática A1-Matutino (São Bernardo)
11201812017;NA1ESZU030-17SA;Riscos no Ambiente Urbano
11201822416;NAESZA019-17SA;Visão Computacional
11202310040;NAESHC035-21SB;Econometria I
21052613;DA1ESHP009-13SB;Governo, Burocracia e Administração Pública A1-Matutino (São Bernardo)
21039212;NAESTI020-17SA;Teoria de Filas e Análise de Desempenho
11201721747;NA2MCTB001-17SA;Álgebra Linear
11043711;NA1NHT3037-13SA;Mecânica Geral
11202020059;NANHT1054-15SA;Histologia e Embriologia
11085013;DA1NHT5004-15SA;Educação Científica, Sociedade e Cultura A1-Matutino (Santo André)
11085013;DA2NHI5002-15SA;Didática A2-Matutino (Santo André)
11085013;DANHT3089-15SA;Trabalho de Conclusão de Curso em Física A-Matutino (Santo André)
11202130799;DA2NHI5001-15SA;Desenvolvimento e Aprendizagem A2-Matutino (Santo André)
11201722518;DAESHR029-21SB;Análise de Política Externa A-Matutino (São Bernardo)
11201810428;DA1BCS0002-15SA;Projeto Dirigido A1-Matutino (Santo André)
11202231020;DB3BIS0005-15SB;Bases Computacionais da Ciência B3-Matutino (São Bernardo)
11202021409;DA1NHT1083-16SA;Práticas de Ensino de Biologia I A1-Matutino (Santo André)
11201722207;DA2BCJ0204-15SA;Fenômenos Mecânicos A2-Matutino (Santo André)
11202022031;NA1ESHC003-17SB;Desenvolvimento Socioeconômico
11202022031;NA1ESHC013-21SB;Relações Comerciais e de Investimento Internacionais
11033016;NA1MCTA003-17SA;Análise de Algoritmos
11202231040;DB1LIE0001-19SA;Metodologias de Pesquisa em Educação B1-Matutino (Santo André)
11202231144;DA2BCK0104-15SA;Interações Atômicas e Moleculares A2-Matutino (Santo André)
11201932455;NA1ESHC003-17SB;Desenvolvimento Socioeconômico
21020014;NA1ESHC028-17SB;Economia Política
11201920134;DA1ESHP019-13SB;Regimes e Formas de Governo A1-Matutino (São Bernardo)
11202022118;NA1ESHP019-13SB;Regimes e Formas de Governo
11202022118;NAESZP002-13SB;Instituições Judiciais e Políticas Públicas
11202131645;NB1BCN0407-15SB;Funções de Várias Variáveis
11202131647;NB3BCJ0205-15SB;Fenômenos Térmicos
11202131647;NB1ESTO011-17SB;Fundamentos de Desenho Técnico
11201920926;DB1BIR0603-15SB;Ciência, Tecnologia e Sociedade B1-Matutino (São Bernardo)
11201722673;NAESTI015-17SA;Comunicações Móveis
11202210055;NB1BHP0001-15SB;Ética e Justiça
11202131904;NA4BCM0505-22SA;Processamento da Informação
11093914;NANHH2033-18SB;História da Filosofia Antiga Clássica
11202231307;DB1ESTO005-17SB;Introdução às Engenharias B1-Matutino (São Bernardo)
11202020295;NA2ESTO006-17SA;Materiais e Suas Propriedades
11201722868;NB1BHQ0002-15SA;Estudos Étnico-Raciais
11201921358;DANHT1063-15SA;Zoologia de Invertebrados I A-Matutino (Santo André)
11202230400;NA1MCZC002-15SB;Bases Neurais da Motricidade
11201811732;NAMCZA015-13SA;Mineração de Dados
11202130624;NA1MCTC020-15SB;Psicologia Experimental
11201920955;NAESZE038-17SA;Reações Nucleares
11201920955;NA3ESTU009-17SA;Hidrologia
11202310085;NC1ESTO013-17SB;Engenharia Econômica
11201920202;NC1ESTO013-17SB;Engenharia Econômica
11202021948;DA2BCS0002-15SA;Projeto Dirigido A2-Matutino (Santo André)
11201810166;NA1ESZB032-17SB;Bioimpedância Aplicada
11202111587;DA1ESTO902-17SB;Engenharia Unificada I A1-Matutino (São Bernardo)
11063113;DA1MCTA025-13SA;Sistemas Distribuídos A1-Matutino (Santo André)
11201811785;DA1ESTG020-17SB;Sistemas e Processos de Produção A1-Matutino (São Bernardo)
11202310041;NA1BHQ0301-15SB;Território e Sociedade
11202310041;NAESHR007-21SB;Geopolítica
13201812193;NANHZ2116-18SB;Discussões Atuais em Filosofia da Ciência
21090116;NB1ESTO902-17SB;Engenharia Unificada I
11202231065;DA1BCJ0204-15SA;Fenômenos Mecânicos A1-Matutino (Santo André)
11202231065;DANHZ2021-11SB;Filosofia da Mente A-Matutino (São Bernardo)
11201720672;NA1ESTO006-17SB;Materiais e Suas Propriedades
11202130827;DA1ESTB021-17SB;Sensores Biomédicos A1-Matutino (São Bernardo)
11202130827;DA1MCTC009-15SB;Progressos e Métodos em Neurociência A1-Matutino (São Bernardo)
11201810406;NA1NHZ4081-20SB;Paulo Freire: educação para a criticidade
11202230538;DA1ESTU031-17SA;Recuperação de Áreas Degradadas A1-Matutino (Santo André)
11201922172;NA1NHZ4080-20SA;História da Química
11201720630;DA1NHI5002-15SA;Didática A1-Matutino (Santo André)
11201720630;DA1ESHC003-17SB;Desenvolvimento Socioeconômico A1-Matutino (São Bernardo)
11201810227;NA1ESTU025-17SA;Avaliação de Impactos Ambientais
11202310082;NA1ESHC038-17SB;Economia Monetária
11202022253;DA1BCK0104-15SA;Interações Atômicas e Moleculares A1-Matutino (Santo André)
11202232233;NA2BIN0406-15SB;Introdução à Probabilidade e à Estatística
11201722646;NA1BHQ0002-15SB;Estudos Étnico-Raciais
11201920287;NAMCZA015-13SA;Mineração de Dados
11201920287;NA1MCZA002-17SA;Aprendizado de Máquina
11201920513;DAESTU038-17SA;Tratamento de Águas Urbanas Servidas A-Matutino (Santo André)
11201920513;DB1ESTO902-17SA;Engenharia Unificada I B1-Matutino (Santo André)
11202020928;DA2BCS0002-15SA;Projeto Dirigido A2-Matutino (Santo André)
11201921147;NA1ESTU031-17SA;Recuperação de Áreas Degradadas
11201921579;DA1LHZ0035-19SB;Região e Regionalização A1-Matutino (São Bernardo)
11201722493;NAESTU038-17SA;Tratamento de Águas Urbanas Servidas
11201722493;NA1NHZ4081-20SB;Paulo Freire: educação para a criticidade
11201722493;NA1ESTB021-17SB;Sensores Biomédicos
11201721134;NA1ESTU034-17SA;Sistemas de Abastecimento de Águas
11201721134;NAESZU002-17SA;Compostagem
11202130548;NC1ESTO902-17SB;Engenharia Unificada I
11067316;NAESZE094-17SA;Engenharia do Etanol
21086414;DAESHC035-21SB;Econometria I A-Matutino (São Bernardo)
21086414;DB1ESHC037-21SB;Econometria III B1-Matutino (São Bernardo)
11202021204;DB1ESTO011-17SB;Fundamentos de Desenho Técnico B1-Matutino (São Bernardo)
11202231214;DB1ESTO012-17SA;Princípios de Administração B1-Matutino (Santo André)
11202231214;DANHT1002-15SA;Bioética A-Matutino (Santo André)
11202021011;NANHH2086-16SB;História da Filosofia Medieval: do século IV ao X
11201811776;NA1ESTO017-17SB;Métodos Experimentais em Engenharia
11201810550;NB1ESTO902-17SA;Engenharia Unificada I
11202021328;DA1ESTO017-17SA;Métodos Experimentais em Engenharia A1-Matutino (Santo André)
11202021328;DC1ESTO902-17SA;Engenharia Unificada I C1-Matutino (Santo André)
11202212446;DANHZ6013-18SA;Biotecnologia Animal A-Matutino (Santo André)
11201722999;DA1MCTC021-20SB;Neurociência Teórica e Computacional A1-Matutino (São Bernardo)
11202310110;NAESZR026-21SB;Deslocamento Forçado, Refúgio e humanitarismo
11202310110;NA1ESHT018-17SB;Planejamento e Política Regional
11202310110;NB1BCL0306-15SB;Biodiversidade: Interações entre organismos e ambiente
11202310110;NAESHR007-21SB;Geopolítica
11201720330;NB1BHQ0002-15SA;Estudos Étnico-Raciais
11201720330;NAESZI016-17SA;Projeto de Filtros Digitais
11091213;NA1MCTC020-15SB;Psicologia Experimental
11202230236;DA1NHI5002-15SA;Didática A1-Matutino (Santo André)
11201811597;DA1ESTO015-17SA;Mecânica dos Fluidos I A1-Matutino (Santo André)
21061115;NA1NHZ4081-20SB;Paulo Freire: educação para a criticidade
11201810679;DAESTE032-17SA;Engenharia Solar Térmica A-Matutino (Santo André)
11202111599;DA1ESHC003-17SB;Desenvolvimento Socioeconômico A1-Matutino (São Bernardo)
11201921986;NAESTS013-17SB;Projeto de Elementos Estruturais de Aeronaves I
11202130322;NB2BIN0406-15SB;Introdução à Probabilidade e à Estatística
11202020925;DA1BHQ0002-15SA;Estudos Étnico-Raciais A1-Matutino (Santo André)
11201921096;NAESZG002-17SB;Confiabilidade Industrial em Sistemas de Gestão
21027015;NA1ESTU021-17SA;Transportes e Mobilidade Urbana
11202021500;NAESZG036-17SB;Conceitos de Marketing
11201920950;NAESTG024-17SB;Sistemas de Informação Corporativos
11201920950;NAESTG003-17SB;Economia de Empresas
11161309;DANHT1056-15SA;Microbiologia A-Matutino (Santo André)
11202020228;DA1NHT5004-15SA;Educação Científica, Sociedade e Cultura A1-Matutino (Santo André)
11202310117;NB1BCK0104-15SA;Interações Atômicas e Moleculares
11019316;DA1MCTA018-13SA;Programação Orientada a Objetos A1-Matutino (Santo André)
11202321475;NA1ESTA017-17SA;Laboratório de Máquinas Elétricas
11202321475;NA1MCTB010-13SA;Cálculo Vetorial e Tensorial
11202230544;NA5BCM0505-22SA;Processamento da Informação
11202131354;DB1NHT5004-15SA;Educação Científica, Sociedade e Cultura B1-Matutino (Santo André)
11202131848;NB1LIE0001-19SA;Metodologias de Pesquisa em Educação
11201723084;NA1NHT4057-15SA;Termodinâmica Química
11201723084;NA1NHT4017-15SA;Funções e Reações Orgânicas
11201723084;NAESTE037-17SA;Análise Econômica de Projetos Energéticos
11202130843;DA1MCTA003-17SA;Análise de Algoritmos A1-Matutino (Santo André)
11202130851;DA1ESTO902-17SB;Engenharia Unificada I A1-Matutino (São Bernardo)
11114414;NA1ESZM002-17SA;Nanociência e Nanotecnologia
11202130145;DA2MCTA024-13SA;Sistemas Digitais A2-Matutino (Santo André)
11201811051;NA1ESZM002-17SA;Nanociência e Nanotecnologia
11201721490;NA1MCZC018-20SB;Psicopatologia
11201812313;ND1ESTO902-17SA;Engenharia Unificada I
11201922199;NAESTE037-17SA;Análise Econômica de Projetos Energéticos
11201920821;DANHT1002-15SA;Bioética A-Matutino (Santo André)
11201810581;NA1ESHT020-17SB;Política Metropolitana
21063815;NA1MCZC002-15SB;Bases Neurais da Motricidade
21063815;NA1MCZC018-20SB;Psicopatologia
21063815;NA1MCZC010-15SB;Atenção e Estados de Consciência
21063815;NA1MCTC014-13SB;Introdução à Inferência Estatística
11201920450;NA1ESHT009-17SB;História da Cidade e do Urbanismo
11201810943;NB1ESTO017-17SB;Métodos Experimentais em Engenharia
11202130456;NA1BCK0104-15SA;Interações Atômicas e Moleculares
11202130456;NA2BIN0406-15SA;Introdução à Probabilidade e à Estatística
11202021268;DA1ESTA014-17SA;Sistemas CAD/CAM A1-Matutino (Santo André)
11201810118;DA1ESZM037-17SA;Processamento de Polímeros A1-Matutino (Santo André)
11202111738;NB2BCM0505-22SA;Processamento da Informação
11201921930;NB1BCS0002-15SB;Projeto Dirigido
11201920658;NA1BHS0002-17SB;Diálogos Interdisciplinares
11201811921;DA1ESHP021-13SB;Trajetórias das Políticas de CT&I no Brasil A1-Matutino (São Bernardo)
21038415;NA1ESTO013-17SB;Engenharia Econômica
21038415;NA1ESHP012-13SB;Introdução ao Direito Administrativo
11202021127;DA1ESHR031-21SB;Economia Política Internacional A1-Matutino (São Bernardo)
11202021535;DB1ESTO013-17SB;Engenharia Econômica B1-Matutino (São Bernardo)
11202021535;DA1ESTO902-17SB;Engenharia Unificada I A1-Matutino (São Bernardo)
11201922344;DB1BIJ0207-15SA;Bases Conceituais da Energia B1-Matutino (Santo André)
11202230999;DB1BCL0306-15SB;Biodiversidade: Interações entre organismos e ambiente B1-Matutino (São Bernardo)
21085915;NA1ESHP028-14SB;Políticas Públicas para Sociedade da Informação
21085915;NA1ESHP009-13SB;Governo, Burocracia e Administração Pública
21085915;NA1ESHP019-13SB;Regimes e Formas de Governo
11202231445;DA1BHQ0002-15SB;Estudos Étnico-Raciais A1-Matutino (São Bernardo)
11202022280;NB1ESTA003-17SA;Sistemas de Controle I
11201722890;NA1ESTE014-17SA;Sistemas Térmicos
11106515;NA1ESTA017-17SA;Laboratório de Máquinas Elétricas
11202022044;NANHZ2052-11SB;Pensamento Kantiano e seus Desdobramentos Contemporâneos
11202021812;NANHH2073-18SB;Teoria do Conhecimento: Empirismo e Racionalismo
11202021812;NANHZ2051-11SB;Pensamento Hegeliano e seus Desdobramentos Contemporâneos
11201810858;DB1ESTA017-17SA;Laboratório de Máquinas Elétricas B1-Matutino (Santo André)
11201722654;DA1ESTG020-17SB;Sistemas e Processos de Produção A1-Matutino (São Bernardo)
11201722654;NA1LIE0001-19SB;Metodologias de Pesquisa em Educação
11201722654;DAESTG025-17SB;Propriedade Intelectual A-Matutino (São Bernardo)
11202020359;NB2NHI5002-15SA;Didática
11202020359;DANHT1063-15SA;Zoologia de Invertebrados I A-Matutino (Santo André)
11201921403;DA1ESZB007-17SB;Introdução à Biofotônica e Óptica Biomédica A1-Matutino (São Bernardo)
11201921403;DA1ESTM010-17SA;Propriedades Mecânicas e Térmicas A1-Matutino (Santo André)
11201812045;NAESTS018-17SB;Transferência de Calor Aplicada a Sistemas Aeroespaciais
11201812320;DB1ESHC037-21SB;Econometria III B1-Matutino (São Bernardo)
11202210082;NA1ESHP009-13SB;Governo, Burocracia e Administração Pública
11201722102;NA1ESHC026-21SB;Microeconomia II
11201921149;NA2MCTA018-13SA;Programação Orientada a Objetos
11201921149;NA1MCTA003-17SA;Análise de Algoritmos
11201920662;NA1ESTO005-17SA;Introdução às Engenharias
11202310075;NA1ESHR031-21SB;Economia Política Internacional
11202020931;DA1NHZ4081-20SB;Paulo Freire: educação para a criticidade A1-Matutino (São Bernardo)
11201812248;DA1ESZM001-17SA;Seminários em Materiais Avançados A1-Matutino (Santo André)
11201810586;NA1ESZU030-17SA;Riscos no Ambiente Urbano
11201721826;NA1ESTO017-17SB;Métodos Experimentais em Engenharia
11201721826;NB1BHP0001-15SB;Ética e Justiça
11202021897;DB1BCK0104-15SB;Interações Atômicas e Moleculares B1-Matutino (São Bernardo)
11202021897;DA1ESHC012-21SB;Economia Institucional A1-Matutino (São Bernardo)
11201811473;NB1ESTO017-17SB;Métodos Experimentais em Engenharia
11201811473;NA1NHZ5023-18SB;Práticas escolares em educação especial e inclusiva
11201811594;NA1NHZ4080-20SA;História da Química
11202020766;NB1ESTA014-17SA;Sistemas CAD/CAM
11202020766;DA1ESTO902-17SA;Engenharia Unificada I A1-Matutino (Santo André)
11202020766;NA1NHT4017-15SA;Funções e Reações Orgânicas
11109712;DA1MCZB031-17SA;Teoria dos Jogos A1-Matutino (Santo André)
11109712;NAMCTD024-18SA;Análise na Educação Básica
11109712;NAMCZA004-13SA;Avaliação de Desempenho de Redes
11109712;NA1NHZ2044-11SB;História das Ciências no Brasil
11201920890;DA1ESZU022-17SA;Ciências Atmosféricas A1-Matutino (Santo André)
21017813;NA1ESTO008-17SB;Mecânica dos Sólidos I
21017813;NA1ESTB023-17SB;Física Médica I
11202130793;NA1MCZA002-17SA;Aprendizado de Máquina
11202130792;NB1BCN0407-15SA;Funções de Várias Variáveis
11202230514;NA1ESTO005-17SA;Introdução às Engenharias
11201722416;NAESTE037-17SA;Análise Econômica de Projetos Energéticos
11202020668;NB1BHQ0002-15SA;Estudos Étnico-Raciais
11202020668;NA1ESTO012-17SA;Princípios de Administração
11201810482;DB2BCK0104-15SA;Interações Atômicas e Moleculares B2-Matutino (Santo André)
21028415;DA1ESHP031-14SB;Avaliação e Monitoramento de Políticas Públicas A1-Matutino (São Bernardo)
11201920220;DA1NHZ5023-18SB;Práticas escolares em educação especial e inclusiva A1-Matutino (São Bernardo)
11201922011;NAESTG002-17SB;Desenvolvimento Integrado do Produto
11201721254;NA1ESTB025-17SB;Instrumentação Biomédica I
11201920371;NAESTG002-17SB;Desenvolvimento Integrado do Produto
11201920371;NANHZ3080-15SA;Laboratório de Física Médica
11201920371;DA1ESTU039-17SA;Regulação Ambiental e Urbanística A1-Matutino (Santo André)
11202231364;DA1BHQ0301-15SB;Território e Sociedade A1-Matutino (São Bernardo)
11202231364;DA1BCL0306-15SB;Biodiversidade: Interações entre organismos e ambiente A1-Matutino (São Bernardo)
11202230697;NA2MCTA007-17SA;Compiladores
11201723085;DA1MCTA003-17SA;Análise de Algoritmos A1-Matutino (Santo André)
11202212447;DABCL0306-15SA;Biodiversidade: Interações entre organismos e ambiente A-Matutino (Santo André)
11202212447;DB3BCN0407-15SA;Funções de Várias Variáveis B3-Matutino (Santo André)
11202212447;DA2BCK0104-15SA;Interações Atômicas e Moleculares A2-Matutino (Santo André)
11201721685;DA1ESHR004-13SB;Economia Política Internacional da Energia A1-Matutino (São Bernardo)
11202020461;NA3ESTU009-17SA;Hidrologia
11201811515;NA1MCTA003-17SA;Análise de Algoritmos
11201811515;DA1ESTO902-17SA;Engenharia Unificada I A1-Matutino (Santo André)
11202020029;DB2BCJ0205-15SA;Fenômenos Térmicos B2-Matutino (Santo André)
11202022011;DANHH2007-13SB;Estética A-Matutino (São Bernardo)
11201921894;NA1ESHC012-21SB;Economia Institucional
11202210083;NA1BCL0306-15SB;Biodiversidade: Interações entre organismos e ambiente
11201920286;NA1ESTG021-17SB;Sistemas CAD/CAE
11087316;DA1MCTA003-17SA;Análise de Algoritmos A1-Matutino (Santo André)
11202111488;DA1ESHC012-21SB;Economia Institucional A1-Matutino (São Bernardo)
11202111488;DAMCZA030-17SA;Vida Artificial na Computação A-Matutino (Santo André)
11202231727;DA1LIE0001-19SA;Metodologias de Pesquisa em Educação A1-Matutino (Santo André)
11202231727;DA4BIS0003-15SA;Bases Matemáticas A4-Matutino (Santo André)
11202212449;DA1BIK0102-15SA;Estrutura da Matéria A1-Matutino (Santo André)
11202020948;NAESZR026-21SB;Deslocamento Forçado, Refúgio e humanitarismo
11202020948;NAESZP002-13SB;Instituições Judiciais e Políticas Públicas
11202020948;NA1ESHT012-17SB;Mobilização Produtiva dos Territórios e Desenvolvimento Local
11202020948;NA1ESZP041-14SB;Administração Pública e Reforma do Estado em Perspectiva Comparada
11202020484;DA1MCZC011-15SB;Tomada de Decisões e Neuroeconomia A1-Matutino (São Bernardo)
11201722527;NB2ESTO011-17SA;Fundamentos de Desenho Técnico
11201922300;NA2NHI5001-15SA;Desenvolvimento e Aprendizagem
11201721313;DB4BCJ0205-15SA;Fenômenos Térmicos B4-Matutino (Santo André)
11201812266;DA1NHZ5023-18SB;Práticas escolares em educação especial e inclusiva A1-Matutino (São Bernardo)
11201811538;NANHT3049-15SA;Princípios de Termodinâmica
11201810452;NA1MCTC020-15SB;Psicologia Experimental
11201810452;NA1MCTC021-20SB;Neurociência Teórica e Computacional
11202130709;NA1NHI5001-15SB;Desenvolvimento e Aprendizagem
11202130663;NA2ESTA014-17SA;Sistemas CAD/CAM
11202232265;DANHZ2021-11SB;Filosofia da Mente A-Matutino (São Bernardo)
11201810048;NA2MCTA007-17SA;Compiladores
11201810048;NA1MCTA018-13SA;Programação Orientada a Objetos
11202020929;DA1LIE0001-19SA;Metodologias de Pesquisa em Educação A1-Matutino (Santo André)
11201720856;NA2BCK0104-15SA;Interações Atômicas e Moleculares
11201720856;NA1BCN0404-15SA;Geometria Analítica
11201921509;NA1ESZM028-17SA;Materiais para Tecnologia da Informação
11201921509;NA1BCN0407-15SA;Funções de Várias Variáveis
11202111850;DA1BIN0406-15SA;Introdução à Probabilidade e à Estatística A1-Matutino (Santo André)
11202020713;NAESTE033-17SA;Engenharia Solar Fotovoltaica
11202020713;NAESTU038-17SA;Tratamento de Águas Urbanas Servidas
11202131447;NABCL0306-15SA;Biodiversidade: Interações entre organismos e ambiente
11202131447;DB2BCK0104-15SA;Interações Atômicas e Moleculares B2-Matutino (Santo André)
11202212531;DC1ESTO011-17SA;Fundamentos de Desenho Técnico C1-Matutino (Santo André)
11202212531;NA2MCTB001-17SA;Álgebra Linear
11201810996;DB1ESHC016-17SB;Finanças Corporativas B1-Matutino (São Bernardo)
11202310093;DA1ESHR004-13SB;Economia Política Internacional da Energia A1-Matutino (São Bernardo)
11202310093;DAESHR029-21SB;Análise de Política Externa A-Matutino (São Bernardo)
11201932489;DA1ESHP009-13SB;Governo, Burocracia e Administração Pública A1-Matutino (São Bernardo)
11201922369;NAESTE018-17SA;Fundamentos de Sistemas Dinâmicos
11202131856;NA1ESHC012-21SB;Economia Institucional
11202020411;DA1ESHP021-13SB;Trajetórias das Políticas de CT&I no Brasil A1-Matutino (São Bernardo)
11201811347;NA1NHZ2044-11SB;História das Ciências no Brasil
11202020231;DANHZ3043-15SA;Noções de Astronomia e Cosmologia A-Matutino (Santo André)
11201810293;NA1MCZC018-20SB;Psicopatologia
11201810293;NA1ESTU031-17SA;Recuperação de Áreas Degradadas
11201810293;NA1LIE0001-19SA;Metodologias de Pesquisa em Educação
11202112009;NAESTI020-17SA;Teoria de Filas e Análise de Desempenho
11202021753;DA1MCTB009-17SA;Cálculo Numérico A1-Matutino (Santo André)
11202021753;DC1ESTO011-17SA;Fundamentos de Desenho Técnico C1-Matutino (Santo André)
11202020095;NA1ESTU039-17SA;Regulação Ambiental e Urbanística
11201811693;DA2BCJ0204-15SA;Fenômenos Mecânicos A2-Matutino (Santo André)
11201811693;DB2BCN0407-15SA;Funções de Várias Variáveis B2-Matutino (Santo André)
11202111998;NA1NHT4030-15SA;Práticas de Ensino de Química I
11202131411;NB1BHP0001-15SB;Ética e Justiça
11202131411;NB1BCL0306-15SB;Biodiversidade: Interações entre organismos e ambiente
11202131411;NA2BIN0406-15SB;Introdução à Probabilidade e à Estatística
11202231489;DA1ESTO005-17SB;Introdução às Engenharias A1-Matutino (São Bernardo)
11068514;NA1ESZM002-17SA;Nanociência e Nanotecnologia
11068514;NA1ESTU021-17SA;Transportes e Mobilidade Urbana
11068514;NA1ESTU039-17SA;Regulação Ambiental e Urbanística
11068514;NAESZI016-17SA;Projeto de Filtros Digitais
11068514;NA1NHZ4081-20SB;Paulo Freire: educação para a criticidade
11201722546;DA1BCN0404-15SB;Geometria Analítica A1-Matutino (São Bernardo)
11201722546;DA4BIS0003-15SA;Bases Matemáticas A4-Matutino (Santo André)
11201921749;NA1NHT4056-15SA;Química Inorgânica Experimental
11201722653;NA2MCTA016-13SA;Paradigmas de Programação
11202022122;NAESTG002-17SB;Desenvolvimento Integrado do Produto
11202022122;NAESTG003-17SB;Economia de Empresas
11202022122;NB1ESTO902-17SA;Engenharia Unificada I
11201811577;NA1ESHC032-17SB;Macroeconomia II
11201722661;NAESZC024-17SB;Tópicos Avançados em História Econômica
11201811709;NAESHR029-21SB;Análise de Política Externa
11201922346;NA1ESHC013-21SB;Relações Comerciais e de Investimento Internacionais
11050915;NB1ESTA003-17SA;Sistemas de Controle I
11137409;DA1BHS0005-19SB;Práticas em Ciências e Humanidades A1-Matutino (São Bernardo)
11202231261;DA1BCN0404-15SB;Geometria Analítica A1-Matutino (São Bernardo)
11202231261;NANHT1071-15SA;Práticas de Ecologia
11202111480;DA1MCTC021-20SB;Neurociência Teórica e Computacional A1-Matutino (São Bernardo)
11202111480;DA1MCTC009-15SB;Progressos e Métodos em Neurociência A1-Matutino (São Bernardo)
11201921078;NB1BCS0002-15SB;Projeto Dirigido
11201921078;DB1ESHC016-17SB;Finanças Corporativas B1-Matutino (São Bernardo)
11202022098;NA1MCZA002-17SA;Aprendizado de Máquina
11202022098;NB2ESTO011-17SA;Fundamentos de Desenho Técnico
11202022098;NA2MCTA024-13SA;Sistemas Digitais
11202112057;NA1MCTC020-15SB;Psicologia Experimental
11202112057;NB2BCN0407-15SB;Funções de Várias Variáveis
21068214;NAESTS016-17SB;Aerodinâmica I
11202231394;NA1MCTC009-15SB;Progressos e Métodos em Neurociência
11201921473;NA1ESTM017-17SA;Materiais Cerâmicos
11202022197;NAESHR007-21SB;Geopolítica
11202231401;DABCL0306-15SA;Biodiversidade: Interações entre organismos e ambiente A-Matutino (Santo André)
11202231156;DB1ESTO012-17SA;Princípios de Administração B1-Matutino (Santo André)
11202130699;NA2BCK0104-15SA;Interações Atômicas e Moleculares
11201810331;DAESTG005-17SB;Engenharia Econômica Aplicada a Sistemas de Gestão A-Matutino (São Bernardo)
11202212404;DC1ESTO011-17SA;Fundamentos de Desenho Técnico C1-Matutino (Santo André)
11202130696;DB1BCK0104-15SA;Interações Atômicas e Moleculares B1-Matutino (Santo André)
11202130024;DB1ESTO013-17SB;Engenharia Econômica B1-Matutino (São Bernardo)
11202130020;NAESTE034-17SA;Engenharia de Biocombustíveis
21005816;DA2MCTA025-13SA;Sistemas Distribuídos A2-Matutino (Santo André)
11201922372;ND1ESTO902-17SB;Engenharia Unificada I
11202130016;DA1ESTO014-17SA;Termodinâmica Aplicada I A1-Matutino (Santo André)
