RA;Código_Turma;Nome_Disciplina
11202230632;DAMCTC009-15SB;PROGRESSOS E MÉTODOS EM NEUROCIÊNCIA
11202321689;NA1ESZR033-21SB;RELAÇÕES INTERNACIONAIS E ARTE
11202320230;DA1MCZA030-17SA;VIDA ARTIFICIAL NA COMPUTAÇÃO
11202321485;NB1BHO1102-19SB;INTRODUÇÃO À ECONOMIA
11202510090;NB1BHO1102-19SB;INTRODUÇÃO À ECONOMIA
11202021610;NA1ESTO013-17SA;ENGENHARIA ECONÔMICA
11202130276;NA1NHZ2093-16SA;CORPO, SEXUALIDADE E QUESTÕES DE GÊNERO
11202111296;DA1ESAE002-23SA;DESENHO UNIVERSAL E TECNOLOGIA ASSISTIVA
11202420863;NB1BCJ0205-15SA;FENÔMENOS TÉRMICOS
11202420722;NB4BIS0003-15SA;BASES MATEMÁTICAS
11202422105;NB1BIN0406-15SA;INTRODUÇÃO À PROBABILIDADE E À ESTATÍSTICA
11202020766;DA1BCK0104-15SA;INTERAÇÕES ATÔMICAS E MOLECULARES
11202021365;DA1ESTO004-17SA;INSTRUMENTAÇÃO E CONTROLE
11202130588;DA1ESZG036-17SB;CONCEITOS DE MARKETING
11202421247;DA2BIN0406-15SB;INTRODUÇÃO À PROBABILIDADE E À ESTATÍSTICA
11202230663;NA1ESHC026-21SB;MICROECONOMIA II
11202130738;NA1MCTC014-13SB;INTRODUÇÃO À INFERÊNCIA ESTATÍSTICA
11202130440;NA1NHZ6001-18SA;FUNDAMENTOS DA BIOTECNOLOGIA
11201921152;NA2MCTA025-13SA;SISTEMAS DISTRIBUÍDOS
11201921818;NA1ESZB022-17SA;INTRODUÇÃO À BIOINFORMÁTICA
11202131206;DA2BCN0405-15SA;INTRODUÇÃO ÀS EQUAÇÕES DIFERENCIAIS ORDINÁRIAS
11202020054;DA2ESTO006-17SA;MATERIAIS E SUAS PROPRIEDADES
11202111177;DA1MCCC015-23SA;PROGRAMAÇÃO FUNCIONAL
11201812368;NA1BHS0012-23SB;TEMAS FILOSÓFICOS EM DEBATE
11201920187;NA1ESZU025-17SA;EDUCAÇÃO AMBIENTAL
11202020898;NA1ESTS006-17SB;LABORATÓRIO DE GUIAGEM, NAVEGAÇÃO E CONTROLE
11202420749;NA11BIS0005-15SA;BASES COMPUTACIONAIS DA CIÊNCIA
11202130601;NAESTA018-17SA;ELETROMAGNETISMO APLICADO
11202420952;DA1BIN0406-15SB;INTRODUÇÃO À PROBABILIDADE E À ESTATÍSTICA
11202421512;NB2MCTB019-17SA;MATEMÁTICA DISCRETA
11202420531;DA4BIK0102-15SA;ESTRUTURA DA MATÉRIA
11202020237;NA2ESHC037-21SB;ECONOMETRIA III
11202230632;DAMCTC001-15SB;INTRODUÇÃO À FILOSOFIA DA MENTE
11202510032;NA1ESZB022-17SA;INTRODUÇÃO À BIOINFORMÁTICA
11202420684;DAESTA014-17SA;SISTEMAS CAD/CAM
11202131444;NC1BCS0001-15SA;BASE EXPERIMENTAL DAS CIÊNCIAS NATURAIS
11202421777;DB2ESMA001-23SA;SOLUÇÕES PARA DESAFIOS EM ENGENHARIA
11202322132;NA1ESHC012-21SB;ECONOMIA INSTITUCIONAL
11202322132;DA1ESHC032-17SB;MACROECONOMIA II
11202131447;DAMCTC001-15SB;INTRODUÇÃO À FILOSOFIA DA MENTE
11201723006;NA1NHLQ002-22SA;PRÁTICAS DE ENSINO DE QUÍMICA I
13201910009;NA1ESTO012-17SB;PRINCÍPIOS DE ADMINISTRAÇÃO
11202020726;NA1ESHC026-21SB;MICROECONOMIA II
11202332358;DA1NHZ1074-15SA;ASTROBIOLOGIA
11202320781;NA4BCJ0205-15SA;FENÔMENOS TÉRMICOS
11202021063;NA1ESTU031-17SA;RECUPERAÇÃO DE ÁREAS DEGRADADAS
11202320621;NA1NHZ6001-18SA;FUNDAMENTOS DA BIOTECNOLOGIA
11202421427;DA1NHZ6001-18SA;FUNDAMENTOS DA BIOTECNOLOGIA
11201723224;NA1BHO0102-15SB;DESENVOLVIMENTO E SUSTENTABILIDADE
11202130977;NA1ESTO008-17SA;MECÂNICA DOS SÓLIDOS I
11202321971;NA1ESTO012-17SB;PRINCÍPIOS DE ADMINISTRAÇÃO
11202112047;DA1ESHT012-17SB;MOBILIZAÇÃO PRODUTIVA DOS TERRITÓRIOS E DESENVOLVIMENTO LOCAL
11202020175;DA1ESZG010-17SB;PLANEJAMENTO E CONTROLE DE PROJETOS
11202321879;NA1ESZR033-21SB;RELAÇÕES INTERNACIONAIS E ARTE
11202231823;NA1ESTO013-17SA;ENGENHARIA ECONÔMICA
11202410073;NA1BHO0102-15SB;DESENVOLVIMENTO E SUSTENTABILIDADE
11202320915;DAMCTC001-15SB;INTRODUÇÃO À FILOSOFIA DA MENTE
11202321863;DA1NHZ6001-18SA;FUNDAMENTOS DA BIOTECNOLOGIA
11202322031;NA1ESTO011-17SA;FUNDAMENTOS DE DESENHO TÉCNICO
11202111720;NA1ESHP007-13SB;FEDERALISMO E POLÍTICAS PÚBLICAS
11202421116;DA1ESTO005-17SB;INTRODUÇÃO ÀS ENGENHARIAS
11202322250;DA1BIK0102-15SB;ESTRUTURA DA MATÉRIA
11202021529;NA1ESHC012-21SB;ECONOMIA INSTITUCIONAL
21040515;NA2BHQ0003-15SB;INTERPRETAÇÕES DO BRASIL
11202022027;NA1ESHC907-18SB;MONOGRAFIA I - TÉCNICAS DE PESQUISA EM ECONOMIA
11202321587;DA1ESZS004-17SB;AVIÔNICA
11202230842;NA1ESTO001-17SB;CIRCUITOS ELÉTRICOS E FOTÔNICA
11202321909;DA1BHQ0003-15SB;INTERPRETAÇÕES DO BRASIL
11202230759;DA1MCTA003-17SA;ANÁLISE DE ALGORITMOS
11202232200;NA1NHZ2093-16SA;CORPO, SEXUALIDADE E QUESTÕES DE GÊNERO
11202321271;NA1ESTO013-17SB;ENGENHARIA ECONÔMICA
11202321271;NA2ESTG014-17SB;PLANEJAMENTO E CONTROLE DA PRODUÇÃO
11202420369;NC1ESTO005-17SA;INTRODUÇÃO ÀS ENGENHARIAS
11202130682;NA1NHZ2093-16SA;CORPO, SEXUALIDADE E QUESTÕES DE GÊNERO
11202420219;ND3BCS0001-15SA;BASE EXPERIMENTAL DAS CIÊNCIAS NATURAIS
11201723109;DA1ESTO016-17SB;FENÔMENOS DE TRANSPORTE
11201723109;DA1ESTO008-17SB;MECÂNICA DOS SÓLIDOS I
11202420150;DA4BIK0102-15SA;ESTRUTURA DA MATÉRIA
11202321673;DA1NHLB002-23SA;PRÁTICAS DE ENSINO DE BIOLOGIA E APRENDIZAGEM
11202210050;NC1LCT1001-24SA;ESTÁGIO I NO ENSINO FUNDAMENTAL
11202321818;DB1ESTO011-17SA;FUNDAMENTOS DE DESENHO TÉCNICO
11202111171;DA2BCS0002-15SA;PROJETO DIRIGIDO
11202510060;NA1ESTO011-17SA;FUNDAMENTOS DE DESENHO TÉCNICO
11202421889;DC1BIS0003-15SB;BASES MATEMÁTICAS
11202021531;NANHZ2106-18SB;FILOSOFIA DA CIÊNCIA
11202320410;NA1NHBQ007-22SA;FUNDAMENTOS DE QUÍMICA
11202320915;DA1ESHR019-21SB;CHINA NAS RELAÇÕES INTERNACIONAIS
11202020444;DAMCNC002-23SB;NEUROCIÊNCIA TEÓRICA E COMPUTACIONAL
11202230648;NA2BCN0405-15SA;INTRODUÇÃO ÀS EQUAÇÕES DIFERENCIAIS ORDINÁRIAS
11201811037;NA1ESTU038-17SA;TRATAMENTO DE ÁGUAS URBANAS SERVIDAS
11202421478;DB1BCJ0205-15SA;FENÔMENOS TÉRMICOS
11202131392;DA1ESZG017-17SB;CLIMA E CULTURA ORGANIZACIONAL
21015516;NA1ESHP021-13SB;TRAJETÓRIAS DAS POLÍTICAS DE CT&I NO BRASIL
11202231666;NA1ESTO004-17SA;INSTRUMENTAÇÃO E CONTROLE
11202420129;NC1ESTO005-17SA;INTRODUÇÃO ÀS ENGENHARIAS
11202420186;DA1BIN0406-15SB;INTRODUÇÃO À PROBABILIDADE E À ESTATÍSTICA
11201722790;NA1ESMA001-23SB;SOLUÇÕES PARA DESAFIOS EM ENGENHARIA
11201920444;DA1ESHC018-17SB;FORMAÇÃO ECONÔMICA DO BRASIL
11202230839;DANHZ2106-18SB;FILOSOFIA DA CIÊNCIA
11202322082;NC1BCS0001-15SA;BASE EXPERIMENTAL DAS CIÊNCIAS NATURAIS
11202420963;DA2BIN0406-15SA;INTRODUÇÃO À PROBABILIDADE E À ESTATÍSTICA
11092816;DA1ESZG017-17SB;CLIMA E CULTURA ORGANIZACIONAL
11202020096;NA2ESMA002-23SB;INOVAÇÕES PARA ENGENHARIA
11202320420;NA2BHQ0003-15SB;INTERPRETAÇÕES DO BRASIL
11202421545;DC1ESTO005-17SA;INTRODUÇÃO ÀS ENGENHARIAS
11202111658;NA1MCTC014-13SB;INTRODUÇÃO À INFERÊNCIA ESTATÍSTICA
11202021250;NA1MCCC002-23SA;ALGORITMOS E ESTRUTURAS DE DADOS II
11201922158;NA2ESGE003-23SB;SISTEMAS CAM
11202130569;NA1ESGE007-23SB;GESTÃO AMBIENTAL EMPRESARIAL
11202130569;NA1ESZB005-17SB;INTRODUÇÃO À BIOTECNOLOGIA
11202021347;DA2MCTA009-13SA;COMPUTADORES, ÉTICA E SOCIEDADE
11202421547;NA1ESZB005-17SB;INTRODUÇÃO À BIOTECNOLOGIA
11202230295;NA2MCTA009-13SA;COMPUTADORES, ÉTICA E SOCIEDADE
11201722546;NA1MCTC020-15SB;PSICOLOGIA EXPERIMENTAL
11202230973;NA1MCTC014-13SB;INTRODUÇÃO À INFERÊNCIA ESTATÍSTICA
11202320947;DAMCTC001-15SB;INTRODUÇÃO À FILOSOFIA DA MENTE
11202332338;DA1BCJ0205-15SB;FENÔMENOS TÉRMICOS
11202422023;DB1BIN0406-15SB;INTRODUÇÃO À PROBABILIDADE E À ESTATÍSTICA
11202420584;ND3BCS0001-15SA;BASE EXPERIMENTAL DAS CIÊNCIAS NATURAIS
11202022163;NA1ESZI030-17SA;GERENCIAMENTO E INTEROPERABILIDADE DE REDES
11202322181;NA1NHLH001-24SB;ANTIGUIDADES E USOS DO PASSADO
11202421539;DAMCTC001-15SB;INTRODUÇÃO À FILOSOFIA DA MENTE
11202130584;NA1MCTC014-13SB;INTRODUÇÃO À INFERÊNCIA ESTATÍSTICA
11202312256;NA1ESAE002-23SA;DESENHO UNIVERSAL E TECNOLOGIA ASSISTIVA
11202320501;DA2BHO0102-15SB;DESENVOLVIMENTO E SUSTENTABILIDADE
11202111950;NA1ESZR033-21SB;RELAÇÕES INTERNACIONAIS E ARTE
11202130665;NA1NHT1059-15SA;MORFOFISIOLOGIA HUMANA II
11202130665;DA1NHZ1074-15SA;ASTROBIOLOGIA
11202020525;DA1BIK0102-15SB;ESTRUTURA DA MATÉRIA
11202130575;NA1ESZB030-17SB;GESTÃO DE TECNOLOGIA HOSPITALAR II
11202322146;NAMCTC001-15SB;INTRODUÇÃO À FILOSOFIA DA MENTE
11202231883;NA2BHO0102-15SB;DESENVOLVIMENTO E SUSTENTABILIDADE
11201920806;DA1NHLF001-22SB;ARTE NO ENSINO DE CIÊNCIAS HUMANAS
11201920495;DA1ESZG017-17SB;CLIMA E CULTURA ORGANIZACIONAL
13201812341;DA1MCTC014-13SB;INTRODUÇÃO À INFERÊNCIA ESTATÍSTICA
13201812341;DA1ESHC032-17SB;MACROECONOMIA II
11202421733;DB2BIN0406-15SA;INTRODUÇÃO À PROBABILIDADE E À ESTATÍSTICA
11202321840;NA2ESTO004-17SA;INSTRUMENTAÇÃO E CONTROLE
11201920209;DA1ESMA002-23SB;INOVAÇÕES PARA ENGENHARIA
11202130202;DA1ESHR031-21SB;ECONOMIA POLÍTICA INTERNACIONAL
11202432306;DA4BIK0102-15SA;ESTRUTURA DA MATÉRIA
11202432306;DA4BIL0304-15SA;EVOLUÇÃO E DIVERSIFICAÇÃO DA VIDA NA TERRA
11201811392;DA1ESTE032-17SA;ENGENHARIA SOLAR TÉRMICA
11201920288;NA2BCJ0203-15SB;FENÔMENOS ELETROMAGNÉTICOS
11201920288;NB1BCN0405-15SB;INTRODUÇÃO ÀS EQUAÇÕES DIFERENCIAIS ORDINÁRIAS
11202112017;NA1ESTE034-17SA;ENGENHARIA DE BIOCOMBUSTÍVEIS
11201922186;NA1ESHC024-19SB;MACROECONOMIA III
11202021910;NA1ESTO014-17SB;TERMODINÂMICA APLICADA I
11202232376;NB1MCTB019-17SA;MATEMÁTICA DISCRETA
11202322130;NA1MCTA006-17SA;CIRCUITOS DIGITAIS
11202111112;NA1ESTS012-17SB;AEROELASTICIDADE
11202130880;NB1ESTI016-17SA;FUNDAMENTOS DE FOTÔNICA
11202232327;NB2BIN0406-15SA;INTRODUÇÃO À PROBABILIDADE E À ESTATÍSTICA
11202130906;NA1ESZA019-17SA;VISÃO COMPUTACIONAL
11202021125;NA1ESZB022-17SA;INTRODUÇÃO À BIOINFORMÁTICA
11202130443;NA1NHZ1050-15SA;TOXICOLOGIA
11202421185;DA1BCN0405-15SA;INTRODUÇÃO ÀS EQUAÇÕES DIFERENCIAIS ORDINÁRIAS
11202321686;DA1BIQ0602-15SA;ESTRUTURA E DINÂMICA SOCIAL
11201812088;NA1ESZU025-17SA;EDUCAÇÃO AMBIENTAL
11202420931;NA1BCN0407-15SA;FUNÇÕES DE VÁRIAS VARIÁVEIS
11201921709;NAMCZC018-20SB;PSICOPATOLOGIA
11201811569;NA1NHBQ007-22SA;FUNDAMENTOS DE QUÍMICA
11202230668;DA2BCS0002-15SA;PROJETO DIRIGIDO
11202130129;NA1NHZ2093-16SA;CORPO, SEXUALIDADE E QUESTÕES DE GÊNERO
11202421626;DA1MCTA006-17SA;CIRCUITOS DIGITAIS
11202420572;NA1BIN0406-15SB;INTRODUÇÃO À PROBABILIDADE E À ESTATÍSTICA
11202321223;DA1BCS0002-15SB;PROJETO DIRIGIDO
11202320867;NA1ESEC002-24SB;ECONOMIA NAS ESCOLAS
11202021715;NA1ESTB005-17SB;CIÊNCIA DOS MATERIAIS BIOCOMPATÍVEIS
11202111027;DA1ESHC040-21SB;RELAÇÕES MONETÁRIAS E FINANCEIRAS INTERNACIONAIS
11201920263;NA1ESTI006-17SA;PROCESSAMENTO DIGITAL DE SINAIS
11202321796;NA1ESHR024-14SB;HISTÓRIA DA POLÍTICA EXTERNA BRASILEIRA
11202321070;NAESTA018-17SA;ELETROMAGNETISMO APLICADO
11202420422;NA1BHS0012-23SB;TEMAS FILOSÓFICOS EM DEBATE
11201721526;NA1NHZ2093-16SA;CORPO, SEXUALIDADE E QUESTÕES DE GÊNERO
11202322299;DB2ESMA001-23SA;SOLUÇÕES PARA DESAFIOS EM ENGENHARIA
11202131392;DA1ESZG006-17SB;PESQUISA OPERACIONAL APLICADA
11202230301;NC2ESTO017-17SA;MÉTODOS EXPERIMENTAIS EM ENGENHARIA
11202020626;DA1ESAE002-23SA;DESENHO UNIVERSAL E TECNOLOGIA ASSISTIVA
11202230970;NA1ESTU038-17SA;TRATAMENTO DE ÁGUAS URBANAS SERVIDAS
11082515;NB1ESTA005-17SA;ANÁLISE DE SISITEMAS DINÂMICOS LINEARES
11082515;NA2BCM0506-15SA;COMUNICAÇÃO E REDES
11202321183;DA1BCN0407-15SA;FUNÇÕES DE VÁRIAS VARIÁVEIS
11202131392;DA2NHZ2093-16SB;CORPO, SEXUALIDADE E QUESTÕES DE GÊNERO
11202421852;DA1ESTO005-17SA;INTRODUÇÃO ÀS ENGENHARIAS
11202321097;DA1NHLQ001-22SA;EXPERIMENTAÇÃO E ENSINO DE QUÍMICA
11202420722;NB4BIL0304-15SA;EVOLUÇÃO E DIVERSIFICAÇÃO DA VIDA NA TERRA
11202321818;DB2BCS0002-15SA;PROJETO DIRIGIDO
11202321818;DA1ESMA001-23SA;SOLUÇÕES PARA DESAFIOS EM ENGENHARIA
11201811037;NA2ESMA002-23SB;INOVAÇÕES PARA ENGENHARIA
11201920257;DA1ESZB022-17SA;INTRODUÇÃO À BIOINFORMÁTICA
11202421311;NA2BIN0406-15SB;INTRODUÇÃO À PROBABILIDADE E À ESTATÍSTICA
11201720388;NA1MCTA025-13SA;SISTEMAS DISTRIBUÍDOS
11202112054;NA3MCTA024-13SA;SISTEMAS DIGITAIS
11202421509;DB2MCTB019-17SA;MATEMÁTICA DISCRETA
11202210048;DA1BCN0407-15SA;FUNÇÕES DE VÁRIAS VARIÁVEIS
11202111917;DA1LCT1001-24SA;ESTÁGIO I NO ENSINO FUNDAMENTAL
11202020104;DA10BIS0005-15SA;BASES COMPUTACIONAIS DA CIÊNCIA
11202320497;NA1ESHT018-17SB;PLANEJAMENTO E POLÍTICA REGIONAL
11202230399;NA1ESTU031-17SA;RECUPERAÇÃO DE ÁREAS DEGRADADAS
11201721526;NA1LCT1001-24SA;ESTÁGIO I NO ENSINO FUNDAMENTAL
11202022027;NA1ESHC018-17SB;FORMAÇÃO ECONÔMICA DO BRASIL
11202231180;NAESHC034-21SB;ECONOMIA DO MEIO AMBIENTE
11201920153;DANHZ2121-18SB;FILOSOFIA DA TECNOLOGIA
11202410082;NA1ESHC024-19SB;MACROECONOMIA III
11202231676;NA1BCN0405-15SB;INTRODUÇÃO ÀS EQUAÇÕES DIFERENCIAIS ORDINÁRIAS
11202231077;NA1ESTO016-17SB;FENÔMENOS DE TRANSPORTE
11202231077;NA1ESTO017-17SB;MÉTODOS EXPERIMENTAIS EM ENGENHARIA
11202130404;NB1BCN0405-15SA;INTRODUÇÃO ÀS EQUAÇÕES DIFERENCIAIS ORDINÁRIAS
11202020781;DA1ESZG036-17SB;CONCEITOS DE MARKETING
11202130355;DA2BCN0405-15SA;INTRODUÇÃO ÀS EQUAÇÕES DIFERENCIAIS ORDINÁRIAS
11201920138;NA1ESAE002-23SA;DESENHO UNIVERSAL E TECNOLOGIA ASSISTIVA
11202021282;DA1ESTG024-17SB;SISTEMAS DE INFORMAÇÃO CORPORATIVOS
11202230454;DA1ESZR017-14SB;REGIMES DE NEGOCIAÇÃO AMBIENTAL INTERNACIONAL E A ATUAÇÃO BRASILEIRA
11202432384;DA2BHO0102-15SB;DESENVOLVIMENTO E SUSTENTABILIDADE
11202432384;DA1BHQ0004-19SB;ESTUDOS DE GÊNERO
11202421670;NA1ESHC012-21SB;ECONOMIA INSTITUCIONAL
11201920562;NB8BIS0005-15SA;BASES COMPUTACIONAIS DA CIÊNCIA
11202310070;NA2ESHC037-21SB;ECONOMETRIA III
11202020319;DA1ESZG017-17SB;CLIMA E CULTURA ORGANIZACIONAL
11202422190;DA2BIN0406-15SA;INTRODUÇÃO À PROBABILIDADE E À ESTATÍSTICA
11202420943;DB2BIN0406-15SA;INTRODUÇÃO À PROBABILIDADE E À ESTATÍSTICA
11202021537;NA1ESZR033-21SB;RELAÇÕES INTERNACIONAIS E ARTE
11071116;NB1ESTA003-17SA;SISTEMAS DE CONTROLE I
11202020904;NA2ESHC037-21SB;ECONOMETRIA III
11202020931;DA1NHZ1074-15SA;ASTROBIOLOGIA
11202232259;NB1BCS0002-15SA;PROJETO DIRIGIDO
11201922411;NA1ESZR033-21SB;RELAÇÕES INTERNACIONAIS E ARTE
11202130968;NB4BCJ0203-15SA;FENÔMENOS ELETROMAGNÉTICOS
11202422119;DA1NHZ6001-18SA;FUNDAMENTOS DA BIOTECNOLOGIA
11202212408;DA1ESHR029-21SB;ANÁLISE DE POLÍTICA EXTERNA
11202212408;DA1ESHP007-13SB;FEDERALISMO E POLÍTICAS PÚBLICAS
11202321497;NA1ESHC012-21SB;ECONOMIA INSTITUCIONAL
11202510071;NB1NHT5013-22SA;PRÁTICAS DE ENSINO DE CIÊNCIAS E MATEMÁTICA NO ENSINO FUNDAMENTAL
11201921455;NA1ESTU027-17SA;FUNDAMENTOS DE GEOLOGIA PARA ENGENHARIA
21040515;NA1ESTO011-17SB;FUNDAMENTOS DE DESENHO TÉCNICO
11202111187;NA1MCZB015-13SA;INTRODUÇÃO À CRIPTOGRAFIA
11202410086;DB1BHO1102-19SB;INTRODUÇÃO À ECONOMIA
11202020502;NA1NHBB001-23SA;ZOOLOGIA: ORIGEM E DIVERSIFICAÇÃO DE METAZOA
11201920827;DA1ESTG024-17SB;SISTEMAS DE INFORMAÇÃO CORPORATIVOS
11202130104;DB1BCN0405-15SA;INTRODUÇÃO ÀS EQUAÇÕES DIFERENCIAIS ORDINÁRIAS
11202420221;NB4BIS0003-15SA;BASES MATEMÁTICAS
11202230857;DA1MCCC006-23SA;COMPILADORES E INTERPRETADORES
11202230699;NA5BCJ0203-15SA;FENÔMENOS ELETROMAGNÉTICOS
11202231347;NA1ESHR031-21SB;ECONOMIA POLÍTICA INTERNACIONAL
11202231726;NA1ESAE002-23SA;DESENHO UNIVERSAL E TECNOLOGIA ASSISTIVA
11202131908;NA1ESTO012-17SA;PRINCÍPIOS DE ADMINISTRAÇÃO
11202231996;DA1NHT1002-15SA;BIOÉTICA
11202320452;NAMCZC018-20SB;PSICOPATOLOGIA
11202321495;NAESZG013-17SB;EMPREENDEDORISMO
11202321495;NA1ESHR019-21SB;CHINA NAS RELAÇÕES INTERNACIONAIS
11202231993;NA2BCJ0205-15SA;FENÔMENOS TÉRMICOS
11202020350;NB1BCN0405-15SA;INTRODUÇÃO ÀS EQUAÇÕES DIFERENCIAIS ORDINÁRIAS
11202231889;NB1NHI5001-15SA;DESENVOLVIMENTO E APRENDIZAGEM
11202231889;NA1ESTO013-17SA;ENGENHARIA ECONÔMICA
11202212455;NA2MCTA018-13SA;PROGRAMAÇÃO ORIENTADA A OBJETOS
11202321428;NA1ESHR005-13SB;ESTADO E DESENVOLVIMENTO ECONÔMICO NO BRASIL CONTEMPORÂNEO
11201811733;DA1MCTA009-13SA;COMPUTADORES, ÉTICA E SOCIEDADE
11202320334;DA1MCTA009-13SA;COMPUTADORES, ÉTICA E SOCIEDADE
11202020628;NA1BCN0405-15SB;INTRODUÇÃO ÀS EQUAÇÕES DIFERENCIAIS ORDINÁRIAS
11202230220;NA1ESTO001-17SB;CIRCUITOS ELÉTRICOS E FOTÔNICA
11202130424;NA1ESTO016-17SA;FENÔMENOS DE TRANSPORTE
11202130424;NA1ESTO006-17SA;MATERIAIS E SUAS PROPRIEDADES
11202230460;NA1ESTG002-17SB;DESENVOLVIMENTO INTEGRADO DO PRODUTO
11202111573;NA1MCTC014-13SB;INTRODUÇÃO À INFERÊNCIA ESTATÍSTICA
11202232305;NB3BCJ0203-15SB;FENÔMENOS ELETROMAGNÉTICOS
11202421174;NA1BIN0406-15SA;INTRODUÇÃO À PROBABILIDADE E À ESTATÍSTICA
11202421174;DB2BCN0405-15SA;INTRODUÇÃO ÀS EQUAÇÕES DIFERENCIAIS ORDINÁRIAS
11202231451;NC1NHT5013-22SA;PRÁTICAS DE ENSINO DE CIÊNCIAS E MATEMÁTICA NO ENSINO FUNDAMENTAL
11202510102;DB1BCM0506-15SB;COMUNICAÇÃO E REDES
11202322252;DA1ESTO011-17SA;FUNDAMENTOS DE DESENHO TÉCNICO
11202321717;NA1ESZB022-17SA;INTRODUÇÃO À BIOINFORMÁTICA
11202320273;DA3MCTA018-13SA;PROGRAMAÇÃO ORIENTADA A OBJETOS
11202232273;NA1ESHC036-21SB;ECONOMETRIA II
11202321377;DB2ESMA001-23SA;SOLUÇÕES PARA DESAFIOS EM ENGENHARIA
11202421547;DB2BIN0406-15SA;INTRODUÇÃO À PROBABILIDADE E À ESTATÍSTICA
11202230540;NAMCTC001-15SB;INTRODUÇÃO À FILOSOFIA DA MENTE
11201722416;DAESTA010-17SA;SENSORES E TRANSDUTORES
11202420445;DANHZ2121-18SB;FILOSOFIA DA TECNOLOGIA
11202420567;DA4BCJ0203-15SA;FENÔMENOS ELETROMAGNÉTICOS
11092916;NAMCZC018-20SB;PSICOPATOLOGIA
11202111640;DA1BCN0407-15SA;FUNÇÕES DE VÁRIAS VARIÁVEIS
11202421651;DB2BIN0406-15SA;INTRODUÇÃO À PROBABILIDADE E À ESTATÍSTICA
11202321741;NA1LHT1002-19SB;ESTÁGIO SUPERVISIONADO EM CH II
11202321577;DA2BCJ0203-15SA;FENÔMENOS ELETROMAGNÉTICOS
11202321456;DA1ESHR005-13SB;ESTADO E DESENVOLVIMENTO ECONÔMICO NO BRASIL CONTEMPORÂNEO
11202321456;DA1ESHC040-21SB;RELAÇÕES MONETÁRIAS E FINANCEIRAS INTERNACIONAIS
11202130793;NB1BCN0405-15SB;INTRODUÇÃO ÀS EQUAÇÕES DIFERENCIAIS ORDINÁRIAS
11201810847;NB1ESTI015-17SA;COMUNICAÇÕES MÓVEIS
11202212411;NA1ESHR024-14SB;HISTÓRIA DA POLÍTICA EXTERNA BRASILEIRA
11202231132;NA1BCS0002-15SB;PROJETO DIRIGIDO
11202111560;DA1ESTO011-17SA;FUNDAMENTOS DE DESENHO TÉCNICO
11202231361;NC1LCT1001-24SA;ESTÁGIO I NO ENSINO FUNDAMENTAL
11202421715;DA3BCM0505-22SA;PROCESSAMENTO DA INFORMAÇÃO
11201722553;NA1MCZA039-17SA;PRÁTICA AVANÇADA DE PROGRAMAÇÃO B
11202421375;NA1NHZ4080-20SA;HISTÓRIA DA QUÍMICA
11201920226;NA7BCJ0203-15SA;FENÔMENOS ELETROMAGNÉTICOS
11201920226;NB2BCN0405-15SA;INTRODUÇÃO ÀS EQUAÇÕES DIFERENCIAIS ORDINÁRIAS
11202231492;NA1ESTU031-17SA;RECUPERAÇÃO DE ÁREAS DEGRADADAS
11202421840;DA2BIR0004-15SB;BASES EPISTEMOLÓGICAS DA CIÊNCIA MODERNA
11202131003;DA1BIN0406-15SA;INTRODUÇÃO À PROBABILIDADE E À ESTATÍSTICA
11202420184;NA1ESZU003-17SA;CONTAMINAÇÃO E REMEDIAÇÃO DE SOLOS
11202022024;NA1ESHC036-21SB;ECONOMETRIA II
11202231621;DA1BIN0406-15SB;INTRODUÇÃO À PROBABILIDADE E À ESTATÍSTICA
11202210030;NA1ESGE007-23SB;GESTÃO AMBIENTAL EMPRESARIAL
11202420211;NB2BIN0406-15SB;INTRODUÇÃO À PROBABILIDADE E À ESTATÍSTICA
11202420613;DA2BCL0307-15SA;TRANSFORMAÇÕES QUÍMICAS
11202020517;DA1ESZU025-17SA;EDUCAÇÃO AMBIENTAL
11202420644;NA1NHBQ007-22SA;FUNDAMENTOS DE QUÍMICA
11202231986;NA1ESAE002-23SA;DESENHO UNIVERSAL E TECNOLOGIA ASSISTIVA
11202230519;DAMCZC018-20SB;PSICOPATOLOGIA
11202231162;NC1ESMA001-23SA;SOLUÇÕES PARA DESAFIOS EM ENGENHARIA
11201921010;NAESHC034-21SB;ECONOMIA DO MEIO AMBIENTE
11202231750;NC2ESMA001-23SA;SOLUÇÕES PARA DESAFIOS EM ENGENHARIA
11202321272;DA1ESZG036-17SB;CONCEITOS DE MARKETING
11202421138;DA1MCTA009-13SA;COMPUTADORES, ÉTICA E SOCIEDADE
11202212394;NA4BCM0505-22SA;PROCESSAMENTO DA INFORMAÇÃO
11202320824;DA2MCTA006-17SA;CIRCUITOS DIGITAIS
11202321682;NA1MCTA006-17SA;CIRCUITOS DIGITAIS
11202230634;NAESZG013-17SB;EMPREENDEDORISMO
11202130363;NA1MCCC006-23SA;COMPILADORES E INTERPRETADORES
11202131466;NA1ESZI014-17SA;SISTEMAS INTELIGENTES
11202421548;DB2BCM0506-15SA;COMUNICAÇÃO E REDES
11202421330;DA1BIN0406-15SB;INTRODUÇÃO À PROBABILIDADE E À ESTATÍSTICA
11202320847;NA1ESTO013-17SA;ENGENHARIA ECONÔMICA
11121016;NA2MCTA006-17SA;CIRCUITOS DIGITAIS
11121016;DB1MCTB019-17SA;MATEMÁTICA DISCRETA
11202231871;DA4MCTA018-13SA;PROGRAMAÇÃO ORIENTADA A OBJETOS
11202020657;NA1ESHR029-21SB;ANÁLISE DE POLÍTICA EXTERNA
11202022106;DB2MCTB019-17SA;MATEMÁTICA DISCRETA
11202022189;DB1MCTB019-17SA;MATEMÁTICA DISCRETA
11202021743;NA1NHZ4082-20SA;PEDAGOGIAS FEMINISTAS
11202021706;NA1ESTI006-17SA;PROCESSAMENTO DIGITAL DE SINAIS
11202231487;NA1NHBQ007-22SA;FUNDAMENTOS DE QUÍMICA
11202322171;NA1BIN0406-15SB;INTRODUÇÃO À PROBABILIDADE E À ESTATÍSTICA
11202320650;NA1BIN0406-15SB;INTRODUÇÃO À PROBABILIDADE E À ESTATÍSTICA
11202230646;NA1ESTO008-17SB;MECÂNICA DOS SÓLIDOS I
11202130523;NA1ESZR033-21SB;RELAÇÕES INTERNACIONAIS E ARTE
11202232366;DA4BIK0102-15SA;ESTRUTURA DA MATÉRIA
11202232366;DA2BIN0406-15SA;INTRODUÇÃO À PROBABILIDADE E À ESTATÍSTICA
11202131428;NA1NHT4073-15SA;LIVROS DIDÁTICOS NO ENSINO DE QUÍMICA
11202321550;DA1ESTO012-17SB;PRINCÍPIOS DE ADMINISTRAÇÃO
11202421122;DA1ESTE004-17SA;ENERGIA, MEIO AMBIENTE E SOCIEDADE
11202421122;DA1ESTG008-17SB;GERÊNCIA DE ATIVOS
11202231889;DA1ESTO011-17SA;FUNDAMENTOS DE DESENHO TÉCNICO
11202232212;NA2BCJ0203-15SA;FENÔMENOS ELETROMAGNÉTICOS
11202021207;DA1ESHC032-17SB;MACROECONOMIA II
11202130445;NA1ESZU025-17SA;EDUCAÇÃO AMBIENTAL
11202131537;NA4MCTA024-13SA;SISTEMAS DIGITAIS
11202321996;NA1ESHR024-14SB;HISTÓRIA DA POLÍTICA EXTERNA BRASILEIRA
11202130908;NA1MCZB015-13SA;INTRODUÇÃO À CRIPTOGRAFIA
11202320969;NA2BHQ0003-15SB;INTERPRETAÇÕES DO BRASIL
11201921003;NA1ESTO013-17SB;ENGENHARIA ECONÔMICA
11202421014;DA1BCN0407-15SA;FUNÇÕES DE VÁRIAS VARIÁVEIS
11202130391;NA1MCTA024-13SA;SISTEMAS DIGITAIS
11041616;NB3BCJ0203-15SB;FENÔMENOS ELETROMAGNÉTICOS
11202230768;NA1ESTU027-17SA;FUNDAMENTOS DE GEOLOGIA PARA ENGENHARIA
11202320305;DA1NHLB002-23SA;PRÁTICAS DE ENSINO DE BIOLOGIA E APRENDIZAGEM
11202421805;DA1ESTO011-17SB;FUNDAMENTOS DE DESENHO TÉCNICO
11202321809;DA1ESHR031-21SB;ECONOMIA POLÍTICA INTERNACIONAL
11202111950;NA1LHZ0035-19SB;REGIÃO E REGIONALIZAÇÃO
11202230699;NA1BCM0505-22SB;PROCESSAMENTO DA INFORMAÇÃO
11202020264;DA1ESHR031-21SB;ECONOMIA POLÍTICA INTERNACIONAL
11201921213;DA1ESZG017-17SB;CLIMA E CULTURA ORGANIZACIONAL
11202320583;DA2MCTA024-13SA;SISTEMAS DIGITAIS
11202320941;NA1ESHR015-21SB;SEGURANÇA INTERNACIONAL
11202022246;DA1ESTI002-17SA;ELETRÔNICA DIGITAL
11202130724;NA1ESHR024-14SB;HISTÓRIA DA POLÍTICA EXTERNA BRASILEIRA
11201920180;NA1NHZ6008-18SA;ENGENHARIA METABÓLICA
13201910030;NA1ESHT009-17SB;HISTÓRIA DA CIDADE E DO URBANISMO
11201810847;NA1ESZI039-17SA;PROPAGAÇÃO E ANTENAS
11201922326;NA1MCTA003-17SA;ANÁLISE DE ALGORITMOS
11202432408;NB1ESTO006-17SA;MATERIAIS E SUAS PROPRIEDADES
11202230430;NAESZE099-17SA;TERMO HIDRÁULICA DE REATORES NUCLEARES
11022916;NC1ESTI016-17SA;FUNDAMENTOS DE FOTÔNICA
11202231335;NA1ESTE034-17SA;ENGENHARIA DE BIOCOMBUSTÍVEIS
11202130738;NA1ESEC002-24SB;ECONOMIA NAS ESCOLAS
11202420578;NA1BCM0505-22SB;PROCESSAMENTO DA INFORMAÇÃO
11202210118;NC1BCS0001-15SA;BASE EXPERIMENTAL DAS CIÊNCIAS NATURAIS
11202421865;DA1NHT1071-15SA;PRÁTICAS DE ECOLOGIA
11201912418;DA1MCCC015-23SA;PROGRAMAÇÃO FUNCIONAL
11202322292;DA1ESTU027-17SA;FUNDAMENTOS DE GEOLOGIA PARA ENGENHARIA
11202420401;NA2BCM0506-15SA;COMUNICAÇÃO E REDES
11202131499;NA1ESTI020-17SA;TEORIA DE FILAS E ANÁLISE DE DESEMPENHO
11201723052;NA1ESZA006-17SA;TEORIA DE CONTROLE ÓTIMO
11201720790;DA2LCT1003-24SA;ESTÁGIO III NO ENSINO FUNDAMENTAL
11202021592;NA1BHO1102-19SB;INTRODUÇÃO À ECONOMIA
11202021399;NA1ESTA023-17SA;INTRODUÇÃO AOS PROCESSOS DE FABRICAÇÃO
11202131537;NB1BIN0406-15SA;INTRODUÇÃO À PROBABILIDADE E À ESTATÍSTICA
11202232134;NB2ESMA001-23SA;SOLUÇÕES PARA DESAFIOS EM ENGENHARIA
11202421560;DB1BHO1102-19SB;INTRODUÇÃO À ECONOMIA
11202020019;NA1ESHP026-14SB;PARTICIPAÇÃO, MOVIMENTOS SOCIAIS E POLÍTICAS PÚBLICAS
11202320331;NA1ESHR019-21SB;CHINA NAS RELAÇÕES INTERNACIONAIS
11202231840;NA4MCTA024-13SA;SISTEMAS DIGITAIS
11202321717;NA1MCTA006-17SA;CIRCUITOS DIGITAIS
11202320203;NB1MCTB019-17SA;MATEMÁTICA DISCRETA
11202020517;DA1NHT1002-15SA;BIOÉTICA
11202320737;NA1ESHR031-21SB;ECONOMIA POLÍTICA INTERNACIONAL
11202130725;NA1ESTO012-17SB;PRINCÍPIOS DE ADMINISTRAÇÃO
11201812271;NANHH2010-18SB;ÉTICA CONTEMPORÂNEA
11201812379;NA1ESZR033-21SB;RELAÇÕES INTERNACIONAIS E ARTE
11202020760;DA2BCN0405-15SA;INTRODUÇÃO ÀS EQUAÇÕES DIFERENCIAIS ORDINÁRIAS
11202020760;DA1NHZ1074-15SA;ASTROBIOLOGIA
11202020760;DANHZ2121-18SB;FILOSOFIA DA TECNOLOGIA
11202131003;DA1BIJ0207-15SA;BASES CONCEITUAIS DA ENERGIA
11202320172;NA3BCL0307-15SA;TRANSFORMAÇÕES QUÍMICAS
11202320802;NA1ESZA019-17SA;VISÃO COMPUTACIONAL
11202312295;NA1ESZB032-17SB;BIOIMPEDÂNCIA APLICADA
11202312295;NA1BHS0012-23SB;TEMAS FILOSÓFICOS EM DEBATE
11202020778;NA2MCTA006-17SA;CIRCUITOS DIGITAIS
11202230848;NB1MCTB019-17SA;MATEMÁTICA DISCRETA
11202421749;NA1BHO0102-15SB;DESENVOLVIMENTO E SUSTENTABILIDADE
11202320436;DAMCTC001-15SB;INTRODUÇÃO À FILOSOFIA DA MENTE
11202021250;NA1ESZA019-17SA;VISÃO COMPUTACIONAL
11202131908;DAESTA014-17SA;SISTEMAS CAD/CAM
11202421092;DA1ESTO012-17SB;PRINCÍPIOS DE ADMINISTRAÇÃO
11201921872;NA1ESTU009-17SA;HIDROLOGIA
11202111560;DA1ESTO012-17SA;PRINCÍPIOS DE ADMINISTRAÇÃO
11202421763;NAMCTD024-18SA;ANÁLISE NA EDUCAÇÃO BÁSICA
11202422087;DA3BCM0505-22SA;PROCESSAMENTO DA INFORMAÇÃO
11201922144;DA1ESHC024-19SB;MACROECONOMIA III
11202420298;NB1BCN0407-15SA;FUNÇÕES DE VÁRIAS VARIÁVEIS
11202421775;DB2BIN0406-15SB;INTRODUÇÃO À PROBABILIDADE E À ESTATÍSTICA
11202130904;NA2BIN0406-15SB;INTRODUÇÃO À PROBABILIDADE E À ESTATÍSTICA
11201921021;NA1ESZM001-17SA;SEMINÁRIOS EM MATERIAIS AVANÇADOS
11202232337;DA1ESHC018-17SB;FORMAÇÃO ECONÔMICA DO BRASIL
11202230904;NA1ESHC027-21SB;ECONOMIA MATEMÁTICA
11202321223;DB1BIQ0602-15SB;ESTRUTURA E DINÂMICA SOCIAL
11202111050;NA1NHZ1009-15SA;BIOLOGIA MOLECULAR E BIOTECNOLOGIA
11202111050;NA1NHZ6002-18SA;TECNOLOGIA DE FERMENTAÇÕES
11202332347;NB4BIL0304-15SA;EVOLUÇÃO E DIVERSIFICAÇÃO DA VIDA NA TERRA
11202321949;NB2BCN0405-15SA;INTRODUÇÃO ÀS EQUAÇÕES DIFERENCIAIS ORDINÁRIAS
11202021048;NA1ESTO015-17SB;MECÂNICA DOS FLUIDOS I
11202232378;NA1ESHP026-14SB;PARTICIPAÇÃO, MOVIMENTOS SOCIAIS E POLÍTICAS PÚBLICAS
11202320189;NA1NHZ2093-16SA;CORPO, SEXUALIDADE E QUESTÕES DE GÊNERO
11202320641;DA1ESTO005-17SA;INTRODUÇÃO ÀS ENGENHARIAS
11202021935;NAESTA010-17SA;SENSORES E TRANSDUTORES
11202321008;DA1ESHC012-21SB;ECONOMIA INSTITUCIONAL
11202231423;DANHBF150-22SB;OFICINA DE PESQUISA EM FILOSOFIA II
11202111145;DA1ESGE009-23SB;TÓPICOS EM ENGENHARIA DE PRODUÇÃO NA INDÚSTRIA DE ALIMENTOS
11202230766;NA2BIN0406-15SB;INTRODUÇÃO À PROBABILIDADE E À ESTATÍSTICA
11202022283;NA1ESTM013-17SA;SELEÇÃO DE MATERIAIS
11202421995;DB1ESTO005-17SA;INTRODUÇÃO ÀS ENGENHARIAS
11202321214;NA1ESZU025-17SA;EDUCAÇÃO AMBIENTAL
11202432408;NANHZ1094-19SA;ESCRITA E LEITURA NA EDUCAÇÃO EM CIÊNCIAS
11202111799;NB1BIS0005-15SB;BASES COMPUTACIONAIS DA CIÊNCIA
11202321741;DA2NHZ2093-16SB;CORPO, SEXUALIDADE E QUESTÕES DE GÊNERO
11202321741;DA1NHLF001-22SB;ARTE NO ENSINO DE CIÊNCIAS HUMANAS
11202320883;NA2BIN0406-15SB;INTRODUÇÃO À PROBABILIDADE E À ESTATÍSTICA
11202332346;DA1ESZB021-17SB;INTRODUÇÃO À ENGENHARIA BIOMÉDICA
11202421004;DB2ESTO006-17SA;MATERIAIS E SUAS PROPRIEDADES
11201810913;NA1ESTO011-17SA;FUNDAMENTOS DE DESENHO TÉCNICO
11201932457;NANHH2026-13SB;FILOSOFIA NO BRASIL E NA AMÉRICA LATINA
11201811624;NA1ESTM013-17SA;SELEÇÃO DE MATERIAIS
11201811624;NA1ESZM001-17SA;SEMINÁRIOS EM MATERIAIS AVANÇADOS
11202232159;DA2BHQ0003-15SB;INTERPRETAÇÕES DO BRASIL
11202322287;NA1ESHP007-13SB;FEDERALISMO E POLÍTICAS PÚBLICAS
11202321804;NB3BCM0506-15SA;COMUNICAÇÃO E REDES
11202321497;NA1ESEC002-24SB;ECONOMIA NAS ESCOLAS
11202421040;DB2MCTB019-17SA;MATEMÁTICA DISCRETA
11202421931;NA1ESEC002-24SB;ECONOMIA NAS ESCOLAS
11202421277;NA1ESTO011-17SA;FUNDAMENTOS DE DESENHO TÉCNICO
11201722848;NA1ESTA021-17SA;INTRODUÇÃO AO CONTROLE DISCRETO
11201722848;NA1ESZA006-17SA;TEORIA DE CONTROLE ÓTIMO
11202420930;NB1ESTO011-17SA;FUNDAMENTOS DE DESENHO TÉCNICO
11202231215;NA1ESHR015-21SB;SEGURANÇA INTERNACIONAL
11202130389;NA1ESHR903-18SB;METODOLOGIA DE PESQUISA EM RELAÇÕES INTERNACIONAIS (TCC 1)
11202130363;NA1MCTA025-13SA;SISTEMAS DISTRIBUÍDOS
11202021108;NA1ESTO014-17SB;TERMODINÂMICA APLICADA I
11202421735;DB1MCTB019-17SA;MATEMÁTICA DISCRETA
11202421512;NA5BCJ0203-15SA;FENÔMENOS ELETROMAGNÉTICOS
11201922009;NA1MCCC006-23SA;COMPILADORES E INTERPRETADORES
11112316;NA5BCJ0203-15SA;FENÔMENOS ELETROMAGNÉTICOS
11202130781;NAMCNC002-23SB;NEUROCIÊNCIA TEÓRICA E COMPUTACIONAL
11202231838;NAMCTC001-15SB;INTRODUÇÃO À FILOSOFIA DA MENTE
11080312;DA1ESTG024-17SB;SISTEMAS DE INFORMAÇÃO CORPORATIVOS
11202231763;DA1ESZG036-17SB;CONCEITOS DE MARKETING
11202020221;NA1MCTB019-17SA;MATEMÁTICA DISCRETA
11202021312;DA1ESTG024-17SB;SISTEMAS DE INFORMAÇÃO CORPORATIVOS
11202421495;DA1BCM0506-15SB;COMUNICAÇÃO E REDES
11202130070;NA1MCTC014-13SB;INTRODUÇÃO À INFERÊNCIA ESTATÍSTICA
11202421578;DB2BIN0406-15SB;INTRODUÇÃO À PROBABILIDADE E À ESTATÍSTICA
11201921175;NA1ESZA019-17SA;VISÃO COMPUTACIONAL
11202020112;NA1ESHC036-21SB;ECONOMETRIA II
11202321819;DA8BIS0005-15SA;BASES COMPUTACIONAIS DA CIÊNCIA
11202420232;DB2BCN0405-15SB;INTRODUÇÃO ÀS EQUAÇÕES DIFERENCIAIS ORDINÁRIAS
11202320238;DAMCTC001-15SB;INTRODUÇÃO À FILOSOFIA DA MENTE
11202320736;DAESTA014-17SA;SISTEMAS CAD/CAM
11202130460;NAMCLM001-23SA;EDUCAÇÃO ESTATÍSTICA
11201921630;NB1ESTA007-17SA;ELETRÔNICA ANALÓGICA APLICADA
11202130664;NA1MCZB015-13SA;INTRODUÇÃO À CRIPTOGRAFIA
11202232288;DA1ESTO005-17SA;INTRODUÇÃO ÀS ENGENHARIAS
11202321907;NA1LHZ0035-19SB;REGIÃO E REGIONALIZAÇÃO
11202230803;NA2BCN0405-15SA;INTRODUÇÃO ÀS EQUAÇÕES DIFERENCIAIS ORDINÁRIAS
11202510026;DA1BCN0407-15SA;FUNÇÕES DE VÁRIAS VARIÁVEIS
11202022214;DA1ESZR017-14SB;REGIMES DE NEGOCIAÇÃO AMBIENTAL INTERNACIONAL E A ATUAÇÃO BRASILEIRA
11202320531;DA1ESTG010-17SB;INOVAÇÃO TECNOLÓGICA
11201812015;NA1ESZU022-17SA;CIÊNCIAS ATMOSFÉRICAS
11201812015;NA1NHT1071-15SA;PRÁTICAS DE ECOLOGIA
11202320553;NB2BCM0506-15SA;COMUNICAÇÃO E REDES
11201811314;DA1MCCC015-23SA;PROGRAMAÇÃO FUNCIONAL
11202111998;NA1NHZ2093-16SA;CORPO, SEXUALIDADE E QUESTÕES DE GÊNERO
11202111710;NA1NHZ2093-16SA;CORPO, SEXUALIDADE E QUESTÕES DE GÊNERO
11202230884;DA1ESTG023-17SB;ORGANIZAÇÃO DO TRABALHO
11202232248;NA1ESTU038-17SA;TRATAMENTO DE ÁGUAS URBANAS SERVIDAS
21071515;DAMCZC018-20SB;PSICOPATOLOGIA
21071515;NA1LHE0004-19SB;TEORIA DA HISTÓRIA I
21071515;NANHZ2109-18SB;TEORIA DAS CIÊNCIAS HUMANAS
11202421775;NA1ESEC002-24SB;ECONOMIA NAS ESCOLAS
11202421031;DB1BCM0506-15SA;COMUNICAÇÃO E REDES
11201811849;NA9BCJ0203-15SA;FENÔMENOS ELETROMAGNÉTICOS
11202420779;NA1ESZP002-13SB;INSTITUIÇÕES JUDICIAIS E POLÍTICAS PÚBLICAS
11202322163;NB1BCM0506-15SB;COMUNICAÇÃO E REDES
11202020691;NA1ESTS012-17SB;AEROELASTICIDADE
11202021206;NA1ESTB013-17SB;BIOSSEGURANÇA
11201822430;DA1ESHR019-21SB;CHINA NAS RELAÇÕES INTERNACIONAIS
11202021235;NA1ESTO004-17SA;INSTRUMENTAÇÃO E CONTROLE
11201721452;NAMCNC002-23SB;NEUROCIÊNCIA TEÓRICA E COMPUTACIONAL
11202421503;DB1ESTO005-17SA;INTRODUÇÃO ÀS ENGENHARIAS
11202020227;NB1BCN0407-15SB;FUNÇÕES DE VÁRIAS VARIÁVEIS
11201920263;NC1ESTI016-17SA;FUNDAMENTOS DE FOTÔNICA
11202021487;NA2MCTA025-13SA;SISTEMAS DISTRIBUÍDOS
11202130245;NI1ESHR903-18SB;METODOLOGIA DE PESQUISA EM RELAÇÕES INTERNACIONAIS (TCC 1)
11202111539;DANHZ2106-18SB;FILOSOFIA DA CIÊNCIA
11202232014;NB10BIS0005-15SA;BASES COMPUTACIONAIS DA CIÊNCIA
11202432403;NA1ESEC002-24SB;ECONOMIA NAS ESCOLAS
11202231415;NA1ESTS004-17SB;DESEMPENHO DE AERONAVES
11202310038;DA1ESZR017-14SB;REGIMES DE NEGOCIAÇÃO AMBIENTAL INTERNACIONAL E A ATUAÇÃO BRASILEIRA
11202421275;NA8BCJ0203-15SA;FENÔMENOS ELETROMAGNÉTICOS
11202510026;DA1ESZG017-17SB;CLIMA E CULTURA ORGANIZACIONAL
11202230332;NB1ESTA005-17SA;ANÁLISE DE SISITEMAS DINÂMICOS LINEARES
11201720666;DAMCZC018-20SB;PSICOPATOLOGIA
11202322166;DA1BCL0307-15SB;TRANSFORMAÇÕES QUÍMICAS
11202420151;DA1NHZ6001-18SA;FUNDAMENTOS DA BIOTECNOLOGIA
11202420421;NA1ESTO011-17SA;FUNDAMENTOS DE DESENHO TÉCNICO
11201932608;NA4MCTA024-13SA;SISTEMAS DIGITAIS
11202231037;NB2MCTB019-17SA;MATEMÁTICA DISCRETA
11202231037;DA1MCCC015-23SA;PROGRAMAÇÃO FUNCIONAL
11202130355;DA1BCK0104-15SA;INTERAÇÕES ATÔMICAS E MOLECULARES
11202130355;DA2MCTA024-13SA;SISTEMAS DIGITAIS
11201722790;NA2ESMA002-23SB;INOVAÇÕES PARA ENGENHARIA
11202231897;NA3BCM0506-15SA;COMUNICAÇÃO E REDES
11201932538;NAMCTD024-18SA;ANÁLISE NA EDUCAÇÃO BÁSICA
11202332332;NA1ESTO011-17SA;FUNDAMENTOS DE DESENHO TÉCNICO
11202420531;DC1ESTO005-17SA;INTRODUÇÃO ÀS ENGENHARIAS
11202332328;NB1NHT5013-22SA;PRÁTICAS DE ENSINO DE CIÊNCIAS E MATEMÁTICA NO ENSINO FUNDAMENTAL
11202021793;DA1ESTS017-17SB;SISTEMAS DE PROPULSÃO I
11202130894;NA2ESGE003-23SB;SISTEMAS CAM
11202020943;NA2ESMA001-23SA;SOLUÇÕES PARA DESAFIOS EM ENGENHARIA
11202231272;NB1MCTB019-17SA;MATEMÁTICA DISCRETA
11202020769;NA1NHZ4080-20SA;HISTÓRIA DA QUÍMICA
11202320978;NA1MCTB009-17SA;CÁLCULO NUMÉRICO
11202230905;NA2MCTA006-17SA;CIRCUITOS DIGITAIS
11202230905;DA1MCZA020-13SA;PROGRAMAÇÃO PARALELA
11202321567;DA1ESTO012-17SA;PRINCÍPIOS DE ADMINISTRAÇÃO
11202130567;NA1BCN0407-15SA;FUNÇÕES DE VÁRIAS VARIÁVEIS
11202231941;NA1MCTA009-13SA;COMPUTADORES, ÉTICA E SOCIEDADE
11202020271;NA1MCCC002-23SA;ALGORITMOS E ESTRUTURAS DE DADOS II
11202320171;NA1ESHC012-21SB;ECONOMIA INSTITUCIONAL
11202420304;NA2BIN0406-15SA;INTRODUÇÃO À PROBABILIDADE E À ESTATÍSTICA
11201921722;NB1ESTA007-17SA;ELETRÔNICA ANALÓGICA APLICADA
11202021529;NAESZG013-17SB;EMPREENDEDORISMO
11201922398;NAMCTC009-15SB;PROGRESSOS E MÉTODOS EM NEUROCIÊNCIA
11202230963;DA2MCTA025-13SA;SISTEMAS DISTRIBUÍDOS
11201922142;NA1MCZA039-17SA;PRÁTICA AVANÇADA DE PROGRAMAÇÃO B
21084914;DB2MCTB019-17SA;MATEMÁTICA DISCRETA
11201932531;NA1ESTI020-17SA;TEORIA DE FILAS E ANÁLISE DE DESEMPENHO
11202111781;DA3MCTA018-13SA;PROGRAMAÇÃO ORIENTADA A OBJETOS
11202230927;NA1ESHR029-21SB;ANÁLISE DE POLÍTICA EXTERNA
11202510090;NA1ESHR028-21SB;REGIME INTERNACIONAL DOS DIREITOS HUMANOS
11202321846;NA1ESHC012-21SB;ECONOMIA INSTITUCIONAL
11201722752;NAMCTC001-15SB;INTRODUÇÃO À FILOSOFIA DA MENTE
11202421889;NA2BCN0405-15SA;INTRODUÇÃO ÀS EQUAÇÕES DIFERENCIAIS ORDINÁRIAS
11201920573;NANHT3065-15SA;LABORATÓRIO DE FÍSICA III
11201920257;DA1MCZA020-13SA;PROGRAMAÇÃO PARALELA
11202410053;NB10BIS0005-15SA;BASES COMPUTACIONAIS DA CIÊNCIA
11202020734;NA1ESZB037-17SB;PROJETO E ANÁLISE DE PRÓTESES E ÓRTESES
11202421623;NAMCTC002-15SA;INTRODUÇÃO À NEUROCIÊNCIA
11202421623;DC1ESTO005-17SA;INTRODUÇÃO ÀS ENGENHARIAS
11201932452;DA1ESHC027-21SB;ECONOMIA MATEMÁTICA
11201932452;DA1MCTC014-13SB;INTRODUÇÃO À INFERÊNCIA ESTATÍSTICA
11201811830;DANHBP010-23SA;ÓPTICA E RELATIVIDADE
11201921032;NA1ESHT017-17SB;PLANEJAMENTO E POLÍTICA AMBIENTAL
11202231364;DA1ESHC012-21SB;ECONOMIA INSTITUCIONAL
11202420394;DB1BIN0406-15SB;INTRODUÇÃO À PROBABILIDADE E À ESTATÍSTICA
11202420835;DA9BIS0005-15SA;BASES COMPUTACIONAIS DA CIÊNCIA
11202322007;NA1ESHT018-17SB;PLANEJAMENTO E POLÍTICA REGIONAL
11202312272;DA1BCN0407-15SA;FUNÇÕES DE VÁRIAS VARIÁVEIS
11202510027;DA1BCN0407-15SA;FUNÇÕES DE VÁRIAS VARIÁVEIS
11201720666;NB1BIN0406-15SA;INTRODUÇÃO À PROBABILIDADE E À ESTATÍSTICA
11201811373;DA1MCCC015-23SA;PROGRAMAÇÃO FUNCIONAL
11202231425;DA1ESHR028-21SB;REGIME INTERNACIONAL DOS DIREITOS HUMANOS
11202310087;NA1ESZU022-17SA;CIÊNCIAS ATMOSFÉRICAS
11202130420;NA1MCCC010-23SA;MATEMÁTICA DISCRETA II
11202131618;NB1BCN0407-15SA;FUNÇÕES DE VÁRIAS VARIÁVEIS
11201921368;DA1ESHC037-21SB;ECONOMETRIA III
11202322275;DA1MCCC015-23SA;PROGRAMAÇÃO FUNCIONAL
11202320980;NA1ESHT009-17SB;HISTÓRIA DA CIDADE E DO URBANISMO
11202320980;NA1ESHT018-17SB;PLANEJAMENTO E POLÍTICA REGIONAL
11202232219;NAMCTC009-15SB;PROGRESSOS E MÉTODOS EM NEUROCIÊNCIA
11202232219;NAMCZC018-20SB;PSICOPATOLOGIA
11202021529;NB1BIR0603-15SB;CIÊNCIA, TECNOLOGIA E SOCIEDADE
11202322024;NA2BCS0002-15SA;PROJETO DIRIGIDO
11202320994;DA1ESHR031-21SB;ECONOMIA POLÍTICA INTERNACIONAL
11202232185;NA1NHZ1009-15SA;BIOLOGIA MOLECULAR E BIOTECNOLOGIA
11202421511;NAMCTD024-18SA;ANÁLISE NA EDUCAÇÃO BÁSICA
11202020573;NA1ESHT012-17SB;MOBILIZAÇÃO PRODUTIVA DOS TERRITÓRIOS E DESENVOLVIMENTO LOCAL
11202421048;DB1ESTO011-17SA;FUNDAMENTOS DE DESENHO TÉCNICO
11202322282;DA1BIK0102-15SB;ESTRUTURA DA MATÉRIA
11201811499;NB2ESTO017-17SA;MÉTODOS EXPERIMENTAIS EM ENGENHARIA
11202432351;DA1ESTU031-17SA;RECUPERAÇÃO DE ÁREAS DEGRADADAS
11202432351;DA1ESTU038-17SA;TRATAMENTO DE ÁGUAS URBANAS SERVIDAS
11202420360;DA2NHZ2093-16SB;CORPO, SEXUALIDADE E QUESTÕES DE GÊNERO
11202421479;NC1LCT1001-24SA;ESTÁGIO I NO ENSINO FUNDAMENTAL
11072214;NB1LCT1001-24SA;ESTÁGIO I NO ENSINO FUNDAMENTAL
11202231824;DB1BIR0603-15SB;CIÊNCIA, TECNOLOGIA E SOCIEDADE
11202022280;NB4BIL0304-15SA;EVOLUÇÃO E DIVERSIFICAÇÃO DA VIDA NA TERRA
11202320222;DA10BIS0005-15SA;BASES COMPUTACIONAIS DA CIÊNCIA
11201723019;NA1NHT1054-15SA;HISTOLOGIA E EMBRIOLOGIA
11202020997;NB4BIL0304-15SA;EVOLUÇÃO E DIVERSIFICAÇÃO DA VIDA NA TERRA
13201812297;DA1NHLF001-22SB;ARTE NO ENSINO DE CIÊNCIAS HUMANAS
11202322107;NA1ESTO011-17SA;FUNDAMENTOS DE DESENHO TÉCNICO
11202321952;NA2BIN0406-15SB;INTRODUÇÃO À PROBABILIDADE E À ESTATÍSTICA
11202310002;NB1BCS0002-15SA;PROJETO DIRIGIDO
11202020249;NA1ESEC002-24SB;ECONOMIA NAS ESCOLAS
11201720666;DAMCTC002-15SA;INTRODUÇÃO À NEUROCIÊNCIA
11201920834;DA1ESHP026-14SB;PARTICIPAÇÃO, MOVIMENTOS SOCIAIS E POLÍTICAS PÚBLICAS
11202320298;DB2ESMA001-23SA;SOLUÇÕES PARA DESAFIOS EM ENGENHARIA
11202421593;NB2BIN0406-15SB;INTRODUÇÃO À PROBABILIDADE E À ESTATÍSTICA
11202130081;NA1ESTA016-17SA;MÁQUINAS ELÉTRICAS
11202320875;DA2NHZ2093-16SB;CORPO, SEXUALIDADE E QUESTÕES DE GÊNERO
11202320875;DA1NHLF001-22SB;ARTE NO ENSINO DE CIÊNCIAS HUMANAS
11201811830;NA1ESZU022-17SA;CIÊNCIAS ATMOSFÉRICAS
11202111873;DA1NHH2090-16SB;PRÁTICA DE ENSINO DE FILOSOFIA: PROGRAMAS DE ENSINO
11202421672;NC1ESTO005-17SA;INTRODUÇÃO ÀS ENGENHARIAS
11202231966;DA1ESTS017-17SB;SISTEMAS DE PROPULSÃO I
11202320901;DAMCTC002-15SA;INTRODUÇÃO À NEUROCIÊNCIA
11202111631;NANHZ1094-19SA;ESCRITA E LEITURA NA EDUCAÇÃO EM CIÊNCIAS
11202130908;NA1ESTO011-17SA;FUNDAMENTOS DE DESENHO TÉCNICO
11093616;DA1BCN0407-15SA;FUNÇÕES DE VÁRIAS VARIÁVEIS
21015516;NA1ESHP009-22SB;BUROCRACIA E IMPLEMENTAÇÃO DE POLÍTICAS PÚBLICAS
11202230978;DA1ESZG017-17SB;CLIMA E CULTURA ORGANIZACIONAL
11202310052;DA1MCTA018-13SA;PROGRAMAÇÃO ORIENTADA A OBJETOS
11202432341;DA2BCM0506-15SA;COMUNICAÇÃO E REDES
11202020561;NAESZE038-17SA;REAÇÕES NUCLEARES
11202320318;DA1ESZG036-17SB;CONCEITOS DE MARKETING
11202421326;NA1BCN0405-15SA;INTRODUÇÃO ÀS EQUAÇÕES DIFERENCIAIS ORDINÁRIAS
11202131533;NA1NHZ1009-15SA;BIOLOGIA MOLECULAR E BIOTECNOLOGIA
11202420893;DA1NHZ1074-15SA;ASTROBIOLOGIA
11201920287;NA1MCCC010-23SA;MATEMÁTICA DISCRETA II
11202130862;DA1ESHC037-21SB;ECONOMETRIA III
11202320659;NA1BHO0102-15SB;DESENVOLVIMENTO E SUSTENTABILIDADE
11202320630;NA1NHBQ007-22SA;FUNDAMENTOS DE QUÍMICA
11202320245;NA1ESZA019-17SA;VISÃO COMPUTACIONAL
11202321249;DA1ESZB022-17SA;INTRODUÇÃO À BIOINFORMÁTICA
11202230729;DAMCTC001-15SB;INTRODUÇÃO À FILOSOFIA DA MENTE
11202231838;DA2ESMA002-23SB;INOVAÇÕES PARA ENGENHARIA
11202332390;NA1NHZ4082-20SA;PEDAGOGIAS FEMINISTAS
11202421945;NA2BIN0406-15SB;INTRODUÇÃO À PROBABILIDADE E À ESTATÍSTICA
11202020320;DA1ESTG019-17SB;TEMPOS, MÉTODOS E ARRANJOS FÍSICOS
11202232128;NB1BCN0407-15SA;FUNÇÕES DE VÁRIAS VARIÁVEIS
11202231713;DA1ESZR017-14SB;REGIMES DE NEGOCIAÇÃO AMBIENTAL INTERNACIONAL E A ATUAÇÃO BRASILEIRA
11201920504;NA1ESHC036-21SB;ECONOMETRIA II
11202421338;DB2BIN0406-15SB;INTRODUÇÃO À PROBABILIDADE E À ESTATÍSTICA
11202320527;NA1ESHC012-21SB;ECONOMIA INSTITUCIONAL
11202020560;NA1BCN0407-15SB;FUNÇÕES DE VÁRIAS VARIÁVEIS
11202421100;DA2BIN0406-15SA;INTRODUÇÃO À PROBABILIDADE E À ESTATÍSTICA
11202421100;DB2ESTO006-17SA;MATERIAIS E SUAS PROPRIEDADES
11202210073;NA1ESZR024-21SB;CAPITALISMO, IMPERIALISMO E DEPENDÊNCIA
11202210073;NA1ESHR015-21SB;SEGURANÇA INTERNACIONAL
11202130881;NA1ESHR029-21SB;ANÁLISE DE POLÍTICA EXTERNA
11201920100;NA1BHS0012-23SB;TEMAS FILOSÓFICOS EM DEBATE
11201811990;NAMCNC002-23SB;NEUROCIÊNCIA TEÓRICA E COMPUTACIONAL
11201920926;NA1BCL0307-15SB;TRANSFORMAÇÕES QUÍMICAS
11202421252;NA1ESHP026-14SB;PARTICIPAÇÃO, MOVIMENTOS SOCIAIS E POLÍTICAS PÚBLICAS
11202320929;NA1BCJ0205-15SA;FENÔMENOS TÉRMICOS
11202231958;DA1NHT1072-15SA;ECOLOGIA COMPORTAMENTAL
11202420846;NC1ESTO005-17SA;INTRODUÇÃO ÀS ENGENHARIAS
11202212411;NA1ESZR024-21SB;CAPITALISMO, IMPERIALISMO E DEPENDÊNCIA
11201920244;NA1ESTO015-17SB;MECÂNICA DOS FLUIDOS I
21050616;DB1BHO0102-15SB;DESENVOLVIMENTO E SUSTENTABILIDADE
11201920530;NA1ESHC027-21SB;ECONOMIA MATEMÁTICA
11202332417;NA3BCM0506-15SA;COMUNICAÇÃO E REDES
11202332417;NA1ESMA002-23SB;INOVAÇÕES PARA ENGENHARIA
11202320719;DB2ESMA001-23SA;SOLUÇÕES PARA DESAFIOS EM ENGENHARIA
11202130855;DA1MCTA006-17SA;CIRCUITOS DIGITAIS
11202230865;DA1MCZA030-17SA;VIDA ARTIFICIAL NA COMPUTAÇÃO
11202230340;DA1MCTB019-17SA;MATEMÁTICA DISCRETA
11202421005;DA4BIS0003-15SA;BASES MATEMÁTICAS
11202111798;NA1ESTU039-17SA;REGULAÇÃO AMBIENTAL E URBANÍSTICA
11202321885;NB4BCJ0203-15SA;FENÔMENOS ELETROMAGNÉTICOS
11202321011;NAESTA019-17SA;PROJETO ASSISTIDO POR COMPUTADOR
11202320993;DA2MCTA009-13SA;COMPUTADORES, ÉTICA E SOCIEDADE
11201920357;NA1ESZM034-17SA;DESIGN DE DISPOSITIVOS
11202321607;NA1ESHR029-21SB;ANÁLISE DE POLÍTICA EXTERNA
11202321607;NA1ESHR031-21SB;ECONOMIA POLÍTICA INTERNACIONAL
11202321607;NA1ESHR019-21SB;CHINA NAS RELAÇÕES INTERNACIONAIS
11202320488;NA1ESTU039-17SA;REGULAÇÃO AMBIENTAL E URBANÍSTICA
11202130911;DA2ESTA002-17SA;CIRCUITOS ELÉTRICOS I
11201812063;NA1BCJ0203-15SB;FENÔMENOS ELETROMAGNÉTICOS
11202321322;NC1ESMA001-23SA;SOLUÇÕES PARA DESAFIOS EM ENGENHARIA
11202020119;NA1MCZA039-17SA;PRÁTICA AVANÇADA DE PROGRAMAÇÃO B
11202231795;DA1MCTA003-17SA;ANÁLISE DE ALGORITMOS
11201811617;DA1ESTB013-17SB;BIOSSEGURANÇA
11202321384;NA1ESHR031-21SB;ECONOMIA POLÍTICA INTERNACIONAL
11201721973;NAMCTC001-15SB;INTRODUÇÃO À FILOSOFIA DA MENTE
11202510078;NB1NHI5001-15SA;DESENVOLVIMENTO E APRENDIZAGEM
11202020351;NA1ESZA019-17SA;VISÃO COMPUTACIONAL
11202020560;NA1MCTC014-13SB;INTRODUÇÃO À INFERÊNCIA ESTATÍSTICA
11202130781;NA1ESTO011-17SB;FUNDAMENTOS DE DESENHO TÉCNICO
11202020213;NA1ESHT018-17SB;PLANEJAMENTO E POLÍTICA REGIONAL
11202321590;NAMCTC001-15SB;INTRODUÇÃO À FILOSOFIA DA MENTE
11202021616;DA1MCTA006-17SA;CIRCUITOS DIGITAIS
11202111584;DA1ESZS004-17SB;AVIÔNICA
11201811811;NA1NHZ4082-20SA;PEDAGOGIAS FEMINISTAS
11202320276;DA1NHZ1074-15SA;ASTROBIOLOGIA
11202422061;DA2BHQ0003-15SB;INTERPRETAÇÕES DO BRASIL
11202020247;DA1MCTC020-15SB;PSICOLOGIA EXPERIMENTAL
11202231770;DA1ESZR017-14SB;REGIMES DE NEGOCIAÇÃO AMBIENTAL INTERNACIONAL E A ATUAÇÃO BRASILEIRA
11201822555;DA1ESZG017-17SB;CLIMA E CULTURA ORGANIZACIONAL
11202130029;DA1ESZG043-17SB;PROJETO VIRTUAL E INTEGRADO DE MANUFATURA
11202421993;NA2BCJ0205-15SA;FENÔMENOS TÉRMICOS
11202321485;NB1BHO0102-15SB;DESENVOLVIMENTO E SUSTENTABILIDADE
11202230574;DA1ESHT011-21SB;ANÁLISE DE DADOS PARA O PLANEJAMENTO TERRITORIAL
11202321793;DA1MCCC015-23SA;PROGRAMAÇÃO FUNCIONAL
11201921697;NA1NHZ4080-20SA;HISTÓRIA DA QUÍMICA
11202232194;NB1BHO0102-15SB;DESENVOLVIMENTO E SUSTENTABILIDADE
11202421851;DA1BHQ0004-19SB;ESTUDOS DE GÊNERO
11201720190;NA1ESZB022-17SA;INTRODUÇÃO À BIOINFORMÁTICA
11202320850;NA1MCTB009-17SA;CÁLCULO NUMÉRICO
11202021107;NA1ESTU039-17SA;REGULAÇÃO AMBIENTAL E URBANÍSTICA
11202321733;NB2BCS0002-15SA;PROJETO DIRIGIDO
11097215;NAMCZC018-20SB;PSICOPATOLOGIA
11202321140;NA1ESTO015-17SB;MECÂNICA DOS FLUIDOS I
11202420636;NA2BIN0406-15SB;INTRODUÇÃO À PROBABILIDADE E À ESTATÍSTICA
11202321332;DA1BCS0002-15SB;PROJETO DIRIGIDO
11202332383;NB3BCM0505-22SA;PROCESSAMENTO DA INFORMAÇÃO
11201921058;NA1ESZU025-17SA;EDUCAÇÃO AMBIENTAL
11201811892;NA1NHT1072-15SA;ECOLOGIA COMPORTAMENTAL
11202320512;DA1BCS0002-15SB;PROJETO DIRIGIDO
11202421005;NB4BIK0102-15SA;ESTRUTURA DA MATÉRIA
11202130876;NA1LCT1003-24SA;ESTÁGIO III NO ENSINO FUNDAMENTAL
11202230253;NAESTA018-17SA;ELETROMAGNETISMO APLICADO
11202022114;NA1ESTA021-17SA;INTRODUÇÃO AO CONTROLE DISCRETO
11202230341;NA1ESHC036-21SB;ECONOMETRIA II
11202232148;DB1BCN0405-15SA;INTRODUÇÃO ÀS EQUAÇÕES DIFERENCIAIS ORDINÁRIAS
11202320386;NA4BCJ0205-15SA;FENÔMENOS TÉRMICOS
11202320386;DA2BCS0002-15SA;PROJETO DIRIGIDO
11202231242;NA1ESMA002-23SB;INOVAÇÕES PARA ENGENHARIA
11202231242;NAMCZC018-20SB;PSICOPATOLOGIA
11202321408;DA1ESZC022-17SB;TÓPICOS AVANÇADOS EM DESENVOLVIMENTO SOCIOECONÔMICO
11202130460;NA1ESZR033-21SB;RELAÇÕES INTERNACIONAIS E ARTE
11202131281;NA1NHZ2093-16SA;CORPO, SEXUALIDADE E QUESTÕES DE GÊNERO
11202020294;NA1ESZI014-17SA;SISTEMAS INTELIGENTES
11202320853;NA1ESHR028-21SB;REGIME INTERNACIONAL DOS DIREITOS HUMANOS
11202322239;NA1NHBQ007-22SA;FUNDAMENTOS DE QUÍMICA
11202130863;DA1NHBT001-23SA;BIOLOGIA SINTÉTICA
11202230276;DA1BIQ0602-15SA;ESTRUTURA E DINÂMICA SOCIAL
11202432341;DA1ESTO011-17SA;FUNDAMENTOS DE DESENHO TÉCNICO
11202432341;DC1ESTO005-17SA;INTRODUÇÃO ÀS ENGENHARIAS
11202421958;DB2MCTB019-17SA;MATEMÁTICA DISCRETA
11202320635;DA1ESTO011-17SB;FUNDAMENTOS DE DESENHO TÉCNICO
11202111584;DA1ESAE002-23SA;DESENHO UNIVERSAL E TECNOLOGIA ASSISTIVA
11202421247;DA1ESZS004-17SB;AVIÔNICA
21021515;NA1ESAE002-23SA;DESENHO UNIVERSAL E TECNOLOGIA ASSISTIVA
11202232267;DB2BIN0406-15SB;INTRODUÇÃO À PROBABILIDADE E À ESTATÍSTICA
11202320527;NA1ESEC002-24SB;ECONOMIA NAS ESCOLAS
11201810382;NA1ESTG009-17SB;GESTÃO DE OPERAÇÕES
11201810382;NA2ESMA002-23SB;INOVAÇÕES PARA ENGENHARIA
11201810382;NA1ESMA001-23SA;SOLUÇÕES PARA DESAFIOS EM ENGENHARIA
11202421656;NA2BIN0406-15SB;INTRODUÇÃO À PROBABILIDADE E À ESTATÍSTICA
11202310006;NA1ESZU003-17SA;CONTAMINAÇÃO E REMEDIAÇÃO DE SOLOS
11202310016;DA1BCS0002-15SA;PROJETO DIRIGIDO
11202421118;DA2BCJ0205-15SB;FENÔMENOS TÉRMICOS
11201921182;NA1ESHR015-21SB;SEGURANÇA INTERNACIONAL
11201922363;NA1NHBQ007-22SA;FUNDAMENTOS DE QUÍMICA
11202510071;NB1LCT1003-24SA;ESTÁGIO III NO ENSINO FUNDAMENTAL
11202421950;DA3BCJ0203-15SB;FENÔMENOS ELETROMAGNÉTICOS
11202421370;DA11BIS0005-15SA;BASES COMPUTACIONAIS DA CIÊNCIA
11202421370;DC1BIS0003-15SB;BASES MATEMÁTICAS
11202421370;DA1BIK0102-15SB;ESTRUTURA DA MATÉRIA
11202420416;DB2BIN0406-15SA;INTRODUÇÃO À PROBABILIDADE E À ESTATÍSTICA
11202021579;DA1ESZG036-17SB;CONCEITOS DE MARKETING
11202231702;NA2MCTA006-17SA;CIRCUITOS DIGITAIS
11202020164;NA1ESTU036-17SA;SISTEMAS DE DRENAGEM URBANA
11202231065;NA1NHT1072-15SA;ECOLOGIA COMPORTAMENTAL
11202231814;DA1BIK0102-15SB;ESTRUTURA DA MATÉRIA
11202130369;NA1ESHC036-21SB;ECONOMETRIA II
11202321635;NA1MCTA006-17SA;CIRCUITOS DIGITAIS
11202111762;NI1ESZR025-21SB;CONFLITOS, PAZ E NEGOCIAÇÃO INTERNACIONAL (PRÁTICA)
11202321846;NA1ESHC031-17SB;MACROECONOMIA PÓS-KEYNESIANA
11202231511;DA1ESHC012-21SB;ECONOMIA INSTITUCIONAL
11202322110;DA1NHT1002-15SA;BIOÉTICA
11202021728;DA1ESTO013-17SA;ENGENHARIA ECONÔMICA
11202130717;DA1ESHT012-17SB;MOBILIZAÇÃO PRODUTIVA DOS TERRITÓRIOS E DESENVOLVIMENTO LOCAL
11202020249;NA1ESHC031-17SB;MACROECONOMIA PÓS-KEYNESIANA
11202020726;NA1ESHC036-21SB;ECONOMETRIA II
11202021061;NAMCTC001-15SB;INTRODUÇÃO À FILOSOFIA DA MENTE
11201721357;NA1NHZ4080-20SA;HISTÓRIA DA QUÍMICA
11202231699;NA1ESHR019-21SB;CHINA NAS RELAÇÕES INTERNACIONAIS
11201722657;NAMCZD001-18SA;DIDÁTICA DA MATEMÁTICA
11202310090;DAMCTC001-15SB;INTRODUÇÃO À FILOSOFIA DA MENTE
11202021949;DA2BIS0003-15SA;BASES MATEMÁTICAS
11201920730;NA1NHT4005-15SA;ELETROANALÍTICA E TÉCNICAS DE SEPARAÇÃO
11201811472;NA1ESTA004-17SA;CIRCUITOS ELÉTRICOS II
11202410079;NA1ESEC002-24SB;ECONOMIA NAS ESCOLAS
11201921180;NA1ESZA006-17SA;TEORIA DE CONTROLE ÓTIMO
11202232200;NA1ESZI030-17SA;GERENCIAMENTO E INTEROPERABILIDADE DE REDES
11202130831;NAESZE038-17SA;REAÇÕES NUCLEARES
11202210049;NA1BCN0407-15SA;FUNÇÕES DE VÁRIAS VARIÁVEIS
11202321161;DAMCTC001-15SB;INTRODUÇÃO À FILOSOFIA DA MENTE
11202111110;NA2MCTA024-13SA;SISTEMAS DIGITAIS
11202020978;NA1ESTG002-17SB;DESENVOLVIMENTO INTEGRADO DO PRODUTO
11202320338;NA1ESZR033-21SB;RELAÇÕES INTERNACIONAIS E ARTE
11202020943;NAMCTD024-18SA;ANÁLISE NA EDUCAÇÃO BÁSICA
11202131400;DA1ESAE002-23SA;DESENHO UNIVERSAL E TECNOLOGIA ASSISTIVA
11202021453;NA1ESZB022-17SA;INTRODUÇÃO À BIOINFORMÁTICA
11202320716;NA4BCJ0205-15SA;FENÔMENOS TÉRMICOS
11202320482;DA1ESZB022-17SA;INTRODUÇÃO À BIOINFORMÁTICA
11202021822;NA1ESTO013-17SB;ENGENHARIA ECONÔMICA
11202021801;NB1BCM0506-15SA;COMUNICAÇÃO E REDES
11202021816;NA1ESHC026-21SB;MICROECONOMIA II
11202022195;NA1BCJ0203-15SA;FENÔMENOS ELETROMAGNÉTICOS
11202111827;NAMCLM001-23SA;EDUCAÇÃO ESTATÍSTICA
11202111827;NA1ESZR033-21SB;RELAÇÕES INTERNACIONAIS E ARTE
11202131521;NA1NHZ6002-18SA;TECNOLOGIA DE FERMENTAÇÕES
11202231801;DA1ESHT009-17SB;HISTÓRIA DA CIDADE E DO URBANISMO
11202020965;DA1ESTE004-17SA;ENERGIA, MEIO AMBIENTE E SOCIEDADE
11202020625;NA1ESGE007-23SB;GESTÃO AMBIENTAL EMPRESARIAL
11202130100;NA1BCS0002-15SA;PROJETO DIRIGIDO
11202232327;DA1ESZU025-17SA;EDUCAÇÃO AMBIENTAL
11202320566;NA1ESHR029-21SB;ANÁLISE DE POLÍTICA EXTERNA
11202130331;NA2BHO0102-15SB;DESENVOLVIMENTO E SUSTENTABILIDADE
11202130331;NA1ESHC012-21SB;ECONOMIA INSTITUCIONAL
11202130331;DANHZ2121-18SB;FILOSOFIA DA TECNOLOGIA
11201811693;DAMCTC001-15SB;INTRODUÇÃO À FILOSOFIA DA MENTE
11202021690;NA1ESTU039-17SA;REGULAÇÃO AMBIENTAL E URBANÍSTICA
11202021690;NA1ESTU036-17SA;SISTEMAS DE DRENAGEM URBANA
11202421185;DA1ESTO011-17SB;FUNDAMENTOS DE DESENHO TÉCNICO
11201920862;NA1BHO0102-15SB;DESENVOLVIMENTO E SUSTENTABILIDADE
11202230894;NA4MCTA024-13SA;SISTEMAS DIGITAIS
11202231624;NA1ESHR024-14SB;HISTÓRIA DA POLÍTICA EXTERNA BRASILEIRA
11202231624;DA1ESZR033-21SB;RELAÇÕES INTERNACIONAIS E ARTE
11202332324;NA1BCN0405-15SB;INTRODUÇÃO ÀS EQUAÇÕES DIFERENCIAIS ORDINÁRIAS
11202022281;DA1NHZ1074-15SA;ASTROBIOLOGIA
11202022281;DA1ESTE004-17SA;ENERGIA, MEIO AMBIENTE E SOCIEDADE
11201922363;NA1ESZM031-17SA;NANOCOMPÓSITOS
11201920868;NA7BCJ0203-15SA;FENÔMENOS ELETROMAGNÉTICOS
11201920868;DA1BCK0104-15SA;INTERAÇÕES ATÔMICAS E MOLECULARES
11202021277;DA11BIS0005-15SA;BASES COMPUTACIONAIS DA CIÊNCIA
11202320778;NA1ESZR024-21SB;CAPITALISMO, IMPERIALISMO E DEPENDÊNCIA
11202320901;DB3BCJ0203-15SA;FENÔMENOS ELETROMAGNÉTICOS
11202130185;DA1ESHR019-21SB;CHINA NAS RELAÇÕES INTERNACIONAIS
11202421583;NA1ESZU003-17SA;CONTAMINAÇÃO E REMEDIAÇÃO DE SOLOS
11202321467;NA1ESTO006-17SB;MATERIAIS E SUAS PROPRIEDADES
11202022040;DA1ESHC024-19SB;MACROECONOMIA III
11202421399;DA4BIK0102-15SA;ESTRUTURA DA MATÉRIA
11202421399;DA1BIN0406-15SA;INTRODUÇÃO À PROBABILIDADE E À ESTATÍSTICA
11202131315;NA1ESZI030-17SA;GERENCIAMENTO E INTEROPERABILIDADE DE REDES
11096716;NC1ESTI016-17SA;FUNDAMENTOS DE FOTÔNICA
11202230766;NA1ESEC002-24SB;ECONOMIA NAS ESCOLAS
11202320332;NA1NHZ2093-16SA;CORPO, SEXUALIDADE E QUESTÕES DE GÊNERO
11202230567;DAMCZC018-20SB;PSICOPATOLOGIA
11202111917;DA1NHZ6002-18SA;TECNOLOGIA DE FERMENTAÇÕES
11202421681;DA1ESTG023-17SB;ORGANIZAÇÃO DO TRABALHO
11202020910;NA1ESHP009-22SB;BUROCRACIA E IMPLEMENTAÇÃO DE POLÍTICAS PÚBLICAS
11202321842;DANHT3049-15SA;PRINCÍPIOS DE TERMODINÂMICA
11202021589;DA1NHLH001-24SB;ANTIGUIDADES E USOS DO PASSADO
11202131035;DA1ESHC032-17SB;MACROECONOMIA II
11202321497;NA1ESHT018-17SB;PLANEJAMENTO E POLÍTICA REGIONAL
11202321824;DA1ESHC031-17SB;MACROECONOMIA PÓS-KEYNESIANA
11202111565;NA2BCS0002-15SA;PROJETO DIRIGIDO
11202212472;DA1ESTO006-17SA;MATERIAIS E SUAS PROPRIEDADES
11201932558;NB2MCTB019-17SA;MATEMÁTICA DISCRETA
11202020761;DB2BCN0405-15SA;INTRODUÇÃO ÀS EQUAÇÕES DIFERENCIAIS ORDINÁRIAS
11201921650;NA2ESTO001-17SB;CIRCUITOS ELÉTRICOS E FOTÔNICA
11202111849;ND1BCS0001-15SA;BASE EXPERIMENTAL DAS CIÊNCIAS NATURAIS
11034816;DAMCTC002-15SA;INTRODUÇÃO À NEUROCIÊNCIA
11034816;NAMCTD024-18SA;ANÁLISE NA EDUCAÇÃO BÁSICA
11202322073;NA1MCTA009-13SA;COMPUTADORES, ÉTICA E SOCIEDADE
11202422101;NA1MCTA009-13SA;COMPUTADORES, ÉTICA E SOCIEDADE
11201921823;NA1ESTU025-17SA;AVALIAÇÃO DE IMPACTOS AMBIENTAIS
11202320815;NAMCTC001-15SB;INTRODUÇÃO À FILOSOFIA DA MENTE
11039016;DAMCTC009-15SB;PROGRESSOS E MÉTODOS EM NEUROCIÊNCIA
11202421930;NB4BIS0003-15SA;BASES MATEMÁTICAS
11202422047;DA1BIR0004-15SB;BASES EPISTEMOLÓGICAS DA CIÊNCIA MODERNA
11202131755;NA1MCTA006-17SA;CIRCUITOS DIGITAIS
11201920362;NA1ESZB022-17SA;INTRODUÇÃO À BIOINFORMÁTICA
11202230874;NA1NHZ1009-15SA;BIOLOGIA MOLECULAR E BIOTECNOLOGIA
11202130601;NC1ESTI016-17SA;FUNDAMENTOS DE FOTÔNICA
11202020891;NA1MCTA009-13SA;COMPUTADORES, ÉTICA E SOCIEDADE
11201921149;NA1MCTC020-15SB;PSICOLOGIA EXPERIMENTAL
11201921149;NAMCNC002-23SB;NEUROCIÊNCIA TEÓRICA E COMPUTACIONAL
11202231595;NB3BCJ0203-15SA;FENÔMENOS ELETROMAGNÉTICOS
11202421322;NA7BCJ0203-15SA;FENÔMENOS ELETROMAGNÉTICOS
11202421757;DA1BCL0307-15SB;TRANSFORMAÇÕES QUÍMICAS
11201920961;NA1ESHR031-21SB;ECONOMIA POLÍTICA INTERNACIONAL
11202321724;DA1MCZA030-17SA;VIDA ARTIFICIAL NA COMPUTAÇÃO
11202421296;NB2BIN0406-15SB;INTRODUÇÃO À PROBABILIDADE E À ESTATÍSTICA
11202230572;DA1MCZA030-17SA;VIDA ARTIFICIAL NA COMPUTAÇÃO
11202230955;NA1NHZ2093-16SA;CORPO, SEXUALIDADE E QUESTÕES DE GÊNERO
11202420234;NA1ESTO012-17SB;PRINCÍPIOS DE ADMINISTRAÇÃO
11202310109;NA1ESHR005-13SB;ESTADO E DESENVOLVIMENTO ECONÔMICO NO BRASIL CONTEMPORÂNEO
11202020251;NA1ESZM034-17SA;DESIGN DE DISPOSITIVOS
11201810753;NA1ESHC026-21SB;MICROECONOMIA II
11202020005;NA1ESAE006-23SB;AERONAVES DIRIGÍVEIS
11202421383;NA1BCM0505-22SA;PROCESSAMENTO DA INFORMAÇÃO
11202231417;DA1MCTA009-13SA;COMPUTADORES, ÉTICA E SOCIEDADE
11202321968;DA1BCN0407-15SA;FUNÇÕES DE VÁRIAS VARIÁVEIS
11202420212;NA1BIN0406-15SB;INTRODUÇÃO À PROBABILIDADE E À ESTATÍSTICA
11202021639;NA1ESTU040-17SA;PROJETO AMBIENTAL URBANO
11202321288;NA1NHZ1050-15SA;TOXICOLOGIA
11202321277;NA1MCZA046-17SA;SEMÂNTICA DE LINGUAGEM DE PROGRAMAÇÃO
11202111046;NA1NHT4073-15SA;LIVROS DIDÁTICOS NO ENSINO DE QUÍMICA
11202022168;NA1MCZA046-17SA;SEMÂNTICA DE LINGUAGEM DE PROGRAMAÇÃO
11202320566;NA1ESHR031-21SB;ECONOMIA POLÍTICA INTERNACIONAL
11202231685;NA1ESHR031-21SB;ECONOMIA POLÍTICA INTERNACIONAL
11202230989;NAMCZC018-20SB;PSICOPATOLOGIA
11202130585;NB1ESTO005-17SA;INTRODUÇÃO ÀS ENGENHARIAS
11202310114;DA1ESHC031-17SB;MACROECONOMIA PÓS-KEYNESIANA
11202310114;NA1ESHC012-21SB;ECONOMIA INSTITUCIONAL
11202420593;DB2BIN0406-15SA;INTRODUÇÃO À PROBABILIDADE E À ESTATÍSTICA
11202420593;DB2BCN0405-15SA;INTRODUÇÃO ÀS EQUAÇÕES DIFERENCIAIS ORDINÁRIAS
11202321641;NB1BCN0407-15SA;FUNÇÕES DE VÁRIAS VARIÁVEIS
11202420873;DC1BIS0003-15SB;BASES MATEMÁTICAS
11092915;NA1ESZE080-17SA;PLANEJAMENTO DA OPERAÇÃO DE SISTEMAS HIDROTÉRMICOS DE POTÊNCIA
11103016;NA1BCJ0203-15SA;FENÔMENOS ELETROMAGNÉTICOS
11202020070;NB2ESMA001-23SA;SOLUÇÕES PARA DESAFIOS EM ENGENHARIA
11202421472;NAMCTC002-15SA;INTRODUÇÃO À NEUROCIÊNCIA
11202320618;NA2ESTO005-17SB;INTRODUÇÃO ÀS ENGENHARIAS
11202321298;NA1BCN0405-15SB;INTRODUÇÃO ÀS EQUAÇÕES DIFERENCIAIS ORDINÁRIAS
11202510094;DA1BHO1102-19SB;INTRODUÇÃO À ECONOMIA
11201932608;NA1ESZI014-17SA;SISTEMAS INTELIGENTES
11202320891;DA1ESHC012-21SB;ECONOMIA INSTITUCIONAL
11202231803;NA2ESMA002-23SB;INOVAÇÕES PARA ENGENHARIA
11202230864;DA2MCTA025-13SA;SISTEMAS DISTRIBUÍDOS
11202420588;NC1ESTO005-17SA;INTRODUÇÃO ÀS ENGENHARIAS
11202020201;DAESTA020-17SA;MODELAGEM E CONTROLE
11202422076;DA1BCM0506-15SB;COMUNICAÇÃO E REDES
11202130549;NA1ESTU034-17SA;SISTEMAS DE ABASTECIMENTO DE ÁGUAS
11202131333;NA1ESTO016-17SA;FENÔMENOS DE TRANSPORTE
11202020158;NA2BCM0506-15SA;COMUNICAÇÃO E REDES
11202020158;NA1BCM0505-22SA;PROCESSAMENTO DA INFORMAÇÃO
11202020158;DA1BCK0104-15SA;INTERAÇÕES ATÔMICAS E MOLECULARES
11202420931;NA1ESTO011-17SA;FUNDAMENTOS DE DESENHO TÉCNICO
11202021025;NA1ESHC036-21SB;ECONOMETRIA II
11202322107;NA1MCTB009-17SA;CÁLCULO NUMÉRICO
11202230642;NB2MCTB019-17SA;MATEMÁTICA DISCRETA
11202130715;NA1ESTA017-17SA;LABORATÓRIO DE MÁQUINAS ELÉTRICAS
11202420812;DA2BIN0406-15SA;INTRODUÇÃO À PROBABILIDADE E À ESTATÍSTICA
11202132040;NA1ESEC002-24SB;ECONOMIA NAS ESCOLAS
11202320949;DB1BIN0406-15SB;INTRODUÇÃO À PROBABILIDADE E À ESTATÍSTICA
11202422237;NA2BCM0506-15SA;COMUNICAÇÃO E REDES
11202422115;DB1BHO1102-19SB;INTRODUÇÃO À ECONOMIA
11202422115;DA1ESTO012-17SB;PRINCÍPIOS DE ADMINISTRAÇÃO
11202321489;NA1NHZ2093-16SA;CORPO, SEXUALIDADE E QUESTÕES DE GÊNERO
11202321489;NA1NHBB001-23SA;ZOOLOGIA: ORIGEM E DIVERSIFICAÇÃO DE METAZOA
11202020249;NA1BIN0406-15SA;INTRODUÇÃO À PROBABILIDADE E À ESTATÍSTICA
11202020827;NAMCTC009-15SB;PROGRESSOS E MÉTODOS EM NEUROCIÊNCIA
11202321199;NB1BIN0406-15SA;INTRODUÇÃO À PROBABILIDADE E À ESTATÍSTICA
11202130992;DA1ESZS004-17SB;AVIÔNICA
11202021242;DA1MCCC015-23SA;PROGRAMAÇÃO FUNCIONAL
11202310002;NA1ESZI030-17SA;GERENCIAMENTO E INTEROPERABILIDADE DE REDES
11201922186;NA1ESHC012-21SB;ECONOMIA INSTITUCIONAL
11202020547;DA1ESZP002-13SB;INSTITUIÇÕES JUDICIAIS E POLÍTICAS PÚBLICAS
11202021836;NA2BCM0506-15SA;COMUNICAÇÃO E REDES
11202020300;NA1ESHC012-21SB;ECONOMIA INSTITUCIONAL
11202020115;DB7BIS0005-15SB;BASES COMPUTACIONAIS DA CIÊNCIA
11202321732;DC1BIS0003-15SB;BASES MATEMÁTICAS
11202321732;DA1NHLB002-23SA;PRÁTICAS DE ENSINO DE BIOLOGIA E APRENDIZAGEM
11202421881;DA1NHT1071-15SA;PRÁTICAS DE ECOLOGIA
11202130185;DA1ESGE009-23SB;TÓPICOS EM ENGENHARIA DE PRODUÇÃO NA INDÚSTRIA DE ALIMENTOS
11202022024;DB1BHQ0004-19SB;ESTUDOS DE GÊNERO
11202421139;DANHLP001-22SA;PRÁTICAS DE ENSINO DE FÍSICA I
11202410072;DA1ESHR024-14SB;HISTÓRIA DA POLÍTICA EXTERNA BRASILEIRA
11202020199;NAMCZC018-20SB;PSICOPATOLOGIA
11202432335;NA11BIS0005-15SA;BASES COMPUTACIONAIS DA CIÊNCIA
11202212437;DA1ESZB022-17SA;INTRODUÇÃO À BIOINFORMÁTICA
11202232194;NB1BHO1102-19SB;INTRODUÇÃO À ECONOMIA
11202421892;DA1BCM0506-15SB;COMUNICAÇÃO E REDES
11202231569;DA1NHT1002-15SA;BIOÉTICA
11201932613;NA1ESTO013-17SB;ENGENHARIA ECONÔMICA
11201932613;NA1MCTC014-13SB;INTRODUÇÃO À INFERÊNCIA ESTATÍSTICA
11202420714;NB1BIN0406-15SB;INTRODUÇÃO À PROBABILIDADE E À ESTATÍSTICA
11202321590;DA1BCS0002-15SB;PROJETO DIRIGIDO
11202320896;NA1ESTO006-17SA;MATERIAIS E SUAS PROPRIEDADES
11202322052;NA1ESZR033-21SB;RELAÇÕES INTERNACIONAIS E ARTE
11201921700;DAMCTC001-15SB;INTRODUÇÃO À FILOSOFIA DA MENTE
11202230877;NA1ESHT017-17SB;PLANEJAMENTO E POLÍTICA AMBIENTAL
11202421312;NA1BHS0012-23SB;TEMAS FILOSÓFICOS EM DEBATE
11201721712;NA1ESZM031-17SA;NANOCOMPÓSITOS
11202332400;NAESTA019-17SA;PROJETO ASSISTIDO POR COMPUTADOR
11201920372;NA1ESZB037-17SB;PROJETO E ANÁLISE DE PRÓTESES E ÓRTESES
11202421277;NA1BCN0407-15SA;FUNÇÕES DE VÁRIAS VARIÁVEIS
11202321272;DA1ESZG017-17SB;CLIMA E CULTURA ORGANIZACIONAL
11202420496;DB1ESTO011-17SA;FUNDAMENTOS DE DESENHO TÉCNICO
11201811999;DA1ESTG008-17SB;GERÊNCIA DE ATIVOS
11202021980;DB1MCTB019-17SA;MATEMÁTICA DISCRETA
11202230815;NA1ESZR017-14SB;REGIMES DE NEGOCIAÇÃO AMBIENTAL INTERNACIONAL E A ATUAÇÃO BRASILEIRA
11202420862;DA3BCJ0203-15SA;FENÔMENOS ELETROMAGNÉTICOS
11202231732;NA1MCCC010-23SA;MATEMÁTICA DISCRETA II
11202320542;NA1MCTC014-13SB;INTRODUÇÃO À INFERÊNCIA ESTATÍSTICA
11201810570;NAMCTC001-15SB;INTRODUÇÃO À FILOSOFIA DA MENTE
11202230248;NA2BCM0506-15SA;COMUNICAÇÃO E REDES
11202420660;DA2ESTO006-17SB;MATERIAIS E SUAS PROPRIEDADES
11202421831;NB2BCS0002-15SA;PROJETO DIRIGIDO
11202322032;DA1ESZG043-17SB;PROJETO VIRTUAL E INTEGRADO DE MANUFATURA
11202421641;NA1ESTO012-17SB;PRINCÍPIOS DE ADMINISTRAÇÃO
21058415;NA1ESHC907-18SB;MONOGRAFIA I - TÉCNICAS DE PESQUISA EM ECONOMIA
11202421587;NA9BCJ0203-15SA;FENÔMENOS ELETROMAGNÉTICOS
11202432368;DA1BCJ0205-15SB;FENÔMENOS TÉRMICOS
11202432368;DB1BCS0002-15SB;PROJETO DIRIGIDO
11201812008;DB1BHQ0004-19SB;ESTUDOS DE GÊNERO
11202311988;NA1ESZR017-14SB;REGIMES DE NEGOCIAÇÃO AMBIENTAL INTERNACIONAL E A ATUAÇÃO BRASILEIRA
11202332376;NA2BHO0102-15SB;DESENVOLVIMENTO E SUSTENTABILIDADE
11202422010;DA1ESTO011-17SA;FUNDAMENTOS DE DESENHO TÉCNICO
11202422010;DA1ESTO012-17SA;PRINCÍPIOS DE ADMINISTRAÇÃO
11202111871;NA1ESTU039-17SA;REGULAÇÃO AMBIENTAL E URBANÍSTICA
11202111201;NI1ESZR025-21SB;CONFLITOS, PAZ E NEGOCIAÇÃO INTERNACIONAL (PRÁTICA)
11202130772;NAMCTC002-15SA;INTRODUÇÃO À NEUROCIÊNCIA
11202321334;NB3BCJ0203-15SB;FENÔMENOS ELETROMAGNÉTICOS
11202421594;DB2BIN0406-15SB;INTRODUÇÃO À PROBABILIDADE E À ESTATÍSTICA
11201921079;DA1MCZA020-13SA;PROGRAMAÇÃO PARALELA
11202321602;NA1ESAE002-23SA;DESENHO UNIVERSAL E TECNOLOGIA ASSISTIVA
11202422169;DA1ESTO005-17SA;INTRODUÇÃO ÀS ENGENHARIAS
11202332346;DB2BCN0405-15SA;INTRODUÇÃO ÀS EQUAÇÕES DIFERENCIAIS ORDINÁRIAS
11202230991;DA1ESHR031-21SB;ECONOMIA POLÍTICA INTERNACIONAL
11202212425;NB1BCM0506-15SB;COMUNICAÇÃO E REDES
11201810449;NB1ESTU025-17SA;AVALIAÇÃO DE IMPACTOS AMBIENTAIS
11202232248;NA1ESTO011-17SA;FUNDAMENTOS DE DESENHO TÉCNICO
11202130053;NA1ESAE002-23SA;DESENHO UNIVERSAL E TECNOLOGIA ASSISTIVA
11202020492;NB1LCT1003-24SA;ESTÁGIO III NO ENSINO FUNDAMENTAL
11202020312;DA1NHZ1074-15SA;ASTROBIOLOGIA
11202130635;NA1ESTI006-17SA;PROCESSAMENTO DIGITAL DE SINAIS
11202231261;NAMCNC002-23SB;NEUROCIÊNCIA TEÓRICA E COMPUTACIONAL
11202510078;DA1NHZ1074-15SA;ASTROBIOLOGIA
11202321884;NA1MCTA003-17SA;ANÁLISE DE ALGORITMOS
11202421277;DA1BIN0406-15SB;INTRODUÇÃO À PROBABILIDADE E À ESTATÍSTICA
11202231136;NA1ESHR024-14SB;HISTÓRIA DA POLÍTICA EXTERNA BRASILEIRA
11202212476;NA1ESZR024-21SB;CAPITALISMO, IMPERIALISMO E DEPENDÊNCIA
11202212421;NA1ESTO011-17SB;FUNDAMENTOS DE DESENHO TÉCNICO
11202131273;NA9BCJ0203-15SA;FENÔMENOS ELETROMAGNÉTICOS
11108516;NA1ESMA001-23SA;SOLUÇÕES PARA DESAFIOS EM ENGENHARIA
11202320548;NA1ESHR029-21SB;ANÁLISE DE POLÍTICA EXTERNA
11202111138;NA1ESHR903-18SB;METODOLOGIA DE PESQUISA EM RELAÇÕES INTERNACIONAIS (TCC 1)
11202130224;DA1ESZG017-17SB;CLIMA E CULTURA ORGANIZACIONAL
11202322258;DA1NHT1072-15SA;ECOLOGIA COMPORTAMENTAL
11202021397;DA1ESTG023-17SB;ORGANIZAÇÃO DO TRABALHO
11201921854;DA1ESHC040-21SB;RELAÇÕES MONETÁRIAS E FINANCEIRAS INTERNACIONAIS
11202020509;NA1BHS0012-23SB;TEMAS FILOSÓFICOS EM DEBATE
11202020259;DA1ESZS004-17SB;AVIÔNICA
11202420893;DA1NHT1071-15SA;PRÁTICAS DE ECOLOGIA
11202322148;NA1ESTO004-17SA;INSTRUMENTAÇÃO E CONTROLE
11202231275;NA1ESZB005-17SB;INTRODUÇÃO À BIOTECNOLOGIA
11202231275;NB1ESTO006-17SB;MATERIAIS E SUAS PROPRIEDADES
11202421278;DA1ESZS004-17SB;AVIÔNICA
11202231136;NI1ESHR028-21SB;REGIME INTERNACIONAL DOS DIREITOS HUMANOS
11202321677;NA1ESHR015-21SB;SEGURANÇA INTERNACIONAL
11201920439;DA1ESZS004-17SB;AVIÔNICA
11202232305;NB1BCS0002-15SB;PROJETO DIRIGIDO
11201812248;DA1NHT4025-15SA;MÉTODOS DE ANÁLISE EM QUÍMICA ORGÂNICA
11202231174;DA1ESZR017-14SB;REGIMES DE NEGOCIAÇÃO AMBIENTAL INTERNACIONAL E A ATUAÇÃO BRASILEIRA
11202420508;DA1ESTO005-17SB;INTRODUÇÃO ÀS ENGENHARIAS
11202421260;DAMCTC002-15SA;INTRODUÇÃO À NEUROCIÊNCIA
11202320894;NA1ESHP007-13SB;FEDERALISMO E POLÍTICAS PÚBLICAS
11202320894;NA1ESHP026-14SB;PARTICIPAÇÃO, MOVIMENTOS SOCIAIS E POLÍTICAS PÚBLICAS
11202231787;NA1ESZP002-13SB;INSTITUIÇÕES JUDICIAIS E POLÍTICAS PÚBLICAS
11202020905;NA1ESAE002-23SA;DESENHO UNIVERSAL E TECNOLOGIA ASSISTIVA
11202321603;DA1ESHR005-13SB;ESTADO E DESENVOLVIMENTO ECONÔMICO NO BRASIL CONTEMPORÂNEO
11202321603;DA1ESHC040-21SB;RELAÇÕES MONETÁRIAS E FINANCEIRAS INTERNACIONAIS
11202131793;NA1NHZ2051-11SB;PENSAMENTO HEGELIANO E SEUS DESDOBRAMENTOS CONTEMPORÂNEOS
11202231418;NANHH2010-18SB;ÉTICA CONTEMPORÂNEA
11202231953;DA1ESHR024-14SB;HISTÓRIA DA POLÍTICA EXTERNA BRASILEIRA
11202210073;NI1ESHR028-21SB;REGIME INTERNACIONAL DOS DIREITOS HUMANOS
11202230341;NA1LHE0004-19SB;TEORIA DA HISTÓRIA I
11202130714;NA2BIN0406-15SB;INTRODUÇÃO À PROBABILIDADE E À ESTATÍSTICA
11202020629;NA1ESTA006-17SA;FOTÔNICA
11201812379;NI1ESZR025-21SB;CONFLITOS, PAZ E NEGOCIAÇÃO INTERNACIONAL (PRÁTICA)
11202021658;NA1BCS0002-15SB;PROJETO DIRIGIDO
11202130010;NA2ESTA004-17SA;CIRCUITOS ELÉTRICOS II
11202232108;NA1NHZ6001-18SA;FUNDAMENTOS DA BIOTECNOLOGIA
11202321326;NA1ESHR019-21SB;CHINA NAS RELAÇÕES INTERNACIONAIS
11202130838;DA1ESEC002-24SB;ECONOMIA NAS ESCOLAS
11202421955;NB4BIK0102-15SA;ESTRUTURA DA MATÉRIA
11202230751;NA1ESZP002-13SB;INSTITUIÇÕES JUDICIAIS E POLÍTICAS PÚBLICAS
11202421459;DB2BCN0405-15SA;INTRODUÇÃO ÀS EQUAÇÕES DIFERENCIAIS ORDINÁRIAS
11202230330;NA1ESHT009-17SB;HISTÓRIA DA CIDADE E DO URBANISMO
11202230650;NA1ESHC012-21SB;ECONOMIA INSTITUCIONAL
11202130643;NA1ESTO013-17SA;ENGENHARIA ECONÔMICA
11201722389;NA1MCTC020-15SB;PSICOLOGIA EXPERIMENTAL
13201723165;DA1ESHR005-13SB;ESTADO E DESENVOLVIMENTO ECONÔMICO NO BRASIL CONTEMPORÂNEO
11201921569;DA1ESTU039-17SA;REGULAÇÃO AMBIENTAL E URBANÍSTICA
11201921569;NA1NHZ2093-16SA;CORPO, SEXUALIDADE E QUESTÕES DE GÊNERO
11201921569;DC1ESMA001-23SA;SOLUÇÕES PARA DESAFIOS EM ENGENHARIA
11202130807;NA1NHZ2093-16SA;CORPO, SEXUALIDADE E QUESTÕES DE GÊNERO
11201720162;DA1ESTG020-17SB;SISTEMAS E PROCESSOS DE PRODUÇÃO
11201921916;NA1ESHR019-21SB;CHINA NAS RELAÇÕES INTERNACIONAIS
11202420504;DA2BIN0406-15SA;INTRODUÇÃO À PROBABILIDADE E À ESTATÍSTICA
11202420504;DA1BCN0405-15SA;INTRODUÇÃO ÀS EQUAÇÕES DIFERENCIAIS ORDINÁRIAS
11201810216;NA1BIN0406-15SA;INTRODUÇÃO À PROBABILIDADE E À ESTATÍSTICA
11201810216;NB2MCTB019-17SA;MATEMÁTICA DISCRETA
11201920867;NA1ESZI030-17SA;GERENCIAMENTO E INTEROPERABILIDADE DE REDES
11201932490;NA1ESZB037-17SB;PROJETO E ANÁLISE DE PRÓTESES E ÓRTESES
11202112025;NA1BHS0012-23SB;TEMAS FILOSÓFICOS EM DEBATE
11201920435;NA1ESHR005-13SB;ESTADO E DESENVOLVIMENTO ECONÔMICO NO BRASIL CONTEMPORÂNEO
11048815;NA4MCTA024-13SA;SISTEMAS DIGITAIS
11202420711;NB2ESTO006-17SA;MATERIAIS E SUAS PROPRIEDADES
11202231897;NA4BCM0505-22SA;PROCESSAMENTO DA INFORMAÇÃO
11202131192;NAMCTC001-15SB;INTRODUÇÃO À FILOSOFIA DA MENTE
11028912;NAESZE105-17SA;ENERGIA DOS OCEANOS
11202021092;NAMCZC018-20SB;PSICOPATOLOGIA
11201920801;NA2MCTA018-13SA;PROGRAMAÇÃO ORIENTADA A OBJETOS
11201811519;NB1MCTB019-17SA;MATEMÁTICA DISCRETA
11202230489;NA1ESZB037-17SB;PROJETO E ANÁLISE DE PRÓTESES E ÓRTESES
11202021728;NA1NHBB001-23SA;ZOOLOGIA: ORIGEM E DIVERSIFICAÇÃO DE METAZOA
11201810179;NAMCTC001-15SB;INTRODUÇÃO À FILOSOFIA DA MENTE
11201810179;NAMCTC009-15SB;PROGRESSOS E MÉTODOS EM NEUROCIÊNCIA
11202020397;NA1ESZR033-21SB;RELAÇÕES INTERNACIONAIS E ARTE
11202432401;NA1BHS0012-23SB;TEMAS FILOSÓFICOS EM DEBATE
11046415;NB1BCN0407-15SA;FUNÇÕES DE VÁRIAS VARIÁVEIS
11202021314;NA1ESTG002-17SB;DESENVOLVIMENTO INTEGRADO DO PRODUTO
11202021314;DA1ESTG008-17SB;GERÊNCIA DE ATIVOS
11202332427;NA1BHO0102-15SB;DESENVOLVIMENTO E SUSTENTABILIDADE
11202421610;DA1ESTO012-17SA;PRINCÍPIOS DE ADMINISTRAÇÃO
11202021898;NA1ESTU027-17SA;FUNDAMENTOS DE GEOLOGIA PARA ENGENHARIA
11202021898;NA1ESTU031-17SA;RECUPERAÇÃO DE ÁREAS DEGRADADAS
11202230874;NA1ESTU039-17SA;REGULAÇÃO AMBIENTAL E URBANÍSTICA
11201921930;NA2BCN0405-15SA;INTRODUÇÃO ÀS EQUAÇÕES DIFERENCIAIS ORDINÁRIAS
11201810712;NAMCTD024-18SA;ANÁLISE NA EDUCAÇÃO BÁSICA
11201722537;NA1ESTO013-17SA;ENGENHARIA ECONÔMICA
11202020025;NA1ESAE002-23SA;DESENHO UNIVERSAL E TECNOLOGIA ASSISTIVA
11039016;DAMCZC018-20SB;PSICOPATOLOGIA
11202232254;NB1BCM0506-15SB;COMUNICAÇÃO E REDES
11202231370;DA2MCTA025-13SA;SISTEMAS DISTRIBUÍDOS
11202230744;NA3BCM0506-15SA;COMUNICAÇÃO E REDES
11202130511;NAMCTD024-18SA;ANÁLISE NA EDUCAÇÃO BÁSICA
11201922374;NB4BCJ0203-15SA;FENÔMENOS ELETROMAGNÉTICOS
11201922186;NA1ESHC031-17SB;MACROECONOMIA PÓS-KEYNESIANA
11202232375;NA1ESHT011-21SB;ANÁLISE DE DADOS PARA O PLANEJAMENTO TERRITORIAL
11201721439;NA1ESZP002-13SB;INSTITUIÇÕES JUDICIAIS E POLÍTICAS PÚBLICAS
11202130585;NA1ESZA019-17SA;VISÃO COMPUTACIONAL
11202020404;NA1LCT1001-24SA;ESTÁGIO I NO ENSINO FUNDAMENTAL
11202321906;DB2BIN0406-15SB;INTRODUÇÃO À PROBABILIDADE E À ESTATÍSTICA
11202321076;DA1MCTC014-13SB;INTRODUÇÃO À INFERÊNCIA ESTATÍSTICA
11201810463;NANHT3049-15SA;PRINCÍPIOS DE TERMODINÂMICA
11202022094;DA1NHLH001-24SB;ANTIGUIDADES E USOS DO PASSADO
11202421327;NB1BCM0505-22SB;PROCESSAMENTO DA INFORMAÇÃO
11202420140;DB1BHQ0004-19SB;ESTUDOS DE GÊNERO
11202130404;NB2BCS0002-15SA;PROJETO DIRIGIDO
11202421523;DB1BHQ0004-19SB;ESTUDOS DE GÊNERO
11202321841;DA1BCS0002-15SB;PROJETO DIRIGIDO
11202130739;DA1ESTG008-17SB;GERÊNCIA DE ATIVOS
11202420391;DA3BCM0505-22SA;PROCESSAMENTO DA INFORMAÇÃO
11202131394;NA1NHZ4080-20SA;HISTÓRIA DA QUÍMICA
11202130831;NAESZE099-17SA;TERMO HIDRÁULICA DE REATORES NUCLEARES
11107916;NA1ESZE080-17SA;PLANEJAMENTO DA OPERAÇÃO DE SISTEMAS HIDROTÉRMICOS DE POTÊNCIA
11107916;NAESZE038-17SA;REAÇÕES NUCLEARES
11202230978;NA1ESGE007-23SB;GESTÃO AMBIENTAL EMPRESARIAL
11202421048;DA2BIN0406-15SA;INTRODUÇÃO À PROBABILIDADE E À ESTATÍSTICA
11201921593;DB1BIN0406-15SB;INTRODUÇÃO À PROBABILIDADE E À ESTATÍSTICA
11202421300;NA1BIN0406-15SA;INTRODUÇÃO À PROBABILIDADE E À ESTATÍSTICA
21050416;NB3BCM0506-15SA;COMUNICAÇÃO E REDES
11202421923;DA1BCM0506-15SB;COMUNICAÇÃO E REDES
11202232337;NANHZ2106-18SB;FILOSOFIA DA CIÊNCIA
11202230362;DANHZ2106-18SB;FILOSOFIA DA CIÊNCIA
11202320704;DB1ESTO017-17SA;MÉTODOS EXPERIMENTAIS EM ENGENHARIA
11202321111;NA1BIN0406-15SA;INTRODUÇÃO À PROBABILIDADE E À ESTATÍSTICA
11202421048;DA1ESTO012-17SA;PRINCÍPIOS DE ADMINISTRAÇÃO
11202321288;DA1NHZ6001-18SA;FUNDAMENTOS DA BIOTECNOLOGIA
11202131971;NA1ESHT009-17SB;HISTÓRIA DA CIDADE E DO URBANISMO
11202131971;NAMCZC018-20SB;PSICOPATOLOGIA
11202321508;NB2BIN0406-15SB;INTRODUÇÃO À PROBABILIDADE E À ESTATÍSTICA
11202410048;DA1BCS0002-15SA;PROJETO DIRIGIDO
11201810179;DAMCTC002-15SA;INTRODUÇÃO À NEUROCIÊNCIA
11202421819;NB1BIN0406-15SB;INTRODUÇÃO À PROBABILIDADE E À ESTATÍSTICA
11202212404;DA2MCTA018-13SA;PROGRAMAÇÃO ORIENTADA A OBJETOS
11202020802;NB1BCN0405-15SB;INTRODUÇÃO ÀS EQUAÇÕES DIFERENCIAIS ORDINÁRIAS
11202231425;DA1ESHR015-21SB;SEGURANÇA INTERNACIONAL
11201812253;NA1MCTA009-13SA;COMPUTADORES, ÉTICA E SOCIEDADE
11202111094;NA1ESHT017-17SB;PLANEJAMENTO E POLÍTICA AMBIENTAL
11201921872;NA1BCN0405-15SA;INTRODUÇÃO ÀS EQUAÇÕES DIFERENCIAIS ORDINÁRIAS
11060915;NAESIR002-23SA;LÓGICA PROGRAMÁVEL
11202421519;DA4BIS0003-15SA;BASES MATEMÁTICAS
11201822508;DA1MCZA030-17SA;VIDA ARTIFICIAL NA COMPUTAÇÃO
11201920223;NA1ESZM031-17SA;NANOCOMPÓSITOS
11201721405;NA1MCTA024-13SA;SISTEMAS DIGITAIS
11202231635;NA1ESHR005-13SB;ESTADO E DESENVOLVIMENTO ECONÔMICO NO BRASIL CONTEMPORÂNEO
11202231635;DA1ESHC031-17SB;MACROECONOMIA PÓS-KEYNESIANA
11202231635;NA1ESHC012-21SB;ECONOMIA INSTITUCIONAL
11202320583;DA2MCTA018-13SA;PROGRAMAÇÃO ORIENTADA A OBJETOS
11201812015;NA1NHT1072-15SA;ECOLOGIA COMPORTAMENTAL
11202321996;NA1ESHR031-21SB;ECONOMIA POLÍTICA INTERNACIONAL
11202420928;DB2BIN0406-15SB;INTRODUÇÃO À PROBABILIDADE E À ESTATÍSTICA
11202420214;NAMCTC001-15SB;INTRODUÇÃO À FILOSOFIA DA MENTE
11063015;DA1ESMA001-23SA;SOLUÇÕES PARA DESAFIOS EM ENGENHARIA
11063015;DA1ESTO004-17SA;INSTRUMENTAÇÃO E CONTROLE
11201721400;NA1MCTC014-13SB;INTRODUÇÃO À INFERÊNCIA ESTATÍSTICA
11202230603;NAMCTC001-15SB;INTRODUÇÃO À FILOSOFIA DA MENTE
11202231750;NA1BHO0102-15SB;DESENVOLVIMENTO E SUSTENTABILIDADE
11202231750;NA2BHQ0003-15SB;INTERPRETAÇÕES DO BRASIL
11201810156;NA1ESZI014-17SA;SISTEMAS INTELIGENTES
11202421217;NA1BIN0406-15SB;INTRODUÇÃO À PROBABILIDADE E À ESTATÍSTICA
11108216;NA2BCN0405-15SA;INTRODUÇÃO ÀS EQUAÇÕES DIFERENCIAIS ORDINÁRIAS
11202321949;NB5BCJ0203-15SA;FENÔMENOS ELETROMAGNÉTICOS
11202021774;NAMCTC002-15SA;INTRODUÇÃO À NEUROCIÊNCIA
11202020502;NA1NHZ6001-18SA;FUNDAMENTOS DA BIOTECNOLOGIA
11202231622;DA1ESAE002-23SA;DESENHO UNIVERSAL E TECNOLOGIA ASSISTIVA
11202510101;DB1BCM0506-15SB;COMUNICAÇÃO E REDES
11202420573;DA2BIN0406-15SA;INTRODUÇÃO À PROBABILIDADE E À ESTATÍSTICA
11202420573;DB2MCTB019-17SA;MATEMÁTICA DISCRETA
11202111992;DA1ESGE009-23SB;TÓPICOS EM ENGENHARIA DE PRODUÇÃO NA INDÚSTRIA DE ALIMENTOS
11202231089;DB1MCTB019-17SA;MATEMÁTICA DISCRETA
11202420863;NB2BCS0002-15SA;PROJETO DIRIGIDO
11202321335;DA1ESHC012-21SB;ECONOMIA INSTITUCIONAL
11202321335;DA1ESZC024-17SB;TÓPICOS AVANÇADOS EM HISTÓRIA ECONÔMICA
11202231886;DA3BCM0505-22SA;PROCESSAMENTO DA INFORMAÇÃO
11202131318;DA1BCN0407-15SA;FUNÇÕES DE VÁRIAS VARIÁVEIS
11202421752;DB1ESTO011-17SA;FUNDAMENTOS DE DESENHO TÉCNICO
11202321114;DA1NHZ1074-15SA;ASTROBIOLOGIA
21068416;NA1ESHP009-22SB;BUROCRACIA E IMPLEMENTAÇÃO DE POLÍTICAS PÚBLICAS
21068416;NA1ESHP007-13SB;FEDERALISMO E POLÍTICAS PÚBLICAS
11202420467;NA1ESEC002-24SB;ECONOMIA NAS ESCOLAS
11202322192;DA1ESHR019-21SB;CHINA NAS RELAÇÕES INTERNACIONAIS
11202230516;DA1ESAE002-23SA;DESENHO UNIVERSAL E TECNOLOGIA ASSISTIVA
11202020525;NC1BCS0001-15SA;BASE EXPERIMENTAL DAS CIÊNCIAS NATURAIS
11202021135;NA1MCTA003-17SA;ANÁLISE DE ALGORITMOS
11202232271;DA1MCTC014-13SB;INTRODUÇÃO À INFERÊNCIA ESTATÍSTICA
11202111716;DA1ESZR033-21SB;RELAÇÕES INTERNACIONAIS E ARTE
11201810156;NAMCTC002-15SA;INTRODUÇÃO À NEUROCIÊNCIA
11201721368;NAMCZD001-18SA;DIDÁTICA DA MATEMÁTICA
11201721368;NAMCLM001-23SA;EDUCAÇÃO ESTATÍSTICA
11202130816;NA2BCJ0203-15SA;FENÔMENOS ELETROMAGNÉTICOS
11202321466;DA1NHZ6001-18SA;FUNDAMENTOS DA BIOTECNOLOGIA
11202321466;DA1ESTO011-17SA;FUNDAMENTOS DE DESENHO TÉCNICO
11202021980;DA1ESTO005-17SA;INTRODUÇÃO ÀS ENGENHARIAS
11202232247;NANHZ2106-18SB;FILOSOFIA DA CIÊNCIA
11202421959;DAMCTC001-15SB;INTRODUÇÃO À FILOSOFIA DA MENTE
11202410053;NA1ESTO011-17SA;FUNDAMENTOS DE DESENHO TÉCNICO
11202231825;NAESZE038-17SA;REAÇÕES NUCLEARES
11202231825;NA2ESMA001-23SB;SOLUÇÕES PARA DESAFIOS EM ENGENHARIA
11202021325;NA1ESAE001-23SB;APLICAÇÕES ESTRUTURAIS DE MATERIAIS COMPÓSITOS
11202320759;NA1MCCC010-23SA;MATEMÁTICA DISCRETA II
11202320291;NA1ESHP026-14SB;PARTICIPAÇÃO, MOVIMENTOS SOCIAIS E POLÍTICAS PÚBLICAS
11202420215;DA4BIK0102-15SA;ESTRUTURA DA MATÉRIA
11202230298;NA1ESTI006-17SA;PROCESSAMENTO DIGITAL DE SINAIS
11202231787;NA1ESHT009-17SB;HISTÓRIA DA CIDADE E DO URBANISMO
11202020530;DA1MCTA003-17SA;ANÁLISE DE ALGORITMOS
11202020623;NAMCZC018-20SB;PSICOPATOLOGIA
11202020657;NA1ESHR903-18SB;METODOLOGIA DE PESQUISA EM RELAÇÕES INTERNACIONAIS (TCC 1)
11201922339;DA1ESZR033-21SB;RELAÇÕES INTERNACIONAIS E ARTE
11202422198;DB7BIS0005-15SB;BASES COMPUTACIONAIS DA CIÊNCIA
11202422034;DB2BIN0406-15SB;INTRODUÇÃO À PROBABILIDADE E À ESTATÍSTICA
11202021706;NAESIR002-23SA;LÓGICA PROGRAMÁVEL
11202320589;DA1ESHC012-21SB;ECONOMIA INSTITUCIONAL
11202320589;DA1ESZC024-17SB;TÓPICOS AVANÇADOS EM HISTÓRIA ECONÔMICA
11202420716;NA2BIN0406-15SB;INTRODUÇÃO À PROBABILIDADE E À ESTATÍSTICA
11202421154;NA2BIN0406-15SB;INTRODUÇÃO À PROBABILIDADE E À ESTATÍSTICA
11202421831;NB4BIL0304-15SA;EVOLUÇÃO E DIVERSIFICAÇÃO DA VIDA NA TERRA
11202021071;NA11BIS0005-15SA;BASES COMPUTACIONAIS DA CIÊNCIA
11202021071;NA1ESTO013-17SB;ENGENHARIA ECONÔMICA
11202231823;NC1ESMA001-23SA;SOLUÇÕES PARA DESAFIOS EM ENGENHARIA
11201921509;NA1BCN0407-15SB;FUNÇÕES DE VÁRIAS VARIÁVEIS
11202020948;NA2BIN0406-15SB;INTRODUÇÃO À PROBABILIDADE E À ESTATÍSTICA
11202320793;NA1ESTO013-17SB;ENGENHARIA ECONÔMICA
11202231924;NA1ESEC002-24SB;ECONOMIA NAS ESCOLAS
11202230486;DA1ESZG017-17SB;CLIMA E CULTURA ORGANIZACIONAL
11202231883;NA1ESZR024-21SB;CAPITALISMO, IMPERIALISMO E DEPENDÊNCIA
11202421511;NB2BCM0506-15SA;COMUNICAÇÃO E REDES
11201920482;NA1NHZ1050-15SA;TOXICOLOGIA
11202421618;DA1NHLF001-22SB;ARTE NO ENSINO DE CIÊNCIAS HUMANAS
11202230677;DA4BCJ0203-15SA;FENÔMENOS ELETROMAGNÉTICOS
11202230677;DB1ESTO005-17SA;INTRODUÇÃO ÀS ENGENHARIAS
11202230677;DA1ESTE004-17SA;ENERGIA, MEIO AMBIENTE E SOCIEDADE
11201920181;NA1BCN0407-15SB;FUNÇÕES DE VÁRIAS VARIÁVEIS
11202321775;DA1NHH2090-16SB;PRÁTICA DE ENSINO DE FILOSOFIA: PROGRAMAS DE ENSINO
11202021705;NA1BCN0407-15SB;FUNÇÕES DE VÁRIAS VARIÁVEIS
11202020573;NA1ESHT020-17SB;POLÍTICA METROPOLITANA
11201920209;DA1ESZG010-17SB;PLANEJAMENTO E CONTROLE DE PROJETOS
11202020271;NA1MCZA039-17SA;PRÁTICA AVANÇADA DE PROGRAMAÇÃO B
11202020097;NB1BCN0405-15SB;INTRODUÇÃO ÀS EQUAÇÕES DIFERENCIAIS ORDINÁRIAS
11202131650;DA1ESHR029-21SB;ANÁLISE DE POLÍTICA EXTERNA
11202422021;NB2BIN0406-15SB;INTRODUÇÃO À PROBABILIDADE E À ESTATÍSTICA
11202230573;NB3BCM0506-15SA;COMUNICAÇÃO E REDES
13201723204;DA1ESHC907-18SB;MONOGRAFIA I - TÉCNICAS DE PESQUISA EM ECONOMIA
11201920612;NA1BCJ0203-15SA;FENÔMENOS ELETROMAGNÉTICOS
11202231947;DC1BIS0003-15SA;BASES MATEMÁTICAS
11202420215;DC1BIS0003-15SA;BASES MATEMÁTICAS
11202320910;NA1ESHR015-21SB;SEGURANÇA INTERNACIONAL
11202020602;NB1ESTO017-17SA;MÉTODOS EXPERIMENTAIS EM ENGENHARIA
11201810578;DA1ESTG023-17SB;ORGANIZAÇÃO DO TRABALHO
11202320570;NA1NHLH008-24SB;REVOLUÇÕES E REGIMES AUTORITÁRIOS NA AMÉRICA LATINA CONTEMPORÂNEA
11202130757;DA1ESAE002-23SA;DESENHO UNIVERSAL E TECNOLOGIA ASSISTIVA
11202130757;NB1ESMA001-23SA;SOLUÇÕES PARA DESAFIOS EM ENGENHARIA
11201822491;NAMCZC012-15SB;SENSAÇÃO E PERCEPÇÃO
11202322086;DA1BCM0506-15SA;COMUNICAÇÃO E REDES
11202410021;NA1ESZE080-17SA;PLANEJAMENTO DA OPERAÇÃO DE SISTEMAS HIDROTÉRMICOS DE POTÊNCIA
11202021801;NA1NHBT001-23SA;BIOLOGIA SINTÉTICA
11202320457;NA1ESHT020-17SB;POLÍTICA METROPOLITANA
11202210088;NA1NHH2090-16SB;PRÁTICA DE ENSINO DE FILOSOFIA: PROGRAMAS DE ENSINO
11201832437;NA1ESZM034-17SA;DESIGN DE DISPOSITIVOS
11202230247;NA1ESTI003-17SB;TRANSFORMADAS EM SINAIS E SISTEMAS LINEARES
11202332371;NB2ESTO006-17SA;MATERIAIS E SUAS PROPRIEDADES
11202321909;DA1ESHR015-21SB;SEGURANÇA INTERNACIONAL
11202230607;DB1BIR0603-15SB;CIÊNCIA, TECNOLOGIA E SOCIEDADE
11202111951;NANHH2040-13SB;HISTÓRIA DA FILOSOFIA MODERNA: O ILUMINISMO E SEUS DESDOBRAMENTOS
21050416;DA1ESHR029-21SB;ANÁLISE DE POLÍTICA EXTERNA
21050416;DA1ESHP007-13SB;FEDERALISMO E POLÍTICAS PÚBLICAS
11202422195;DA1ESHP007-13SB;FEDERALISMO E POLÍTICAS PÚBLICAS
11202321560;NB1BCN0407-15SB;FUNÇÕES DE VÁRIAS VARIÁVEIS
11202321527;DA1ESTU027-17SA;FUNDAMENTOS DE GEOLOGIA PARA ENGENHARIA
11202022094;DA1LHT1002-19SB;ESTÁGIO SUPERVISIONADO EM CH II
11202420381;DA4BCJ0203-15SA;FENÔMENOS ELETROMAGNÉTICOS
11202420381;DA1BIN0406-15SA;INTRODUÇÃO À PROBABILIDADE E À ESTATÍSTICA
11201810750;NA3BCJ0203-15SB;FENÔMENOS ELETROMAGNÉTICOS
11202020931;DA1ESZU025-17SA;EDUCAÇÃO AMBIENTAL
11202420576;DB1BHO1102-19SB;INTRODUÇÃO À ECONOMIA
11202021949;DA2ESTA002-17SA;CIRCUITOS ELÉTRICOS I
11202310077;DA1ESZR033-21SB;RELAÇÕES INTERNACIONAIS E ARTE
11202321658;NA1ESHR015-21SB;SEGURANÇA INTERNACIONAL
11202020070;NA1ESZU022-17SA;CIÊNCIAS ATMOSFÉRICAS
11202421670;DA1ESTG023-17SB;ORGANIZAÇÃO DO TRABALHO
11202130791;NANHBP010-23SA;ÓPTICA E RELATIVIDADE
11202212408;DA1ESHR005-13SB;ESTADO E DESENVOLVIMENTO ECONÔMICO NO BRASIL CONTEMPORÂNEO
11202212408;DA1ESHC012-21SB;ECONOMIA INSTITUCIONAL
11202230917;NANHH2026-13SB;FILOSOFIA NO BRASIL E NA AMÉRICA LATINA
11202410024;NB2BCM0506-15SA;COMUNICAÇÃO E REDES
11202421973;DA1BCN0405-15SB;INTRODUÇÃO ÀS EQUAÇÕES DIFERENCIAIS ORDINÁRIAS
11201922002;NA1BCN0407-15SB;FUNÇÕES DE VÁRIAS VARIÁVEIS
11201922002;NA1NHBQ008-22SA;FUNDAMENTOS DE REAÇÕES ORGÂNICAS
11202310012;DB1BCJ0205-15SA;FENÔMENOS TÉRMICOS
11202421873;NB2BIN0406-15SB;INTRODUÇÃO À PROBABILIDADE E À ESTATÍSTICA
11202420794;DA2BHQ0003-15SB;INTERPRETAÇÕES DO BRASIL
11202322130;NB2MCTB019-17SA;MATEMÁTICA DISCRETA
11202322019;NA1ESHR015-21SB;SEGURANÇA INTERNACIONAL
21082415;NB2BCJ0205-15SA;FENÔMENOS TÉRMICOS
11202321800;DA2ESMA002-23SB;INOVAÇÕES PARA ENGENHARIA
11201920317;NA1MCZB015-13SA;INTRODUÇÃO À CRIPTOGRAFIA
11202022024;NA1BCN0407-15SB;FUNÇÕES DE VÁRIAS VARIÁVEIS
11201920636;NA1ESTU031-17SA;RECUPERAÇÃO DE ÁREAS DEGRADADAS
11202021105;DA1ESZB022-17SA;INTRODUÇÃO À BIOINFORMÁTICA
11202321032;DA1ESHR029-21SB;ANÁLISE DE POLÍTICA EXTERNA
11202231406;NA1BCN0407-15SB;FUNÇÕES DE VÁRIAS VARIÁVEIS
11202321937;DA1LHZ0035-19SB;REGIÃO E REGIONALIZAÇÃO
11202232217;DA1BCM0506-15SA;COMUNICAÇÃO E REDES
11202322196;DA1ESEC002-24SB;ECONOMIA NAS ESCOLAS
11202320392;DA1ESTU027-17SA;FUNDAMENTOS DE GEOLOGIA PARA ENGENHARIA
11202421529;DC1BIS0003-15SA;BASES MATEMÁTICAS
11202421529;DA1BCM0505-22SB;PROCESSAMENTO DA INFORMAÇÃO
11201811499;NA1ESTS004-17SB;DESEMPENHO DE AERONAVES
11202130948;NANHZ1094-19SA;ESCRITA E LEITURA NA EDUCAÇÃO EM CIÊNCIAS
11202420218;NB1ESTA005-17SA;ANÁLISE DE SISITEMAS DINÂMICOS LINEARES
11201810864;NANHLP001-22SA;PRÁTICAS DE ENSINO DE FÍSICA I
11202231088;NA1ESZR024-21SB;CAPITALISMO, IMPERIALISMO E DEPENDÊNCIA
11201812027;NA1BCJ0205-15SB;FENÔMENOS TÉRMICOS
11202230650;NA1ESHT011-21SB;ANÁLISE DE DADOS PARA O PLANEJAMENTO TERRITORIAL
11202130853;DA1ESTO014-17SA;TERMODINÂMICA APLICADA I
11202130853;DB1ESTS018-17SB;TRANSFERÊNCIA DE CALOR APLICADA A SISTEMAS AEROESPACIAIS
11201822446;DA1NHH2023-16SB;FILOSOFIA DO ENSINO DE FILOSOFIA
11202021909;DA1NHT4041-15SA;QUÍMICA ORGÂNICA EXPERIMENTAL
11090016;NA1ESMA001-23SA;SOLUÇÕES PARA DESAFIOS EM ENGENHARIA
11202420438;DB1BCM0506-15SA;COMUNICAÇÃO E REDES
11083816;DA1ESTG019-17SB;TEMPOS, MÉTODOS E ARRANJOS FÍSICOS
11201920317;NAESIR002-23SA;LÓGICA PROGRAMÁVEL
11202420204;NB1BCN0405-15SB;INTRODUÇÃO ÀS EQUAÇÕES DIFERENCIAIS ORDINÁRIAS
11202421377;NC1ESTO006-17SA;MATERIAIS E SUAS PROPRIEDADES
11202230506;NA1ESTO004-17SB;INSTRUMENTAÇÃO E CONTROLE
11202321076;DA1ESHC907-18SB;MONOGRAFIA I - TÉCNICAS DE PESQUISA EM ECONOMIA
11202231309;DB1BIN0406-15SA;INTRODUÇÃO À PROBABILIDADE E À ESTATÍSTICA
11201922002;NA1ESTM006-17SA;MATERIAIS POLIMÉRICOS
11202321306;NB2BIR0004-15SB;BASES EPISTEMOLÓGICAS DA CIÊNCIA MODERNA
11202421491;DC1BIS0003-15SA;BASES MATEMÁTICAS
11202421491;DB1BCN0405-15SA;INTRODUÇÃO ÀS EQUAÇÕES DIFERENCIAIS ORDINÁRIAS
11202020158;NA1ESTO008-17SB;MECÂNICA DOS SÓLIDOS I
11202020158;NA1ESTG009-17SB;GESTÃO DE OPERAÇÕES
11202321504;NA2BIR0004-15SB;BASES EPISTEMOLÓGICAS DA CIÊNCIA MODERNA
11202321616;DA1ESTO013-17SB;ENGENHARIA ECONÔMICA
11202421127;DA1ESTO005-17SB;INTRODUÇÃO ÀS ENGENHARIAS
11202320716;DC1BIS0003-15SA;BASES MATEMÁTICAS
11202231111;NA1ESMA002-23SB;INOVAÇÕES PARA ENGENHARIA
11201922324;NANHZ2109-18SB;TEORIA DAS CIÊNCIAS HUMANAS
11202320997;DA3BCM0506-15SA;COMUNICAÇÃO E REDES
11202021715;NA1ESMA002-23SB;INOVAÇÕES PARA ENGENHARIA
11202131424;NANHH2026-13SB;FILOSOFIA NO BRASIL E NA AMÉRICA LATINA
11202322253;DANHZ3095-22SA;LITERATURA E ENSINO DE CIÊNCIAS
11081514;DA1ESZB010-17SB;PROCESSAMENTO DE IMAGENS MÉDICAS
11201810864;NAMCTD024-18SA;ANÁLISE NA EDUCAÇÃO BÁSICA
11202021736;NA1MCTA003-17SA;ANÁLISE DE ALGORITMOS
11103016;NA1ESTG009-17SB;GESTÃO DE OPERAÇÕES
11202111725;DA2NHZ2093-16SB;CORPO, SEXUALIDADE E QUESTÕES DE GÊNERO
11202420438;DB1BCJ0203-15SA;FENÔMENOS ELETROMAGNÉTICOS
11202130243;NB2BCJ0203-15SB;FENÔMENOS ELETROMAGNÉTICOS
11202130243;NANHH2010-18SB;ÉTICA CONTEMPORÂNEA
11202321146;DA1ESHT018-17SB;PLANEJAMENTO E POLÍTICA REGIONAL
11202230257;DA1ESEC002-24SB;ECONOMIA NAS ESCOLAS
11202130070;NA1BCN0407-15SB;FUNÇÕES DE VÁRIAS VARIÁVEIS
11202230764;NA1ESHR015-21SB;SEGURANÇA INTERNACIONAL
11202421727;DA1BCN0407-15SA;FUNÇÕES DE VÁRIAS VARIÁVEIS
11202212503;NA1ESZR017-14SB;REGIMES DE NEGOCIAÇÃO AMBIENTAL INTERNACIONAL E A ATUAÇÃO BRASILEIRA
11202421878;NB2BIN0406-15SB;INTRODUÇÃO À PROBABILIDADE E À ESTATÍSTICA
11202421878;NA1ESTO011-17SA;FUNDAMENTOS DE DESENHO TÉCNICO
11202021544;NAMCTD024-18SA;ANÁLISE NA EDUCAÇÃO BÁSICA
11201722344;NA7BCJ0203-15SA;FENÔMENOS ELETROMAGNÉTICOS
11202021715;NB2ESTO017-17SA;MÉTODOS EXPERIMENTAIS EM ENGENHARIA
11202410083;DA1ESHR024-14SB;HISTÓRIA DA POLÍTICA EXTERNA BRASILEIRA
11201921947;NA1ESTA007-17SA;ELETRÔNICA ANALÓGICA APLICADA
11202321297;NB2BCM0506-15SA;COMUNICAÇÃO E REDES
11202332412;DA1ESHR029-21SB;ANÁLISE DE POLÍTICA EXTERNA
11202321937;NA1NHLH008-24SB;REVOLUÇÕES E REGIMES AUTORITÁRIOS NA AMÉRICA LATINA CONTEMPORÂNEA
11202231269;DA1ESHP009-22SB;BUROCRACIA E IMPLEMENTAÇÃO DE POLÍTICAS PÚBLICAS
11202021391;DANHLP001-22SA;PRÁTICAS DE ENSINO DE FÍSICA I
11202111546;NA1ESTG009-17SB;GESTÃO DE OPERAÇÕES
11202231599;NA1NHLB002-23SA;PRÁTICAS DE ENSINO DE BIOLOGIA E APRENDIZAGEM
11202421778;NI1ESZR025-21SB;CONFLITOS, PAZ E NEGOCIAÇÃO INTERNACIONAL (PRÁTICA)
11202421778;NA1NHLH008-24SB;REVOLUÇÕES E REGIMES AUTORITÁRIOS NA AMÉRICA LATINA CONTEMPORÂNEA
11202321616;NA2ESTO001-17SB;CIRCUITOS ELÉTRICOS E FOTÔNICA
11202321616;DA1ESTO012-17SB;PRINCÍPIOS DE ADMINISTRAÇÃO
11202231480;NA1NHZ2051-11SB;PENSAMENTO HEGELIANO E SEUS DESDOBRAMENTOS CONTEMPORÂNEOS
11202131373;NB2BCM0506-15SA;COMUNICAÇÃO E REDES
11202332428;DD3BCS0001-15SA;BASE EXPERIMENTAL DAS CIÊNCIAS NATURAIS
11202332428;DA1ESTE004-17SA;ENERGIA, MEIO AMBIENTE E SOCIEDADE
11202210046;NB1ESTO017-17SA;MÉTODOS EXPERIMENTAIS EM ENGENHARIA
11202111306;NA1MCZB015-13SA;INTRODUÇÃO À CRIPTOGRAFIA
11202421619;DA1ESHR005-13SB;ESTADO E DESENVOLVIMENTO ECONÔMICO NO BRASIL CONTEMPORÂNEO
11202421619;DA1ESHR028-21SB;REGIME INTERNACIONAL DOS DIREITOS HUMANOS
11202410083;NA1ESHR015-21SB;SEGURANÇA INTERNACIONAL
11202130948;NA1MCTA003-17SA;ANÁLISE DE ALGORITMOS
11202321017;NA1ESHT020-17SB;POLÍTICA METROPOLITANA
11202422006;DA1ESTO012-17SB;PRINCÍPIOS DE ADMINISTRAÇÃO
11202231415;DA1BCK0104-15SA;INTERAÇÕES ATÔMICAS E MOLECULARES
11202020434;DAMCTD024-18SA;ANÁLISE NA EDUCAÇÃO BÁSICA
11202231513;DA2BIR0004-15SB;BASES EPISTEMOLÓGICAS DA CIÊNCIA MODERNA
11202231513;NB1BIQ0602-15SB;ESTRUTURA E DINÂMICA SOCIAL
11202111813;DB3BCM0505-22SA;PROCESSAMENTO DA INFORMAÇÃO
11202130904;DA1ESTO012-17SB;PRINCÍPIOS DE ADMINISTRAÇÃO
11202021105;DA1ESZU022-17SA;CIÊNCIAS ATMOSFÉRICAS
11202021105;DA1ESMA001-23SA;SOLUÇÕES PARA DESAFIOS EM ENGENHARIA
11202322102;NA1MCZA046-17SA;SEMÂNTICA DE LINGUAGEM DE PROGRAMAÇÃO
11202321720;NANHZ2143-18SB;TEMAS DE FILOSOFIA MODERNA II
11202021319;DC1ESMA001-23SA;SOLUÇÕES PARA DESAFIOS EM ENGENHARIA
11202021354;NA1ESTE030-17SA;ENGENHARIA DE PETRÓLEO E GÁS
11202420406;DA1ESBM009-23SB;SENSORES BIOMÉDICOS
11201722794;NA1ESTS018-17SB;TRANSFERÊNCIA DE CALOR APLICADA A SISTEMAS AEROESPACIAIS
11201920811;NAMCZD001-18SA;DIDÁTICA DA MATEMÁTICA
11201812215;DA1NHLH001-24SB;ANTIGUIDADES E USOS DO PASSADO
11202310104;NA1NHLQ001-22SA;EXPERIMENTAÇÃO E ENSINO DE QUÍMICA
11202420723;DA1ESHC031-17SB;MACROECONOMIA PÓS-KEYNESIANA
11201822547;NA1ESZB005-17SB;INTRODUÇÃO À BIOTECNOLOGIA
11202231548;DA1NHLH001-24SB;ANTIGUIDADES E USOS DO PASSADO
11202332356;NA1ESTG009-17SB;GESTÃO DE OPERAÇÕES
11202230307;DA1ESMA002-23SB;INOVAÇÕES PARA ENGENHARIA
11202230307;NB1ESBM009-23SB;SENSORES BIOMÉDICOS
11202421502;DA1ESZB021-17SB;INTRODUÇÃO À ENGENHARIA BIOMÉDICA
11202021176;NA1MCTA003-17SA;ANÁLISE DE ALGORITMOS
11202420170;NA3BCM0505-22SA;PROCESSAMENTO DA INFORMAÇÃO
11202432379;DA1ESHC031-17SB;MACROECONOMIA PÓS-KEYNESIANA
11202020053;NA2ESTO004-17SB;INSTRUMENTAÇÃO E CONTROLE
11202322137;NA3BCM0505-22SA;PROCESSAMENTO DA INFORMAÇÃO
11202320836;DB2ESTO017-17SA;MÉTODOS EXPERIMENTAIS EM ENGENHARIA
11202130881;NA1ESZR024-21SB;CAPITALISMO, IMPERIALISMO E DEPENDÊNCIA
11202021541;DA1LHT1002-19SB;ESTÁGIO SUPERVISIONADO EM CH II
11202021541;DANHH2026-13SB;FILOSOFIA NO BRASIL E NA AMÉRICA LATINA
11202021507;NA2BCS0002-15SA;PROJETO DIRIGIDO
11202021507;NA1MCZB015-13SA;INTRODUÇÃO À CRIPTOGRAFIA
11202021507;NA3MCTA024-13SA;SISTEMAS DIGITAIS
13201910022;NA1ESHT020-17SB;POLÍTICA METROPOLITANA
11201920926;DB1BIR0603-15SB;CIÊNCIA, TECNOLOGIA E SOCIEDADE
11202230328;NAMCNC002-23SB;NEUROCIÊNCIA TEÓRICA E COMPUTACIONAL
21062314;NA1MCTA003-17SA;ANÁLISE DE ALGORITMOS
11202111067;NA1BCJ0203-15SB;FENÔMENOS ELETROMAGNÉTICOS
11202130798;NA1NHZ2051-11SB;PENSAMENTO HEGELIANO E SEUS DESDOBRAMENTOS CONTEMPORÂNEOS
11202020616;NA1NHLH008-24SB;REVOLUÇÕES E REGIMES AUTORITÁRIOS NA AMÉRICA LATINA CONTEMPORÂNEA
11202022109;NA1ESMA001-23SA;SOLUÇÕES PARA DESAFIOS EM ENGENHARIA
11201921225;NANHH2026-13SB;FILOSOFIA NO BRASIL E NA AMÉRICA LATINA
11202432398;NA1BIQ0602-15SB;ESTRUTURA E DINÂMICA SOCIAL
11202421034;NA1ESHT017-17SB;PLANEJAMENTO E POLÍTICA AMBIENTAL
11202420997;NC1ESTI016-17SA;FUNDAMENTOS DE FOTÔNICA
11201920394;DA1NHT4073-15SA;LIVROS DIDÁTICOS NO ENSINO DE QUÍMICA
11202322284;NA1ESHT017-17SB;PLANEJAMENTO E POLÍTICA AMBIENTAL
11201932558;DA1MCTA024-13SA;SISTEMAS DIGITAIS
11202111631;DA1BCS0002-15SA;PROJETO DIRIGIDO
11202422197;DA3BCM0506-15SA;COMUNICAÇÃO E REDES
11202321090;DA1ESHC032-17SB;MACROECONOMIA II
11202321699;DB3BCJ0203-15SA;FENÔMENOS ELETROMAGNÉTICOS
11202420678;NA1ESHT011-21SB;ANÁLISE DE DADOS PARA O PLANEJAMENTO TERRITORIAL
11202020969;DA2ESMA001-23SA;SOLUÇÕES PARA DESAFIOS EM ENGENHARIA
11202332369;NA1ESTG014-17SB;PLANEJAMENTO E CONTROLE DA PRODUÇÃO
11201920531;DA1ESTG023-17SB;ORGANIZAÇÃO DO TRABALHO
11202212451;NB2ESTO006-17SA;MATERIAIS E SUAS PROPRIEDADES
11202212451;NAESIR002-23SA;LÓGICA PROGRAMÁVEL
11202020072;NA1NHT1069-15SA;FISIOLOGIA VEGETAL I
11202420551;DA1ESTU025-17SA;AVALIAÇÃO DE IMPACTOS AMBIENTAIS
11202420551;DA1NHBT001-23SA;BIOLOGIA SINTÉTICA
11202320534;DA1ESTU025-17SA;AVALIAÇÃO DE IMPACTOS AMBIENTAIS
11202231337;NAESZE099-17SA;TERMO HIDRÁULICA DE REATORES NUCLEARES
11202322013;NANHH2040-13SB;HISTÓRIA DA FILOSOFIA MODERNA: O ILUMINISMO E SEUS DESDOBRAMENTOS
11202322013;NA1ESHC027-21SB;ECONOMIA MATEMÁTICA
11202021263;DA1ESTO008-17SA;MECÂNICA DOS SÓLIDOS I
11202021263;DA1NHBQ008-22SA;FUNDAMENTOS DE REAÇÕES ORGÂNICAS
11202231694;DA3BCM0506-15SA;COMUNICAÇÃO E REDES
11201721655;NA1ESHC029-21SB;MICROECONOMIA III
11202421850;NAESIR002-23SA;LÓGICA PROGRAMÁVEL
11202422049;NA2ESTU009-17SA;HIDROLOGIA
11202230921;NANHZ2143-18SB;TEMAS DE FILOSOFIA MODERNA II
11202420635;DA1ESHR005-13SB;ESTADO E DESENVOLVIMENTO ECONÔMICO NO BRASIL CONTEMPORÂNEO
11021816;NA1ESTO004-17SB;INSTRUMENTAÇÃO E CONTROLE
11202111790;NB1ESTU028-17SA;HIDRÁULICA DE CONDUTOS FORÇADOS
11202111790;NB1LCT1003-24SA;ESTÁGIO III NO ENSINO FUNDAMENTAL
11202420404;DA1NHT1071-15SA;PRÁTICAS DE ECOLOGIA
11202230472;DA1ESZG017-17SB;CLIMA E CULTURA ORGANIZACIONAL
11202230859;NA1ESZP002-13SB;INSTITUIÇÕES JUDICIAIS E POLÍTICAS PÚBLICAS
13201812297;DA2NHZ2093-16SB;CORPO, SEXUALIDADE E QUESTÕES DE GÊNERO
11202232300;DA1ESZU025-17SA;EDUCAÇÃO AMBIENTAL
11202020759;DA3BCM0506-15SA;COMUNICAÇÃO E REDES
11202410078;DA1ESHR015-21SB;SEGURANÇA INTERNACIONAL
11202022190;NA1ESTO008-17SA;MECÂNICA DOS SÓLIDOS I
11202020905;NB1ESTO011-17SA;FUNDAMENTOS DE DESENHO TÉCNICO
11202230926;NA1ESTU027-17SA;FUNDAMENTOS DE GEOLOGIA PARA ENGENHARIA
11202230926;DA1ESTU039-17SA;REGULAÇÃO AMBIENTAL E URBANÍSTICA
11202321388;NB1BCJ0203-15SB;FENÔMENOS ELETROMAGNÉTICOS
11202320910;DA1ESHR028-21SB;REGIME INTERNACIONAL DOS DIREITOS HUMANOS
11202321789;DAMCTD024-18SA;ANÁLISE NA EDUCAÇÃO BÁSICA
11202421184;DA1BCL0307-15SA;TRANSFORMAÇÕES QUÍMICAS
11202421418;DA2ESTO006-17SA;MATERIAIS E SUAS PROPRIEDADES
11202131388;NANHZ3010-15SA;FÍSICA COMPUTACIONAL
11085115;NA1ESHR015-21SB;SEGURANÇA INTERNACIONAL
11202111047;DA1ESZU022-17SA;CIÊNCIAS ATMOSFÉRICAS
11202230683;NA1ESTO017-17SA;MÉTODOS EXPERIMENTAIS EM ENGENHARIA
11202230926;NA1ESZU003-17SA;CONTAMINAÇÃO E REMEDIAÇÃO DE SOLOS
11202111171;DB2BCM0505-22SB;PROCESSAMENTO DA INFORMAÇÃO
11201921509;NA1ESTB013-17SB;BIOSSEGURANÇA
11201720666;NA3BCM0505-22SA;PROCESSAMENTO DA INFORMAÇÃO
11202231168;NA1ESMA002-23SB;INOVAÇÕES PARA ENGENHARIA
11202212503;DA1ESZR033-21SB;RELAÇÕES INTERNACIONAIS E ARTE
11202130244;NB1ESTO011-17SA;FUNDAMENTOS DE DESENHO TÉCNICO
11202420489;NA1NHT5013-22SA;PRÁTICAS DE ENSINO DE CIÊNCIAS E MATEMÁTICA NO ENSINO FUNDAMENTAL
11202320198;DA1ESTO001-17SB;CIRCUITOS ELÉTRICOS E FOTÔNICA
11202320198;NA2ESTO004-17SB;INSTRUMENTAÇÃO E CONTROLE
11202310035;NA1ESHC907-18SB;MONOGRAFIA I - TÉCNICAS DE PESQUISA EM ECONOMIA
11202332413;NB1BCJ0205-15SB;FENÔMENOS TÉRMICOS
11202421792;DC1BIS0003-15SA;BASES MATEMÁTICAS
11202232155;DA1ESTO015-17SA;MECÂNICA DOS FLUIDOS I
11202421761;NA1ESZU022-17SA;CIÊNCIAS ATMOSFÉRICAS
11201920444;NA1BCN0407-15SB;FUNÇÕES DE VÁRIAS VARIÁVEIS
11201920612;NB1BCN0407-15SB;FUNÇÕES DE VÁRIAS VARIÁVEIS
11202320718;NB3BCM0506-15SA;COMUNICAÇÃO E REDES
11202130236;NANHZ1094-19SA;ESCRITA E LEITURA NA EDUCAÇÃO EM CIÊNCIAS
11202020567;NA1NHT1072-15SA;ECOLOGIA COMPORTAMENTAL
11202230817;DA1BCJ0205-15SA;FENÔMENOS TÉRMICOS
11202230817;DA1BCN0407-15SB;FUNÇÕES DE VÁRIAS VARIÁVEIS
11201720344;NA1ESHP009-22SB;BUROCRACIA E IMPLEMENTAÇÃO DE POLÍTICAS PÚBLICAS
11202420520;DB1BIN0406-15SA;INTRODUÇÃO À PROBABILIDADE E À ESTATÍSTICA
11202131270;DB1BIN0406-15SA;INTRODUÇÃO À PROBABILIDADE E À ESTATÍSTICA
11201812131;DA1ESGE009-23SB;TÓPICOS EM ENGENHARIA DE PRODUÇÃO NA INDÚSTRIA DE ALIMENTOS
11202111145;DA1ESTG010-17SB;INOVAÇÃO TECNOLÓGICA
11202310056;DA1BHO1102-19SB;INTRODUÇÃO À ECONOMIA
11202230442;NA2BIR0004-15SB;BASES EPISTEMOLÓGICAS DA CIÊNCIA MODERNA
11202332327;NA1ESHT020-17SB;POLÍTICA METROPOLITANA
11201722463;NA2BCJ0205-15SB;FENÔMENOS TÉRMICOS
11201920279;NAMCTD024-18SA;ANÁLISE NA EDUCAÇÃO BÁSICA
11202421440;NB1BCN0407-15SB;FUNÇÕES DE VÁRIAS VARIÁVEIS
11202421440;NB2BIN0406-15SB;INTRODUÇÃO À PROBABILIDADE E À ESTATÍSTICA
11202332413;NB1ESTO006-17SA;MATERIAIS E SUAS PROPRIEDADES
11201822525;NA1BCN0407-15SB;FUNÇÕES DE VÁRIAS VARIÁVEIS
11201822525;NANHT3070-15SA;ELETROMAGNETISMO I
11202130767;NANHH2019-13SB;FILOSOFIA DA LINGUAGEM
11202022081;NA1ESTU027-17SA;FUNDAMENTOS DE GEOLOGIA PARA ENGENHARIA
11201810526;NA2BCJ0203-15SB;FENÔMENOS ELETROMAGNÉTICOS
11202020415;DB1BIQ0602-15SB;ESTRUTURA E DINÂMICA SOCIAL
11202020409;NA1BCJ0203-15SB;FENÔMENOS ELETROMAGNÉTICOS
11202310064;NA1ESZC022-17SB;TÓPICOS AVANÇADOS EM DESENVOLVIMENTO SOCIOECONÔMICO
11202321505;DA1ESEC002-24SB;ECONOMIA NAS ESCOLAS
11202332371;NB1ESMA001-23SA;SOLUÇÕES PARA DESAFIOS EM ENGENHARIA
11202020505;DA1ESTI020-17SA;TEORIA DE FILAS E ANÁLISE DE DESEMPENHO
11202420510;NA2BIR0004-15SB;BASES EPISTEMOLÓGICAS DA CIÊNCIA MODERNA
11202420510;NB1BIQ0602-15SB;ESTRUTURA E DINÂMICA SOCIAL
11059515;NB1LCT1001-24SA;ESTÁGIO I NO ENSINO FUNDAMENTAL
11202421785;DA1ESHC032-17SB;MACROECONOMIA II
11202112006;NANHZ2109-18SB;TEORIA DAS CIÊNCIAS HUMANAS
11202231574;NA1ESHP021-13SB;TRAJETÓRIAS DAS POLÍTICAS DE CT&I NO BRASIL
11201922409;NANHH2010-18SB;ÉTICA CONTEMPORÂNEA
11202420257;DA3BCM0506-15SA;COMUNICAÇÃO E REDES
11202021319;DA2ESTO017-17SB;MÉTODOS EXPERIMENTAIS EM ENGENHARIA
11201811349;NB1BCJ0203-15SB;FENÔMENOS ELETROMAGNÉTICOS
11202420257;DA9BCS0001-15SA;BASE EXPERIMENTAL DAS CIÊNCIAS NATURAIS
11202432407;DB2ESTO006-17SA;MATERIAIS E SUAS PROPRIEDADES
11202432407;DA1NHT4041-15SA;QUÍMICA ORGÂNICA EXPERIMENTAL
11201810526;NB1BCN0407-15SB;FUNÇÕES DE VÁRIAS VARIÁVEIS
11202322081;NA1ESHT020-17SB;POLÍTICA METROPOLITANA
11202322081;NA1ESZC022-17SB;TÓPICOS AVANÇADOS EM DESENVOLVIMENTO SOCIOECONÔMICO
11202021319;DAMCZC018-20SB;PSICOPATOLOGIA
11201822390;NB1BCN0407-15SB;FUNÇÕES DE VÁRIAS VARIÁVEIS
11202111631;DA1ESZU025-17SA;EDUCAÇÃO AMBIENTAL
11202320518;NB2BIN0406-15SB;INTRODUÇÃO À PROBABILIDADE E À ESTATÍSTICA
11202230431;DA1ESTI003-17SB;TRANSFORMADAS EM SINAIS E SISTEMAS LINEARES
11202421740;DA1BCJ0205-15SA;FENÔMENOS TÉRMICOS
11202421740;DA1NHT1072-15SA;ECOLOGIA COMPORTAMENTAL
11202321385;NA1BIQ0602-15SB;ESTRUTURA E DINÂMICA SOCIAL
11201921080;NB2MCTB019-17SA;MATEMÁTICA DISCRETA
11201722790;DA1ESZG043-17SB;PROJETO VIRTUAL E INTEGRADO DE MANUFATURA
11202310047;NB2BIN0406-15SB;INTRODUÇÃO À PROBABILIDADE E À ESTATÍSTICA
11201921933;DA1ESHR005-13SB;ESTADO E DESENVOLVIMENTO ECONÔMICO NO BRASIL CONTEMPORÂNEO
11202420259;DA2BHQ0003-15SB;INTERPRETAÇÕES DO BRASIL
11202020813;NA1ESTA017-17SA;LABORATÓRIO DE MÁQUINAS ELÉTRICAS
11201920750;DB1ESTA008-17SA;SISTEMAS DE CONTROLE II
11202332426;NA1ESHR015-21SB;SEGURANÇA INTERNACIONAL
11202111162;NA7BCJ0203-15SA;FENÔMENOS ELETROMAGNÉTICOS
11202321759;DA1ESHR019-21SB;CHINA NAS RELAÇÕES INTERNACIONAIS
11202231880;DA1ESHC012-21SB;ECONOMIA INSTITUCIONAL
11202321884;NB2MCTB019-17SA;MATEMÁTICA DISCRETA
11201932558;NA7BCJ0203-15SA;FENÔMENOS ELETROMAGNÉTICOS
11202321011;NB1ESMA001-23SA;SOLUÇÕES PARA DESAFIOS EM ENGENHARIA
11202320473;DA1BHO1102-19SB;INTRODUÇÃO À ECONOMIA
11202520277;NB2MCTB019-17SA;MATEMÁTICA DISCRETA
11202320580;NA1BCS0002-15SB;PROJETO DIRIGIDO
11202322239;DA1BCS0002-15SA;PROJETO DIRIGIDO
11202332356;NC1ESTO006-17SA;MATERIAIS E SUAS PROPRIEDADES
11202421446;DA1BCJ0203-15SA;FENÔMENOS ELETROMAGNÉTICOS
11202421446;DA1BIN0406-15SA;INTRODUÇÃO À PROBABILIDADE E À ESTATÍSTICA
11202421446;DA1BCN0405-15SB;INTRODUÇÃO ÀS EQUAÇÕES DIFERENCIAIS ORDINÁRIAS
11201921003;NA1MCTA003-17SA;ANÁLISE DE ALGORITMOS
11202320488;NB1ESMA001-23SA;SOLUÇÕES PARA DESAFIOS EM ENGENHARIA
11202231390;NA1ESZR024-21SB;CAPITALISMO, IMPERIALISMO E DEPENDÊNCIA
11202020180;NA2ESTA007-17SA;ELETRÔNICA ANALÓGICA APLICADA
11202020180;NA2ESTA003-17SA;SISTEMAS DE CONTROLE I
11202420674;DA1BCN0407-15SA;FUNÇÕES DE VÁRIAS VARIÁVEIS
11202420847;NA1NHLQ002-22SA;PRÁTICAS DE ENSINO DE QUÍMICA I
11202432398;NB2BIR0004-15SB;BASES EPISTEMOLÓGICAS DA CIÊNCIA MODERNA
11202321385;NI1ESHR028-21SB;REGIME INTERNACIONAL DOS DIREITOS HUMANOS
11202111591;DANHH2019-13SB;FILOSOFIA DA LINGUAGEM
11202232121;NA1LHT1007-19SB;ESTÁGIO SUPERVISIONADO EM CH VII
11202231037;NA4MCTA024-13SA;SISTEMAS DIGITAIS
11202321597;DA1ESZS004-17SB;AVIÔNICA
11202232267;DAMCZC018-20SB;PSICOPATOLOGIA
11202230758;NA1ESZR024-21SB;CAPITALISMO, IMPERIALISMO E DEPENDÊNCIA
11202321222;NA1ESHT018-17SB;PLANEJAMENTO E POLÍTICA REGIONAL
11202212498;NB1LCT1001-24SA;ESTÁGIO I NO ENSINO FUNDAMENTAL
11202130245;NA1ESHT020-17SB;POLÍTICA METROPOLITANA
11202020444;DA1NHZ1051-13SB;VIROLOGIA
11202422075;DA2BHQ0003-15SB;INTERPRETAÇÕES DO BRASIL
11201722790;DA1ESTG023-17SB;ORGANIZAÇÃO DO TRABALHO
11202321361;DA1ESHC031-17SB;MACROECONOMIA PÓS-KEYNESIANA
11202232113;NA1ESZM034-17SA;DESIGN DE DISPOSITIVOS
11202322125;NA1ESHT018-17SB;PLANEJAMENTO E POLÍTICA REGIONAL
11202320883;NA2ESTO017-17SB;MÉTODOS EXPERIMENTAIS EM ENGENHARIA
11202022155;DD1BCS0001-15SA;BASE EXPERIMENTAL DAS CIÊNCIAS NATURAIS
11202022155;NA2BCJ0203-15SB;FENÔMENOS ELETROMAGNÉTICOS
11201723118;DC1BIS0003-15SA;BASES MATEMÁTICAS
11201920723;DA2BHO0102-15SB;DESENVOLVIMENTO E SUSTENTABILIDADE
11202131904;DC1BIS0003-15SA;BASES MATEMÁTICAS
11202321309;DB1BCS0002-15SB;PROJETO DIRIGIDO
11202022144;ND2BCS0001-15SA;BASE EXPERIMENTAL DAS CIÊNCIAS NATURAIS
11202321699;NB3BCM0506-15SA;COMUNICAÇÃO E REDES
11202320518;NA1ESGE007-23SB;GESTÃO AMBIENTAL EMPRESARIAL
11202321361;DA1ESHC018-17SB;FORMAÇÃO ECONÔMICA DO BRASIL
11202111737;DA1ESZB022-17SA;INTRODUÇÃO À BIOINFORMÁTICA
11202320993;DA1NHT4073-15SA;LIVROS DIDÁTICOS NO ENSINO DE QUÍMICA
11202420663;DB2ESTO006-17SA;MATERIAIS E SUAS PROPRIEDADES
11202231489;NA2BCM0506-15SA;COMUNICAÇÃO E REDES
11201921394;NI1ESZR025-21SB;CONFLITOS, PAZ E NEGOCIAÇÃO INTERNACIONAL (PRÁTICA)
11202322040;DA2BHQ0003-15SB;INTERPRETAÇÕES DO BRASIL
11201921807;NA1ESTO004-17SA;INSTRUMENTAÇÃO E CONTROLE
11202230828;NA1ESTM003-17SA;TÓPICOS COMPUTACIONAIS EM MATERIAIS
11201920389;NA1ESTO015-17SB;MECÂNICA DOS FLUIDOS I
11202021047;NA1MCTA025-13SA;SISTEMAS DISTRIBUÍDOS
11202510063;ND2BCS0001-15SA;BASE EXPERIMENTAL DAS CIÊNCIAS NATURAIS
11202421569;NAMCTD024-18SA;ANÁLISE NA EDUCAÇÃO BÁSICA
11202230933;DA1BCJ0203-15SB;FENÔMENOS ELETROMAGNÉTICOS
11202421311;NA1NHLH008-24SB;REVOLUÇÕES E REGIMES AUTORITÁRIOS NA AMÉRICA LATINA CONTEMPORÂNEA
11202422222;NB1BIQ0602-15SB;ESTRUTURA E DINÂMICA SOCIAL
11202130245;NANHH2010-18SB;ÉTICA CONTEMPORÂNEA
11202230747;NANHBP010-23SA;ÓPTICA E RELATIVIDADE
11202420969;NA1BCN0407-15SB;FUNÇÕES DE VÁRIAS VARIÁVEIS
11202020969;NA1ESZM034-17SA;DESIGN DE DISPOSITIVOS
11201723118;DB1BIN0406-15SA;INTRODUÇÃO À PROBABILIDADE E À ESTATÍSTICA
11202321414;DAMCZC018-20SB;PSICOPATOLOGIA
11202322033;NA1ESZU003-17SA;CONTAMINAÇÃO E REMEDIAÇÃO DE SOLOS
11201720668;NAMCZD001-18SA;DIDÁTICA DA MATEMÁTICA
11202021557;DA1ESZG017-17SB;CLIMA E CULTURA ORGANIZACIONAL
11202320891;DA1ESHC032-17SB;MACROECONOMIA II
11202320997;DA1BCJ0203-15SB;FENÔMENOS ELETROMAGNÉTICOS
11202020227;NANHH2026-13SB;FILOSOFIA NO BRASIL E NA AMÉRICA LATINA
11202021282;DA1ESGE009-23SB;TÓPICOS EM ENGENHARIA DE PRODUÇÃO NA INDÚSTRIA DE ALIMENTOS
11202320785;NA3BCM0506-15SA;COMUNICAÇÃO E REDES
11202231228;NB1ESTO006-17SB;MATERIAIS E SUAS PROPRIEDADES
11201921048;NA1ESTO008-17SA;MECÂNICA DOS SÓLIDOS I
11202421763;NB2BCM0506-15SA;COMUNICAÇÃO E REDES
11201811965;DA1ESGE009-23SB;TÓPICOS EM ENGENHARIA DE PRODUÇÃO NA INDÚSTRIA DE ALIMENTOS
11202432337;DA1ESMA002-23SB;INOVAÇÕES PARA ENGENHARIA
11201921888;NB2BCN0405-15SA;INTRODUÇÃO ÀS EQUAÇÕES DIFERENCIAIS ORDINÁRIAS
11202320906;DA1ESHR019-21SB;CHINA NAS RELAÇÕES INTERNACIONAIS
11202231112;NA1ESZR017-14SB;REGIMES DE NEGOCIAÇÃO AMBIENTAL INTERNACIONAL E A ATUAÇÃO BRASILEIRA
11201811687;NA2BIR0004-15SB;BASES EPISTEMOLÓGICAS DA CIÊNCIA MODERNA
11202320877;NANHZ3010-15SA;FÍSICA COMPUTACIONAL
11202420280;DC1ESTO005-17SA;INTRODUÇÃO ÀS ENGENHARIAS
11202231719;DB1BCJ0203-15SA;FENÔMENOS ELETROMAGNÉTICOS
11202130342;DA1ESHR019-21SB;CHINA NAS RELAÇÕES INTERNACIONAIS
11202420221;NA1MCTA003-17SA;ANÁLISE DE ALGORITMOS
11202420221;NA1MCZB015-13SA;INTRODUÇÃO À CRIPTOGRAFIA
11201922326;DA1MCZA020-13SA;PROGRAMAÇÃO PARALELA
11202321822;NA4BCJ0203-15SB;FENÔMENOS ELETROMAGNÉTICOS
21034213;DA1ESHC031-17SB;MACROECONOMIA PÓS-KEYNESIANA
11201812160;NA1ESHC907-18SB;MONOGRAFIA I - TÉCNICAS DE PESQUISA EM ECONOMIA
11202231694;NA2BCM0505-22SB;PROCESSAMENTO DA INFORMAÇÃO
11201920684;DA1ESZB021-17SB;INTRODUÇÃO À ENGENHARIA BIOMÉDICA
11201921732;NA1BCN0407-15SB;FUNÇÕES DE VÁRIAS VARIÁVEIS
11202421978;DA1BIN0406-15SA;INTRODUÇÃO À PROBABILIDADE E À ESTATÍSTICA
11202332414;DA9BIS0005-15SA;BASES COMPUTACIONAIS DA CIÊNCIA
11202332414;DA2BHQ0003-15SB;INTERPRETAÇÕES DO BRASIL
11202310096;NA1BCN0407-15SB;FUNÇÕES DE VÁRIAS VARIÁVEIS
11202322029;DA1ESHC032-17SB;MACROECONOMIA II
11202130670;NA1ESHP021-13SB;TRAJETÓRIAS DAS POLÍTICAS DE CT&I NO BRASIL
11202321602;NA1ESZU022-17SA;CIÊNCIAS ATMOSFÉRICAS
11202230834;NA1ESHT020-17SB;POLÍTICA METROPOLITANA
11201921894;NA1ESHT012-17SB;MOBILIZAÇÃO PRODUTIVA DOS TERRITÓRIOS E DESENVOLVIMENTO LOCAL
11201810573;NI1ESHR028-21SB;REGIME INTERNACIONAL DOS DIREITOS HUMANOS
11201810573;NA1ESHR015-21SB;SEGURANÇA INTERNACIONAL
11201722870;NA1ESTU009-17SA;HIDROLOGIA
11201812275;NA1ESZU022-17SA;CIÊNCIAS ATMOSFÉRICAS
11202021656;NA1ESGE007-23SB;GESTÃO AMBIENTAL EMPRESARIAL
11202320684;NA1ESHT018-17SB;PLANEJAMENTO E POLÍTICA REGIONAL
11202020794;NAMCTD009-18SA;GEOMETRIA PLANA AXIOMÁTICA
11202021861;NA1ESHP007-13SB;FEDERALISMO E POLÍTICAS PÚBLICAS
11202421590;NA2BCS0002-15SA;PROJETO DIRIGIDO
11202231020;NA1BIQ0602-15SB;ESTRUTURA E DINÂMICA SOCIAL
11202231020;NA1MCTA003-17SA;ANÁLISE DE ALGORITMOS
11202421021;DA1BIN0406-15SA;INTRODUÇÃO À PROBABILIDADE E À ESTATÍSTICA
11202332338;DA1BCS0002-15SA;PROJETO DIRIGIDO
11201811687;NA1ESHT018-17SB;PLANEJAMENTO E POLÍTICA REGIONAL
11202311988;NA1ESZR024-21SB;CAPITALISMO, IMPERIALISMO E DEPENDÊNCIA
11013316;NA1MCZB015-13SA;INTRODUÇÃO À CRIPTOGRAFIA
11202231083;DAMCTC009-15SB;PROGRESSOS E MÉTODOS EM NEUROCIÊNCIA
11201921732;NA1ESHC029-21SB;MICROECONOMIA III
11202232241;NB1BCJ0203-15SB;FENÔMENOS ELETROMAGNÉTICOS
11202232241;NB1BCN0405-15SB;INTRODUÇÃO ÀS EQUAÇÕES DIFERENCIAIS ORDINÁRIAS
11202021202;DA1NHLB002-23SA;PRÁTICAS DE ENSINO DE BIOLOGIA E APRENDIZAGEM
11202320353;DA2BCJ0203-15SA;FENÔMENOS ELETROMAGNÉTICOS
11202320353;DA1BIN0406-15SA;INTRODUÇÃO À PROBABILIDADE E À ESTATÍSTICA
11202322104;NB1ESTO006-17SA;MATERIAIS E SUAS PROPRIEDADES
11202131227;NB1ESTO017-17SA;MÉTODOS EXPERIMENTAIS EM ENGENHARIA
11202421118;NA2ESTO005-17SB;INTRODUÇÃO ÀS ENGENHARIAS
11202521202;NA1ESTM013-17SA;SELEÇÃO DE MATERIAIS
11202510086;NA1ESZP002-13SB;INSTITUIÇÕES JUDICIAIS E POLÍTICAS PÚBLICAS
11202020140;NA1ESTI002-17SA;ELETRÔNICA DIGITAL
11202321243;NAMCTC009-15SB;PROGRESSOS E MÉTODOS EM NEUROCIÊNCIA
11202420754;DA1BCJ0203-15SB;FENÔMENOS ELETROMAGNÉTICOS
11202232351;DA1ESAE002-23SA;DESENHO UNIVERSAL E TECNOLOGIA ASSISTIVA
11202020226;NA1ESTU027-17SA;FUNDAMENTOS DE GEOLOGIA PARA ENGENHARIA
11202320493;DA1ESTO013-17SB;ENGENHARIA ECONÔMICA
11202230834;NA1NHLH008-24SB;REVOLUÇÕES E REGIMES AUTORITÁRIOS NA AMÉRICA LATINA CONTEMPORÂNEA
11201721697;NA1BCN0407-15SB;FUNÇÕES DE VÁRIAS VARIÁVEIS
11201810458;NA1ESTO016-17SA;FENÔMENOS DE TRANSPORTE
11202212531;DA1ESZU022-17SA;CIÊNCIAS ATMOSFÉRICAS
11201811917;NI1ESZR025-21SB;CONFLITOS, PAZ E NEGOCIAÇÃO INTERNACIONAL (PRÁTICA)
11202420374;DB1BIN0406-15SA;INTRODUÇÃO À PROBABILIDADE E À ESTATÍSTICA
11202231011;DB4BCJ0203-15SA;FENÔMENOS ELETROMAGNÉTICOS
11202130498;NI1ESZR025-21SB;CONFLITOS, PAZ E NEGOCIAÇÃO INTERNACIONAL (PRÁTICA)
11202422099;NC1ESTO006-17SA;MATERIAIS E SUAS PROPRIEDADES
11201920172;NB1ESTO017-17SA;MÉTODOS EXPERIMENTAIS EM ENGENHARIA
11202410104;DA1BCN0405-15SB;INTRODUÇÃO ÀS EQUAÇÕES DIFERENCIAIS ORDINÁRIAS
11202410104;DA1ESEC002-24SB;ECONOMIA NAS ESCOLAS
11202410104;DAMCZC018-20SB;PSICOPATOLOGIA
11201810573;NI1ESZR025-21SB;CONFLITOS, PAZ E NEGOCIAÇÃO INTERNACIONAL (PRÁTICA)
11201922343;DA1ESTI006-17SA;PROCESSAMENTO DIGITAL DE SINAIS
11202230799;NA1ESTG009-17SB;GESTÃO DE OPERAÇÕES
11201921267;NB2MCTB019-17SA;MATEMÁTICA DISCRETA
11201932455;NA1ESHC027-21SB;ECONOMIA MATEMÁTICA
11201822474;NA1ESZU022-17SA;CIÊNCIAS ATMOSFÉRICAS
11202232301;DAMCNC002-23SB;NEUROCIÊNCIA TEÓRICA E COMPUTACIONAL
11201921423;NA1ESTB013-17SB;BIOSSEGURANÇA
11202421166;NA3MCTA024-13SA;SISTEMAS DIGITAIS
11202432353;DB9BCS0001-15SA;BASE EXPERIMENTAL DAS CIÊNCIAS NATURAIS
11202432353;DB1BIL0304-15SA;EVOLUÇÃO E DIVERSIFICAÇÃO DA VIDA NA TERRA
11202111869;NB2BIN0406-15SB;INTRODUÇÃO À PROBABILIDADE E À ESTATÍSTICA
11202422197;DA1BCJ0205-15SA;FENÔMENOS TÉRMICOS
11202422197;DA1BIN0406-15SA;INTRODUÇÃO À PROBABILIDADE E À ESTATÍSTICA
11202320836;DB2BCN0405-15SA;INTRODUÇÃO ÀS EQUAÇÕES DIFERENCIAIS ORDINÁRIAS
11201720394;DA1ESTI020-17SA;TEORIA DE FILAS E ANÁLISE DE DESEMPENHO
11202111947;NANHH2026-13SB;FILOSOFIA NO BRASIL E NA AMÉRICA LATINA
11202421722;NANHBP010-23SA;ÓPTICA E RELATIVIDADE
11202021121;DA1ESGE009-23SB;TÓPICOS EM ENGENHARIA DE PRODUÇÃO NA INDÚSTRIA DE ALIMENTOS
11202130340;NA1MCZB015-13SA;INTRODUÇÃO À CRIPTOGRAFIA
11202130340;NA1MCTA003-17SA;ANÁLISE DE ALGORITMOS
11202130340;NA1NHBQ008-22SA;FUNDAMENTOS DE REAÇÕES ORGÂNICAS
11202420331;DA1BCN0407-15SB;FUNÇÕES DE VÁRIAS VARIÁVEIS
11202020615;NB1NHT5013-22SA;PRÁTICAS DE ENSINO DE CIÊNCIAS E MATEMÁTICA NO ENSINO FUNDAMENTAL
11202020616;NA1LHE0004-19SB;TEORIA DA HISTÓRIA I
11202321699;DA4BIL0304-15SA;EVOLUÇÃO E DIVERSIFICAÇÃO DA VIDA NA TERRA
11202231541;NA1ESTA016-17SA;MÁQUINAS ELÉTRICAS
11202022189;DA2MCTA018-13SA;PROGRAMAÇÃO ORIENTADA A OBJETOS
11202021144;NB1NHT5013-22SA;PRÁTICAS DE ENSINO DE CIÊNCIAS E MATEMÁTICA NO ENSINO FUNDAMENTAL
11202332344;DA1ESTO013-17SB;ENGENHARIA ECONÔMICA
11201922328;NA1ESTA004-17SA;CIRCUITOS ELÉTRICOS II
11201922328;NC1ESTI016-17SA;FUNDAMENTOS DE FOTÔNICA
11201921048;DA1ESTO012-17SB;PRINCÍPIOS DE ADMINISTRAÇÃO
11202420175;NA1MCZB015-13SA;INTRODUÇÃO À CRIPTOGRAFIA
11202230540;NAMCNC002-23SB;NEUROCIÊNCIA TEÓRICA E COMPUTACIONAL
11201922330;NC1ESTO005-17SA;INTRODUÇÃO ÀS ENGENHARIAS
11202230439;DA1BCJ0203-15SA;FENÔMENOS ELETROMAGNÉTICOS
11202230439;DA2ESTA002-17SA;CIRCUITOS ELÉTRICOS I
11202230439;DAMCTC002-15SA;INTRODUÇÃO À NEUROCIÊNCIA
11202231055;NA1ESMA002-23SB;INOVAÇÕES PARA ENGENHARIA
11202111575;DA1ESHT012-17SB;MOBILIZAÇÃO PRODUTIVA DOS TERRITÓRIOS E DESENVOLVIMENTO LOCAL
11202321243;NA1BCJ0203-15SB;FENÔMENOS ELETROMAGNÉTICOS
11202021402;DA1BCJ0205-15SA;FENÔMENOS TÉRMICOS
11201920526;DAMCZC018-20SB;PSICOPATOLOGIA
11202321996;NA1ESZR017-14SB;REGIMES DE NEGOCIAÇÃO AMBIENTAL INTERNACIONAL E A ATUAÇÃO BRASILEIRA
11202310014;NA1ESTE030-17SA;ENGENHARIA DE PETRÓLEO E GÁS
11201921053;NA1MCZB015-13SA;INTRODUÇÃO À CRIPTOGRAFIA
11202231886;NA2BCS0002-15SA;PROJETO DIRIGIDO
11202022237;NA1ESTU034-17SA;SISTEMAS DE ABASTECIMENTO DE ÁGUAS
11202022237;NA1ESTU035-17SA;SISTEMAS DE ESGOTAMENTO SANITÁRIO
11202022237;NA1ESTU038-17SA;TRATAMENTO DE ÁGUAS URBANAS SERVIDAS
11201720370;NANHH2010-18SB;ÉTICA CONTEMPORÂNEA
11201720370;NA1NHLH008-24SB;REVOLUÇÕES E REGIMES AUTORITÁRIOS NA AMÉRICA LATINA CONTEMPORÂNEA
11202230799;DA1ESHC032-17SB;MACROECONOMIA II
11202230799;NANHZ2109-18SB;TEORIA DAS CIÊNCIAS HUMANAS
11201920902;NA1ESTU009-17SA;HIDROLOGIA
11201920902;NA1ESTE034-17SA;ENGENHARIA DE BIOCOMBUSTÍVEIS
11202332344;NA1ESHT012-17SB;MOBILIZAÇÃO PRODUTIVA DOS TERRITÓRIOS E DESENVOLVIMENTO LOCAL
11202432347;DA1BCN0407-15SB;FUNÇÕES DE VÁRIAS VARIÁVEIS
11202421969;NA2BCM0505-22SB;PROCESSAMENTO DA INFORMAÇÃO
11202322029;NA1ESHT020-17SB;POLÍTICA METROPOLITANA
11202231277;DA1LHZ0035-19SB;REGIÃO E REGIONALIZAÇÃO
21007016;NA1ESTU027-17SA;FUNDAMENTOS DE GEOLOGIA PARA ENGENHARIA
11202231660;DAMCZC018-20SB;PSICOPATOLOGIA
11202322257;DA3BCM0506-15SA;COMUNICAÇÃO E REDES
11202231020;NA2BCM0505-22SB;PROCESSAMENTO DA INFORMAÇÃO
11202321844;DA2BIR0004-15SB;BASES EPISTEMOLÓGICAS DA CIÊNCIA MODERNA
11202321844;DA2BHO0102-15SB;DESENVOLVIMENTO E SUSTENTABILIDADE
11202320212;NA1ESHT020-17SB;POLÍTICA METROPOLITANA
11202421336;DA1ESTE004-17SA;ENERGIA, MEIO AMBIENTE E SOCIEDADE
11201922400;NA1ESHC027-21SB;ECONOMIA MATEMÁTICA
11201720344;NANHH2019-13SB;FILOSOFIA DA LINGUAGEM
11202111849;NA1ESMA002-23SB;INOVAÇÕES PARA ENGENHARIA
11201810458;NAMCTD024-18SA;ANÁLISE NA EDUCAÇÃO BÁSICA
11202021135;DA1MCCC002-23SA;ALGORITMOS E ESTRUTURAS DE DADOS II
11201920874;NANHH2010-18SB;ÉTICA CONTEMPORÂNEA
11201811329;NA1ESTO015-17SA;MECÂNICA DOS FLUIDOS I
11202320540;DA1ESTO008-17SB;MECÂNICA DOS SÓLIDOS I
11202021749;NA1NHH2023-16SB;FILOSOFIA DO ENSINO DE FILOSOFIA
11202021749;NA1ESGE007-23SB;GESTÃO AMBIENTAL EMPRESARIAL
21075716;NA1NHZ1009-15SA;BIOLOGIA MOLECULAR E BIOTECNOLOGIA
11202432411;NAESZA011-17SA;ELETRÔNICA DE POTÊNCIA I
11202410075;DA2BHQ0003-15SB;INTERPRETAÇÕES DO BRASIL
11202421361;DB2BCN0405-15SA;INTRODUÇÃO ÀS EQUAÇÕES DIFERENCIAIS ORDINÁRIAS
11202232275;NA1BCN0407-15SB;FUNÇÕES DE VÁRIAS VARIÁVEIS
11202130301;DA1ESTG019-17SB;TEMPOS, MÉTODOS E ARRANJOS FÍSICOS
11202231853;NA1LHZ0035-19SB;REGIÃO E REGIONALIZAÇÃO
11202022077;NAESTE033-17SA;ENGENHARIA SOLAR FOTOVOLTAICA
11202020759;DA1NHT4056-15SA;QUÍMICA INORGÂNICA EXPERIMENTAL
11202320941;NA1ESHT018-17SB;PLANEJAMENTO E POLÍTICA REGIONAL
11201811547;NA1ESTU035-17SA;SISTEMAS DE ESGOTAMENTO SANITÁRIO
11202131650;DA1ESHR024-14SB;HISTÓRIA DA POLÍTICA EXTERNA BRASILEIRA
11202130244;NAESZA011-17SA;ELETRÔNICA DE POTÊNCIA I
11202130244;NA1ESMA001-23SA;SOLUÇÕES PARA DESAFIOS EM ENGENHARIA
11202420633;NA2BIR0004-15SB;BASES EPISTEMOLÓGICAS DA CIÊNCIA MODERNA
11202232276;DA1ESHR024-14SB;HISTÓRIA DA POLÍTICA EXTERNA BRASILEIRA
11202112006;NANHH2026-13SB;FILOSOFIA NO BRASIL E NA AMÉRICA LATINA
11202130110;NA1MCZA039-17SA;PRÁTICA AVANÇADA DE PROGRAMAÇÃO B
11202321582;DA1ESEC002-24SB;ECONOMIA NAS ESCOLAS
11202230718;DC2ESMA001-23SA;SOLUÇÕES PARA DESAFIOS EM ENGENHARIA
11202422078;DA1NHLF001-22SB;ARTE NO ENSINO DE CIÊNCIAS HUMANAS
11202421648;DA1ESZG017-17SB;CLIMA E CULTURA ORGANIZACIONAL
11202022203;NANHZ2109-18SB;TEORIA DAS CIÊNCIAS HUMANAS
11202022203;NA1NHLH008-24SB;REVOLUÇÕES E REGIMES AUTORITÁRIOS NA AMÉRICA LATINA CONTEMPORÂNEA
11202320625;DA1ESHC032-17SB;MACROECONOMIA II
11202410085;NB2BIN0406-15SB;INTRODUÇÃO À PROBABILIDADE E À ESTATÍSTICA
11202410085;NI1ESZR025-21SB;CONFLITOS, PAZ E NEGOCIAÇÃO INTERNACIONAL (PRÁTICA)
11202410085;NA1ESHR015-21SB;SEGURANÇA INTERNACIONAL
11202421021;DB2MCTB019-17SA;MATEMÁTICA DISCRETA
11202021656;DA1ESTG023-17SB;ORGANIZAÇÃO DO TRABALHO
21076615;NI1ESHR028-21SB;REGIME INTERNACIONAL DOS DIREITOS HUMANOS
11201722536;NA1BCN0407-15SB;FUNÇÕES DE VÁRIAS VARIÁVEIS
21088916;NA1NHT1071-15SA;PRÁTICAS DE ECOLOGIA
11202231636;DA2MCTA025-13SA;SISTEMAS DISTRIBUÍDOS
11202020683;NA1ESTS006-17SB;LABORATÓRIO DE GUIAGEM, NAVEGAÇÃO E CONTROLE
11201812160;DA1ESHC036-21SB;ECONOMETRIA II
11202021983;NB1ESTA017-17SA;LABORATÓRIO DE MÁQUINAS ELÉTRICAS
11202021983;NA1ESMA001-23SA;SOLUÇÕES PARA DESAFIOS EM ENGENHARIA
11202021983;NA1ESZE080-17SA;PLANEJAMENTO DA OPERAÇÃO DE SISTEMAS HIDROTÉRMICOS DE POTÊNCIA
11202022124;NA2ESTO006-17SB;MATERIAIS E SUAS PROPRIEDADES
11201921288;NA1MCZA046-17SA;SEMÂNTICA DE LINGUAGEM DE PROGRAMAÇÃO
11202421118;NB1BCS0002-15SA;PROJETO DIRIGIDO
11201811059;NA1ESZB032-17SB;BIOIMPEDÂNCIA APLICADA
11201811059;NB1ESBM009-23SB;SENSORES BIOMÉDICOS
11202130444;NA1NHT4073-15SA;LIVROS DIDÁTICOS NO ENSINO DE QUÍMICA
11202421628;DA1BCN0407-15SB;FUNÇÕES DE VÁRIAS VARIÁVEIS
11202130453;DA1ESHC037-21SB;ECONOMETRIA III
11089714;NC1NHT5013-22SA;PRÁTICAS DE ENSINO DE CIÊNCIAS E MATEMÁTICA NO ENSINO FUNDAMENTAL
11202320178;DA1ESEC002-24SB;ECONOMIA NAS ESCOLAS
11202231462;DA2LHT1002-19SB;ESTÁGIO SUPERVISIONADO EM CH II
11202230351;NA1ESHT012-17SB;MOBILIZAÇÃO PRODUTIVA DOS TERRITÓRIOS E DESENVOLVIMENTO LOCAL
11202231370;DA1ESTE004-17SA;ENERGIA, MEIO AMBIENTE E SOCIEDADE
11202020292;NA1ESTU031-17SA;RECUPERAÇÃO DE ÁREAS DEGRADADAS
11202231385;DA2NHZ2093-16SB;CORPO, SEXUALIDADE E QUESTÕES DE GÊNERO
11202020320;DA2ESTG020-17SB;SISTEMAS E PROCESSOS DE PRODUÇÃO
11202021862;DA1ESZB010-17SB;PROCESSAMENTO DE IMAGENS MÉDICAS
11201920531;NA1ESTE034-17SA;ENGENHARIA DE BIOCOMBUSTÍVEIS
11202130664;NA1MCZA046-17SA;SEMÂNTICA DE LINGUAGEM DE PROGRAMAÇÃO
11202421958;NA1NHT5013-22SA;PRÁTICAS DE ENSINO DE CIÊNCIAS E MATEMÁTICA NO ENSINO FUNDAMENTAL
11202021862;DA2ESMA002-23SB;INOVAÇÕES PARA ENGENHARIA
11202111945;NA1NHZ6003-18SA;NANOBIOTECNOLOGIA
11202111945;NA1NHT4056-15SA;QUÍMICA INORGÂNICA EXPERIMENTAL
11201720674;NAMCTD009-18SA;GEOMETRIA PLANA AXIOMÁTICA
11202020350;NA1ESZU022-17SA;CIÊNCIAS ATMOSFÉRICAS
11202231669;NA1ESTG009-17SB;GESTÃO DE OPERAÇÕES
11201810369;NA1MCTA003-17SA;ANÁLISE DE ALGORITMOS
11201811620;DA1ESZS004-17SB;AVIÔNICA
11202421161;NA1ESTO005-17SB;INTRODUÇÃO ÀS ENGENHARIAS
11202420970;DA1NHZ6002-18SA;TECNOLOGIA DE FERMENTAÇÕES
11202111190;NA1ESTI006-17SA;PROCESSAMENTO DIGITAL DE SINAIS
11202230275;NANHH2010-18SB;ÉTICA CONTEMPORÂNEA
11202230275;NA1ESHT020-17SB;POLÍTICA METROPOLITANA
11202111741;NA1ESTM003-17SA;TÓPICOS COMPUTACIONAIS EM MATERIAIS
11202021994;DAMCTC002-15SA;INTRODUÇÃO À NEUROCIÊNCIA
11201822547;NA1ESTB013-17SB;BIOSSEGURANÇA
21071716;NA1ESTO008-17SB;MECÂNICA DOS SÓLIDOS I
11202130847;NA1ESTI015-17SA;COMUNICAÇÕES MÓVEIS
11201921421;NB1BCJ0203-15SB;FENÔMENOS ELETROMAGNÉTICOS
11202111329;NA1ESMA002-23SB;INOVAÇÕES PARA ENGENHARIA
11202130018;NANHH2040-13SB;HISTÓRIA DA FILOSOFIA MODERNA: O ILUMINISMO E SEUS DESDOBRAMENTOS
11202310072;NA1ESHC027-21SB;ECONOMIA MATEMÁTICA
11202420803;NB1BIQ0602-15SB;ESTRUTURA E DINÂMICA SOCIAL
11202230776;DA1NHT4051-15SA;QUÍMICA ANALÍTICA CLÁSSICA I
11201810209;DA1BCJ0205-15SA;FENÔMENOS TÉRMICOS
11202320350;DAMCZC018-20SB;PSICOPATOLOGIA
11202020986;NA1NHBT001-23SA;BIOLOGIA SINTÉTICA
11202321293;NA1ESHP021-13SB;TRAJETÓRIAS DAS POLÍTICAS DE CT&I NO BRASIL
11202421201;NA1NHT5013-22SA;PRÁTICAS DE ENSINO DE CIÊNCIAS E MATEMÁTICA NO ENSINO FUNDAMENTAL
11202320534;DA1NHZ1015-15SA;CITOGENÉTICA BÁSICA
11202230921;NA1ESTO004-17SB;INSTRUMENTAÇÃO E CONTROLE
11202422055;DA1ESTO005-17SB;INTRODUÇÃO ÀS ENGENHARIAS
11202130926;NA1ESMA002-23SB;INOVAÇÕES PARA ENGENHARIA
11202422157;NA1ESHP009-22SB;BUROCRACIA E IMPLEMENTAÇÃO DE POLÍTICAS PÚBLICAS
21026416;NB1ESTA005-17SA;ANÁLISE DE SISITEMAS DINÂMICOS LINEARES
11202231512;NANHZ2109-18SB;TEORIA DAS CIÊNCIAS HUMANAS
11202230974;NB1BCN0407-15SB;FUNÇÕES DE VÁRIAS VARIÁVEIS
11201921807;NA1ESTU040-17SA;PROJETO AMBIENTAL URBANO
11202231011;DB2BCN0405-15SA;INTRODUÇÃO ÀS EQUAÇÕES DIFERENCIAIS ORDINÁRIAS
11202432335;NA1MCZA046-17SA;SEMÂNTICA DE LINGUAGEM DE PROGRAMAÇÃO
11202510081;NANHH2010-18SB;ÉTICA CONTEMPORÂNEA
11202310063;NA1ESHP009-22SB;BUROCRACIA E IMPLEMENTAÇÃO DE POLÍTICAS PÚBLICAS
11202131939;DA1ESTO005-17SB;INTRODUÇÃO ÀS ENGENHARIAS
11202131939;DA1ESTG023-17SB;ORGANIZAÇÃO DO TRABALHO
11202131939;NA2ESTG014-17SB;PLANEJAMENTO E CONTROLE DA PRODUÇÃO
11202231410;DA1NHLH001-24SB;ANTIGUIDADES E USOS DO PASSADO
11202230856;NA1ESTI002-17SA;ELETRÔNICA DIGITAL
11202332369;DB1BCS0002-15SB;PROJETO DIRIGIDO
11202421920;NANHH2010-18SB;ÉTICA CONTEMPORÂNEA
11201812008;NANHH2010-18SB;ÉTICA CONTEMPORÂNEA
11201812008;DA1ESMA002-23SB;INOVAÇÕES PARA ENGENHARIA
11202231323;DA6BCJ0203-15SA;FENÔMENOS ELETROMAGNÉTICOS
11202231323;DB2BCN0405-15SA;INTRODUÇÃO ÀS EQUAÇÕES DIFERENCIAIS ORDINÁRIAS
11202231323;DA1NHBQ009-22SA;LIGAÇÕES QUÍMICAS
11202420663;DB3BCM0505-22SA;PROCESSAMENTO DA INFORMAÇÃO
11202420663;DB1ESTO017-17SA;MÉTODOS EXPERIMENTAIS EM ENGENHARIA
11202231407;DA2BIR0004-15SB;BASES EPISTEMOLÓGICAS DA CIÊNCIA MODERNA
11202020946;NA2ESMA002-23SB;INOVAÇÕES PARA ENGENHARIA
11202020946;NA1ESMA001-23SB;SOLUÇÕES PARA DESAFIOS EM ENGENHARIA
11201921478;DA1BIS0003-15SB;BASES MATEMÁTICAS
11202320749;DA1ESTU039-17SA;REGULAÇÃO AMBIENTAL E URBANÍSTICA
11202022094;NA1MCBM001-23SA;ÁLGEBRA LINEAR AVANÇADA
11202322284;NA1ESHC027-21SB;ECONOMIA MATEMÁTICA
11202321699;DB1BIN0406-15SA;INTRODUÇÃO À PROBABILIDADE E À ESTATÍSTICA
11202421759;DA1NHLF001-22SB;ARTE NO ENSINO DE CIÊNCIAS HUMANAS
11202231954;DB1BCM0506-15SA;COMUNICAÇÃO E REDES
11201921807;DA1ESZG010-17SB;PLANEJAMENTO E CONTROLE DE PROJETOS
11202231228;DA1ESTG023-17SB;ORGANIZAÇÃO DO TRABALHO
11202232283;NAMCTD009-18SA;GEOMETRIA PLANA AXIOMÁTICA
11202232283;NANHT3049-15SA;PRINCÍPIOS DE TERMODINÂMICA
11201921854;NAMCZC012-15SB;SENSAÇÃO E PERCEPÇÃO
11201920103;DA1ESTG023-17SB;ORGANIZAÇÃO DO TRABALHO
11202232248;NA1ESTI006-17SA;PROCESSAMENTO DIGITAL DE SINAIS
11202231651;NA2ESMA001-23SB;SOLUÇÕES PARA DESAFIOS EM ENGENHARIA
11202231000;NB1ESTO017-17SA;MÉTODOS EXPERIMENTAIS EM ENGENHARIA
11202111124;NA1ESZB032-17SB;BIOIMPEDÂNCIA APLICADA
11201921370;NA1ESTU027-17SA;FUNDAMENTOS DE GEOLOGIA PARA ENGENHARIA
11202420611;DB3BCJ0203-15SA;FENÔMENOS ELETROMAGNÉTICOS
11202421637;DA4BIL0304-15SA;EVOLUÇÃO E DIVERSIFICAÇÃO DA VIDA NA TERRA
11202130493;NA1MCTA003-17SA;ANÁLISE DE ALGORITMOS
11202130493;NA1ESTI002-17SA;ELETRÔNICA DIGITAL
11202130493;NB1ESTO006-17SA;MATERIAIS E SUAS PROPRIEDADES
11202320905;DA2BIR0004-15SB;BASES EPISTEMOLÓGICAS DA CIÊNCIA MODERNA
11202320905;DAMCZC018-20SB;PSICOPATOLOGIA
11026316;NA1ESZB032-17SB;BIOIMPEDÂNCIA APLICADA
11201921422;NA1BCN0407-15SA;FUNÇÕES DE VÁRIAS VARIÁVEIS
11202230393;DA1ESZB021-17SB;INTRODUÇÃO À ENGENHARIA BIOMÉDICA
11201811873;DA1ESMA001-23SA;SOLUÇÕES PARA DESAFIOS EM ENGENHARIA
11201811329;NA1ESTA021-17SA;INTRODUÇÃO AO CONTROLE DISCRETO
11201922308;NA1BCN0407-15SB;FUNÇÕES DE VÁRIAS VARIÁVEIS
11202421313;NA2ESMA001-23SB;SOLUÇÕES PARA DESAFIOS EM ENGENHARIA
11202021861;NA1ESHP021-13SB;TRAJETÓRIAS DAS POLÍTICAS DE CT&I NO BRASIL
11202321429;NA1MCZB015-13SA;INTRODUÇÃO À CRIPTOGRAFIA
11202420765;NA1MCCC010-23SA;MATEMÁTICA DISCRETA II
11202021765;DA1ESTO006-17SB;MATERIAIS E SUAS PROPRIEDADES
11202432357;NA1ESTO017-17SA;MÉTODOS EXPERIMENTAIS EM ENGENHARIA
11201722546;DAMCNC002-23SB;NEUROCIÊNCIA TEÓRICA E COMPUTACIONAL
11202320417;NA1ESHT020-17SB;POLÍTICA METROPOLITANA
11202321241;DA2BIR0004-15SB;BASES EPISTEMOLÓGICAS DA CIÊNCIA MODERNA
11202421574;NAMCZC012-15SB;SENSAÇÃO E PERCEPÇÃO
11202021202;DA1BCK0104-15SA;INTERAÇÕES ATÔMICAS E MOLECULARES
11202510054;NA1NHT4025-15SA;MÉTODOS DE ANÁLISE EM QUÍMICA ORGÂNICA
11201810458;NC1NHT5013-22SA;PRÁTICAS DE ENSINO DE CIÊNCIAS E MATEMÁTICA NO ENSINO FUNDAMENTAL
11202212489;NA1ESTB028-17SB;EQUIPAMENTOS MÉDICO-HOSPITALARES
11202131227;NA1ESZA006-17SA;TEORIA DE CONTROLE ÓTIMO
11201722483;DB1BIN0406-15SA;INTRODUÇÃO À PROBABILIDADE E À ESTATÍSTICA
11202510098;DA1NHZ2051-11SB;PENSAMENTO HEGELIANO E SEUS DESDOBRAMENTOS CONTEMPORÂNEOS
11202420689;NA1NHZ2051-11SB;PENSAMENTO HEGELIANO E SEUS DESDOBRAMENTOS CONTEMPORÂNEOS
11202320517;DANHZ2121-18SB;FILOSOFIA DA TECNOLOGIA
11202231408;NANHH2019-13SB;FILOSOFIA DA LINGUAGEM
11202232390;DA1NHBB001-23SA;ZOOLOGIA: ORIGEM E DIVERSIFICAÇÃO DE METAZOA
11202131199;DA3BCJ0203-15SA;FENÔMENOS ELETROMAGNÉTICOS
11202131248;DA1ESHR029-21SB;ANÁLISE DE POLÍTICA EXTERNA
11202131248;NANHZ2109-18SB;TEORIA DAS CIÊNCIAS HUMANAS
11202232386;DA1ESHR015-21SB;SEGURANÇA INTERNACIONAL
11202322104;NA1ESTO004-17SB;INSTRUMENTAÇÃO E CONTROLE
11202320759;NAESZA011-17SA;ELETRÔNICA DE POTÊNCIA I
11202111546;NB1BCN0407-15SB;FUNÇÕES DE VÁRIAS VARIÁVEIS
11202021609;NA1ESHP009-22SB;BUROCRACIA E IMPLEMENTAÇÃO DE POLÍTICAS PÚBLICAS
11202131199;DANHZ2106-18SB;FILOSOFIA DA CIÊNCIA
11202231274;NANHZ3010-15SA;FÍSICA COMPUTACIONAL
11202420364;DA6BCJ0203-15SA;FENÔMENOS ELETROMAGNÉTICOS
11202021841;NA1ESZB030-17SB;GESTÃO DE TECNOLOGIA HOSPITALAR II
11202232536;NA1ESHT020-17SB;POLÍTICA METROPOLITANA
21074613;NAESTA010-17SA;SENSORES E TRANSDUTORES
11202131678;NA1NHH2023-16SB;FILOSOFIA DO ENSINO DE FILOSOFIA
11202421817;NANHH2040-13SB;HISTÓRIA DA FILOSOFIA MODERNA: O ILUMINISMO E SEUS DESDOBRAMENTOS
11202021190;NC1ESMA001-23SA;SOLUÇÕES PARA DESAFIOS EM ENGENHARIA
11202321822;NA1ESMA001-23SB;SOLUÇÕES PARA DESAFIOS EM ENGENHARIA
11202231080;NA1ESHT011-21SB;ANÁLISE DE DADOS PARA O PLANEJAMENTO TERRITORIAL
11202210114;DA1ESHR005-13SB;ESTADO E DESENVOLVIMENTO ECONÔMICO NO BRASIL CONTEMPORÂNEO
11202020616;NA1ESHC027-21SB;ECONOMIA MATEMÁTICA
11201722808;NA2LHT1002-19SB;ESTÁGIO SUPERVISIONADO EM CH II
11201722808;NA1LHT1007-19SB;ESTÁGIO SUPERVISIONADO EM CH VII
11202322290;NA1ESMA001-23SB;SOLUÇÕES PARA DESAFIOS EM ENGENHARIA
11202422198;DA1NHBQ007-22SA;FUNDAMENTOS DE QUÍMICA
21075716;NA1ESZU025-17SA;EDUCAÇÃO AMBIENTAL
11202432411;NA1MCZA046-17SA;SEMÂNTICA DE LINGUAGEM DE PROGRAMAÇÃO
11202421034;NA1NHH2090-16SB;PRÁTICA DE ENSINO DE FILOSOFIA: PROGRAMAS DE ENSINO
11202422051;NA1ESHP009-22SB;BUROCRACIA E IMPLEMENTAÇÃO DE POLÍTICAS PÚBLICAS
11202422051;NANHZ2143-18SB;TEMAS DE FILOSOFIA MODERNA II
11202022086;DA1LCT1001-24SA;ESTÁGIO I NO ENSINO FUNDAMENTAL
21000412;NA1ESHP024-22SB;MÉTODOS QUALITATIVOS E DESENHO DE PESQUISA PARA O TCC DE POLÍTICAS PÚBLICAS
11202111989;NA1BCN0407-15SB;FUNÇÕES DE VÁRIAS VARIÁVEIS
11202432336;DAESTA010-17SA;SENSORES E TRANSDUTORES
11202432336;NAESIR002-23SA;LÓGICA PROGRAMÁVEL
11202231078;NAESIR002-23SA;LÓGICA PROGRAMÁVEL
11202420778;NANHH2040-13SB;HISTÓRIA DA FILOSOFIA MODERNA: O ILUMINISMO E SEUS DESDOBRAMENTOS
11202420778;NANHZ2109-18SB;TEORIA DAS CIÊNCIAS HUMANAS
11202111989;NA1BIN0406-15SB;INTRODUÇÃO À PROBABILIDADE E À ESTATÍSTICA
11202321021;NA1NHH2023-16SB;FILOSOFIA DO ENSINO DE FILOSOFIA
11202020783;NANHZ2109-18SB;TEORIA DAS CIÊNCIAS HUMANAS
11202432411;NAMCTD009-18SA;GEOMETRIA PLANA AXIOMÁTICA
11202321098;NB1ESTO008-17SB;MECÂNICA DOS SÓLIDOS I
11202320260;NANHZ2109-18SB;TEORIA DAS CIÊNCIAS HUMANAS
11202321112;NA1MCTA003-17SA;ANÁLISE DE ALGORITMOS
11201922342;NA1ESZU022-17SA;CIÊNCIAS ATMOSFÉRICAS
11202230409;NA1ESTU009-17SA;HIDROLOGIA
11202320584;NA1NHT5013-22SA;PRÁTICAS DE ENSINO DE CIÊNCIAS E MATEMÁTICA NO ENSINO FUNDAMENTAL
11202020737;NC1ESTI016-17SA;FUNDAMENTOS DE FOTÔNICA
11202321327;DA1NHLF001-22SB;ARTE NO ENSINO DE CIÊNCIAS HUMANAS
11202020054;NA1ESTU027-17SA;FUNDAMENTOS DE GEOLOGIA PARA ENGENHARIA
11202320493;NA1ESTG009-17SB;GESTÃO DE OPERAÇÕES
11202231114;DA1ESHC032-17SB;MACROECONOMIA II
11202020931;DANHZ3095-22SA;LITERATURA E ENSINO DE CIÊNCIAS
11202020173;NANHH2010-18SB;ÉTICA CONTEMPORÂNEA
11202321955;NB4BIS0003-15SA;BASES MATEMÁTICAS
11202232217;DA4BCJ0203-15SA;FENÔMENOS ELETROMAGNÉTICOS
11202321571;DA1ESTO005-17SB;INTRODUÇÃO ÀS ENGENHARIAS
11202320811;NAMCZC018-20SB;PSICOPATOLOGIA
11201920231;NANHH2019-13SB;FILOSOFIA DA LINGUAGEM
11201920231;DA1NHH2023-16SB;FILOSOFIA DO ENSINO DE FILOSOFIA
11201922413;DAESTA014-17SA;SISTEMAS CAD/CAM
11202131373;NA1ESHC027-21SB;ECONOMIA MATEMÁTICA
11202020173;NA1NHH2090-16SB;PRÁTICA DE ENSINO DE FILOSOFIA: PROGRAMAS DE ENSINO
11202432403;NANHH2010-18SB;ÉTICA CONTEMPORÂNEA
11201920570;DA1ESZR017-14SB;REGIMES DE NEGOCIAÇÃO AMBIENTAL INTERNACIONAL E A ATUAÇÃO BRASILEIRA
11201810697;NA1NHT1013-15SA;BIOQUÍMICA FUNCIONAL
11201810697;NA1NHZ6003-18SA;NANOBIOTECNOLOGIA
11201810697;NA1NHZ6005-18SA;LABORATÓRIO DE BIOPROCESSOS
11201810327;NA1ESHP009-22SB;BUROCRACIA E IMPLEMENTAÇÃO DE POLÍTICAS PÚBLICAS
11202021048;NA1ESMA002-23SB;INOVAÇÕES PARA ENGENHARIA
11202322161;NA1NHT5013-22SA;PRÁTICAS DE ENSINO DE CIÊNCIAS E MATEMÁTICA NO ENSINO FUNDAMENTAL
11202322161;NA1NHBQ009-22SA;LIGAÇÕES QUÍMICAS
11202322161;NA1NHT4073-15SA;LIVROS DIDÁTICOS NO ENSINO DE QUÍMICA
11202111119;DANHBF150-22SB;OFICINA DE PESQUISA EM FILOSOFIA II
11202130904;DA1ESZR024-21SB;CAPITALISMO, IMPERIALISMO E DEPENDÊNCIA
11202231247;NA1ESZM034-17SA;DESIGN DE DISPOSITIVOS
11202421018;NA1NHT5013-22SA;PRÁTICAS DE ENSINO DE CIÊNCIAS E MATEMÁTICA NO ENSINO FUNDAMENTAL
11201722344;NA1BCN0407-15SB;FUNÇÕES DE VÁRIAS VARIÁVEIS
11202421459;NA1NHT4073-15SA;LIVROS DIDÁTICOS NO ENSINO DE QUÍMICA
11202231586;NA1ESGE007-23SB;GESTÃO AMBIENTAL EMPRESARIAL
11202321806;NA1ESHT020-17SB;POLÍTICA METROPOLITANA
11202322028;DAMCZC012-15SB;SENSAÇÃO E PERCEPÇÃO
11202021716;NA1NHT1013-15SA;BIOQUÍMICA FUNCIONAL
11202321112;NA1ESTI002-17SA;ELETRÔNICA DIGITAL
11202231141;DA1ESTO008-17SB;MECÂNICA DOS SÓLIDOS I
11202432393;NA2BIR0004-15SB;BASES EPISTEMOLÓGICAS DA CIÊNCIA MODERNA
11202432393;NANHH2040-13SB;HISTÓRIA DA FILOSOFIA MODERNA: O ILUMINISMO E SEUS DESDOBRAMENTOS
11202432393;NANHH2010-18SB;ÉTICA CONTEMPORÂNEA
11202432393;NA1NHZ2051-11SB;PENSAMENTO HEGELIANO E SEUS DESDOBRAMENTOS CONTEMPORÂNEOS
11201720398;DA1BCK0104-15SA;INTERAÇÕES ATÔMICAS E MOLECULARES
11202111997;DA4BIL0304-15SA;EVOLUÇÃO E DIVERSIFICAÇÃO DA VIDA NA TERRA
11202321571;DA1ESMA002-23SB;INOVAÇÕES PARA ENGENHARIA
11202421359;DA1NHLB002-23SA;PRÁTICAS DE ENSINO DE BIOLOGIA E APRENDIZAGEM
11202230789;DB1ESTO013-17SB;ENGENHARIA ECONÔMICA
11202111539;NANHH2010-18SB;ÉTICA CONTEMPORÂNEA
11202020931;DA1NHLB002-23SA;PRÁTICAS DE ENSINO DE BIOLOGIA E APRENDIZAGEM
11202230213;DA1ESHR005-13SB;ESTADO E DESENVOLVIMENTO ECONÔMICO NO BRASIL CONTEMPORÂNEO
21062314;DA1MCTA024-13SA;SISTEMAS DIGITAIS
11202130851;NA1ESZM001-17SA;SEMINÁRIOS EM MATERIAIS AVANÇADOS
11202130851;NA1ESZA006-17SA;TEORIA DE CONTROLE ÓTIMO
11202212531;DA1ESZU003-17SA;CONTAMINAÇÃO E REMEDIAÇÃO DE SOLOS
21057316;DA1ESHT020-17SB;POLÍTICA METROPOLITANA
11202022101;DANHZ2106-18SB;FILOSOFIA DA CIÊNCIA
11202022101;DANHZ2143-18SB;TEMAS DE FILOSOFIA MODERNA II
11202421749;NA1NHZ2093-16SA;CORPO, SEXUALIDADE E QUESTÕES DE GÊNERO
11202432356;NB2BIR0004-15SB;BASES EPISTEMOLÓGICAS DA CIÊNCIA MODERNA
11202422072;NA2ESTU009-17SA;HIDROLOGIA
11202322119;NA1MCZA046-17SA;SEMÂNTICA DE LINGUAGEM DE PROGRAMAÇÃO
11202322119;NA1NHZ6002-18SA;TECNOLOGIA DE FERMENTAÇÕES
11202321874;DAMCZC018-20SB;PSICOPATOLOGIA
11202230656;NA1MCBM012-23SA;TOPOLOGIA
11202130044;DA2MCTA024-13SA;SISTEMAS DIGITAIS
11201810943;NA1ESGE007-23SB;GESTÃO AMBIENTAL EMPRESARIAL
11013415;NAESTE033-17SA;ENGENHARIA SOLAR FOTOVOLTAICA
11202422162;DC1BIS0003-15SA;BASES MATEMÁTICAS
11202410106;NANHH2040-13SB;HISTÓRIA DA FILOSOFIA MODERNA: O ILUMINISMO E SEUS DESDOBRAMENTOS
11202111826;NA1NHZ6002-18SA;TECNOLOGIA DE FERMENTAÇÕES
11202130288;NA1ESGE007-23SB;GESTÃO AMBIENTAL EMPRESARIAL
11202232354;DA3BCM0506-15SA;COMUNICAÇÃO E REDES
11202422163;NA2BIR0004-15SB;BASES EPISTEMOLÓGICAS DA CIÊNCIA MODERNA
11202231843;DA5BCJ0203-15SA;FENÔMENOS ELETROMAGNÉTICOS
11202231843;DB2BCN0405-15SA;INTRODUÇÃO ÀS EQUAÇÕES DIFERENCIAIS ORDINÁRIAS
11201921941;NANHH2040-13SB;HISTÓRIA DA FILOSOFIA MODERNA: O ILUMINISMO E SEUS DESDOBRAMENTOS
11201921941;NA1ESMA001-23SB;SOLUÇÕES PARA DESAFIOS EM ENGENHARIA
11202230837;NA2ESTO006-17SB;MATERIAIS E SUAS PROPRIEDADES
11202230607;DA1ESMA001-23SA;SOLUÇÕES PARA DESAFIOS EM ENGENHARIA
11201721357;NAMCTD017-18SA;PRÁTICAS DE ENSINO DE MATEMÁTICA II
11202021909;NA1ESMA002-23SB;INOVAÇÕES PARA ENGENHARIA
11202231525;DA1ESZC024-17SB;TÓPICOS AVANÇADOS EM HISTÓRIA ECONÔMICA
11201812149;NANHZ2109-18SB;TEORIA DAS CIÊNCIAS HUMANAS
11202130288;NA1ESHP009-22SB;BUROCRACIA E IMPLEMENTAÇÃO DE POLÍTICAS PÚBLICAS
11202022077;NA1ESHP021-13SB;TRAJETÓRIAS DAS POLÍTICAS DE CT&I NO BRASIL
11202421361;DB3BCJ0203-15SA;FENÔMENOS ELETROMAGNÉTICOS
11202321565;DA1ESTO013-17SB;ENGENHARIA ECONÔMICA
11202320813;NC1ESTI016-17SA;FUNDAMENTOS DE FOTÔNICA
11202320813;DAMCTC002-15SA;INTRODUÇÃO À NEUROCIÊNCIA
11202320813;NA1NHT4073-15SA;LIVROS DIDÁTICOS NO ENSINO DE QUÍMICA
11202320813;NANHLP001-22SA;PRÁTICAS DE ENSINO DE FÍSICA I
11202422226;DAMCZC018-20SB;PSICOPATOLOGIA
11201920766;DANHH2019-13SB;FILOSOFIA DA LINGUAGEM
11201920766;DANHH2026-13SB;FILOSOFIA NO BRASIL E NA AMÉRICA LATINA
11201920766;DANHZ2106-18SB;FILOSOFIA DA CIÊNCIA
11201921894;NB1BCN0407-15SB;FUNÇÕES DE VÁRIAS VARIÁVEIS
11202130126;NA1ESGE007-23SB;GESTÃO AMBIENTAL EMPRESARIAL
11202212447;NB2ESTO006-17SA;MATERIAIS E SUAS PROPRIEDADES
11202432375;DB2BCM0505-22SB;PROCESSAMENTO DA INFORMAÇÃO
11202131263;DA3BCM0506-15SA;COMUNICAÇÃO E REDES
11202020949;DA1ESTU039-17SA;REGULAÇÃO AMBIENTAL E URBANÍSTICA
11202111919;NAMCTD017-18SA;PRÁTICAS DE ENSINO DE MATEMÁTICA II
11202232377;DA2ESTO006-17SB;MATERIAIS E SUAS PROPRIEDADES
11201920231;NA1NHH2090-16SB;PRÁTICA DE ENSINO DE FILOSOFIA: PROGRAMAS DE ENSINO
11202510086;NA1ESHT020-17SB;POLÍTICA METROPOLITANA
11202510086;NANHZ2109-18SB;TEORIA DAS CIÊNCIAS HUMANAS
11202432407;DAMCTD024-18SA;ANÁLISE NA EDUCAÇÃO BÁSICA
11202322087;NA1NHBQ008-22SA;FUNDAMENTOS DE REAÇÕES ORGÂNICAS
11202212420;NA1NHT4073-15SA;LIVROS DIDÁTICOS NO ENSINO DE QUÍMICA
11202130403;DA1ESHC018-17SB;FORMAÇÃO ECONÔMICA DO BRASIL
11202111055;NA1NHH2023-16SB;FILOSOFIA DO ENSINO DE FILOSOFIA
11202111055;NANHH2040-13SB;HISTÓRIA DA FILOSOFIA MODERNA: O ILUMINISMO E SEUS DESDOBRAMENTOS
11201822390;NA1ESTE016-17SA;INTRODUÇÃO AOS SISTEMAS ELÉTRICOS DE POTÊNCIA
11202111627;NA2LHT1002-19SB;ESTÁGIO SUPERVISIONADO EM CH II
11202231853;DA1ESZR033-21SB;RELAÇÕES INTERNACIONAIS E ARTE
11202320980;DA1ESHT017-17SB;PLANEJAMENTO E POLÍTICA AMBIENTAL
11202420401;NANHLP001-22SA;PRÁTICAS DE ENSINO DE FÍSICA I
11201722483;NB2BIR0004-15SB;BASES EPISTEMOLÓGICAS DA CIÊNCIA MODERNA
11202321191;NANHH2040-13SB;HISTÓRIA DA FILOSOFIA MODERNA: O ILUMINISMO E SEUS DESDOBRAMENTOS
11201920966;DA1NHBT001-23SA;BIOLOGIA SINTÉTICA
11201920966;DA1NHZ6005-18SA;LABORATÓRIO DE BIOPROCESSOS
11201920966;DA1NHZ6002-18SA;TECNOLOGIA DE FERMENTAÇÕES
11202310101;DA1ESHC907-18SB;MONOGRAFIA I - TÉCNICAS DE PESQUISA EM ECONOMIA
11202111055;NA1ESGE007-23SB;GESTÃO AMBIENTAL EMPRESARIAL
11201812027;NB1BCN0407-15SB;FUNÇÕES DE VÁRIAS VARIÁVEIS
11201812027;NANHT3049-15SA;PRINCÍPIOS DE TERMODINÂMICA
11202320472;NA1ESTO006-17SB;MATERIAIS E SUAS PROPRIEDADES
11201810338;DA4MCTA024-13SA;SISTEMAS DIGITAIS
11202420401;NA1NHT4073-15SA;LIVROS DIDÁTICOS NO ENSINO DE QUÍMICA
11201722262;NA1ESTA004-17SA;CIRCUITOS ELÉTRICOS II
11201722262;NA1ESTI015-17SA;COMUNICAÇÕES MÓVEIS
11201722262;NA1ESTE016-17SA;INTRODUÇÃO AOS SISTEMAS ELÉTRICOS DE POTÊNCIA
11201722262;NA1ESZI039-17SA;PROPAGAÇÃO E ANTENAS
11201722262;NA1ESTM013-17SA;SELEÇÃO DE MATERIAIS
11201811301;NA1MCZA046-17SA;SEMÂNTICA DE LINGUAGEM DE PROGRAMAÇÃO
11202321191;NANHZ2143-18SB;TEMAS DE FILOSOFIA MODERNA II
11202422222;NA2ESTO005-17SB;INTRODUÇÃO ÀS ENGENHARIAS
11202510041;DA1BCJ0205-15SA;FENÔMENOS TÉRMICOS
11202420386;NA1ESHC027-21SB;ECONOMIA MATEMÁTICA
11202420473;NB1BCN0407-15SB;FUNÇÕES DE VÁRIAS VARIÁVEIS
11202111745;NB1ESBM009-23SB;SENSORES BIOMÉDICOS
11202021208;DA1BCK0104-15SA;INTERAÇÕES ATÔMICAS E MOLECULARES
11202230895;DANHZ2106-18SB;FILOSOFIA DA CIÊNCIA
11202130500;DA2MCTA025-13SA;SISTEMAS DISTRIBUÍDOS
11202320313;NAESIR002-23SA;LÓGICA PROGRAMÁVEL
11202230785;NA1NHLB002-23SA;PRÁTICAS DE ENSINO DE BIOLOGIA E APRENDIZAGEM
11202111055;NA1ESZC022-17SB;TÓPICOS AVANÇADOS EM DESENVOLVIMENTO SOCIOECONÔMICO
21050416;NA1NHH2023-16SB;FILOSOFIA DO ENSINO DE FILOSOFIA
11202420386;NA1ESHP009-22SB;BUROCRACIA E IMPLEMENTAÇÃO DE POLÍTICAS PÚBLICAS
11202230236;NA1NHLB002-23SA;PRÁTICAS DE ENSINO DE BIOLOGIA E APRENDIZAGEM
11202231947;NB1ESTE026-17SA;LABORATÓRIO DE MÁQUINAS TÉRMICAS E HIDRÁULICAS
11202111135;NA1NHZ1050-15SA;TOXICOLOGIA
11201810643;NA1ESTM018-17SA;TERMODINÂMICA DE MATERIAIS
11202022195;DA4MCTA024-13SA;SISTEMAS DIGITAIS
11202231542;NA1MCZA046-17SA;SEMÂNTICA DE LINGUAGEM DE PROGRAMAÇÃO
11202320536;NA1ESTO016-17SA;FENÔMENOS DE TRANSPORTE
11202021354;DB2BCN0405-15SA;INTRODUÇÃO ÀS EQUAÇÕES DIFERENCIAIS ORDINÁRIAS
21083315;DA1ESHR005-13SB;ESTADO E DESENVOLVIMENTO ECONÔMICO NO BRASIL CONTEMPORÂNEO
21083315;DA1ESHC018-17SB;FORMAÇÃO ECONÔMICA DO BRASIL
11202022017;NA1ESHP009-22SB;BUROCRACIA E IMPLEMENTAÇÃO DE POLÍTICAS PÚBLICAS
11202321353;NA1ESHP009-22SB;BUROCRACIA E IMPLEMENTAÇÃO DE POLÍTICAS PÚBLICAS
11202320939;NANHH2040-13SB;HISTÓRIA DA FILOSOFIA MODERNA: O ILUMINISMO E SEUS DESDOBRAMENTOS
11202320939;NA1ESHT017-17SB;PLANEJAMENTO E POLÍTICA AMBIENTAL
11202421896;NA1NHH2090-16SB;PRÁTICA DE ENSINO DE FILOSOFIA: PROGRAMAS DE ENSINO
11202421896;NANHZ2109-18SB;TEORIA DAS CIÊNCIAS HUMANAS
11202111683;DA1ESHC032-17SB;MACROECONOMIA II
11202111668;NA1ESHC027-21SB;ECONOMIA MATEMÁTICA
11202320939;NA1ESHT011-21SB;ANÁLISE DE DADOS PARA O PLANEJAMENTO TERRITORIAL
11201920639;NAESZE099-17SA;TERMO HIDRÁULICA DE REATORES NUCLEARES
11202422072;DA1ESTU038-17SA;TRATAMENTO DE ÁGUAS URBANAS SERVIDAS
11202421832;DA1MCTA003-17SA;ANÁLISE DE ALGORITMOS
11202421480;NA2ESTU009-17SA;HIDROLOGIA
11202421480;NA1NHBT001-23SA;BIOLOGIA SINTÉTICA
11202111094;NA1ESZC022-17SB;TÓPICOS AVANÇADOS EM DESENVOLVIMENTO SOCIOECONÔMICO
11202231542;NANHZ3010-15SA;FÍSICA COMPUTACIONAL
11202421116;DA2ESMA001-23SB;SOLUÇÕES PARA DESAFIOS EM ENGENHARIA
11202332400;DAESTA018-17SA;ELETROMAGNETISMO APLICADO
21068616;NA1ESTG014-17SB;PLANEJAMENTO E CONTROLE DA PRODUÇÃO
11202321861;DA1BCK0104-15SA;INTERAÇÕES ATÔMICAS E MOLECULARES
11202111799;NANHZ2109-18SB;TEORIA DAS CIÊNCIAS HUMANAS
11202230978;NA1ESHT011-21SB;ANÁLISE DE DADOS PARA O PLANEJAMENTO TERRITORIAL
11202021113;NA1NHT1069-15SA;FISIOLOGIA VEGETAL I
11202510075;NAMCTD009-18SA;GEOMETRIA PLANA AXIOMÁTICA
11202421658;DB1BCJ0203-15SB;FENÔMENOS ELETROMAGNÉTICOS
11202421658;DB2BCN0405-15SA;INTRODUÇÃO ÀS EQUAÇÕES DIFERENCIAIS ORDINÁRIAS
11202420257;DANHT3049-15SA;PRINCÍPIOS DE TERMODINÂMICA
11202131974;NB1BCN0407-15SB;FUNÇÕES DE VÁRIAS VARIÁVEIS
11202112016;DA1LHE0004-19SB;TEORIA DA HISTÓRIA I
11202332371;NAESTE033-17SA;ENGENHARIA SOLAR FOTOVOLTAICA
11202332371;NAESZE006-17SA;SUBESTAÇÃO E EQUIPAMENTOS
11201812215;DA1ESHP021-13SB;TRAJETÓRIAS DAS POLÍTICAS DE CT&I NO BRASIL
11202422224;NA1NHH2023-16SB;FILOSOFIA DO ENSINO DE FILOSOFIA
11202422224;NA1NHH2090-16SB;PRÁTICA DE ENSINO DE FILOSOFIA: PROGRAMAS DE ENSINO
11202422224;NA1ESTE018-17SA;FUNDAMENTOS DE SISTEMAS DINÂMICOS
11202422224;NA1ESTU034-17SA;SISTEMAS DE ABASTECIMENTO DE ÁGUAS
11202422224;NA1ESZA006-17SA;TEORIA DE CONTROLE ÓTIMO
11202321861;DA2ESTA002-17SA;CIRCUITOS ELÉTRICOS I
11202231954;DA1NHT1072-15SA;ECOLOGIA COMPORTAMENTAL
11202231948;DA1ESTU039-17SA;REGULAÇÃO AMBIENTAL E URBANÍSTICA
11202321246;NA1NHBQ008-22SA;FUNDAMENTOS DE REAÇÕES ORGÂNICAS
11202020534;NA1ESHC027-21SB;ECONOMIA MATEMÁTICA
11202111869;DA2NHZ2093-16SB;CORPO, SEXUALIDADE E QUESTÕES DE GÊNERO
11202212407;DA1ESHC032-17SB;MACROECONOMIA II
11201721313;DB2BCN0405-15SA;INTRODUÇÃO ÀS EQUAÇÕES DIFERENCIAIS ORDINÁRIAS
11201721313;DA1ESTU025-17SA;AVALIAÇÃO DE IMPACTOS AMBIENTAIS
11202231675;NB1BCN0407-15SB;FUNÇÕES DE VÁRIAS VARIÁVEIS
11201812080;NA1ESHT017-17SB;PLANEJAMENTO E POLÍTICA AMBIENTAL
11201721313;DA5BCJ0203-15SA;FENÔMENOS ELETROMAGNÉTICOS
11202421832;DA1MCZA020-13SA;PROGRAMAÇÃO PARALELA
11202131931;NA1MCZA039-17SA;PRÁTICA AVANÇADA DE PROGRAMAÇÃO B
11202321913;DA2BIR0004-15SB;BASES EPISTEMOLÓGICAS DA CIÊNCIA MODERNA
11202321913;DB1BIR0603-15SB;CIÊNCIA, TECNOLOGIA E SOCIEDADE
11202421410;DA1ESEC002-24SB;ECONOMIA NAS ESCOLAS
11042216;DA1NHT1059-15SA;MORFOFISIOLOGIA HUMANA II
11202020508;NAMCZC012-15SB;SENSAÇÃO E PERCEPÇÃO
11202131348;NA2LHT1002-19SB;ESTÁGIO SUPERVISIONADO EM CH II
11202510040;DB9BCS0001-15SA;BASE EXPERIMENTAL DAS CIÊNCIAS NATURAIS
11202510040;DA8BIS0005-15SA;BASES COMPUTACIONAIS DA CIÊNCIA
11202322045;DA1ESHT018-17SB;PLANEJAMENTO E POLÍTICA REGIONAL
11202130090;NB1LCT1001-24SA;ESTÁGIO I NO ENSINO FUNDAMENTAL
11202111187;DAESTA018-17SA;ELETROMAGNETISMO APLICADO
11202020591;NA2ESMA001-23SB;SOLUÇÕES PARA DESAFIOS EM ENGENHARIA
11202131962;NA2ESTA004-17SA;CIRCUITOS ELÉTRICOS II
11202131962;NA1ESTA007-17SA;ELETRÔNICA ANALÓGICA APLICADA
11202131962;NANHZ3010-15SA;FÍSICA COMPUTACIONAL
11202131962;NAESTA020-17SA;MODELAGEM E CONTROLE
11202131962;NANHT3049-15SA;PRINCÍPIOS DE TERMODINÂMICA
11202130418;DA1ESTO014-17SB;TERMODINÂMICA APLICADA I
11202422006;DA2NHZ2093-16SB;CORPO, SEXUALIDADE E QUESTÕES DE GÊNERO
11202232360;DA2BIR0004-15SB;BASES EPISTEMOLÓGICAS DA CIÊNCIA MODERNA
21056714;DANHH2019-13SB;FILOSOFIA DA LINGUAGEM
11201722074;NA1MCZA039-17SA;PRÁTICA AVANÇADA DE PROGRAMAÇÃO B
11201722074;NA1MCZA046-17SA;SEMÂNTICA DE LINGUAGEM DE PROGRAMAÇÃO
11202231937;DA1NHLF001-22SB;ARTE NO ENSINO DE CIÊNCIAS HUMANAS
11202510081;NA1ESZC022-17SB;TÓPICOS AVANÇADOS EM DESENVOLVIMENTO SOCIOECONÔMICO
11202231011;DANHZ2106-18SB;FILOSOFIA DA CIÊNCIA
11201811992;NA1NHZ2051-11SB;PENSAMENTO HEGELIANO E SEUS DESDOBRAMENTOS CONTEMPORÂNEOS
11202332432;NB2BIR0004-15SB;BASES EPISTEMOLÓGICAS DA CIÊNCIA MODERNA
11202020969;NA1ESTE037-17SA;ANÁLISE ECONÔMICA DE PROJETOS ENERGÉTICOS
11201920986;NA1MCZA039-17SA;PRÁTICA AVANÇADA DE PROGRAMAÇÃO B
11201921421;NA1NHH2023-16SB;FILOSOFIA DO ENSINO DE FILOSOFIA
11201812366;DA1ESTG023-17SB;ORGANIZAÇÃO DO TRABALHO
11201812283;DA1ESTG023-17SB;ORGANIZAÇÃO DO TRABALHO
11202230233;DAESTA014-17SA;SISTEMAS CAD/CAM
11202420358;NANHZ2109-18SB;TEORIA DAS CIÊNCIAS HUMANAS
11202420913;DA1BCN0405-15SB;INTRODUÇÃO ÀS EQUAÇÕES DIFERENCIAIS ORDINÁRIAS
11202231029;DA2ESTO006-17SB;MATERIAIS E SUAS PROPRIEDADES
11202231029;DAMCZC012-15SB;SENSAÇÃO E PERCEPÇÃO
11202322119;NANHZ3010-15SA;FÍSICA COMPUTACIONAL
11202322119;NAESIR002-23SA;LÓGICA PROGRAMÁVEL
11201812366;DA2NHZ2093-16SB;CORPO, SEXUALIDADE E QUESTÕES DE GÊNERO
11202130916;NB1ESTU028-17SA;HIDRÁULICA DE CONDUTOS FORÇADOS
11202130916;NA2ESTU009-17SA;HIDROLOGIA
11202130916;NA1ESTU034-17SA;SISTEMAS DE ABASTECIMENTO DE ÁGUAS
11202232027;DA1ESTU031-17SA;RECUPERAÇÃO DE ÁREAS DEGRADADAS
11201811597;DA1BHO1102-19SB;INTRODUÇÃO À ECONOMIA
11202021006;NA1NHZ6002-18SA;TECNOLOGIA DE FERMENTAÇÕES
11202230746;NA1ESTO008-17SB;MECÂNICA DOS SÓLIDOS I
11202230746;NA1ESTI003-17SB;TRANSFORMADAS EM SINAIS E SISTEMAS LINEARES
11202321935;NA1NHH2023-16SB;FILOSOFIA DO ENSINO DE FILOSOFIA
11202421127;DA2ESMA001-23SB;SOLUÇÕES PARA DESAFIOS EM ENGENHARIA
11201812027;NA1NHT4041-15SA;QUÍMICA ORGÂNICA EXPERIMENTAL
11202231011;DAESTA014-17SA;SISTEMAS CAD/CAM
11201932518;NA1ESTO004-17SB;INSTRUMENTAÇÃO E CONTROLE
11201932518;NAMCZC012-15SB;SENSAÇÃO E PERCEPÇÃO
11109215;NA1NHT4073-15SA;LIVROS DIDÁTICOS NO ENSINO DE QUÍMICA
11201722878;NB1BCN0407-15SB;FUNÇÕES DE VÁRIAS VARIÁVEIS
11202111826;NA1NHT4073-15SA;LIVROS DIDÁTICOS NO ENSINO DE QUÍMICA
11202320625;DA1ESEC002-24SB;ECONOMIA NAS ESCOLAS
11202432375;DB1BIR0603-15SB;CIÊNCIA, TECNOLOGIA E SOCIEDADE
11202130229;NANHLP004-22SA;TEORIA ELETROMAGNÉTICA
11202021233;NA1NHT4073-15SA;LIVROS DIDÁTICOS NO ENSINO DE QUÍMICA
11202020381;NA1NHZ2093-16SA;CORPO, SEXUALIDADE E QUESTÕES DE GÊNERO
11202231225;DA1ESHP007-13SB;FEDERALISMO E POLÍTICAS PÚBLICAS
11202131678;NA1NHH2090-16SB;PRÁTICA DE ENSINO DE FILOSOFIA: PROGRAMAS DE ENSINO
11201920577;DA2NHZ2093-16SB;CORPO, SEXUALIDADE E QUESTÕES DE GÊNERO
11202021233;NA1NHBQ009-22SA;LIGAÇÕES QUÍMICAS
11202020381;NB1ESTU028-17SA;HIDRÁULICA DE CONDUTOS FORÇADOS
21048916;DA1ESZG043-17SB;PROJETO VIRTUAL E INTEGRADO DE MANUFATURA
11202021331;DA1ESHC027-21SB;ECONOMIA MATEMÁTICA
11202230985;DA1ESHT018-17SB;PLANEJAMENTO E POLÍTICA REGIONAL
11202230985;DA1ESHP009-22SB;BUROCRACIA E IMPLEMENTAÇÃO DE POLÍTICAS PÚBLICAS
11109215;NANHLP001-22SA;PRÁTICAS DE ENSINO DE FÍSICA I
11202332359;NA2ESMA001-23SA;SOLUÇÕES PARA DESAFIOS EM ENGENHARIA
11202130842;DA1ESTO014-17SB;TERMODINÂMICA APLICADA I
11202232354;DB1BIN0406-15SA;INTRODUÇÃO À PROBABILIDADE E À ESTATÍSTICA
11202021487;NA1MCTA018-13SA;PROGRAMAÇÃO ORIENTADA A OBJETOS
11201810722;NAESZA011-17SA;ELETRÔNICA DE POTÊNCIA I
11201810132;NA1ESHC027-21SB;ECONOMIA MATEMÁTICA
11202212445;NA1NHH2090-16SB;PRÁTICA DE ENSINO DE FILOSOFIA: PROGRAMAS DE ENSINO
11202212445;NA1ESZB032-17SB;BIOIMPEDÂNCIA APLICADA
11202420440;NA1ESMA001-23SA;SOLUÇÕES PARA DESAFIOS EM ENGENHARIA
11201921033;DAMCZD009-18SA;SEMINÁRIOS DE PESQUISA EM EDUCAÇÃO MATEMÁTICA I
11201810213;NAESTA020-17SA;MODELAGEM E CONTROLE
11202321429;NAMCTD009-18SA;GEOMETRIA PLANA AXIOMÁTICA
11202021975;DANHZ2109-18SB;TEORIA DAS CIÊNCIAS HUMANAS
11202230574;DB1BCS0002-15SB;PROJETO DIRIGIDO
11201921206;NA1ESTU035-17SA;SISTEMAS DE ESGOTAMENTO SANITÁRIO
11202230236;DA1NHT4041-15SA;QUÍMICA ORGÂNICA EXPERIMENTAL
11202130116;DA6BCJ0203-15SA;FENÔMENOS ELETROMAGNÉTICOS
11202020100;NA1ESGE007-23SB;GESTÃO AMBIENTAL EMPRESARIAL
11202130639;DA1ESMA001-23SA;SOLUÇÕES PARA DESAFIOS EM ENGENHARIA
11202321274;DB1BIN0406-15SA;INTRODUÇÃO À PROBABILIDADE E À ESTATÍSTICA
11202111952;NB8BIS0005-15SA;BASES COMPUTACIONAIS DA CIÊNCIA
11202510041;NA1ESHT011-21SB;ANÁLISE DE DADOS PARA O PLANEJAMENTO TERRITORIAL
11202321522;DAMCTD017-18SA;PRÁTICAS DE ENSINO DE MATEMÁTICA II
11202130088;DA4BCJ0203-15SA;FENÔMENOS ELETROMAGNÉTICOS
11202130088;DA1NHZ1009-15SA;BIOLOGIA MOLECULAR E BIOTECNOLOGIA
11202230804;DAMCZB035-17SA;EVOLUÇÃO DOS CONCEITOS MATEMÁTICOS
11202020920;NA1MCTB006-13SA;ANÁLISE REAL II
11202020920;NA1ESTO015-17SA;MECÂNICA DOS FLUIDOS I
11202020920;NAESTA020-17SA;MODELAGEM E CONTROLE
11202432397;NANHZ2143-18SB;TEMAS DE FILOSOFIA MODERNA II
11201922409;DA1ESEC002-24SB;ECONOMIA NAS ESCOLAS
11202020436;DA1ESTG010-17SB;INOVAÇÃO TECNOLÓGICA
11202131756;DA1BCK0104-15SA;INTERAÇÕES ATÔMICAS E MOLECULARES
11201811662;DA1ESHT012-17SB;MOBILIZAÇÃO PRODUTIVA DOS TERRITÓRIOS E DESENVOLVIMENTO LOCAL
11090615;NA1ESZM001-17SA;SEMINÁRIOS EM MATERIAIS AVANÇADOS
11202021633;NB1BCN0407-15SB;FUNÇÕES DE VÁRIAS VARIÁVEIS
11202021633;NA2ESTO006-17SB;MATERIAIS E SUAS PROPRIEDADES
11202021633;NANHZ2143-18SB;TEMAS DE FILOSOFIA MODERNA II
11202212437;DB2BCS0002-15SA;PROJETO DIRIGIDO
11201810132;NAESIR002-23SA;LÓGICA PROGRAMÁVEL
11202420758;DB2BCN0405-15SA;INTRODUÇÃO ÀS EQUAÇÕES DIFERENCIAIS ORDINÁRIAS
11202420355;NB2MCTB019-17SA;MATEMÁTICA DISCRETA
11201810634;NA1NHBT001-23SA;BIOLOGIA SINTÉTICA
11202320740;NA1ESTA007-17SA;ELETRÔNICA ANALÓGICA APLICADA
11201921724;DA1NHZ1051-13SB;VIROLOGIA
11202130076;DA1MCZA020-13SA;PROGRAMAÇÃO PARALELA
11201920674;NA1ESHT020-17SB;POLÍTICA METROPOLITANA
11202231775;NA1ESZB030-17SB;GESTÃO DE TECNOLOGIA HOSPITALAR II
11202231583;NA1NHT1069-15SA;FISIOLOGIA VEGETAL I
11202231156;DANHZ3095-22SA;LITERATURA E ENSINO DE CIÊNCIAS
11202420959;NB1BCN0407-15SB;FUNÇÕES DE VÁRIAS VARIÁVEIS
11202020499;DA1NHBB001-23SA;ZOOLOGIA: ORIGEM E DIVERSIFICAÇÃO DE METAZOA
11202321661;NA1ESTE037-17SA;ANÁLISE ECONÔMICA DE PROJETOS ENERGÉTICOS
11202230236;DA1LCT1001-24SA;ESTÁGIO I NO ENSINO FUNDAMENTAL
11202021089;NB1ESBM009-23SB;SENSORES BIOMÉDICOS
11201810132;DA1ESAE013-23SB;MECÂNICA DOS SÓLIDOS II
11202320325;DA1ESTO014-17SB;TERMODINÂMICA APLICADA I
11201921621;NA1NHH2023-16SB;FILOSOFIA DO ENSINO DE FILOSOFIA
11202020499;NA1NHT1069-15SA;FISIOLOGIA VEGETAL I
11202130833;NA1ESTE018-17SA;FUNDAMENTOS DE SISTEMAS DINÂMICOS
11201921621;NA1ESZB032-17SB;BIOIMPEDÂNCIA APLICADA
11201720398;NA1NHBQ009-22SA;LIGAÇÕES QUÍMICAS
11201720398;NA1NHZ1050-15SA;TOXICOLOGIA
11202020499;DA2NHT1013-15SA;BIOQUÍMICA FUNCIONAL
11202020420;DA1NHZ1009-15SA;BIOLOGIA MOLECULAR E BIOTECNOLOGIA
11202131035;NA1ESHC027-21SB;ECONOMIA MATEMÁTICA
11202021047;DA3MCTA024-13SA;SISTEMAS DIGITAIS
11202111688;DA1ESHR015-21SB;SEGURANÇA INTERNACIONAL
11202111688;DA1ESZR024-21SB;CAPITALISMO, IMPERIALISMO E DEPENDÊNCIA
11202321661;NA1NHBT001-23SA;BIOLOGIA SINTÉTICA
11201811516;DA1ESTU039-17SA;REGULAÇÃO AMBIENTAL E URBANÍSTICA
11202321661;NA1NHT4073-15SA;LIVROS DIDÁTICOS NO ENSINO DE QUÍMICA
11201810194;DA1ESTO016-17SB;FENÔMENOS DE TRANSPORTE
11201810194;DA1BCN0405-15SB;INTRODUÇÃO ÀS EQUAÇÕES DIFERENCIAIS ORDINÁRIAS
11202021706;DA1BCK0104-15SA;INTERAÇÕES ATÔMICAS E MOLECULARES
11202210104;DA1BCM0505-22SB;PROCESSAMENTO DA INFORMAÇÃO
11201921317;DA1NHZ1051-13SB;VIROLOGIA
11202111781;DA2ESMA001-23SA;SOLUÇÕES PARA DESAFIOS EM ENGENHARIA
11202230455;DA1ESTA003-17SB;SISTEMAS DE CONTROLE I
11202131447;NANHT3073-15SA;MECÂNICA QUÂNTICA II
11201922211;DA1ESHP007-13SB;FEDERALISMO E POLÍTICAS PÚBLICAS
11202022013;DA1ESHC907-18SB;MONOGRAFIA I - TÉCNICAS DE PESQUISA EM ECONOMIA
11202022172;NA1ESTE030-17SA;ENGENHARIA DE PETRÓLEO E GÁS
11202212428;NA2ESMA001-23SB;SOLUÇÕES PARA DESAFIOS EM ENGENHARIA
11202021765;DA1ESZG006-17SB;PESQUISA OPERACIONAL APLICADA
11202232273;DA1ESHR019-21SB;CHINA NAS RELAÇÕES INTERNACIONAIS
11202131499;DA1BCK0104-15SA;INTERAÇÕES ATÔMICAS E MOLECULARES
11202420440;NA1ESTO016-17SA;FENÔMENOS DE TRANSPORTE
11202021891;DB2BCN0405-15SA;INTRODUÇÃO ÀS EQUAÇÕES DIFERENCIAIS ORDINÁRIAS
11201920754;NA1ESTA006-17SA;FOTÔNICA
11201920754;NAESTA010-17SA;SENSORES E TRANSDUTORES
11202130566;DA1ESZR017-14SB;REGIMES DE NEGOCIAÇÃO AMBIENTAL INTERNACIONAL E A ATUAÇÃO BRASILEIRA
11201922144;NA1ESHC907-18SB;MONOGRAFIA I - TÉCNICAS DE PESQUISA EM ECONOMIA
11202322022;DA1ESHC027-21SB;ECONOMIA MATEMÁTICA
11202131363;DA1ESZR017-14SB;REGIMES DE NEGOCIAÇÃO AMBIENTAL INTERNACIONAL E A ATUAÇÃO BRASILEIRA
11202422049;DA1BCN0407-15SB;FUNÇÕES DE VÁRIAS VARIÁVEIS
11202020974;NA1ESTM018-17SA;TERMODINÂMICA DE MATERIAIS
11202020974;NA1ESTE030-17SA;ENGENHARIA DE PETRÓLEO E GÁS
11201922370;NA1BCJ0203-15SB;FENÔMENOS ELETROMAGNÉTICOS
11201922370;NB1BCN0407-15SB;FUNÇÕES DE VÁRIAS VARIÁVEIS
13201822585;DANHH2019-13SB;FILOSOFIA DA LINGUAGEM
11202130407;NANHZ3010-15SA;FÍSICA COMPUTACIONAL
11201810651;NA1MCZB015-13SA;INTRODUÇÃO À CRIPTOGRAFIA
11202232226;DA1ESZM014-17SA;ENGENHARIA DE POLÍMEROS
11093211;NANHT3069-15SA;MECÂNICA CLÁSSICA II
11093211;DANHT3089-15SA;TRABALHO DE CONCLUSÃO DE CURSO EM FÍSICA
11202420272;NA1ESZC022-17SB;TÓPICOS AVANÇADOS EM DESENVOLVIMENTO SOCIOECONÔMICO
11202020686;NAESTA020-17SA;MODELAGEM E CONTROLE
11202020686;NA1ESZM001-17SA;SEMINÁRIOS EM MATERIAIS AVANÇADOS
11202131394;NA1ESTU038-17SA;TRATAMENTO DE ÁGUAS URBANAS SERVIDAS
11202432383;DA1ESHC018-17SB;FORMAÇÃO ECONÔMICA DO BRASIL
11202021891;DD1BCS0001-15SA;BASE EXPERIMENTAL DAS CIÊNCIAS NATURAIS
11083814;DC2ESMA001-23SA;SOLUÇÕES PARA DESAFIOS EM ENGENHARIA
11202130853;DA1ESGE009-23SB;TÓPICOS EM ENGENHARIA DE PRODUÇÃO NA INDÚSTRIA DE ALIMENTOS
11201811505;NA1ESTE034-17SA;ENGENHARIA DE BIOCOMBUSTÍVEIS
11202320968;NA1ESZA006-17SB;TEORIA DE CONTROLE ÓTIMO
11202022145;NA2BIR0004-15SB;BASES EPISTEMOLÓGICAS DA CIÊNCIA MODERNA
11202022145;NA1ESHR903-18SB;METODOLOGIA DE PESQUISA EM RELAÇÕES INTERNACIONAIS (TCC 1)
11202021891;DA1BCK0104-15SA;INTERAÇÕES ATÔMICAS E MOLECULARES
11202021765;DA1ESTG019-17SB;TEMPOS, MÉTODOS E ARRANJOS FÍSICOS
11201811719;NA1ESZA006-17SB;TEORIA DE CONTROLE ÓTIMO
13201812300;NA1NHH2090-16SB;PRÁTICA DE ENSINO DE FILOSOFIA: PROGRAMAS DE ENSINO
11202111960;NA1ESTE030-17SA;ENGENHARIA DE PETRÓLEO E GÁS
11202111960;NAESTE033-17SA;ENGENHARIA SOLAR FOTOVOLTAICA
11201811292;DA1ESHC024-19SB;MACROECONOMIA III
11202130860;DA1ESTU027-17SA;FUNDAMENTOS DE GEOLOGIA PARA ENGENHARIA
11202130860;DA1ESTO008-17SA;MECÂNICA DOS SÓLIDOS I
13201822585;DA1ESHC012-21SB;ECONOMIA INSTITUCIONAL
11202130385;DA1ESHR028-21SB;REGIME INTERNACIONAL DOS DIREITOS HUMANOS
11202111118;DAESTA014-17SA;SISTEMAS CAD/CAM
11201912417;NAESZE006-17SA;SUBESTAÇÃO E EQUIPAMENTOS
11202422049;NA1ESTO016-17SA;FENÔMENOS DE TRANSPORTE
13201822585;DA1NHH2023-16SB;FILOSOFIA DO ENSINO DE FILOSOFIA
11202020010;NA1ESTS006-17SB;LABORATÓRIO DE GUIAGEM, NAVEGAÇÃO E CONTROLE
11201922420;DB1BIN0406-15SA;INTRODUÇÃO À PROBABILIDADE E À ESTATÍSTICA
11201922258;DANHH2019-13SB;FILOSOFIA DA LINGUAGEM
11201922258;DA1ESTA021-17SA;INTRODUÇÃO AO CONTROLE DISCRETO
11202230921;DA2ESMA001-23SA;SOLUÇÕES PARA DESAFIOS EM ENGENHARIA
11202020715;NA1ESZB027-17SB;ENGENHARIA DE REABILITAÇÃO E BIOFEEDBACK
11202320284;NA1ESTE034-17SA;ENGENHARIA DE BIOCOMBUSTÍVEIS
11202020638;NA1MCZA039-17SA;PRÁTICA AVANÇADA DE PROGRAMAÇÃO B
11201920396;DA1ESHC018-17SB;FORMAÇÃO ECONÔMICA DO BRASIL
11201920396;DA1ESHP026-14SB;PARTICIPAÇÃO, MOVIMENTOS SOCIAIS E POLÍTICAS PÚBLICAS
11201922344;NA1MCTA003-17SA;ANÁLISE DE ALGORITMOS
11202322193;NA2LHT1002-19SB;ESTÁGIO SUPERVISIONADO EM CH II
11202322193;NA1LHE0002-22SB;LABORATÓRIO DE PRÁTICAS INTEGRADORAS I (PCC)
11201810808;DANHT3069-15SA;MECÂNICA CLÁSSICA II
11202320202;NA2BHO0102-15SB;DESENVOLVIMENTO E SUSTENTABILIDADE
11202432403;DA1ESHC032-17SB;MACROECONOMIA II
11202021891;DA2ESTA002-17SA;CIRCUITOS ELÉTRICOS I
11202020641;DB2BCS0002-15SA;PROJETO DIRIGIDO
11202232330;NA1MCZA046-17SA;SEMÂNTICA DE LINGUAGEM DE PROGRAMAÇÃO
11202232330;NA1ESTA005-17SA;ANÁLISE DE SISITEMAS DINÂMICOS LINEARES
11071316;DB2BIR0004-15SB;BASES EPISTEMOLÓGICAS DA CIÊNCIA MODERNA
11202421158;NA1MCCC010-23SA;MATEMÁTICA DISCRETA II
11202111866;DA1NHZ1051-13SB;VIROLOGIA
11202021863;DA1ESHC012-21SB;ECONOMIA INSTITUCIONAL
11202021863;DA1ESEC002-24SB;ECONOMIA NAS ESCOLAS
11202322058;DA1MCTA003-17SA;ANÁLISE DE ALGORITMOS
11201822580;NA1ESTU035-17SA;SISTEMAS DE ESGOTAMENTO SANITÁRIO
11202231822;NA1MCTA003-17SA;ANÁLISE DE ALGORITMOS
11202321823;NB2BCM0506-15SA;COMUNICAÇÃO E REDES
11202021209;NA1ESTS013-17SB;PROJETO DE ELEMENTOS ESTRUTURAIS DE AERONAVES I
11202420424;NA2ESMA001-23SB;SOLUÇÕES PARA DESAFIOS EM ENGENHARIA
11201720286;NANHT3070-15SA;ELETROMAGNETISMO I
11202410061;NA1NHT4073-15SA;LIVROS DIDÁTICOS NO ENSINO DE QUÍMICA
11201811774;DA1BCK0104-15SA;INTERAÇÕES ATÔMICAS E MOLECULARES
11202021077;DA1ESHR029-21SB;ANÁLISE DE POLÍTICA EXTERNA
11201922266;DA1BCK0104-15SA;INTERAÇÕES ATÔMICAS E MOLECULARES
11202230429;NANHH2040-13SB;HISTÓRIA DA FILOSOFIA MODERNA: O ILUMINISMO E SEUS DESDOBRAMENTOS
11202432329;NB2MCTB019-17SA;MATEMÁTICA DISCRETA
11202130497;NA1ESZB027-17SB;ENGENHARIA DE REABILITAÇÃO E BIOFEEDBACK
11202130497;NA1ESTB028-17SB;EQUIPAMENTOS MÉDICO-HOSPITALARES
11202130497;NB1ESBM009-23SB;SENSORES BIOMÉDICOS
11202131275;DANHH2040-13SB;HISTÓRIA DA FILOSOFIA MODERNA: O ILUMINISMO E SEUS DESDOBRAMENTOS
11202131275;DA1LHZ0035-19SB;REGIÃO E REGIONALIZAÇÃO
11202420766;NA1NHH2090-16SB;PRÁTICA DE ENSINO DE FILOSOFIA: PROGRAMAS DE ENSINO
11202020776;NA1ESZI039-17SA;PROPAGAÇÃO E ANTENAS
11202320361;NA1MCBM012-23SA;TOPOLOGIA
11202021307;NA1ESZI039-17SA;PROPAGAÇÃO E ANTENAS
21075716;NA1NHT4025-15SA;MÉTODOS DE ANÁLISE EM QUÍMICA ORGÂNICA
11202131000;DA1ESTG010-17SB;INOVAÇÃO TECNOLÓGICA
21066113;DA1ESHC036-21SB;ECONOMETRIA II
21066113;DA1ESHC032-17SB;MACROECONOMIA II
11202321546;DA1MCCC010-23SA;MATEMÁTICA DISCRETA II
11202020919;NA1ESTS013-17SB;PROJETO DE ELEMENTOS ESTRUTURAIS DE AERONAVES I
21010616;NA1ESTS012-17SB;AEROELASTICIDADE
11202111778;DB1ESTO013-17SB;ENGENHARIA ECONÔMICA
11202111778;DA2ESTO017-17SB;MÉTODOS EXPERIMENTAIS EM ENGENHARIA
11202111778;DA1ESTI003-17SB;TRANSFORMADAS EM SINAIS E SISTEMAS LINEARES
11202111778;DA1ESTB005-17SB;CIÊNCIA DOS MATERIAIS BIOCOMPATÍVEIS
11202320291;NA1ESHP024-22SB;MÉTODOS QUALITATIVOS E DESENHO DE PESQUISA PARA O TCC DE POLÍTICAS PÚBLICAS
11202130676;NA2ESTO017-17SB;MÉTODOS EXPERIMENTAIS EM ENGENHARIA
21082816;NA1ESTS013-17SB;PROJETO DE ELEMENTOS ESTRUTURAIS DE AERONAVES I
11201812215;DA1LHZ0035-19SB;REGIÃO E REGIONALIZAÇÃO
11202321199;NA1NHBQ001-22SA;CINÉTICA QUÍMICA
11202022282;DA1MCTA003-17SA;ANÁLISE DE ALGORITMOS
11202321097;DC1ESMA001-23SA;SOLUÇÕES PARA DESAFIOS EM ENGENHARIA
11202321525;DC1ESMA001-23SA;SOLUÇÕES PARA DESAFIOS EM ENGENHARIA
11202021033;DA1ESTU038-17SA;TRATAMENTO DE ÁGUAS URBANAS SERVIDAS
11202020358;NA1NHT4025-15SA;MÉTODOS DE ANÁLISE EM QUÍMICA ORGÂNICA
11202111967;NA1ESZE080-17SA;PLANEJAMENTO DA OPERAÇÃO DE SISTEMAS HIDROTÉRMICOS DE POTÊNCIA
11202410075;DA1ESZP002-13SB;INSTITUIÇÕES JUDICIAIS E POLÍTICAS PÚBLICAS
11202231106;NC1LCT1003-24SA;ESTÁGIO III NO ENSINO FUNDAMENTAL
11202231182;NA1MCTB006-13SA;ANÁLISE REAL II
11202231182;NA1MCTB020-17SA;TEORIA DA MEDIDA E INTEGRAÇÃO
11202231182;NA1MCBM012-23SA;TOPOLOGIA
11202131687;DA1NHBQ009-22SA;LIGAÇÕES QUÍMICAS
11202232248;DAMCTC002-15SA;INTRODUÇÃO À NEUROCIÊNCIA
11202410094;DA1NHH2023-16SB;FILOSOFIA DO ENSINO DE FILOSOFIA
11202020708;DAMCZB035-17SA;EVOLUÇÃO DOS CONCEITOS MATEMÁTICOS
11202020708;DA1MCZA020-13SA;PROGRAMAÇÃO PARALELA
11202020708;DA1MCTA025-13SA;SISTEMAS DISTRIBUÍDOS
11202131687;DA4BIL0304-15SA;EVOLUÇÃO E DIVERSIFICAÇÃO DA VIDA NA TERRA
11202322088;NA1ESZP002-13SB;INSTITUIÇÕES JUDICIAIS E POLÍTICAS PÚBLICAS
11202231741;NA1ESHC027-21SB;ECONOMIA MATEMÁTICA
11202232258;NA1ESTE034-17SA;ENGENHARIA DE BIOCOMBUSTÍVEIS
11202321323;DA1ESHC018-17SB;FORMAÇÃO ECONÔMICA DO BRASIL
13201812194;NA1NHH2090-16SB;PRÁTICA DE ENSINO DE FILOSOFIA: PROGRAMAS DE ENSINO
13201812194;DA1ESZR024-21SB;CAPITALISMO, IMPERIALISMO E DEPENDÊNCIA
11202422021;NA1ESZC022-17SB;TÓPICOS AVANÇADOS EM DESENVOLVIMENTO SOCIOECONÔMICO
11202422049;NA1ESTU031-17SA;RECUPERAÇÃO DE ÁREAS DEGRADADAS
11086513;NA1NHT1054-15SA;HISTOLOGIA E EMBRIOLOGIA
11202321786;DD2BCS0001-15SA;BASE EXPERIMENTAL DAS CIÊNCIAS NATURAIS
11202321786;DAMCTD024-18SA;ANÁLISE NA EDUCAÇÃO BÁSICA
11202321786;DA1NHT1054-15SA;HISTOLOGIA E EMBRIOLOGIA
11202420475;DA1ESZU003-17SA;CONTAMINAÇÃO E REMEDIAÇÃO DE SOLOS
11202232017;NC1ESTO006-17SA;MATERIAIS E SUAS PROPRIEDADES
11201810903;DAMCTD024-18SA;ANÁLISE NA EDUCAÇÃO BÁSICA
11201810903;DA1ESTU025-17SA;AVALIAÇÃO DE IMPACTOS AMBIENTAIS
11202230306;NA1ESTE037-17SA;ANÁLISE ECONÔMICA DE PROJETOS ENERGÉTICOS
11202422049;NA1ESTU034-17SA;SISTEMAS DE ABASTECIMENTO DE ÁGUAS
11202310002;DC2ESMA001-23SA;SOLUÇÕES PARA DESAFIOS EM ENGENHARIA
11201811295;NANHLP004-22SA;TEORIA ELETROMAGNÉTICA
11202231223;NA1ESZA006-17SB;TEORIA DE CONTROLE ÓTIMO
11201920491;DA1NHBB001-23SA;ZOOLOGIA: ORIGEM E DIVERSIFICAÇÃO DE METAZOA
11202210077;NA1NHH2090-16SB;PRÁTICA DE ENSINO DE FILOSOFIA: PROGRAMAS DE ENSINO
11202210077;NA1ESHT015-22SB;OFICINA DE PLANEJAMENTO URBANO
11202210077;NA2ESTG014-17SB;PLANEJAMENTO E CONTROLE DA PRODUÇÃO
11202131004;DD1BCS0001-15SA;BASE EXPERIMENTAL DAS CIÊNCIAS NATURAIS
11202131004;DB1BCM0506-15SA;COMUNICAÇÃO E REDES
11202131004;DB3BCM0505-22SA;PROCESSAMENTO DA INFORMAÇÃO
11202131004;DB2BCS0002-15SA;PROJETO DIRIGIDO
11202130769;DA2BHO0102-15SB;DESENVOLVIMENTO E SUSTENTABILIDADE
11202131004;DAESTA014-17SA;SISTEMAS CAD/CAM
11202232109;DA1ESZU003-17SA;CONTAMINAÇÃO E REMEDIAÇÃO DE SOLOS
11202232317;DA1ESHP007-13SB;FEDERALISMO E POLÍTICAS PÚBLICAS
11202232317;DA1ESHP021-13SB;TRAJETÓRIAS DAS POLÍTICAS DE CT&I NO BRASIL
11202232317;DA1ESHP009-22SB;BUROCRACIA E IMPLEMENTAÇÃO DE POLÍTICAS PÚBLICAS
11202232317;DI1ESZR025-21SB;CONFLITOS, PAZ E NEGOCIAÇÃO INTERNACIONAL (PRÁTICA)
13201910022;NA1ESZC022-17SB;TÓPICOS AVANÇADOS EM DESENVOLVIMENTO SOCIOECONÔMICO
11202020976;NA1NHBQ008-22SA;FUNDAMENTOS DE REAÇÕES ORGÂNICAS
11202231037;NA1MCTA003-17SA;ANÁLISE DE ALGORITMOS
11201810675;NA1NHZ6014-18SA;TRABALHO DE CONCLUSÃO DE CURSO DE BIOTECNOLOGIA
11202321936;NA1ESTI003-17SB;TRANSFORMADAS EM SINAIS E SISTEMAS LINEARES
11201720568;DA1ESHT012-17SB;MOBILIZAÇÃO PRODUTIVA DOS TERRITÓRIOS E DESENVOLVIMENTO LOCAL
11202232109;NB1ESTA005-17SA;ANÁLISE DE SISITEMAS DINÂMICOS LINEARES
11202232109;DA1ESTE031-17SA;ENGENHARIA DE RECURSOS HÍDRICOS
11201920920;NA1MCTB006-13SA;ANÁLISE REAL II
11201920768;DA1NHZ1051-13SB;VIROLOGIA
11201920768;DA1NHLQ002-22SA;PRÁTICAS DE ENSINO DE QUÍMICA I
11202320543;NB1ESBM009-23SB;SENSORES BIOMÉDICOS
11202320543;NA4MCTA024-13SA;SISTEMAS DIGITAIS
11202320664;DA1NHH2023-16SB;FILOSOFIA DO ENSINO DE FILOSOFIA
11202432366;NA1ESTA016-17SA;MÁQUINAS ELÉTRICAS
11202432366;NAESTA020-17SA;MODELAGEM E CONTROLE
11202232109;DC1ESMA001-23SA;SOLUÇÕES PARA DESAFIOS EM ENGENHARIA
11201720568;NA1ESZR024-21SB;CAPITALISMO, IMPERIALISMO E DEPENDÊNCIA
11202131000;DA1ESZG006-17SB;PESQUISA OPERACIONAL APLICADA
11202111952;NA1ESTG009-17SB;GESTÃO DE OPERAÇÕES
11202231019;NA1ESTB028-17SB;EQUIPAMENTOS MÉDICO-HOSPITALARES
11201721747;NB1BCJ0203-15SB;FENÔMENOS ELETROMAGNÉTICOS
11201721747;NA1MCZA046-17SA;SEMÂNTICA DE LINGUAGEM DE PROGRAMAÇÃO
11201721747;NA1MCBM012-23SA;TOPOLOGIA
13201812192;DANHH2019-13SB;FILOSOFIA DA LINGUAGEM
11202020641;DA2ESMA001-23SA;SOLUÇÕES PARA DESAFIOS EM ENGENHARIA
11201932603;DB2BCN0405-15SB;INTRODUÇÃO ÀS EQUAÇÕES DIFERENCIAIS ORDINÁRIAS
11201811673;DA1ESHC031-17SB;MACROECONOMIA PÓS-KEYNESIANA
11201811673;DA1ESHC040-21SB;RELAÇÕES MONETÁRIAS E FINANCEIRAS INTERNACIONAIS
11202421355;NB2MCTB019-17SA;MATEMÁTICA DISCRETA
11202210066;DAMCTD024-18SA;ANÁLISE NA EDUCAÇÃO BÁSICA
11202230213;DA2NHZ2093-16SB;CORPO, SEXUALIDADE E QUESTÕES DE GÊNERO
11202020616;NI1ESHR028-21SB;REGIME INTERNACIONAL DOS DIREITOS HUMANOS
11202131000;DA1ESMA002-23SB;INOVAÇÕES PARA ENGENHARIA
11202231104;DB2BCN0405-15SB;INTRODUÇÃO ÀS EQUAÇÕES DIFERENCIAIS ORDINÁRIAS
11202231104;DA1ESZB010-17SB;PROCESSAMENTO DE IMAGENS MÉDICAS
11202210022;DA1NHT4073-15SA;LIVROS DIDÁTICOS NO ENSINO DE QUÍMICA
21086413;NA1ESZR024-21SB;CAPITALISMO, IMPERIALISMO E DEPENDÊNCIA
11202322144;DB2BIR0004-15SB;BASES EPISTEMOLÓGICAS DA CIÊNCIA MODERNA
11202322144;DA1ESHR029-21SB;ANÁLISE DE POLÍTICA EXTERNA
11201810041;DA1ESHT011-21SB;ANÁLISE DE DADOS PARA O PLANEJAMENTO TERRITORIAL
11201921451;DA1NHBQ009-22SA;LIGAÇÕES QUÍMICAS
11202130198;NA1NHT4041-15SA;QUÍMICA ORGÂNICA EXPERIMENTAL
11202321083;DB2BIR0004-15SB;BASES EPISTEMOLÓGICAS DA CIÊNCIA MODERNA
11202321083;DA1BIL0304-15SB;EVOLUÇÃO E DIVERSIFICAÇÃO DA VIDA NA TERRA
11202111849;NA1ESHP009-22SB;BUROCRACIA E IMPLEMENTAÇÃO DE POLÍTICAS PÚBLICAS
11202321506;DC1ESMA001-23SA;SOLUÇÕES PARA DESAFIOS EM ENGENHARIA
21028116;DA1MCCC010-23SA;MATEMÁTICA DISCRETA II
11202320302;NA2ESMA001-23SA;SOLUÇÕES PARA DESAFIOS EM ENGENHARIA
11201920319;NA1ESTI015-17SA;COMUNICAÇÕES MÓVEIS
11201920319;NA2ESTA003-17SA;SISTEMAS DE CONTROLE I
11201920319;NB1ESTA008-17SA;SISTEMAS DE CONTROLE II
11202321332;NA1ESEC002-24SB;ECONOMIA NAS ESCOLAS
11202231580;DB2BIR0004-15SB;BASES EPISTEMOLÓGICAS DA CIÊNCIA MODERNA
11201811328;DA1NHBQ001-22SA;CINÉTICA QUÍMICA
11202320302;NA1ESZE080-17SA;PLANEJAMENTO DA OPERAÇÃO DE SISTEMAS HIDROTÉRMICOS DE POTÊNCIA
21028116;NAESZA011-17SA;ELETRÔNICA DE POTÊNCIA I
21028116;NAESTA010-17SA;SENSORES E TRANSDUTORES
11202020399;DA1ESHR015-21SB;SEGURANÇA INTERNACIONAL
11202020399;DA1ESTU034-17SA;SISTEMAS DE ABASTECIMENTO DE ÁGUAS
11201811132;DA1ESTE032-17SA;ENGENHARIA SOLAR TÉRMICA
21090216;NB1ESTA005-17SA;ANÁLISE DE SISITEMAS DINÂMICOS LINEARES
11202231674;NA1ESHC027-21SB;ECONOMIA MATEMÁTICA
11202022076;NB1BCN0407-15SB;FUNÇÕES DE VÁRIAS VARIÁVEIS
11202111162;NA1BCN0407-15SB;FUNÇÕES DE VÁRIAS VARIÁVEIS
11202021765;NB1ESBM009-23SB;SENSORES BIOMÉDICOS
11202232484;DANHZ3095-22SA;LITERATURA E ENSINO DE CIÊNCIAS
11202232484;DA1NHZ1051-13SB;VIROLOGIA
11202020969;NA1ESTU035-17SA;SISTEMAS DE ESGOTAMENTO SANITÁRIO
11202021802;NA1NHZ6002-18SA;TECNOLOGIA DE FERMENTAÇÕES
11201921717;DA1ESTU025-17SA;AVALIAÇÃO DE IMPACTOS AMBIENTAIS
11202130157;DA1ESTU036-17SA;SISTEMAS DE DRENAGEM URBANA
11202230961;NA2ESMA001-23SB;SOLUÇÕES PARA DESAFIOS EM ENGENHARIA
11202321145;DA1ESZM028-17SA;MATERIAIS PARA TECNOLOGIA DA INFORMAÇÃO
11202022108;DA1ESEC002-24SB;ECONOMIA NAS ESCOLAS
11202420635;NA1ESHT017-17SB;PLANEJAMENTO E POLÍTICA AMBIENTAL
11202321102;DA1MCCC002-23SA;ALGORITMOS E ESTRUTURAS DE DADOS II
11202322193;NA1NHH2090-16SB;PRÁTICA DE ENSINO DE FILOSOFIA: PROGRAMAS DE ENSINO
11202131420;DA1ESTU025-17SA;AVALIAÇÃO DE IMPACTOS AMBIENTAIS
11202310005;DD2BCS0001-15SA;BASE EXPERIMENTAL DAS CIÊNCIAS NATURAIS
11202420635;NA1ESTU038-17SA;TRATAMENTO DE ÁGUAS URBANAS SERVIDAS
11202021995;DA1ESGE009-23SB;TÓPICOS EM ENGENHARIA DE PRODUÇÃO NA INDÚSTRIA DE ALIMENTOS
11202420218;NAESTA020-17SA;MODELAGEM E CONTROLE
11201811903;DA1ESGE009-23SB;TÓPICOS EM ENGENHARIA DE PRODUÇÃO NA INDÚSTRIA DE ALIMENTOS
11202231203;DA1ESHC032-17SB;MACROECONOMIA II
11202020029;DA1ESTA007-17SA;ELETRÔNICA ANALÓGICA APLICADA
11202230895;DA1NHH2090-16SB;PRÁTICA DE ENSINO DE FILOSOFIA: PROGRAMAS DE ENSINO
11202230829;NA1NHLQ001-22SA;EXPERIMENTAÇÃO E ENSINO DE QUÍMICA
11202230829;NA1ESTU038-17SA;TRATAMENTO DE ÁGUAS URBANAS SERVIDAS
11202130212;NA1ESHT015-22SB;OFICINA DE PLANEJAMENTO URBANO
11202111902;DA2BIR0004-15SB;BASES EPISTEMOLÓGICAS DA CIÊNCIA MODERNA
11202111902;DB1BIQ0602-15SB;ESTRUTURA E DINÂMICA SOCIAL
11202230829;NA1ESTU035-17SA;SISTEMAS DE ESGOTAMENTO SANITÁRIO
11201720286;NA1NHT3066-15SA;VARIÁVEIS COMPLEXAS E APLICAÇÕES
11202420797;DA1ESHC040-21SB;RELAÇÕES MONETÁRIAS E FINANCEIRAS INTERNACIONAIS
11201932461;NANHLP001-22SA;PRÁTICAS DE ENSINO DE FÍSICA I
11201720286;NA1ESTO015-17SA;MECÂNICA DOS FLUIDOS I
11201720286;NA1ESTI003-17SB;TRANSFORMADAS EM SINAIS E SISTEMAS LINEARES
11202421277;DA1ESAE002-23SA;DESENHO UNIVERSAL E TECNOLOGIA ASSISTIVA
11201920627;NA1ESTO015-17SA;MECÂNICA DOS FLUIDOS I
11202310075;DA1ESHC027-21SB;ECONOMIA MATEMÁTICA
11202420750;DA1ESTE004-17SA;ENERGIA, MEIO AMBIENTE E SOCIEDADE
11202420750;DA1NHLB002-23SA;PRÁTICAS DE ENSINO DE BIOLOGIA E APRENDIZAGEM
11202421333;DA2ESTO006-17SB;MATERIAIS E SUAS PROPRIEDADES
11202420665;NB2ESTO006-17SA;MATERIAIS E SUAS PROPRIEDADES
11202420424;DA1ESZU003-17SA;CONTAMINAÇÃO E REMEDIAÇÃO DE SOLOS
11109412;NA1NHLQ001-22SA;EXPERIMENTAÇÃO E ENSINO DE QUÍMICA
11202232249;DA1ESTG020-17SB;SISTEMAS E PROCESSOS DE PRODUÇÃO
11202321818;DA1BCK0104-15SA;INTERAÇÕES ATÔMICAS E MOLECULARES
11201920932;NA1ESHC026-21SB;MICROECONOMIA II
11202422044;NA1NHLQ001-22SA;EXPERIMENTAÇÃO E ENSINO DE QUÍMICA
11202422044;NA1NHBQ008-22SA;FUNDAMENTOS DE REAÇÕES ORGÂNICAS
11202422044;NA1ESTE018-17SA;FUNDAMENTOS DE SISTEMAS DINÂMICOS
11202230439;DA1ESZM027-17SA;MATERIAIS PARA ENERGIA E AMBIENTE
11202510082;DD3BCS0001-15SA;BASE EXPERIMENTAL DAS CIÊNCIAS NATURAIS
11201722449;NI1ESHR903-18SB;METODOLOGIA DE PESQUISA EM RELAÇÕES INTERNACIONAIS (TCC 1)
11201722449;DA1ESHR029-21SB;ANÁLISE DE POLÍTICA EXTERNA
11201722449;DA1ESZR024-21SB;CAPITALISMO, IMPERIALISMO E DEPENDÊNCIA
11201722449;DI1ESZR025-21SB;CONFLITOS, PAZ E NEGOCIAÇÃO INTERNACIONAL (PRÁTICA)
11202321306;NA1NHH2090-16SB;PRÁTICA DE ENSINO DE FILOSOFIA: PROGRAMAS DE ENSINO
11202021924;NB1ESTA017-17SA;LABORATÓRIO DE MÁQUINAS ELÉTRICAS
11201921752;NA1ESTA016-17SA;MÁQUINAS ELÉTRICAS
11201810873;NB1ESTA005-17SA;ANÁLISE DE SISITEMAS DINÂMICOS LINEARES
11201720860;DA1ESHP007-13SB;FEDERALISMO E POLÍTICAS PÚBLICAS
11201720860;DANHH2019-13SB;FILOSOFIA DA LINGUAGEM
11202131450;NA1MCZA046-17SA;SEMÂNTICA DE LINGUAGEM DE PROGRAMAÇÃO
11202130947;DAESTA013-17SA;FUNDAMENTOS DE ROBÓTICA
11202310040;DA1ESEC002-24SB;ECONOMIA NAS ESCOLAS
11202410093;DANHH2019-13SB;FILOSOFIA DA LINGUAGEM
11202422176;NA1NHBQ009-22SA;LIGAÇÕES QUÍMICAS
11202420163;DB1BIQ0602-15SB;ESTRUTURA E DINÂMICA SOCIAL
11202021385;DANHZ3095-22SA;LITERATURA E ENSINO DE CIÊNCIAS
11202231064;NA1MCCC010-23SA;MATEMÁTICA DISCRETA II
11202021380;DANHH2026-13SB;FILOSOFIA NO BRASIL E NA AMÉRICA LATINA
11202421579;NA1ESTO011-17SB;FUNDAMENTOS DE DESENHO TÉCNICO
11202420755;NA1NHH2090-16SB;PRÁTICA DE ENSINO DE FILOSOFIA: PROGRAMAS DE ENSINO
11202321704;DA1ESHT012-17SB;MOBILIZAÇÃO PRODUTIVA DOS TERRITÓRIOS E DESENVOLVIMENTO LOCAL
11202321704;DA1ESHT017-17SB;PLANEJAMENTO E POLÍTICA AMBIENTAL
11202432328;DA3BCM0505-22SA;PROCESSAMENTO DA INFORMAÇÃO
11201920139;NC1ESTI016-17SA;FUNDAMENTOS DE FOTÔNICA
11201920139;NA1MCZA039-17SA;PRÁTICA AVANÇADA DE PROGRAMAÇÃO B
11201920139;NA1MCZA046-17SA;SEMÂNTICA DE LINGUAGEM DE PROGRAMAÇÃO
11202421876;NA1NHT1054-15SA;HISTOLOGIA E EMBRIOLOGIA
11202320790;NA1ESZC022-17SB;TÓPICOS AVANÇADOS EM DESENVOLVIMENTO SOCIOECONÔMICO
11202320790;NA1ESTO006-17SB;MATERIAIS E SUAS PROPRIEDADES
11201921832;NB2ESTO006-17SA;MATERIAIS E SUAS PROPRIEDADES
11201810469;DAMCTD024-18SA;ANÁLISE NA EDUCAÇÃO BÁSICA
11202021328;DA1ESTG020-17SB;SISTEMAS E PROCESSOS DE PRODUÇÃO
11202111902;DC1BIS0003-15SA;BASES MATEMÁTICAS
11202021328;DA1ESZG043-17SB;PROJETO VIRTUAL E INTEGRADO DE MANUFATURA
11202420291;NANHT3049-15SA;PRINCÍPIOS DE TERMODINÂMICA
11013516;DA1MCBM010-23SA;TEORIA DE CORPOS
11202020025;DA2ESMA001-23SA;SOLUÇÕES PARA DESAFIOS EM ENGENHARIA
11202021328;DA1ESZG006-17SB;PESQUISA OPERACIONAL APLICADA
11202420735;DA1MCTA003-17SA;ANÁLISE DE ALGORITMOS
11202021850;NAESIR002-23SA;LÓGICA PROGRAMÁVEL
11202230536;NAESTE033-17SA;ENGENHARIA SOLAR FOTOVOLTAICA
11202320902;NANHBP010-23SA;ÓPTICA E RELATIVIDADE
11202320902;NA1ESTO015-17SA;MECÂNICA DOS FLUIDOS I
11202131938;NA1ESHT015-22SB;OFICINA DE PLANEJAMENTO URBANO
11202231019;NA1ESZB030-17SB;GESTÃO DE TECNOLOGIA HOSPITALAR II
11202130031;NA1ESZA006-17SB;TEORIA DE CONTROLE ÓTIMO
11054716;DB1BCS0002-15SA;PROJETO DIRIGIDO
11201720436;NA1ESHR903-18SB;METODOLOGIA DE PESQUISA EM RELAÇÕES INTERNACIONAIS (TCC 1)
11022015;NC1NHT5013-22SA;PRÁTICAS DE ENSINO DE CIÊNCIAS E MATEMÁTICA NO ENSINO FUNDAMENTAL
11202130343;NA1BCN0407-15SB;FUNÇÕES DE VÁRIAS VARIÁVEIS
11202130343;NA1ESTO015-17SA;MECÂNICA DOS FLUIDOS I
11202130628;DA1NHZ2051-11SB;PENSAMENTO HEGELIANO E SEUS DESDOBRAMENTOS CONTEMPORÂNEOS
11201720286;NANHBP010-23SA;ÓPTICA E RELATIVIDADE
11202422215;DA1NHBQ009-22SA;LIGAÇÕES QUÍMICAS
11087113;NANHT3069-15SA;MECÂNICA CLÁSSICA II
11202021328;DA1ESTG010-17SB;INOVAÇÃO TECNOLÓGICA
11202231274;NANHLP001-22SA;PRÁTICAS DE ENSINO DE FÍSICA I
11202320793;DA1ESTE036-17SA;ECONOMIA DA ENERGIA
11202320793;DA1ESHT020-17SB;POLÍTICA METROPOLITANA
11201920869;NA1MCZA046-17SA;SEMÂNTICA DE LINGUAGEM DE PROGRAMAÇÃO
11202230273;DA1ESEC002-24SB;ECONOMIA NAS ESCOLAS
11202021967;NA1ESZI039-17SA;PROPAGAÇÃO E ANTENAS
11202230494;DB1BCS0002-15SB;PROJETO DIRIGIDO
11202210047;NA1NHT4025-15SA;MÉTODOS DE ANÁLISE EM QUÍMICA ORGÂNICA
11202432416;DB2BCJ0203-15SB;FENÔMENOS ELETROMAGNÉTICOS
11202421850;NA1MCZA046-17SA;SEMÂNTICA DE LINGUAGEM DE PROGRAMAÇÃO
11202420905;NA1ESHP009-22SB;BUROCRACIA E IMPLEMENTAÇÃO DE POLÍTICAS PÚBLICAS
11202421761;NA1MCZA046-17SA;SEMÂNTICA DE LINGUAGEM DE PROGRAMAÇÃO
11202422232;DA1BCN0405-15SB;INTRODUÇÃO ÀS EQUAÇÕES DIFERENCIAIS ORDINÁRIAS
11201921010;DA1ESZC022-17SB;TÓPICOS AVANÇADOS EM DESENVOLVIMENTO SOCIOECONÔMICO
11202020129;DA1BCK0104-15SA;INTERAÇÕES ATÔMICAS E MOLECULARES
11202020129;NA1ESZA006-17SB;TEORIA DE CONTROLE ÓTIMO
11202420170;NA1MCZA046-17SA;SEMÂNTICA DE LINGUAGEM DE PROGRAMAÇÃO
11202232295;NA1NHT1054-15SA;HISTOLOGIA E EMBRIOLOGIA
11202232295;DANHZ3095-22SA;LITERATURA E ENSINO DE CIÊNCIAS
11202232295;NA1NHT4041-15SA;QUÍMICA ORGÂNICA EXPERIMENTAL
11202131411;DA1ESHC018-17SB;FORMAÇÃO ECONÔMICA DO BRASIL
11202131411;DA1ESHC012-21SB;ECONOMIA INSTITUCIONAL
11202420605;DC1BIS0003-15SA;BASES MATEMÁTICAS
11202021854;DA1ESHR029-21SB;ANÁLISE DE POLÍTICA EXTERNA
11202021854;DA1ESHR005-13SB;ESTADO E DESENVOLVIMENTO ECONÔMICO NO BRASIL CONTEMPORÂNEO
11202322088;NA1ESZC022-17SB;TÓPICOS AVANÇADOS EM DESENVOLVIMENTO SOCIOECONÔMICO
21017716;DA1ESHR029-21SB;ANÁLISE DE POLÍTICA EXTERNA
11202021854;DA1ESHC018-17SB;FORMAÇÃO ECONÔMICA DO BRASIL
11202021854;DA1ESHC027-21SB;ECONOMIA MATEMÁTICA
11202022247;DA1NHT1069-15SA;FISIOLOGIA VEGETAL I
11202021854;DA1ESHP007-13SB;FEDERALISMO E POLÍTICAS PÚBLICAS
11202130426;DA1BCM0505-22SB;PROCESSAMENTO DA INFORMAÇÃO
11202422176;NA1NHLQ001-22SA;EXPERIMENTAÇÃO E ENSINO DE QUÍMICA
11092716;NA1MCZA039-17SA;PRÁTICA AVANÇADA DE PROGRAMAÇÃO B
11092716;NA1ESTA005-17SA;ANÁLISE DE SISITEMAS DINÂMICOS LINEARES
11202321884;NA1MCZB015-13SA;INTRODUÇÃO À CRIPTOGRAFIA
11201811887;DA1BCN0407-15SB;FUNÇÕES DE VÁRIAS VARIÁVEIS
11073615;NA1MCBM001-23SA;ÁLGEBRA LINEAR AVANÇADA
11201811875;DA1ESGE009-23SB;TÓPICOS EM ENGENHARIA DE PRODUÇÃO NA INDÚSTRIA DE ALIMENTOS
11201811134;NA1ESTB028-17SB;EQUIPAMENTOS MÉDICO-HOSPITALARES
11201920226;NA1ESTB023-17SB;FÍSICA MÉDICA I
11202210018;DANHZ3095-22SA;LITERATURA E ENSINO DE CIÊNCIAS
11202210018;DA1NHT4073-15SA;LIVROS DIDÁTICOS NO ENSINO DE QUÍMICA
11202210018;DAMCTD017-18SA;PRÁTICAS DE ENSINO DE MATEMÁTICA II
11202320191;DA1ESEC002-24SB;ECONOMIA NAS ESCOLAS
11202322022;DB1BCS0002-15SB;PROJETO DIRIGIDO
11202420585;DD2BCS0001-15SA;BASE EXPERIMENTAL DAS CIÊNCIAS NATURAIS
11202420585;DA4BIL0304-15SA;EVOLUÇÃO E DIVERSIFICAÇÃO DA VIDA NA TERRA
11202021863;NA1ESZC022-17SB;TÓPICOS AVANÇADOS EM DESENVOLVIMENTO SOCIOECONÔMICO
11201810651;NAMCTD024-18SA;ANÁLISE NA EDUCAÇÃO BÁSICA
11201921595;DA1ESAE008-23SB;DINÂMICA DO VOO
11201810859;NA1NHBQ008-22SA;FUNDAMENTOS DE REAÇÕES ORGÂNICAS
11089214;DA1ESHR029-21SB;ANÁLISE DE POLÍTICA EXTERNA
11201922190;NA1ESZB022-17SA;INTRODUÇÃO À BIOINFORMÁTICA
11202422232;DA2BCJ0203-15SB;FENÔMENOS ELETROMAGNÉTICOS
11202421852;DC2ESMA001-23SA;SOLUÇÕES PARA DESAFIOS EM ENGENHARIA
11202420848;DA1ESHC027-21SB;ECONOMIA MATEMÁTICA
11073313;DA1ESTA021-17SA;INTRODUÇÃO AO CONTROLE DISCRETO
11072614;DA1ESTU039-17SA;REGULAÇÃO AMBIENTAL E URBANÍSTICA
11202420926;DA1ESZU022-17SA;CIÊNCIAS ATMOSFÉRICAS
11202420926;DA4BIL0304-15SA;EVOLUÇÃO E DIVERSIFICAÇÃO DA VIDA NA TERRA
11202420926;DB3BCM0505-22SA;PROCESSAMENTO DA INFORMAÇÃO
11201812323;DANHH2026-13SB;FILOSOFIA NO BRASIL E NA AMÉRICA LATINA
11201810464;NA2ESTO001-17SB;CIRCUITOS ELÉTRICOS E FOTÔNICA
11201920282;NAESZE099-17SA;TERMO HIDRÁULICA DE REATORES NUCLEARES
11202130426;DA2BHO0102-15SB;DESENVOLVIMENTO E SUSTENTABILIDADE
21059216;NA1ESZC022-17SB;TÓPICOS AVANÇADOS EM DESENVOLVIMENTO SOCIOECONÔMICO
11202420298;NA1ESTI015-17SA;COMUNICAÇÕES MÓVEIS
11202210093;NA1ESZB032-17SB;BIOIMPEDÂNCIA APLICADA
11110416;NANHT3049-15SA;PRINCÍPIOS DE TERMODINÂMICA
11202231058;NB1ESBM009-23SB;SENSORES BIOMÉDICOS
11202231655;NB1ESTU028-17SA;HIDRÁULICA DE CONDUTOS FORÇADOS
11202111741;DA2ESMA001-23SA;SOLUÇÕES PARA DESAFIOS EM ENGENHARIA
11202232145;DANHH2019-13SB;FILOSOFIA DA LINGUAGEM
11202130340;DA1MCCC002-23SA;ALGORITMOS E ESTRUTURAS DE DADOS II
11202212521;NA1ESHT015-22SB;OFICINA DE PLANEJAMENTO URBANO
11202111741;DANHBF150-22SB;OFICINA DE PESQUISA EM FILOSOFIA II
11202321554;DA1ESHR015-21SB;SEGURANÇA INTERNACIONAL
11202320741;DA1ESZU022-17SA;CIÊNCIAS ATMOSFÉRICAS
11201722164;NA1ESZB032-17SB;BIOIMPEDÂNCIA APLICADA
11202321222;DA1ESHT017-17SB;PLANEJAMENTO E POLÍTICA AMBIENTAL
11202320684;DA1ESHT017-17SB;PLANEJAMENTO E POLÍTICA AMBIENTAL
21046416;DB1BCS0002-15SB;PROJETO DIRIGIDO
11202320874;NA2ESTA004-17SA;CIRCUITOS ELÉTRICOS II
11202320561;NA1MCZA046-17SA;SEMÂNTICA DE LINGUAGEM DE PROGRAMAÇÃO
11202320561;NA1ESZC022-17SB;TÓPICOS AVANÇADOS EM DESENVOLVIMENTO SOCIOECONÔMICO
11202320561;NA1ESHC029-21SB;MICROECONOMIA III
11202320561;NA1MCZA039-17SA;PRÁTICA AVANÇADA DE PROGRAMAÇÃO B
11202320874;NA1ESZE080-17SA;PLANEJAMENTO DA OPERAÇÃO DE SISTEMAS HIDROTÉRMICOS DE POTÊNCIA
11202231803;NA2ESTO004-17SB;INSTRUMENTAÇÃO E CONTROLE
11202231563;NB1ESTO008-17SB;MECÂNICA DOS SÓLIDOS I
11202231954;DA1ESTO011-17SA;FUNDAMENTOS DE DESENHO TÉCNICO
11202321203;NA1ESZC022-17SB;TÓPICOS AVANÇADOS EM DESENVOLVIMENTO SOCIOECONÔMICO
11202021158;DA2ESMA002-23SB;INOVAÇÕES PARA ENGENHARIA
11201811505;NA1ESTE037-17SA;ANÁLISE ECONÔMICA DE PROJETOS ENERGÉTICOS
11201722868;NAESZE079-17SA;TÓPICOS DE OTIMIZAÇÃO EM SISTEMAS ELÉTRICOS DE POTÊNCIA E APLICAÇÕES
11202131457;DA1LHE0004-19SB;TEORIA DA HISTÓRIA I
11202131457;DA1NHH2090-16SB;PRÁTICA DE ENSINO DE FILOSOFIA: PROGRAMAS DE ENSINO
11202131457;DA1LHZ0035-19SB;REGIÃO E REGIONALIZAÇÃO
11202232199;NB1ESTA005-17SA;ANÁLISE DE SISITEMAS DINÂMICOS LINEARES
11202232199;NA1ESZA006-17SA;TEORIA DE CONTROLE ÓTIMO
11202231659;NB2MCTB019-17SA;MATEMÁTICA DISCRETA
11202020313;DA1NHLH001-24SB;ANTIGUIDADES E USOS DO PASSADO
11202322018;NA1ESZP002-13SB;INSTITUIÇÕES JUDICIAIS E POLÍTICAS PÚBLICAS
11202322018;NA1ESZU022-17SA;CIÊNCIAS ATMOSFÉRICAS
11201921127;NAMCZC012-15SB;SENSAÇÃO E PERCEPÇÃO
11202421501;DB1BCS0002-15SA;PROJETO DIRIGIDO
11202421501;DANHT3070-15SA;ELETROMAGNETISMO I
11202421501;DAMCZB035-17SA;EVOLUÇÃO DOS CONCEITOS MATEMÁTICOS
11202421501;DAESTA020-17SA;MODELAGEM E CONTROLE
11202131457;DANHH2026-13SB;FILOSOFIA NO BRASIL E NA AMÉRICA LATINA
11202420405;DB3BCM0505-22SA;PROCESSAMENTO DA INFORMAÇÃO
11201722558;DA1ESHR029-21SB;ANÁLISE DE POLÍTICA EXTERNA
11202231437;DA1ESHC018-17SB;FORMAÇÃO ECONÔMICA DO BRASIL
11202021901;NA1BCN0407-15SB;FUNÇÕES DE VÁRIAS VARIÁVEIS
11201932456;DA2NHT1013-15SA;BIOQUÍMICA FUNCIONAL
11202021330;NA1ESZP002-13SB;INSTITUIÇÕES JUDICIAIS E POLÍTICAS PÚBLICAS
11105313;NA1ESTM018-17SA;TERMODINÂMICA DE MATERIAIS
11105313;NA1ESTO015-17SA;MECÂNICA DOS FLUIDOS I
11105313;NA1ESZM001-17SA;SEMINÁRIOS EM MATERIAIS AVANÇADOS
11202421935;DA2BIR0004-15SB;BASES EPISTEMOLÓGICAS DA CIÊNCIA MODERNA
11201810847;NA1MCZA039-17SA;PRÁTICA AVANÇADA DE PROGRAMAÇÃO B
11201812365;NANHBP003-23SA;FÍSICA EXPERIMENTAL III
11201921605;DA1ESTG010-17SB;INOVAÇÃO TECNOLÓGICA
11202131183;NA1ESZC022-17SB;TÓPICOS AVANÇADOS EM DESENVOLVIMENTO SOCIOECONÔMICO
11202022108;DA1ESHT009-17SB;HISTÓRIA DA CIDADE E DO URBANISMO
11202022108;DA1ESHC012-21SB;ECONOMIA INSTITUCIONAL
11202111745;NA2ESMA001-23SB;SOLUÇÕES PARA DESAFIOS EM ENGENHARIA
11202111052;DA1ESZU003-17SA;CONTAMINAÇÃO E REMEDIAÇÃO DE SOLOS
11202112015;DA1ESHC031-17SB;MACROECONOMIA PÓS-KEYNESIANA
11202230326;NB1BCN0407-15SB;FUNÇÕES DE VÁRIAS VARIÁVEIS
11202230739;NA1NHZ1050-15SA;TOXICOLOGIA
11202022233;NANHZ1094-19SA;ESCRITA E LEITURA NA EDUCAÇÃO EM CIÊNCIAS
11202421026;DA1MCTA024-13SA;SISTEMAS DIGITAIS
11202231932;DA1NHBQ007-22SA;FUNDAMENTOS DE QUÍMICA
11202020268;DA1NHZ2051-11SB;PENSAMENTO HEGELIANO E SEUS DESDOBRAMENTOS CONTEMPORÂNEOS
11202420453;DA1ESBM011-23SB;PROJETO E DESENVOLVIMENTO DE SISTEMAS PARA ANÁLISE DE DADOS MÉDICOS
11202021700;NA1NHBQ008-22SA;FUNDAMENTOS DE REAÇÕES ORGÂNICAS
11202020690;DB3BCM0505-22SA;PROCESSAMENTO DA INFORMAÇÃO
11092915;NA1NHT4025-15SA;MÉTODOS DE ANÁLISE EM QUÍMICA ORGÂNICA
11201811221;NA1MCZA046-17SA;SEMÂNTICA DE LINGUAGEM DE PROGRAMAÇÃO
11202421946;DAMCZC018-20SB;PSICOPATOLOGIA
11202021700;DA4MCTA018-13SA;PROGRAMAÇÃO ORIENTADA A OBJETOS
11202230707;NA1NHT4041-15SA;QUÍMICA ORGÂNICA EXPERIMENTAL
11202021755;DA1ESTU039-17SA;REGULAÇÃO AMBIENTAL E URBANÍSTICA
11202021822;DA1ESHR019-21SB;CHINA NAS RELAÇÕES INTERNACIONAIS
11202230326;NAMCTC002-15SA;INTRODUÇÃO À NEUROCIÊNCIA
11201723026;NANHH2040-13SB;HISTÓRIA DA FILOSOFIA MODERNA: O ILUMINISMO E SEUS DESDOBRAMENTOS
11202231565;NAESIR002-23SA;LÓGICA PROGRAMÁVEL
11202130402;DB3BCM0505-22SA;PROCESSAMENTO DA INFORMAÇÃO
11097013;NA1ESTO015-17SA;MECÂNICA DOS FLUIDOS I
11107916;NAESZE099-17SA;TERMO HIDRÁULICA DE REATORES NUCLEARES
11087215;NA1MCZA046-17SA;SEMÂNTICA DE LINGUAGEM DE PROGRAMAÇÃO
11202322292;DB2BCS0002-15SA;PROJETO DIRIGIDO
11202232299;DB2BCS0002-15SA;PROJETO DIRIGIDO
11202322021;DB2BCS0002-15SA;PROJETO DIRIGIDO
11015713;NA1NHT3066-15SA;VARIÁVEIS COMPLEXAS E APLICAÇÕES
11015713;NA1MCZB001-13SA;ANÁLISE COMPLEXA
11202420618;NB2BCM0506-15SA;COMUNICAÇÃO E REDES
11201812209;DA1ESZC022-17SB;TÓPICOS AVANÇADOS EM DESENVOLVIMENTO SOCIOECONÔMICO
11202321144;NA2BCS0002-15SA;PROJETO DIRIGIDO
11202321818;DA1ESTA006-17SA;FOTÔNICA
21063116;DA1ESAE013-23SB;MECÂNICA DOS SÓLIDOS II
11201921060;NA1ESZA006-17SB;TEORIA DE CONTROLE ÓTIMO
11202130180;NA1ESTM018-17SA;TERMODINÂMICA DE MATERIAIS
11201920846;NA2ESTA003-17SA;SISTEMAS DE CONTROLE I
11202022222;NA1ESTM018-17SA;TERMODINÂMICA DE MATERIAIS
11202020909;DA2BHO0102-15SB;DESENVOLVIMENTO E SUSTENTABILIDADE
11201920194;NA1ESTS012-17SB;AEROELASTICIDADE
11201920194;NA1ESTS018-17SB;TRANSFERÊNCIA DE CALOR APLICADA A SISTEMAS AEROESPACIAIS
11202020909;DA1ESHC018-17SB;FORMAÇÃO ECONÔMICA DO BRASIL
11202321470;DC1ESMA001-23SA;SOLUÇÕES PARA DESAFIOS EM ENGENHARIA
11201810601;DA1ESTG010-17SB;INOVAÇÃO TECNOLÓGICA
11202420627;NB2MCTB019-17SA;MATEMÁTICA DISCRETA
11202420627;NA1MCTB012-13SA;EQUAÇÕES DIFERENCIAIS PARCIAIS
11202420136;DC2ESMA001-23SA;SOLUÇÕES PARA DESAFIOS EM ENGENHARIA
11202321380;DA1LCT1003-24SA;ESTÁGIO III NO ENSINO FUNDAMENTAL
11202510026;DC2ESMA001-23SA;SOLUÇÕES PARA DESAFIOS EM ENGENHARIA
11202130180;NA2ESTA003-17SA;SISTEMAS DE CONTROLE I
11202232197;NB1NHI5001-15SA;DESENVOLVIMENTO E APRENDIZAGEM
11202320380;NA1NHBQ008-22SA;FUNDAMENTOS DE REAÇÕES ORGÂNICAS
11202432410;DA1BCN0407-15SB;FUNÇÕES DE VÁRIAS VARIÁVEIS
11202321578;NA1ESHP009-22SB;BUROCRACIA E IMPLEMENTAÇÃO DE POLÍTICAS PÚBLICAS
11202410061;NA1NHLQ001-22SA;EXPERIMENTAÇÃO E ENSINO DE QUÍMICA
11202021324;DA1ESHC029-21SB;MICROECONOMIA III
11201920708;DA1MCZA020-13SA;PROGRAMAÇÃO PARALELA
11014116;DA1BHO1102-19SB;INTRODUÇÃO À ECONOMIA
21062914;NA1ESTI003-17SB;TRANSFORMADAS EM SINAIS E SISTEMAS LINEARES
11202021245;NB1BCN0405-15SB;INTRODUÇÃO ÀS EQUAÇÕES DIFERENCIAIS ORDINÁRIAS
11202021245;DA1ESMA002-23SB;INOVAÇÕES PARA ENGENHARIA
11201920427;DA1ESMA001-23SB;SOLUÇÕES PARA DESAFIOS EM ENGENHARIA
11202232275;NA1ESHT020-17SB;POLÍTICA METROPOLITANA
11202020621;NA1ESTA016-17SA;MÁQUINAS ELÉTRICAS
11202421521;DA1NHH2023-16SB;FILOSOFIA DO ENSINO DE FILOSOFIA
11202421521;DA1LHZ0038-22SB;HISTÓRIA E GÊNERO
11202421660;NB5BCJ0203-15SA;FENÔMENOS ELETROMAGNÉTICOS
11201921098;NA1MCTB020-17SA;TEORIA DA MEDIDA E INTEGRAÇÃO
11202230415;DA1BCK0104-15SA;INTERAÇÕES ATÔMICAS E MOLECULARES
11202021877;DA1ESMA002-23SB;INOVAÇÕES PARA ENGENHARIA
11201922170;NA1ESTE016-17SA;INTRODUÇÃO AOS SISTEMAS ELÉTRICOS DE POTÊNCIA
11202230436;DANHZ2121-18SB;FILOSOFIA DA TECNOLOGIA
11202320951;DA1MCZA030-17SA;VIDA ARTIFICIAL NA COMPUTAÇÃO
11202130212;NA1ESZC022-17SB;TÓPICOS AVANÇADOS EM DESENVOLVIMENTO SOCIOECONÔMICO
11202320869;DANHH2026-13SB;FILOSOFIA NO BRASIL E NA AMÉRICA LATINA
11202320869;DA1ESHT020-17SB;POLÍTICA METROPOLITANA
11202320869;DA1LHZ0035-19SB;REGIÃO E REGIONALIZAÇÃO
11202130666;NA1NHH2090-16SB;PRÁTICA DE ENSINO DE FILOSOFIA: PROGRAMAS DE ENSINO
11202232278;NAMCZC012-15SB;SENSAÇÃO E PERCEPÇÃO
11202130611;DA1ESTB023-17SB;FÍSICA MÉDICA I
11202332343;NA1ESTB028-17SB;EQUIPAMENTOS MÉDICO-HOSPITALARES
11146909;DA1NHZ1051-13SB;VIROLOGIA
11202021158;NA1ESTA016-17SA;MÁQUINAS ELÉTRICAS
11202020621;NA2ESTO006-17SB;MATERIAIS E SUAS PROPRIEDADES
21089515;DA1ESTU039-17SA;REGULAÇÃO AMBIENTAL E URBANÍSTICA
11202231316;DA1ESHC031-17SB;MACROECONOMIA PÓS-KEYNESIANA
11201921322;DANHT3089-15SA;TRABALHO DE CONCLUSÃO DE CURSO EM FÍSICA
11201811753;NA1MCBM012-23SA;TOPOLOGIA
11202130418;DA1ESGE009-23SB;TÓPICOS EM ENGENHARIA DE PRODUÇÃO NA INDÚSTRIA DE ALIMENTOS
11201722344;DB2BCS0002-15SA;PROJETO DIRIGIDO
11087113;NC1LCT1003-24SA;ESTÁGIO III NO ENSINO FUNDAMENTAL
11201812055;NA1MCTB020-17SA;TEORIA DA MEDIDA E INTEGRAÇÃO
11202230277;DA1MCTA003-17SA;ANÁLISE DE ALGORITMOS
11071614;NA1ESTO004-17SB;INSTRUMENTAÇÃO E CONTROLE
11202130517;NA1ESTS017-17SB;SISTEMAS DE PROPULSÃO I
11201812305;DA1ESEC002-24SB;ECONOMIA NAS ESCOLAS
11202320785;NA2BCN0405-15SA;INTRODUÇÃO ÀS EQUAÇÕES DIFERENCIAIS ORDINÁRIAS
11202432366;NA1ESTM005-17SA;MATERIAIS METÁLICOS
11202021759;NA1MCZA039-17SA;PRÁTICA AVANÇADA DE PROGRAMAÇÃO B
11202321804;DA1MCZA030-17SA;VIDA ARTIFICIAL NA COMPUTAÇÃO
11202432366;NA1ESZA006-17SA;TEORIA DE CONTROLE ÓTIMO
11201810651;NA2MCTA018-13SA;PROGRAMAÇÃO ORIENTADA A OBJETOS
11202310008;DA1ESZU025-17SA;EDUCAÇÃO AMBIENTAL
11202232276;DA1ESHR015-21SB;SEGURANÇA INTERNACIONAL
11202021110;DA1ESZU022-17SA;CIÊNCIAS ATMOSFÉRICAS
11202130928;DA1ESGE009-23SB;TÓPICOS EM ENGENHARIA DE PRODUÇÃO NA INDÚSTRIA DE ALIMENTOS
21065916;NA1MCBM004-23SA;GEOMETRIA DIFERENCIAL
11201720134;NA1ESTE037-17SA;ANÁLISE ECONÔMICA DE PROJETOS ENERGÉTICOS
11201922422;NA3BCJ0205-15SA;FENÔMENOS TÉRMICOS
11202320658;DAMCTC002-15SA;INTRODUÇÃO À NEUROCIÊNCIA
11202321814;DA1ESTO001-17SB;CIRCUITOS ELÉTRICOS E FOTÔNICA
11202231611;NI1ESZR025-21SB;CONFLITOS, PAZ E NEGOCIAÇÃO INTERNACIONAL (PRÁTICA)
11202020608;NA1ESTS018-17SB;TRANSFERÊNCIA DE CALOR APLICADA A SISTEMAS AEROESPACIAIS
11201720134;DA1ESTU039-17SA;REGULAÇÃO AMBIENTAL E URBANÍSTICA
11202021410;NA1ESZU022-17SA;CIÊNCIAS ATMOSFÉRICAS
11202021410;NA1NHZ6003-18SA;NANOBIOTECNOLOGIA
11201720134;DAESTA020-17SA;MODELAGEM E CONTROLE
11201720134;DANHT3049-15SA;PRINCÍPIOS DE TERMODINÂMICA
11202320224;NA1ESTO015-17SA;MECÂNICA DOS FLUIDOS I
11202420847;DA1ESGE009-23SB;TÓPICOS EM ENGENHARIA DE PRODUÇÃO NA INDÚSTRIA DE ALIMENTOS
11202321077;DAESTA020-17SA;MODELAGEM E CONTROLE
11202232117;DA1BCN0407-15SA;FUNÇÕES DE VÁRIAS VARIÁVEIS
11202320677;NA1NHH2090-16SB;PRÁTICA DE ENSINO DE FILOSOFIA: PROGRAMAS DE ENSINO
11202432349;DA1ESZS004-17SB;AVIÔNICA
11202320180;NAESZE079-17SA;TÓPICOS DE OTIMIZAÇÃO EM SISTEMAS ELÉTRICOS DE POTÊNCIA E APLICAÇÕES
11202320180;NA1NHLQ001-22SA;EXPERIMENTAÇÃO E ENSINO DE QUÍMICA
11201921731;NB1ESTA005-17SA;ANÁLISE DE SISITEMAS DINÂMICOS LINEARES
11202320180;NB1ESTA005-17SA;ANÁLISE DE SISITEMAS DINÂMICOS LINEARES
11202432307;DA1ESHC907-18SB;MONOGRAFIA I - TÉCNICAS DE PESQUISA EM ECONOMIA
11202020847;NA1MCTA003-17SA;ANÁLISE DE ALGORITMOS
21071716;NA1ESZB027-17SB;ENGENHARIA DE REABILITAÇÃO E BIOFEEDBACK
21071716;NA1ESTB028-17SB;EQUIPAMENTOS MÉDICO-HOSPITALARES
11202332347;NA1ESTI003-17SB;TRANSFORMADAS EM SINAIS E SISTEMAS LINEARES
11202212437;NA1MCZB015-13SA;INTRODUÇÃO À CRIPTOGRAFIA
11202510054;NA1NHBQ007-22SA;FUNDAMENTOS DE QUÍMICA
11202230492;DANHZ2121-18SB;FILOSOFIA DA TECNOLOGIA
11202230348;DA1ESTO016-17SB;FENÔMENOS DE TRANSPORTE
11202230348;DA1ESHC027-21SB;ECONOMIA MATEMÁTICA
11201921731;DC1BIS0003-15SA;BASES MATEMÁTICAS
11201722322;NA1ESTE037-17SA;ANÁLISE ECONÔMICA DE PROJETOS ENERGÉTICOS
11201722273;NA1ESTM005-17SA;MATERIAIS METÁLICOS
11202422220;NAESTE033-17SA;ENGENHARIA SOLAR FOTOVOLTAICA
11202231721;DA1ESTO012-17SA;PRINCÍPIOS DE ADMINISTRAÇÃO
11202022102;NB1BCS0002-15SA;PROJETO DIRIGIDO
11202022102;NANHT3070-15SA;ELETROMAGNETISMO I
11202022102;NB1ESTA005-17SA;ANÁLISE DE SISITEMAS DINÂMICOS LINEARES
11202310047;NA1ESZC022-17SB;TÓPICOS AVANÇADOS EM DESENVOLVIMENTO SOCIOECONÔMICO
11201920181;NA1BHS0012-23SB;TEMAS FILOSÓFICOS EM DEBATE
11033210;NANHT3070-15SA;ELETROMAGNETISMO I
11033210;NAMCZC012-15SB;SENSAÇÃO E PERCEPÇÃO
11202321818;NA1ESZI039-17SA;PROPAGAÇÃO E ANTENAS
11202021694;NAMCZC012-15SB;SENSAÇÃO E PERCEPÇÃO
11202021694;NA1ESMA002-23SB;INOVAÇÕES PARA ENGENHARIA
11202021694;NA1ESTB023-17SB;FÍSICA MÉDICA I
11202322273;NA1NHZ6002-18SA;TECNOLOGIA DE FERMENTAÇÕES
11201811917;DA1ESHP021-13SB;TRAJETÓRIAS DAS POLÍTICAS DE CT&I NO BRASIL
11202321595;DA2BHQ0003-15SB;INTERPRETAÇÕES DO BRASIL
11002216;NA1MCBM001-23SA;ÁLGEBRA LINEAR AVANÇADA
11002216;NA1MCTB020-17SA;TEORIA DA MEDIDA E INTEGRAÇÃO
11002216;NA1NHT3066-15SA;VARIÁVEIS COMPLEXAS E APLICAÇÕES
11202321070;NANHBP010-23SA;ÓPTICA E RELATIVIDADE
11202420754;DA1BCN0405-15SB;INTRODUÇÃO ÀS EQUAÇÕES DIFERENCIAIS ORDINÁRIAS
11201921562;DA3BCM0505-22SA;PROCESSAMENTO DA INFORMAÇÃO
11202421258;NA1NHLB002-23SA;PRÁTICAS DE ENSINO DE BIOLOGIA E APRENDIZAGEM
11202321661;NB1NHT5013-22SA;PRÁTICAS DE ENSINO DE CIÊNCIAS E MATEMÁTICA NO ENSINO FUNDAMENTAL
11202131191;NA1ESZM001-17SA;SEMINÁRIOS EM MATERIAIS AVANÇADOS
11202332350;NA1LHE0002-22SB;LABORATÓRIO DE PRÁTICAS INTEGRADORAS I (PCC)
11202232001;NAESZE006-17SA;SUBESTAÇÃO E EQUIPAMENTOS
11202232267;NAMCTC001-15SB;INTRODUÇÃO À FILOSOFIA DA MENTE
11202322273;DA1ESTE004-17SA;ENERGIA, MEIO AMBIENTE E SOCIEDADE
11201921821;NA1ESTO016-17SA;FENÔMENOS DE TRANSPORTE
11202320350;NA1NHZ4080-20SA;HISTÓRIA DA QUÍMICA
11201722035;DA1ESHT011-21SB;ANÁLISE DE DADOS PARA O PLANEJAMENTO TERRITORIAL
11201722035;DA1ESZR024-21SB;CAPITALISMO, IMPERIALISMO E DEPENDÊNCIA
11202130385;DA1NHZ1051-13SB;VIROLOGIA
11202332350;NA2ESMA001-23SB;SOLUÇÕES PARA DESAFIOS EM ENGENHARIA
11202320673;NA1NHZ6001-18SA;FUNDAMENTOS DA BIOTECNOLOGIA
11202131023;NA2BIN0406-15SB;INTRODUÇÃO À PROBABILIDADE E À ESTATÍSTICA
11202322130;NA1ESZA019-17SA;VISÃO COMPUTACIONAL
11201920926;NA2BCM0505-22SB;PROCESSAMENTO DA INFORMAÇÃO
11201932478;NA1ESTO005-17SB;INTRODUÇÃO ÀS ENGENHARIAS
11201932478;DA2ESTO006-17SA;MATERIAIS E SUAS PROPRIEDADES
11201932478;DC1ESTO017-17SA;MÉTODOS EXPERIMENTAIS EM ENGENHARIA
11201932478;DC1ESMA001-23SA;SOLUÇÕES PARA DESAFIOS EM ENGENHARIA
11202422016;DB7BIS0005-15SB;BASES COMPUTACIONAIS DA CIÊNCIA
11202422016;DB2BIR0004-15SB;BASES EPISTEMOLÓGICAS DA CIÊNCIA MODERNA
11202410029;DB2BCM0505-22SB;PROCESSAMENTO DA INFORMAÇÃO
11202231989;DA1LHZ0035-19SB;REGIÃO E REGIONALIZAÇÃO
11202232265;DA4BIL0304-15SA;EVOLUÇÃO E DIVERSIFICAÇÃO DA VIDA NA TERRA
11202232265;DB3BCM0505-22SA;PROCESSAMENTO DA INFORMAÇÃO
11202021876;DA1NHZ6001-18SA;FUNDAMENTOS DA BIOTECNOLOGIA
11201921592;DA4BIL0304-15SA;EVOLUÇÃO E DIVERSIFICAÇÃO DA VIDA NA TERRA
11201921592;DB3BCM0505-22SA;PROCESSAMENTO DA INFORMAÇÃO
11202320755;NA1ESHT018-17SB;PLANEJAMENTO E POLÍTICA REGIONAL
11202231406;DA2BCS0002-15SA;PROJETO DIRIGIDO
11202021876;DA1ESHR019-21SB;CHINA NAS RELAÇÕES INTERNACIONAIS
11202410049;NAMCTD024-18SA;ANÁLISE NA EDUCAÇÃO BÁSICA
11202322273;NB1ESTA017-17SA;LABORATÓRIO DE MÁQUINAS ELÉTRICAS
11202310054;DA1ESTU027-17SA;FUNDAMENTOS DE GEOLOGIA PARA ENGENHARIA
11202131417;DB3BCM0505-22SA;PROCESSAMENTO DA INFORMAÇÃO
11202131417;DA1MCTA003-17SA;ANÁLISE DE ALGORITMOS
11201812181;DA1ESTU038-17SA;TRATAMENTO DE ÁGUAS URBANAS SERVIDAS
11202420574;DA1BIN0406-15SA;INTRODUÇÃO À PROBABILIDADE E À ESTATÍSTICA
11202020961;NA1ESTA017-17SA;LABORATÓRIO DE MÁQUINAS ELÉTRICAS
11202130694;NA1ESHT015-22SB;OFICINA DE PLANEJAMENTO URBANO
11202130694;NA1ESTM013-17SA;SELEÇÃO DE MATERIAIS
11202322284;DA1ESHT018-17SB;PLANEJAMENTO E POLÍTICA REGIONAL
11107916;NA1ESEN004-23SA;INTRODUÇÃO AO PROJETO DE DISPOSITIVOS ELETROMAGNÉTICOS
11202322019;DA1ESHR031-21SB;ECONOMIA POLÍTICA INTERNACIONAL
11202022295;NA1ESTO004-17SA;INSTRUMENTAÇÃO E CONTROLE
11202310004;DA1ESTM005-17SA;MATERIAIS METÁLICOS
11202510081;NANHH2040-13SB;HISTÓRIA DA FILOSOFIA MODERNA: O ILUMINISMO E SEUS DESDOBRAMENTOS
11202320813;NA1MCZA046-17SA;SEMÂNTICA DE LINGUAGEM DE PROGRAMAÇÃO
11202420405;DB1BIN0406-15SA;INTRODUÇÃO À PROBABILIDADE E À ESTATÍSTICA
11201921700;NA1MCTC014-13SB;INTRODUÇÃO À INFERÊNCIA ESTATÍSTICA
11202421094;DA2NHZ2093-16SB;CORPO, SEXUALIDADE E QUESTÕES DE GÊNERO
11202421697;DB2BCS0002-15SA;PROJETO DIRIGIDO
11201720952;NB2BCJ0203-15SB;FENÔMENOS ELETROMAGNÉTICOS
11201720952;NB1BCN0407-15SB;FUNÇÕES DE VÁRIAS VARIÁVEIS
11202130778;NA1ESHR015-21SB;SEGURANÇA INTERNACIONAL
11202232273;NAMCZC012-15SB;SENSAÇÃO E PERCEPÇÃO
11114816;DA1BCM0505-22SB;PROCESSAMENTO DA INFORMAÇÃO
11201721244;DA1BCN0407-15SB;FUNÇÕES DE VÁRIAS VARIÁVEIS
11202231999;NA1ESZE080-17SA;PLANEJAMENTO DA OPERAÇÃO DE SISTEMAS HIDROTÉRMICOS DE POTÊNCIA
11201932599;NB1BCN0407-15SB;FUNÇÕES DE VÁRIAS VARIÁVEIS
21026616;NA1ESHP024-22SB;MÉTODOS QUALITATIVOS E DESENHO DE PESQUISA PARA O TCC DE POLÍTICAS PÚBLICAS
21062314;NA1MCZB015-13SA;INTRODUÇÃO À CRIPTOGRAFIA
11202332398;NAMCZC012-15SB;SENSAÇÃO E PERCEPÇÃO
11202020741;DA1ESTO011-17SA;FUNDAMENTOS DE DESENHO TÉCNICO
11202332398;NA1ESHP009-22SB;BUROCRACIA E IMPLEMENTAÇÃO DE POLÍTICAS PÚBLICAS
11202422087;DA1ESZG017-17SB;CLIMA E CULTURA ORGANIZACIONAL
11202421275;NA1BIN0406-15SA;INTRODUÇÃO À PROBABILIDADE E À ESTATÍSTICA
11202421650;NAMCTC001-15SB;INTRODUÇÃO À FILOSOFIA DA MENTE
11201921063;NA1ESHT020-17SB;POLÍTICA METROPOLITANA
11201921063;NA1ESZC022-17SB;TÓPICOS AVANÇADOS EM DESENVOLVIMENTO SOCIOECONÔMICO
11201810609;DA1LCT1003-24SA;ESTÁGIO III NO ENSINO FUNDAMENTAL
11084015;DA1MCZA020-13SA;PROGRAMAÇÃO PARALELA
11000515;NA1MCZA046-17SA;SEMÂNTICA DE LINGUAGEM DE PROGRAMAÇÃO
11201812230;NA1ESTS012-17SB;AEROELASTICIDADE
11201812230;DA1ESTS006-17SB;LABORATÓRIO DE GUIAGEM, NAVEGAÇÃO E CONTROLE
11068514;NAESZA011-17SA;ELETRÔNICA DE POTÊNCIA I
11201810727;DA1MCCC002-23SA;ALGORITMOS E ESTRUTURAS DE DADOS II
11202420767;NA1NHT4073-15SA;LIVROS DIDÁTICOS NO ENSINO DE QUÍMICA
11094913;DA1ESZB021-17SB;INTRODUÇÃO À ENGENHARIA BIOMÉDICA
11202232001;DC1BIS0003-15SA;BASES MATEMÁTICAS
11201721432;DA1ESAE013-23SB;MECÂNICA DOS SÓLIDOS II
21055813;NA1ESZA019-17SA;VISÃO COMPUTACIONAL
11202111778;DA1ESTB013-17SB;BIOSSEGURANÇA
11202321239;DAMCTD024-18SA;ANÁLISE NA EDUCAÇÃO BÁSICA
11201810415;DB1BCS0002-15SB;PROJETO DIRIGIDO
11201810415;DA2BHO0102-15SB;DESENVOLVIMENTO E SUSTENTABILIDADE
11201810415;NAMCZC012-15SB;SENSAÇÃO E PERCEPÇÃO
11201810415;DAMCZC018-20SB;PSICOPATOLOGIA
11018515;DA1MCTA003-17SA;ANÁLISE DE ALGORITMOS
13201910046;NA1ESHC027-21SB;ECONOMIA MATEMÁTICA
11202420728;NAESTE033-17SA;ENGENHARIA SOLAR FOTOVOLTAICA
11202420605;NA1NHZ6001-18SA;FUNDAMENTOS DA BIOTECNOLOGIA
11202420605;NA1ESAE002-23SA;DESENHO UNIVERSAL E TECNOLOGIA ASSISTIVA
11202420368;NA1BCN0407-15SB;FUNÇÕES DE VÁRIAS VARIÁVEIS
11202231893;NA1ESHC027-21SB;ECONOMIA MATEMÁTICA
11202231893;NA1ESGE007-23SB;GESTÃO AMBIENTAL EMPRESARIAL
11202332367;DA1ESHP007-13SB;FEDERALISMO E POLÍTICAS PÚBLICAS
11202332367;DA1ESHP026-14SB;PARTICIPAÇÃO, MOVIMENTOS SOCIAIS E POLÍTICAS PÚBLICAS
13201910080;DA1ESHC018-17SB;FORMAÇÃO ECONÔMICA DO BRASIL
11202410106;NANHZ2109-18SB;TEORIA DAS CIÊNCIAS HUMANAS
11035313;NA1ESTA004-17SA;CIRCUITOS ELÉTRICOS II
11201920296;NB1BCJ0203-15SB;FENÔMENOS ELETROMAGNÉTICOS
11201920296;NA2ESTB028-17SB;EQUIPAMENTOS MÉDICO-HOSPITALARES
11202321530;NB1NHT5013-22SA;PRÁTICAS DE ENSINO DE CIÊNCIAS E MATEMÁTICA NO ENSINO FUNDAMENTAL
11202230967;NA1NHT4051-15SA;QUÍMICA ANALÍTICA CLÁSSICA I
11202230812;NA1ESTM018-17SA;TERMODINÂMICA DE MATERIAIS
11202230761;NA1ESTM018-17SA;TERMODINÂMICA DE MATERIAIS
11202332350;NAMCZC012-15SB;SENSAÇÃO E PERCEPÇÃO
11201920403;DA4MCTA024-13SA;SISTEMAS DIGITAIS
11201920403;NA1MCZA046-17SA;SEMÂNTICA DE LINGUAGEM DE PROGRAMAÇÃO
11202020270;NA1ESZA006-17SA;TEORIA DE CONTROLE ÓTIMO
11201810600;NA1ESTO015-17SB;MECÂNICA DOS FLUIDOS I
11201810600;DA1ESAE013-23SB;MECÂNICA DOS SÓLIDOS II
21073814;DA1ESTE024-17SA;MECÂNICA DOS FLUIDOS II
11201720822;NA1ESTE016-17SA;INTRODUÇÃO AOS SISTEMAS ELÉTRICOS DE POTÊNCIA
11202410029;NA1ESTO011-17SB;FUNDAMENTOS DE DESENHO TÉCNICO
11202230995;DA1MCZA030-17SA;VIDA ARTIFICIAL NA COMPUTAÇÃO
11202021347;DA1ESTO012-17SA;PRINCÍPIOS DE ADMINISTRAÇÃO
11202321353;NA1ESHP021-13SB;TRAJETÓRIAS DAS POLÍTICAS DE CT&I NO BRASIL
11202020676;DA1LHE0004-19SB;TEORIA DA HISTÓRIA I
11202321146;NA1ESMA001-23SB;SOLUÇÕES PARA DESAFIOS EM ENGENHARIA
11202230594;NAMCTD009-18SA;GEOMETRIA PLANA AXIOMÁTICA
11201811621;DAMCTC002-15SA;INTRODUÇÃO À NEUROCIÊNCIA
11202321239;NA1NHT1013-15SA;BIOQUÍMICA FUNCIONAL
11202021759;NB1ESTI015-17SA;COMUNICAÇÕES MÓVEIS
11201822532;DANHZ2109-18SB;TEORIA DAS CIÊNCIAS HUMANAS
11202232197;NA1ESTU027-17SA;FUNDAMENTOS DE GEOLOGIA PARA ENGENHARIA
11202421752;DAESTA014-17SA;SISTEMAS CAD/CAM
11202020663;NA1NHT1071-15SA;PRÁTICAS DE ECOLOGIA
11202022253;DA1ESTO008-17SA;MECÂNICA DOS SÓLIDOS I
11202420627;NA1MCZB015-13SA;INTRODUÇÃO À CRIPTOGRAFIA
11202420416;NAMCTC002-15SA;INTRODUÇÃO À NEUROCIÊNCIA
21019614;NA1NHT4051-15SA;QUÍMICA ANALÍTICA CLÁSSICA I
11202510081;NA1ESGE007-23SB;GESTÃO AMBIENTAL EMPRESARIAL
11202020083;DA1ESTU039-17SA;REGULAÇÃO AMBIENTAL E URBANÍSTICA
11201721357;NANHLP001-22SA;PRÁTICAS DE ENSINO DE FÍSICA I
11202130355;NA2MCTA025-13SA;SISTEMAS DISTRIBUÍDOS
11009614;NC1LCT1003-24SA;ESTÁGIO III NO ENSINO FUNDAMENTAL
11202420442;DA1ESZR017-14SB;REGIMES DE NEGOCIAÇÃO AMBIENTAL INTERNACIONAL E A ATUAÇÃO BRASILEIRA
11201811597;DA1ESHC907-18SB;MONOGRAFIA I - TÉCNICAS DE PESQUISA EM ECONOMIA
11202421674;NAMCZC012-15SB;SENSAÇÃO E PERCEPÇÃO
11202421674;NA1ESHC027-21SB;ECONOMIA MATEMÁTICA
11202421674;NA1ESHT015-22SB;OFICINA DE PLANEJAMENTO URBANO
11202232361;NA1NHT4073-15SA;LIVROS DIDÁTICOS NO ENSINO DE QUÍMICA
11201920398;NA1MCCC016-23SA;IMPLEMENTAÇÃO DE BANCOS DE DADOS
11201920398;NA1MCZA024-17SA;REDES SEM FIO
11202230857;DA1MCCC016-23SA;IMPLEMENTAÇÃO DE BANCOS DE DADOS
11201921655;NA1ESTG023-17SB;ORGANIZAÇÃO DO TRABALHO
11202320900;DA1MCCC001-23SA;ALGORITMOS E ESTRUTURAS DE DADOS I
11202022160;NA1ESZI014-17SA;SISTEMAS INTELIGENTES
11202111565;NA1ESTG023-17SB;ORGANIZAÇÃO DO TRABALHO
11202320679;NA1ESHC002-17SB;CONTABILIDADE BÁSICA
11202320182;NA1BHO0001-19SB;INTRODUÇÃO ÀS HUMANIDADES E ÀS CIÊNCIAS SOCIAIS
11202420410;DA1BCM0504-15SA;NATUREZA DA INFORMAÇÃO
11202231636;DA1MCCC016-23SA;IMPLEMENTAÇÃO DE BANCOS DE DADOS
11201922141;NB1MCCC007-23SA;COMPUTAÇÃO GRÁFICA
11202232020;DA1MCCC008-23SA;INTELIGÊNCIA ARTIFICIAL
11202232014;NB1BIN0406-15SB;INTRODUÇÃO À PROBABILIDADE E À ESTATÍSTICA
11201810233;NAMCNC003-23SB;PROCESSAMENTO DE SINAIS NEURAIS
11202130692;NA1MCCC016-23SA;IMPLEMENTAÇÃO DE BANCOS DE DADOS
11202321633;NA1ESEC004-24SB;OFICINAS EM ECONOMIA E HISTÓRIA DO ABC PAULISTA
11202020350;NA1BCK0104-15SA;INTERAÇÕES ATÔMICAS E MOLECULARES
11202022281;NA3BCN0402-15SB;FUNÇÕES DE UMA VARIÁVEL
11202022281;DA1NHH2088-16SB;PRÁTICA DE ENSINO DE FILOSOFIA: CURRÍCULOS
11202022281;DA1MCZA025-13SA;SEGURANÇA EM REDES
11202420508;DA2BCL0308-15SB;BIOQUÍMICA: ESTRUTURA, PROPRIEDADES E FUNÇÕES DE BIOMOLÉCULAS
11202021018;NA1ESTG005-17SB;ENGENHARIA ECONÔMICA APLICADA A SISTEMAS DE GESTÃO
11202231089;DA1MCCC001-23SA;ALGORITMOS E ESTRUTURAS DE DADOS I
11201920898;NANHH2009-13SB;ÉTICA
11202130663;DA1ESTS004-17SB;DESEMPENHO DE AERONAVES
11202231274;DA1MCCC001-23SA;ALGORITMOS E ESTRUTURAS DE DADOS I
11202021911;DB1ESTG021-17SB;SISTEMAS CAD/CAE
11202231736;NA1ESTO008-17SA;MECÂNICA DOS SÓLIDOS I
11201922413;NA1ESTG008-17SB;GERÊNCIA DE ATIVOS
11202421528;DA1BIR0603-15SA;CIÊNCIA, TECNOLOGIA E SOCIEDADE
11201921192;DA1ESGE001-23SB;ENGENHARIA DE SEGURANÇA DO TRABALHO
11202021933;NA1NHBB002-23SA;ZOOLOGIA DE ECDYSOZOA
11202111302;DA1MCZA017-13SA;PROCESSAMENTO DE LINGUAGEM NATURAL
11202021876;NA1ESTG008-17SB;GERÊNCIA DE ATIVOS
11202321209;NA1ESGE010-23SB;TÓPICOS EM ENGENHARIA DE PRODUÇÃO NA INDÚSTRIA QUÍMICA
11202421174;NA5MCTA028-15SA;PROGRAMAÇÃO ESTRUTURADA
11201920166;DA1NHZ1031-15SA;HISTÓRIA DAS IDEIAS BIOLÓGICAS
11201810534;NA1MCZA024-17SA;REDES SEM FIO
11202230941;NA1ESTG008-17SB;GERÊNCIA DE ATIVOS
11202320772;DA1MCCC001-23SA;ALGORITMOS E ESTRUTURAS DE DADOS I
11202321635;NA1MCZA024-17SA;REDES SEM FIO
11202320472;NA1ESZE097-17SA;ARMAZENAMENTO DE ENERGIA ELÉTRICA
11202021631;NA1ESGE006-23SB;ENGENHARIA DE SEGURANÇA DO TRABALHO: ERGONOMIA
11202421183;NB1BCL0306-15SA;BIODIVERSIDADE: INTERAÇÕES ENTRE ORGANISMOS E AMBIENTE
11202130651;DA1ESHC013-21SB;RELAÇÕES COMERCIAIS E DE INVESTIMENTO INTERNACIONAIS
11202231964;NA1MCZA024-17SA;REDES SEM FIO
11202421370;NA1BCN0402-15SA;FUNÇÕES DE UMA VARIÁVEL
11202421931;NA1ESHR025-14SB;POLÍTICA EXTERNA BRASILEIRA CONTEMPORÂNEA
11202320900;NA1ESTO012-17SA;PRINCÍPIOS DE ADMINISTRAÇÃO
11201811700;NA1MCZC008-13SB;NEUROARTE
11202420212;NB1ESTO012-17SB;PRINCÍPIOS DE ADMINISTRAÇÃO
11202420572;NA1ESEC004-24SB;OFICINAS EM ECONOMIA E HISTÓRIA DO ABC PAULISTA
11202230905;NANHZ1094-19SA;ESCRITA E LEITURA NA EDUCAÇÃO EM CIÊNCIAS
11202420600;DA1NHZ1031-15SA;HISTÓRIA DAS IDEIAS BIOLÓGICAS
11202130946;DA1ESGE001-23SB;ENGENHARIA DE SEGURANÇA DO TRABALHO
11202020095;NA2ESTU026-17SA;CARACTERIZAÇÃO DE MATRIZES AMBIENTAIS
11202310114;DA1ESHP014-13SB;INTRODUÇÃO ÀS POLÍTICAS PÚBLICAS
11201922345;NA2BCN0402-15SA;FUNÇÕES DE UMA VARIÁVEL
11202230484;NA1NHZ1092-19SA;EDUCAÇÃO EM SEXUALIDADE
11202321261;NA1ESEC004-24SB;OFICINAS EM ECONOMIA E HISTÓRIA DO ABC PAULISTA
11201920221;NA1ESTG016-17SB;QUALIDADE EM SISTEMAS
11202231489;NA2BCL0308-15SA;BIOQUÍMICA: ESTRUTURA, PROPRIEDADES E FUNÇÕES DE BIOMOLÉCULAS
11202232002;NA1ESHC013-21SB;RELAÇÕES COMERCIAIS E DE INVESTIMENTO INTERNACIONAIS
11202321118;NA1ESHR027-21SB;ÁFRICA NAS RELAÇÕES INTERNACIONAIS
11202231941;NANHZ6007-18SA;SEGURANÇA E REGULAMENTAÇÃO EM BIOTECNOLOGIA
11202320566;DA1ESHT023-17SB;SOCIOLOGIA DOS TERRITÓRIOS
11202310082;NA1ESHC034-21SB;ECONOMIA DO MEIO AMBIENTE
11201922342;NA1BCK0104-15SA;INTERAÇÕES ATÔMICAS E MOLECULARES
13201910030;NA1ESZU029-17SA;HISTÓRIA DA CIDADE E DO URBANISMO
11202321360;DA1ESHC013-21SB;RELAÇÕES COMERCIAIS E DE INVESTIMENTO INTERNACIONAIS
11013415;NA1ESTA002-17SA;CIRCUITOS ELÉTRICOS I
11202131751;NA1ESTU023-17SA;BIOMAS BRASILEIROS
11202332427;NB1BHO0002-19SB;INTRODUÇÃO AO PENSAMENTO ECONÔMICO
11202320763;NA6MCTA028-15SA;PROGRAMAÇÃO ESTRUTURADA
11202410045;NA1BCK0103-15SA;FÍSICA QUÂNTICA
11201921868;NA1ESTO012-17SA;PRINCÍPIOS DE ADMINISTRAÇÃO
11202420433;NAMCZB036-17SA;FILOSOFIA DA MATEMÁTICA
11202231732;NA1ESZU029-17SA;HISTÓRIA DA CIDADE E DO URBANISMO
11202520266;NA3BCN0402-15SB;FUNÇÕES DE UMA VARIÁVEL
11202021823;NA1NHZ4062-15SA;MEIO AMBIENTE E INDÚSTRIA
11202231273;DA1MCCC003-23SA;ALGORITMOS EM GRAFOS
11202231273;DA1MCZA025-13SA;SEGURANÇA EM REDES
11202520820;DA3BCM0504-15SA;NATUREZA DA INFORMAÇÃO
11202322276;NA1ESZU019-17SA;TRANSPORTES E MEIO AMBIENTE
11202320788;DA1BHS0005-19SB;PRÁTICAS EM CIÊNCIAS E HUMANIDADES
11202421303;NA1ESTO013-17SA;ENGENHARIA ECONÔMICA
11201920220;NA1ESHT023-17SB;SOCIOLOGIA DOS TERRITÓRIOS
11202321553;DA2MCTA028-15SA;PROGRAMAÇÃO ESTRUTURADA
11202021314;DA1ESTG021-17SB;SISTEMAS CAD/CAE
11202230873;DA1MCZA025-13SA;SEGURANÇA EM REDES
11202321761;NA1ESHR008-21SB;INTEGRAÇÃO REGIONAL - TEORIAS E EXPERIÊNCIAS
11202420136;DA3MCTA028-15SA;PROGRAMAÇÃO ESTRUTURADA
11202230618;NA1NHZ1092-19SA;EDUCAÇÃO EM SEXUALIDADE
11202321744;NA1ESHR025-14SB;POLÍTICA EXTERNA BRASILEIRA CONTEMPORÂNEA
11202321286;DA1MCCC012-23SA;MODELAGEM DE BANCO DE DADOS
11202421733;DA1NHT1053-15SA;BIOLOGIA CELULAR
11202230731;DA1ESBM008-23SB;LEGISLAÇÃO RELACIONADA À SAÚDE
11202321436;NA2BCN0402-15SB;FUNÇÕES DE UMA VARIÁVEL
11202421011;DA1BIR0603-15SA;CIÊNCIA, TECNOLOGIA E SOCIEDADE
11202321288;NA6MCTA028-15SA;PROGRAMAÇÃO ESTRUTURADA
11202320522;NA1ESHR008-21SB;INTEGRAÇÃO REGIONAL - TEORIAS E EXPERIÊNCIAS
11202421279;DA1BCK0103-15SA;FÍSICA QUÂNTICA
11202421670;NA1ESHC002-17SB;CONTABILIDADE BÁSICA
11202230697;NA1ESZE097-17SA;ARMAZENAMENTO DE ENERGIA ELÉTRICA
11202231415;DA1ESTS008-17SB;VIBRAÇÕES
11202320431;NA1NHZ1092-19SA;EDUCAÇÃO EM SEXUALIDADE
11202421018;NA1ESTO012-17SA;PRINCÍPIOS DE ADMINISTRAÇÃO
11202020707;NA1NHZ5016-15SB;HISTÓRIA DA EDUCAÇÃO
11202321765;NA1BCS0002-25SB;PROJETO DIRIGIDO
11202320759;NANHZ3043-15SA;NOÇÕES DE ASTRONOMIA E COSMOLOGIA
11202111829;NANHZ6011-18SA;BIOTECNOLOGIA HUMANA
11202510096;NA1ESHC035-21SB;ECONOMETRIA I
11202020807;NA1ESHC039-17SB;QUESTÕES METODOLÓGICAS EM ECONOMIA
11202021003;NA1MCZA024-17SA;REDES SEM FIO
11202420416;NAMCTC007-20SB;COMUNICAÇÃO CIENTÍFICA
11202320565;NA1ESZG013-17SB;EMPREENDEDORISMO
11202421576;DA1BIN0406-15SA;INTRODUÇÃO À PROBABILIDADE E À ESTATÍSTICA
11202020270;NA1ESTA014-17SA;SISTEMAS CAD/CAM
11202020730;NA1MCZA024-17SA;REDES SEM FIO
11202521165;DB1BIS0003-15SA;BASES MATEMÁTICAS
11201822510;NA2ESTE019-17SA;INSTALAÇÕES ELÉTRICAS I
21029416;DA1NHI2049-13SA;LÓGICA BÁSICA
11039016;DAMCZC013-15SB;MEMÓRIA E APRENDIZAGEM
11202231446;NA2BCJ0204-15SA;FENÔMENOS MECÂNICOS
11202021093;DA1BHS0006-23SB;INTRODUÇÃO AO ACOLHIMENTO INTERCULTURAL AOS MIGRANTES E REFUGIADOS
11202111950;NA1ESHT010-17SB;MÉTODOS DE PLANEJAMENTO
11202021994;DA1MCZA025-13SA;SEGURANÇA EM REDES
11202410011;DAMCTC019-20SB;NEUROBIOLOGIA MOLECULAR E CELULAR
11201921905;NA1ESTE015-17SA;FUNDAMENTOS DE CONVERSÃO DE ENERGIA ELÉTRICA
11201921905;NAESTA013-17SA;FUNDAMENTOS DE ROBÓTICA
11201921905;NA1ESTE019-17SA;INSTALAÇÕES ELÉTRICAS I
11202322113;NA1ESBM008-23SB;LEGISLAÇÃO RELACIONADA À SAÚDE
11202231905;DA1NHI2049-13SA;LÓGICA BÁSICA
11202321203;NB1BCN0404-15SA;GEOMETRIA ANALÍTICA
11201920518;NA1ESHR018-21SB;ATORES NÃO ESTATAIS E AS RELAÇÕES INTERNACIONAIS
11201920518;NA1ESHR011-21SB;INTRODUÇÃO AO DIREITO E FUNDAMENTOS DO DIREITO INTERNACIONAL
11201920103;DI1MCZC008-13SB;NEUROARTE
11201920103;DA1ESZU037-17SA;QUÍMICA AMBIENTAL
11202230622;DAESTA011-17SA;AUTOMAÇÃO DE SISTEMAS INDUSTRIAIS
11202231852;NB1BHP0202-15SB;PENSAMENTO CRÍTICO
11202321967;DA1BIS0005-15SA;BASES COMPUTACIONAIS DA CIÊNCIA
11202321733;NA1BIR0004-15SA;BASES EPISTEMOLÓGICAS DA CIÊNCIA MODERNA
11202420683;DC1BCN0404-15SB;GEOMETRIA ANALÍTICA
11053711;NA1ESZU031-17SA;REÚSO DE ÁGUA
11201811848;DA2ESTG014-17SB;PLANEJAMENTO E CONTROLE DA PRODUÇÃO
11202231907;NA1NHI5015-22SA;LIBRAS
11202521467;DA1BIQ0602-15SA;ESTRUTURA E DINÂMICA SOCIAL
11202420497;NI1ESHR006-13SB;FORMAÇÃO HISTÓRICA DA AMÉRICA LATINA
11201920573;NA1BCN0405-15SA;INTRODUÇÃO ÀS EQUAÇÕES DIFERENCIAIS ORDINÁRIAS
11202231237;NB2BCM0504-15SA;NATUREZA DA INFORMAÇÃO
11202021973;NA1NHLB004-23SA;PRÁTICAS DE ENSINO DE BIOLOGIA E PLANEJAMENTO
11202321116;NA1BHS0003-23SB;DIÁLOGOS EXTENSIONISTAS EM ECONOMIA
11202232153;NI1ESZS001-17SB;AERONÁUTICA I-B
11202232153;DA1ESGE001-23SB;ENGENHARIA DE SEGURANÇA DO TRABALHO
11201932509;NA1ESHP014-13SB;INTRODUÇÃO ÀS POLÍTICAS PÚBLICAS
11202021833;DA2MCTB001-17SB;ÁLGEBRA LINEAR
11202422154;NA3BCN0402-15SA;FUNÇÕES DE UMA VARIÁVEL
11202020445;NA1ESTU032-17SA;REPRESENTAÇÃO GRÁFICA DE PROJETOS AMBIENTAIS E URBANOS
11202022190;NA2ESTI013-17SA;SISTEMAS MICROPROCESSADOS
11202320857;DA1NHZ1024-15SB;ETNOFARMACOLOGIA
11202321538;NB1ESMA001-23SA;SOLUÇÕES PARA DESAFIOS EM ENGENHARIA
11201812245;NB1ESMA001-23SA;SOLUÇÕES PARA DESAFIOS EM ENGENHARIA
11202321382;DA1BHO0001-19SB;INTRODUÇÃO ÀS HUMANIDADES E ÀS CIÊNCIAS SOCIAIS
11201721054;DA1BHP0202-19SB;TEMAS E PROBLEMAS EM FILOSOFIA
11202410021;NB1ESMA002-23SA;INOVAÇÕES PARA ENGENHARIA
11202021040;DA1ESTU029-17SA;HIDRÁULICA DE CONDUTOS LIVRES
11201921323;DA1ESBM008-23SB;LEGISLAÇÃO RELACIONADA À SAÚDE
11202420954;DA1BCN0405-15SA;INTRODUÇÃO ÀS EQUAÇÕES DIFERENCIAIS ORDINÁRIAS
11201811252;NA1MCTA028-15SA;PROGRAMAÇÃO ESTRUTURADA
13201812297;DA1BHO0002-19SB;INTRODUÇÃO AO PENSAMENTO ECONÔMICO
11202421368;DB1ESTO012-17SA;PRINCÍPIOS DE ADMINISTRAÇÃO
11202130460;NA1NHZ2053-11SB;PENSAMENTO MARXISTA E SEUS DESDOBRAMENTOS CONTEMPORÂNEOS
11202130449;NA1ESAE002-23SB;DESENHO UNIVERSAL E TECNOLOGIA ASSISTIVA
11202520780;DB1BIS0003-15SA;BASES MATEMÁTICAS
11202021319;DA1BHQ0001-15SB;IDENTIDADE E CULTURA
11202021319;DA1BHO0001-19SB;INTRODUÇÃO ÀS HUMANIDADES E ÀS CIÊNCIAS SOCIAIS
11202131428;NA1ESTU024-17SA;ANÁLISE DE SISTEMAS E MODELAGEM AMBIENTAL
11202422009;DA1BCN0404-15SB;GEOMETRIA ANALÍTICA
11202422009;DA1ESZS003-17SB;INSTRUMENTAÇÃO E SENSORES EM VEÍCULOS AEROESPACIAIS
11202420523;NA1NHT1056-15SA;MICROBIOLOGIA
11202230245;NANHZ6012-18SA;EMPREENDEDORISMO E PLANEJAMENTO DE PROJETOS EM BIOTECNOLOGIA
11201810213;NA1ESTI017-17SA;FUNDAMENTOS DE ELETROMAGNETISMO APLICADO
11202021718;DC1ESTO013-17SA;ENGENHARIA ECONÔMICA
11202421516;NC1ESTO012-17SA;PRINCÍPIOS DE ADMINISTRAÇÃO
11201921651;DAMCTC007-20SB;COMUNICAÇÃO CIENTÍFICA
11202020650;NA3BCJ0204-15SA;FENÔMENOS MECÂNICOS
11202020650;NA3BCN0402-15SA;FUNÇÕES DE UMA VARIÁVEL
11202432370;DA1MCZC001-20SB;DOENÇAS DO SISTEMA NERVOSO
11201721054;DA1BHQ0001-15SB;IDENTIDADE E CULTURA
11202421292;NI1ESHR006-13SB;FORMAÇÃO HISTÓRICA DA AMÉRICA LATINA
11202422154;NA2BIS0003-15SA;BASES MATEMÁTICAS
11202111827;NA1NHZ2053-11SB;PENSAMENTO MARXISTA E SEUS DESDOBRAMENTOS CONTEMPORÂNEOS
11202421276;NI1ESHR006-13SB;FORMAÇÃO HISTÓRICA DA AMÉRICA LATINA
11202020227;NI1ESHR006-13SB;FORMAÇÃO HISTÓRICA DA AMÉRICA LATINA
11202020227;NA1NHI2049-13SB;LÓGICA BÁSICA
11202230451;NAMCTD018-18SA;PRÁTICAS DE ENSINO DE MATEMÁTICA III
11202130585;NA1NHZ5023-18SA;PRÁTICAS ESCOLARES EM EDUCAÇÃO ESPECIAL E INCLUSIVA
11202131788;NBESTA020-17SA;MODELAGEM E CONTROLE
11202520696;DA1BIR0603-15SB;CIÊNCIA, TECNOLOGIA E SOCIEDADE
11201722745;NA1ESHP004-13SB;CIDADANIA, DIREITOS E DESIGUALDADES
11201920979;DB1ESHT003-17SB;DEMOGRAFIA
11202420383;DA1MCTA028-15SA;PROGRAMAÇÃO ESTRUTURADA
11202020501;NA1ESMA001-23SA;SOLUÇÕES PARA DESAFIOS EM ENGENHARIA
11202131851;NI1ESHR008-21SB;INTEGRAÇÃO REGIONAL - TEORIAS E EXPERIÊNCIAS
11202320913;NA1ESTO006-17SA;MATERIAIS E SUAS PROPRIEDADES
11202421278;NA2ESTO006-17SB;MATERIAIS E SUAS PROPRIEDADES
11202130449;NA1ESGE010-23SB;TÓPICOS EM ENGENHARIA DE PRODUÇÃO NA INDÚSTRIA QUÍMICA
11202420383;DA2BCL0306-15SA;BIODIVERSIDADE: INTERAÇÕES ENTRE ORGANISMOS E AMBIENTE
11202232262;NA1ESHT001-17SB;ARRANJOS INSTITUCIONAIS E MARCO REGULATÓRIO DO TERRITÓRIO
11201811009;NA1ESTU011-17SA;PLANEJAMENTO URBANO E METROPOLITANO
11202321602;NA1ESTU011-17SA;PLANEJAMENTO URBANO E METROPOLITANO
11202320832;DAMCNC003-23SB;PROCESSAMENTO DE SINAIS NEURAIS
11202230317;DA1MCCC016-23SA;IMPLEMENTAÇÃO DE BANCOS DE DADOS
11202421012;NA1ESZG013-17SB;EMPREENDEDORISMO
11202321371;NA1MCCC012-23SA;MODELAGEM DE BANCO DE DADOS
11202321567;DA1MCCC008-23SA;INTELIGÊNCIA ARTIFICIAL
11202130640;NA1MCCC016-23SA;IMPLEMENTAÇÃO DE BANCOS DE DADOS
11202130029;NA1ESTG008-17SB;GERÊNCIA DE ATIVOS
11202421300;NC1BCL0308-15SA;BIOQUÍMICA: ESTRUTURA, PROPRIEDADES E FUNÇÕES DE BIOMOLÉCULAS
11202232208;DA1MCCC016-23SA;IMPLEMENTAÇÃO DE BANCOS DE DADOS
11201722595;NA1ESTG008-17SB;GERÊNCIA DE ATIVOS
11202231993;NA1BCN0402-15SB;FUNÇÕES DE UMA VARIÁVEL
11202020258;NA2ESTE019-17SA;INSTALAÇÕES ELÉTRICAS I
11202231422;DA1MCCC001-23SA;ALGORITMOS E ESTRUTURAS DE DADOS I
11202130754;NA1ESGE006-23SB;ENGENHARIA DE SEGURANÇA DO TRABALHO: ERGONOMIA
11202020610;NA1ESZE097-17SA;ARMAZENAMENTO DE ENERGIA ELÉTRICA
11202320715;NA1ESZG013-17SB;EMPREENDEDORISMO
11202320715;NA1ESTG016-17SB;QUALIDADE EM SISTEMAS
11202421661;DA1ESZT006-17SB;MERCADO IMOBILIÁRIO
11202420369;NA4BCL0308-15SA;BIOQUÍMICA: ESTRUTURA, PROPRIEDADES E FUNÇÕES DE BIOMOLÉCULAS
11202521248;NB1ESHT003-17SB;DEMOGRAFIA
11201723066;NAMCNC003-23SB;PROCESSAMENTO DE SINAIS NEURAIS
11202231425;DB1ESHT005-17SB;ECONOMIA DO TERRITÓRIO
11202231709;NB1ESTU024-17SA;ANÁLISE DE SISTEMAS E MODELAGEM AMBIENTAL
11202432365;NB1BIR0004-15SA;BASES EPISTEMOLÓGICAS DA CIÊNCIA MODERNA
11202020789;NB1ESHT005-17SB;ECONOMIA DO TERRITÓRIO
11202321567;DA1MCZA025-13SA;SEGURANÇA EM REDES
11201812281;NA1BHS0003-23SB;DIÁLOGOS EXTENSIONISTAS EM ECONOMIA
11202321585;DA1ESHC003-17SB;DESENVOLVIMENTO SOCIOECONÔMICO
11202321585;NA1ESTO012-17SB;PRINCÍPIOS DE ADMINISTRAÇÃO
11202321655;NA1BCN0404-15SA;GEOMETRIA ANALÍTICA
11202020551;DA1ESTG025-17SB;PROPRIEDADE INTELECTUAL
11202521499;NA3BCN0402-15SA;FUNÇÕES DE UMA VARIÁVEL
11202322277;NA4BCN0402-15SA;FUNÇÕES DE UMA VARIÁVEL
11202231004;NA1MCZC008-13SB;NEUROARTE
11202231004;NC2ESMA002-23SA;INOVAÇÕES PARA ENGENHARIA
11202320850;DA1BHO0002-19SB;INTRODUÇÃO AO PENSAMENTO ECONÔMICO
11202320850;DA1ESTG025-17SB;PROPRIEDADE INTELECTUAL
11201921518;DA1ESGE001-23SB;ENGENHARIA DE SEGURANÇA DO TRABALHO
11202321161;NA4BCN0402-15SA;FUNÇÕES DE UMA VARIÁVEL
11202310052;DB1BCK0103-15SA;FÍSICA QUÂNTICA
11202112005;NA1ESHR006-13SB;FORMAÇÃO HISTÓRICA DA AMÉRICA LATINA
11202231476;NA1NHZ5016-15SA;HISTÓRIA DA EDUCAÇÃO
11202231476;NA1ESZG011-17SB;PLANEJAMENTO ESTRATÉGICO EM GESTÃO DE PROJETOS
11202420558;NB1BCS0002-25SB;PROJETO DIRIGIDO
11201811419;DA1ESTG017-17SB;INTRODUÇÃO AOS PROCESSOS DE FABRICAÇÃO METAL MECÂNICO
11202230812;DA1ESZU013-17SA;LOGÍSTICA E MEIO AMBIENTE
11202522008;DA5BCJ0204-15SB;FENÔMENOS MECÂNICOS
11202322209;DA1BHS0011-23SB;REFLEXÕES SOBRE ARTE E SOCIEDADE
11202230773;DA4BCN0402-15SA;FUNÇÕES DE UMA VARIÁVEL
11202510047;DA1ESGE001-23SB;ENGENHARIA DE SEGURANÇA DO TRABALHO
11202321143;NA1BCK0103-15SB;FÍSICA QUÂNTICA
11202321143;NB1ESTO012-17SB;PRINCÍPIOS DE ADMINISTRAÇÃO
11202321613;DA1BCN0404-15SA;GEOMETRIA ANALÍTICA
11202111198;NA1ESHR006-13SB;FORMAÇÃO HISTÓRICA DA AMÉRICA LATINA
11202320450;DA1ESTO006-17SB;MATERIAIS E SUAS PROPRIEDADES
11201921058;NA1NHT5004-15SA;EDUCAÇÃO CIENTÍFICA, SOCIEDADE E CULTURA
11202130443;DI1MCZC008-13SB;NEUROARTE
11202321835;NA1BHS0003-23SB;DIÁLOGOS EXTENSIONISTAS EM ECONOMIA
11202421707;DB3BCN0402-15SA;FUNÇÕES DE UMA VARIÁVEL
11202421795;NB3BCM0504-15SA;NATUREZA DA INFORMAÇÃO
11202321093;NA1ESTO012-17SA;PRINCÍPIOS DE ADMINISTRAÇÃO
11202021328;DA1ESTG003-17SB;ECONOMIA DE EMPRESAS
11201921990;DB1BCK0103-15SA;FÍSICA QUÂNTICA
11201920784;NA1NHZ1092-19SA;EDUCAÇÃO EM SEXUALIDADE
11201920784;NB1ESMA001-23SA;SOLUÇÕES PARA DESAFIOS EM ENGENHARIA
11202020183;NA1BHQ0001-15SB;IDENTIDADE E CULTURA
11202420369;NC2ESMA002-23SA;INOVAÇÕES PARA ENGENHARIA
11202322065;NA1ESZE078-17SA;REGULAÇÃO E MERCADO DE ENERGIA ELÉTRICA
11202320332;NC2ESMA002-23SA;INOVAÇÕES PARA ENGENHARIA
11201922144;NA1ESHC034-21SB;ECONOMIA DO MEIO AMBIENTE
11202422101;NA2NHI5015-22SA;LIBRAS
11202321328;NA1BCJ0204-15SB;FENÔMENOS MECÂNICOS
11202420456;NA1BCM0504-15SA;NATUREZA DA INFORMAÇÃO
11202421271;NB2BIR0603-15SB;CIÊNCIA, TECNOLOGIA E SOCIEDADE
11202420767;NA1NHLB004-23SA;PRÁTICAS DE ENSINO DE BIOLOGIA E PLANEJAMENTO
11202322259;NC1ESTO012-17SA;PRINCÍPIOS DE ADMINISTRAÇÃO
11201920784;DA1NHZ1097-19SA;PRÁTICAS PEDAGÓGICAS E FORMATIVAS EM MUSEUS DE CIÊNCIAS
11201811505;NA1ESZU019-17SA;TRANSPORTES E MEIO AMBIENTE
11202231663;DA1ESTG017-17SB;INTRODUÇÃO AOS PROCESSOS DE FABRICAÇÃO METAL MECÂNICO
11202321388;NB1ESTO012-17SB;PRINCÍPIOS DE ADMINISTRAÇÃO
11202532574;DA1ESTA002-17SA;CIRCUITOS ELÉTRICOS I
11202320491;DB1ESTO012-17SB;PRINCÍPIOS DE ADMINISTRAÇÃO
11202320491;DA1ESZS003-17SB;INSTRUMENTAÇÃO E SENSORES EM VEÍCULOS AEROESPACIAIS
11201811305;DA1ESHC025-17SB;MICROECONOMIA I
11202321283;NA1NHZ2139-18SB;FILOSOFIA DA HISTÓRIA
11202321571;DA1BCM0504-15SB;NATUREZA DA INFORMAÇÃO
11202231663;DA1ESZG041-17SB;GESTÃO DA INOVAÇÃO
11202231746;DA1ESGE001-23SB;ENGENHARIA DE SEGURANÇA DO TRABALHO
11201921170;NANHH2085-16SB;FILOSOFIA DA ARTE
11202131394;NA1ESTU033-17SA;RESÍDUOS SÓLIDOS
11202532592;NA1ESHR030-21SB;ESTUDOS ESTRATÉGICOS E DEFESA
11201811160;DA1MCCC003-23SA;ALGORITMOS EM GRAFOS
11201811160;DA1MCCC013-23SA;OTIMIZAÇÃO LINEAR
11202421587;NC3BCL0308-15SA;BIOQUÍMICA: ESTRUTURA, PROPRIEDADES E FUNÇÕES DE BIOMOLÉCULAS
11202230864;DA1MCCC016-23SA;IMPLEMENTAÇÃO DE BANCOS DE DADOS
11202230340;NA5MCTA028-15SA;PROGRAMAÇÃO ESTRUTURADA
11202421138;NB1BIQ0602-15SA;ESTRUTURA E DINÂMICA SOCIAL
11202320192;DA1MCTB009-17SB;CÁLCULO NUMÉRICO
11202231622;DA1MCCC016-23SA;IMPLEMENTAÇÃO DE BANCOS DE DADOS
11202432341;DA1BIR0603-15SA;CIÊNCIA, TECNOLOGIA E SOCIEDADE
11202111640;NA1BCS0002-25SA;PROJETO DIRIGIDO
11202020183;NA1BHP0202-19SB;TEMAS E PROBLEMAS EM FILOSOFIA
11202320684;NA1ESHC022-17SB;MACROECONOMIA I
11202230419;NA1BIN0406-15SA;INTRODUÇÃO À PROBABILIDADE E À ESTATÍSTICA
11202230419;DA1MCCC001-23SA;ALGORITMOS E ESTRUTURAS DE DADOS I
11202321277;NB1BCK0103-15SA;FÍSICA QUÂNTICA
11202021250;NA1MCZA024-17SA;REDES SEM FIO
11202230261;DA1NHI5015-22SA;LIBRAS
11201922314;NA1ESHC035-21SB;ECONOMETRIA I
11202421806;NA1ESHP022-14SB;CULTURA POLÍTICA
11202231695;NA1ESTG020-17SB;SISTEMAS E PROCESSOS DE PRODUÇÃO
11201810421;DA1MCCC013-23SA;OTIMIZAÇÃO LINEAR
11202020320;NA1ESTG005-17SB;ENGENHARIA ECONÔMICA APLICADA A SISTEMAS DE GESTÃO
11202232155;DA1ESTI003-17SB;TRANSFORMADAS EM SINAIS E SISTEMAS LINEARES
11202422124;NA1ESHR003-21SB;ECONOMIA POLÍTICA INTERNACIONAL DA SEGURANÇA ALIMENTAR
11202420129;NA5BCL0308-15SA;BIOQUÍMICA: ESTRUTURA, PROPRIEDADES E FUNÇÕES DE BIOMOLÉCULAS
11201920527;NA1NHT5004-15SA;EDUCAÇÃO CIENTÍFICA, SOCIEDADE E CULTURA
11201932568;DA2BIS0005-15SA;BASES COMPUTACIONAIS DA CIÊNCIA
11202020457;NANHZ6007-18SA;SEGURANÇA E REGULAMENTAÇÃO EM BIOTECNOLOGIA
11202421499;NB1BCN0402-15SB;FUNÇÕES DE UMA VARIÁVEL
11202130339;DANHZ6012-18SA;EMPREENDEDORISMO E PLANEJAMENTO DE PROJETOS EM BIOTECNOLOGIA
11202321220;DA1NHT1053-15SA;BIOLOGIA CELULAR
11202421548;DA1MCTA004-17SA;ARQUITETURA DE COMPUTADORES
11202421100;DA1BIQ0602-15SA;ESTRUTURA E DINÂMICA SOCIAL
11202021818;NI1ESHC020-17SB;HISTÓRIA ECONÔMICA GERAL
11201921947;NA1BCK0104-15SA;INTERAÇÕES ATÔMICAS E MOLECULARES
11202232158;NA1ESZU030-17SA;RISCOS NO AMBIENTE URBANO
11202230362;DA1MCCC016-23SA;IMPLEMENTAÇÃO DE BANCOS DE DADOS
11202321793;DA1MCZA025-13SA;SEGURANÇA EM REDES
11202320625;NA1ESHC013-21SB;RELAÇÕES COMERCIAIS E DE INVESTIMENTO INTERNACIONAIS
11202322054;DA1MCCC008-23SA;INTELIGÊNCIA ARTIFICIAL
11202231055;NANHH2065-18SB;TÓPICOS DE METAFÍSICA
11202522476;DA3BCN0402-15SA;FUNÇÕES DE UMA VARIÁVEL
11202321996;NA1ESHR027-21SB;ÁFRICA NAS RELAÇÕES INTERNACIONAIS
11202020422;DA1MCCC001-23SA;ALGORITMOS E ESTRUTURAS DE DADOS I
11202321182;NAMCBM003-23SA;APROXIMAÇÃO TEÓRICA E NUMÉRICA I
11202130669;NA2MCTB001-17SA;ÁLGEBRA LINEAR
11202130388;NANHZ6012-18SA;EMPREENDEDORISMO E PLANEJAMENTO DE PROJETOS EM BIOTECNOLOGIA
11202020568;NA1ESHC035-21SB;ECONOMETRIA I
11202322198;NB1ESHT003-17SB;DEMOGRAFIA
11201811574;NA1BCK0104-15SA;INTERAÇÕES ATÔMICAS E MOLECULARES
11202421672;NA1BCK0103-15SA;FÍSICA QUÂNTICA
11202422030;NA1BHO0002-19SB;INTRODUÇÃO AO PENSAMENTO ECONÔMICO
11202421517;DA1NHT1053-15SA;BIOLOGIA CELULAR
11202020730;DA1MCCC001-23SA;ALGORITMOS E ESTRUTURAS DE DADOS I
11201920498;DA2NHI5015-22SA;LIBRAS
11202321024;NA4BCN0402-15SA;FUNÇÕES DE UMA VARIÁVEL
11201921712;NA1BHS0005-19SB;PRÁTICAS EM CIÊNCIAS E HUMANIDADES
11201722792;NA1ESZU030-17SA;RISCOS NO AMBIENTE URBANO
11202310048;NA1BHQ0001-15SB;IDENTIDADE E CULTURA
11202231168;NANHH2065-18SB;TÓPICOS DE METAFÍSICA
11202422081;NB1BCN0402-15SB;FUNÇÕES DE UMA VARIÁVEL
11202130834;DA1MCCC012-23SA;MODELAGEM DE BANCO DE DADOS
11201932563;DA1NHI2049-13SA;LÓGICA BÁSICA
11202420692;NA1ESMA002-23SA;INOVAÇÕES PARA ENGENHARIA
11202021910;DB1ESTG021-17SB;SISTEMAS CAD/CAE
11201921010;NA1ESHC002-17SB;CONTABILIDADE BÁSICA
11201812084;NA1ESZI014-17SA;SISTEMAS INTELIGENTES
11202320687;DB1MCCC007-23SA;COMPUTAÇÃO GRÁFICA
11202020183;NA1BHS0005-19SB;PRÁTICAS EM CIÊNCIAS E HUMANIDADES
11202321326;NA1ESHR027-21SB;ÁFRICA NAS RELAÇÕES INTERNACIONAIS
11202322275;DA1MCCC001-23SA;ALGORITMOS E ESTRUTURAS DE DADOS I
11202230441;DA1MCCC003-23SA;ALGORITMOS EM GRAFOS
11201920365;NA1ESGE010-23SB;TÓPICOS EM ENGENHARIA DE PRODUÇÃO NA INDÚSTRIA QUÍMICA
11202422050;NA1BIQ0602-15SA;ESTRUTURA E DINÂMICA SOCIAL
11202230857;DA1MCZA025-13SA;SEGURANÇA EM REDES
11202230812;NA1ESZU029-17SA;HISTÓRIA DA CIDADE E DO URBANISMO
11202131518;NANHZ6011-18SA;BIOTECNOLOGIA HUMANA
11202320899;NA1ESZG013-17SB;EMPREENDEDORISMO
11202231353;NA1ESTU024-17SA;ANÁLISE DE SISTEMAS E MODELAGEM AMBIENTAL
11202321237;DA1ESTA002-17SA;CIRCUITOS ELÉTRICOS I
11202020351;NA1MCCC003-23SA;ALGORITMOS EM GRAFOS
11202020351;NA1MCZA024-17SA;REDES SEM FIO
11202420898;NA1BCN0404-15SA;GEOMETRIA ANALÍTICA
11202320512;NBESTA020-17SA;MODELAGEM E CONTROLE
11201811248;NA1ESZE110-17SA;ELETRIFICAÇÃO RURAL COM RECURSOS ENERGÉTICOS RENOVÁVEIS
11202321862;NB3BCK0103-15SA;FÍSICA QUÂNTICA
11202320741;NA1BHS0003-23SB;DIÁLOGOS EXTENSIONISTAS EM ECONOMIA
11202131793;NA1MCCC003-23SA;ALGORITMOS EM GRAFOS
11202320832;DAMCTC007-20SB;COMUNICAÇÃO CIENTÍFICA
11202321428;NA1BHO1335-15SB;FORMAÇÃO DO SISTEMA INTERNACIONAL
11202130969;NA1NHBQ004-22SA;ESPECTROANALÍTICA MOLECULAR E ATÔMICA
11202231162;NA1ESTU029-17SA;HIDRÁULICA DE CONDUTOS LIVRES
11202021166;DA1MCCC012-23SA;MODELAGEM DE BANCO DE DADOS
11202231358;NA1BCK0103-15SB;FÍSICA QUÂNTICA
11202020898;DA1ESTA008-17SA;SISTEMAS DE CONTROLE II
11202421719;DA1ESZT006-17SB;MERCADO IMOBILIÁRIO
11202321375;NC1ESTO013-17SA;ENGENHARIA ECONÔMICA
11202130537;DA1ESTG003-17SB;ECONOMIA DE EMPRESAS
11202422173;DA3BCN0402-15SA;FUNÇÕES DE UMA VARIÁVEL
11202320380;NA1NHT4024-15SA;MECANISMOS DE REAÇÕES ORGÂNICAS
11202320234;NA1ESHR008-21SB;INTEGRAÇÃO REGIONAL - TEORIAS E EXPERIÊNCIAS
11201920779;DB1BHO0101-15SB;ESTADO E RELAÇÕES DE PODER
11202020760;NA1ESHP022-14SB;CULTURA POLÍTICA
11202020760;NA1ESGE006-23SB;ENGENHARIA DE SEGURANÇA DO TRABALHO: ERGONOMIA
11202020760;DA1ESZU029-17SA;HISTÓRIA DA CIDADE E DO URBANISMO
11202421346;NC1BCL0308-15SA;BIOQUÍMICA: ESTRUTURA, PROPRIEDADES E FUNÇÕES DE BIOMOLÉCULAS
11202022204;NAMCZB036-17SA;FILOSOFIA DA MATEMÁTICA
11201721404;NA1MCZA024-17SA;REDES SEM FIO
11202420214;NAMCTC007-20SB;COMUNICAÇÃO CIENTÍFICA
11202421656;NA1BHO0002-19SB;INTRODUÇÃO AO PENSAMENTO ECONÔMICO
11202130796;NB1ESTI003-17SA;TRANSFORMADAS EM SINAIS E SISTEMAS LINEARES
11202021323;NA1ESHC022-17SB;MACROECONOMIA I
11202420904;NA3BCN0402-15SB;FUNÇÕES DE UMA VARIÁVEL
11202321495;NA1BCS0002-25SB;PROJETO DIRIGIDO
11202332384;NA4BCN0402-15SA;FUNÇÕES DE UMA VARIÁVEL
11202020345;NA1ESZI014-17SA;SISTEMAS INTELIGENTES
11202421590;NB1BCN0402-15SB;FUNÇÕES DE UMA VARIÁVEL
11202421653;DA2BCK0103-15SA;FÍSICA QUÂNTICA
11202421118;NB1BCJ0203-15SB;FENÔMENOS ELETROMAGNÉTICOS
11201921281;NA1ESTU029-17SA;HIDRÁULICA DE CONDUTOS LIVRES
11202321028;DA1BIR0603-15SA;CIÊNCIA, TECNOLOGIA E SOCIEDADE
11202321879;NA1ESZR007-21SB;A QUESTÃO NUCLEAR NAS RELAÇÕES INTERNACIONAIS
11202231225;DA1ESHC022-17SB;MACROECONOMIA I
11202332354;NA1BHO1335-15SB;FORMAÇÃO DO SISTEMA INTERNACIONAL
11202130712;NA1MCZC008-13SB;NEUROARTE
11202020760;DA1NHH2088-16SB;PRÁTICA DE ENSINO DE FILOSOFIA: CURRÍCULOS
11202522147;DA2BIS0005-15SA;BASES COMPUTACIONAIS DA CIÊNCIA
11201921040;NA1ESGE006-23SB;ENGENHARIA DE SEGURANÇA DO TRABALHO: ERGONOMIA
11202420781;NB1BCN0404-15SA;GEOMETRIA ANALÍTICA
11202420543;NB2BCS0002-25SA;PROJETO DIRIGIDO
11202232288;NA1ESTA022-17SA;TEORIA DE ACIONAMENTOS ELÉTRICOS
11202332344;NA1ESHC039-17SB;QUESTÕES METODOLÓGICAS EM ECONOMIA
11202130216;DA1ESHT023-17SB;SOCIOLOGIA DOS TERRITÓRIOS
11202230699;NA2MCTB009-17SA;CÁLCULO NUMÉRICO
11202232134;NA1ESZU030-17SA;RISCOS NO AMBIENTE URBANO
11202232134;DA1NHZ1090-15SA;IMUNOLOGIA APLICADA
11202332436;DA1MCZA025-13SA;SEGURANÇA EM REDES
11201921096;NA1ESZG012-17SB;PROJETOS INDUSTRIAIS
11202321007;DA1ESHC025-17SB;MICROECONOMIA I
11202321645;NA1ESHC020-17SB;HISTÓRIA ECONÔMICA GERAL
11202522263;DB1BCN0404-15SA;GEOMETRIA ANALÍTICA
11202230879;NA1NHZ5016-15SA;HISTÓRIA DA EDUCAÇÃO
11202231347;NA1ESHC034-21SB;ECONOMIA DO MEIO AMBIENTE
11202421536;DA1LHE0001-19SB;HISTÓRIA, EUROCENTRISMO E PÓS-COLONIALISMO
11202332401;DA2ESTG014-17SB;PLANEJAMENTO E CONTROLE DA PRODUÇÃO
11202022155;NA1NHI5015-22SA;LIBRAS
11202420276;NA1ESZR007-21SB;A QUESTÃO NUCLEAR NAS RELAÇÕES INTERNACIONAIS
11202421222;DB1ESTO012-17SA;PRINCÍPIOS DE ADMINISTRAÇÃO
11202231937;DA1ESHP014-13SB;INTRODUÇÃO ÀS POLÍTICAS PÚBLICAS
11201811558;NB1ESMA002-23SA;INOVAÇÕES PARA ENGENHARIA
11202230257;NA1BHQ0003-15SB;INTERPRETAÇÕES DO BRASIL
21074316;DA1ESHC035-21SB;ECONOMETRIA I
11202021921;NA1ESBM008-23SB;LEGISLAÇÃO RELACIONADA À SAÚDE
11202420257;DA1BIN0406-15SA;INTRODUÇÃO À PROBABILIDADE E À ESTATÍSTICA
11201822388;DA1NHT1030-15SA;GEOLOGIA E PALEONTOLOGIA
11202521235;DB1BIS0003-15SA;BASES MATEMÁTICAS
11202230340;NB1ESTO013-17SA;ENGENHARIA ECONÔMICA
11202322101;DI1MCZC008-13SB;NEUROARTE
11202421954;NA5BCL0308-15SA;BIOQUÍMICA: ESTRUTURA, PROPRIEDADES E FUNÇÕES DE BIOMOLÉCULAS
11202321610;NA1ESHC007-21SB;ECONOMIA BRASILEIRA I
21054716;NB1ESHT003-17SB;DEMOGRAFIA
11202422196;DA1BCL0308-15SA;BIOQUÍMICA: ESTRUTURA, PROPRIEDADES E FUNÇÕES DE BIOMOLÉCULAS
11202130090;DA1ESHP004-13SB;CIDADANIA, DIREITOS E DESIGUALDADES
11202131709;DA1BHS0006-23SB;INTRODUÇÃO AO ACOLHIMENTO INTERCULTURAL AOS MIGRANTES E REFUGIADOS
11202020168;NA1ESZU029-17SA;HISTÓRIA DA CIDADE E DO URBANISMO
11202320693;NA1ESTO012-17SB;PRINCÍPIOS DE ADMINISTRAÇÃO
11202320693;NA1ESHP013-22SB;DIREITO CONSTITUCIONAL
11202231228;NB3BCN0402-15SA;FUNÇÕES DE UMA VARIÁVEL
11202130065;NA4BCN0402-15SA;FUNÇÕES DE UMA VARIÁVEL
21075716;NA1NHT5004-15SA;EDUCAÇÃO CIENTÍFICA, SOCIEDADE E CULTURA
11202321883;NA1ESHP004-13SB;CIDADANIA, DIREITOS E DESIGUALDADES
11202021106;NA1BHQ0001-15SB;IDENTIDADE E CULTURA
11202420812;DA4BCN0402-15SA;FUNÇÕES DE UMA VARIÁVEL
11202510026;NA2MCTB009-17SA;CÁLCULO NUMÉRICO
11202021644;DA1NHT1030-15SA;GEOLOGIA E PALEONTOLOGIA
11202230978;DA1ESGE001-23SB;ENGENHARIA DE SEGURANÇA DO TRABALHO
11202231669;DA1ESGE001-23SB;ENGENHARIA DE SEGURANÇA DO TRABALHO
11201811373;DB1MCCC007-23SA;COMPUTAÇÃO GRÁFICA
11201811373;DA1MCZA025-13SA;SEGURANÇA EM REDES
11202231904;DAMCTC002-15SB;INTRODUÇÃO À NEUROCIÊNCIA
11202231904;DAMCTC011-15SB;PSICOLOGIA COGNITIVA
11202131851;NA1ESHR022-21SB;TEORIAS CLÁSSICAS DAS RELAÇÕES INTERNACIONAIS
11201812245;NA1ESTU007-17SA;HABITAÇÃO E ASSENTAMENTOS HUMANOS
11202422175;NA1BCM0504-15SA;NATUREZA DA INFORMAÇÃO
11202510096;DA1ESHC007-21SB;ECONOMIA BRASILEIRA I
11201810378;NB1BCN0404-15SA;GEOMETRIA ANALÍTICA
11202021876;NA1ESZE078-17SA;REGULAÇÃO E MERCADO DE ENERGIA ELÉTRICA
11202111029;NA1LHZ0005-19SB;BRASIL INDEPENDENTE
11202212531;DB2BCS0002-25SA;PROJETO DIRIGIDO
11202020104;NA1BIK0102-15SA;ESTRUTURA DA MATÉRIA
11202230596;DA1ESZU029-17SA;HISTÓRIA DA CIDADE E DO URBANISMO
11202021718;NA1ESZE097-17SA;ARMAZENAMENTO DE ENERGIA ELÉTRICA
11202420382;DA1ESZI031-17SA;SEGURANÇA DE REDES
11202111099;NA1ESZR007-21SB;A QUESTÃO NUCLEAR NAS RELAÇÕES INTERNACIONAIS
11201921821;NA1BCM0504-15SA;NATUREZA DA INFORMAÇÃO
11202232192;NANHZ6012-18SA;EMPREENDEDORISMO E PLANEJAMENTO DE PROJETOS EM BIOTECNOLOGIA
11202321778;DA2BCN0404-15SB;GEOMETRIA ANALÍTICA
11202420670;NA4BCL0308-15SA;BIOQUÍMICA: ESTRUTURA, PROPRIEDADES E FUNÇÕES DE BIOMOLÉCULAS
11202421752;DAESTA011-17SA;AUTOMAÇÃO DE SISTEMAS INDUSTRIAIS
11202421752;DA1ESZT006-17SB;MERCADO IMOBILIÁRIO
11201721795;NA1MCTB008-17SA;CÁLCULO DE PROBABILIDADE
11202230622;NANHT3013-15SA;FÍSICA TÉRMICA
11202320653;NA1MCZC008-13SB;NEUROARTE
11202321497;NANHH2087-16SB;HISTÓRIA DA FILOSOFIA MEDIEVAL: DO SÉCULO XI AO XIV
11202130670;NA1ESZG013-17SB;EMPREENDEDORISMO
11202322021;DA1ESTU023-17SA;BIOMAS BRASILEIROS
11202520216;NB1BCM0504-15SB;NATUREZA DA INFORMAÇÃO
11201920784;NA1ESTU032-17SA;REPRESENTAÇÃO GRÁFICA DE PROJETOS AMBIENTAIS E URBANOS
11201920784;NA1ESZU030-17SA;RISCOS NO AMBIENTE URBANO
11201920784;NANHZ6011-18SA;BIOTECNOLOGIA HUMANA
11202020258;NA1ESTE017-17SA;OPERAÇÃO DE SISTEMAS ELÉTRICOS DE POTÊNCIA
11201921823;NB1ESTU024-17SA;ANÁLISE DE SISTEMAS E MODELAGEM AMBIENTAL
11201822402;NB3BCK0103-15SA;FÍSICA QUÂNTICA
11202320939;NA1ESEC004-24SB;OFICINAS EM ECONOMIA E HISTÓRIA DO ABC PAULISTA
11202320451;NA1BHQ0001-15SB;IDENTIDADE E CULTURA
11202420896;NA2BCJ0203-15SA;FENÔMENOS ELETROMAGNÉTICOS
11202231851;NA1ESHR017-21SB;ORGANIZAÇÕES INTERNACIONAIS E MULTILATERALISMO
11202231425;DA1NHZ2053-11SB;PENSAMENTO MARXISTA E SEUS DESDOBRAMENTOS CONTEMPORÂNEOS
11202321625;DA2BCL0308-15SA;BIOQUÍMICA: ESTRUTURA, PROPRIEDADES E FUNÇÕES DE BIOMOLÉCULAS
11202421670;NA1ESHC020-17SB;HISTÓRIA ECONÔMICA GERAL
11202420129;NA1MCTB009-17SA;CÁLCULO NUMÉRICO
11202421204;DA2ESTA014-17SA;SISTEMAS CAD/CAM
11202021705;NA1ESHP014-13SB;INTRODUÇÃO ÀS POLÍTICAS PÚBLICAS
11201722595;DA1ESTG021-17SB;SISTEMAS CAD/CAE
11202230549;NA1ESHP004-13SB;CIDADANIA, DIREITOS E DESIGUALDADES
11202230549;NA1ESHP022-14SB;CULTURA POLÍTICA
11202320604;DA1BIR0603-15SA;CIÊNCIA, TECNOLOGIA E SOCIEDADE
11201921872;NA1ESZU031-17SA;REÚSO DE ÁGUA
11202520406;NB1BIQ0602-15SA;ESTRUTURA E DINÂMICA SOCIAL
11202020411;NA1ESHR003-21SB;ECONOMIA POLÍTICA INTERNACIONAL DA SEGURANÇA ALIMENTAR
11202020747;NA1NHT1048-15SA;SISTEMÁTICA E BIOGEOGRAFIA
11202021487;NA1NHZ1092-19SA;EDUCAÇÃO EM SEXUALIDADE
11202021848;NA1MCZA024-17SA;REDES SEM FIO
11201921947;DAESZA018-17SA;ENGENHARIA ÓPTICA E IMAGENS
11202231999;NB1ESMA001-23SA;SOLUÇÕES PARA DESAFIOS EM ENGENHARIA
11201920276;DA1MCCC003-23SA;ALGORITMOS EM GRAFOS
11202421322;NA4BCL0308-15SA;BIOQUÍMICA: ESTRUTURA, PROPRIEDADES E FUNÇÕES DE BIOMOLÉCULAS
11202230246;DA11BCJ0204-15SA;FENÔMENOS MECÂNICOS
11202232382;NA1ESTU023-17SA;BIOMAS BRASILEIROS
11202231525;DA1ESHR003-21SB;ECONOMIA POLÍTICA INTERNACIONAL DA SEGURANÇA ALIMENTAR
11202230261;NANHH2085-16SB;FILOSOFIA DA ARTE
11201812063;NA1BCJ0203-15SA;FENÔMENOS ELETROMAGNÉTICOS
11202510102;NA2BCL0308-15SB;BIOQUÍMICA: ESTRUTURA, PROPRIEDADES E FUNÇÕES DE BIOMOLÉCULAS
11202232184;DA1NHZ1003-15SA;BIOFÍSICA
11202232184;NA1NHT1053-15SA;BIOLOGIA CELULAR
11202022190;DA4MCTA028-15SA;PROGRAMAÇÃO ESTRUTURADA
11202520142;DA3BCM0504-15SA;NATUREZA DA INFORMAÇÃO
11202320670;DA1BIR0603-15SA;CIÊNCIA, TECNOLOGIA E SOCIEDADE
11202320670;DA1ESMA002-23SA;INOVAÇÕES PARA ENGENHARIA
11201810651;NA1NHI5015-22SA;LIBRAS
11202230261;DAESTA020-17SA;MODELAGEM E CONTROLE
11202020042;NA1ESHR030-21SB;ESTUDOS ESTRATÉGICOS E DEFESA
11201921142;NA1MCZC008-13SB;NEUROARTE
11201921932;NAMCTC007-20SB;COMUNICAÇÃO CIENTÍFICA
11201921932;NAMCNC003-23SB;PROCESSAMENTO DE SINAIS NEURAIS
11201810081;NA1BCN0405-15SB;INTRODUÇÃO ÀS EQUAÇÕES DIFERENCIAIS ORDINÁRIAS
11201811093;NA1ESTA014-17SA;SISTEMAS CAD/CAM
11202321996;NA1ESHR006-13SB;FORMAÇÃO HISTÓRICA DA AMÉRICA LATINA
11201722723;NA1MCZA024-17SA;REDES SEM FIO
11202232254;NB2BCK0103-15SA;FÍSICA QUÂNTICA
11202321081;NA1ESTE028-17SA;ENGENHARIA NUCLEAR
11202321081;NA1ESMA002-23SA;INOVAÇÕES PARA ENGENHARIA
11202021639;NB1ESTU024-17SA;ANÁLISE DE SISTEMAS E MODELAGEM AMBIENTAL
11202210073;NI1ESHR018-21SB;ATORES NÃO ESTATAIS E AS RELAÇÕES INTERNACIONAIS
11202021202;DI1MCZC008-13SB;NEUROARTE
11202021202;DA1ESEC004-24SB;OFICINAS EM ECONOMIA E HISTÓRIA DO ABC PAULISTA
13201812297;NB1BHO0101-15SB;ESTADO E RELAÇÕES DE PODER
11202020442;NA1ESZG011-17SB;PLANEJAMENTO ESTRATÉGICO EM GESTÃO DE PROJETOS
11202231710;DA1BIQ0602-15SB;ESTRUTURA E DINÂMICA SOCIAL
11202212463;DA1ESZS003-17SB;INSTRUMENTAÇÃO E SENSORES EM VEÍCULOS AEROESPACIAIS
11202422083;DB1BIQ0602-15SA;ESTRUTURA E DINÂMICA SOCIAL
11202321546;NA1MCZC008-13SB;NEUROARTE
11202130719;DA1ESZU013-17SA;LOGÍSTICA E MEIO AMBIENTE
21091015;DA1ESGE001-23SB;ENGENHARIA DE SEGURANÇA DO TRABALHO
11202111722;NA2ESGE008-23SB;TÓPICOS EM ENGENHARIA DE PRODUÇÃO NA INDÚSTRIA AUTOMOTIVA
11202232114;DC1BCN0402-15SA;FUNÇÕES DE UMA VARIÁVEL
11202020037;NA1ESHC034-21SB;ECONOMIA DO MEIO AMBIENTE
11202020730;DA1MCCC013-23SA;OTIMIZAÇÃO LINEAR
11202321980;DA1BHS0011-23SB;REFLEXÕES SOBRE ARTE E SOCIEDADE
11202510041;NA1BHQ0001-15SB;IDENTIDADE E CULTURA
11202420729;DA1ESTO011-17SB;FUNDAMENTOS DE DESENHO TÉCNICO
11201921593;NANHH2087-16SB;HISTÓRIA DA FILOSOFIA MEDIEVAL: DO SÉCULO XI AO XIV
11202521724;DB1BIS0003-15SA;BASES MATEMÁTICAS
11202111790;NANHZ1094-19SA;ESCRITA E LEITURA NA EDUCAÇÃO EM CIÊNCIAS
11202232116;NA1ESTB030-17SB;FÍSICA MÉDICA II
11202020695;DA1ESHR003-21SB;ECONOMIA POLÍTICA INTERNACIONAL DA SEGURANÇA ALIMENTAR
11202421214;NA1ESHP031-22SB;AVALIAÇÃO E MONITORAMENTO DE POLÍTICAS PÚBLICAS
11202021359;NA1ESTO015-17SA;MECÂNICA DOS FLUIDOS I
11202232214;DA1NHI5015-22SA;LIBRAS
11202020403;NA1ESHC034-21SB;ECONOMIA DO MEIO AMBIENTE
11202111952;NB1BIR0004-15SA;BASES EPISTEMOLÓGICAS DA CIÊNCIA MODERNA
11202521004;DA2BIR0004-15SA;BASES EPISTEMOLÓGICAS DA CIÊNCIA MODERNA
11202111503;NA2ESGE008-23SB;TÓPICOS EM ENGENHARIA DE PRODUÇÃO NA INDÚSTRIA AUTOMOTIVA
11202321648;NA1ESZR007-21SB;A QUESTÃO NUCLEAR NAS RELAÇÕES INTERNACIONAIS
11202020917;DA1ESTS006-17SB;LABORATÓRIO DE GUIAGEM, NAVEGAÇÃO E CONTROLE
11201811977;NA1ESTU037-17SA;SISTEMAS DE TRATAMENTO DE ÁGUA
11202521637;DA2BIR0004-15SA;BASES EPISTEMOLÓGICAS DA CIÊNCIA MODERNA
11202521637;DA1BCL0306-15SA;BIODIVERSIDADE: INTERAÇÕES ENTRE ORGANISMOS E AMBIENTE
11202521637;NA1BIL0304-15SA;EVOLUÇÃO E DIVERSIFICAÇÃO DA VIDA NA TERRA
11202230785;NA1MCTA028-15SA;PROGRAMAÇÃO ESTRUTURADA
11202520852;NB1BCJ0204-15SA;FENÔMENOS MECÂNICOS
11201920581;NA1MCTB008-17SA;CÁLCULO DE PROBABILIDADE
11201812246;NA1ESGE010-23SB;TÓPICOS EM ENGENHARIA DE PRODUÇÃO NA INDÚSTRIA QUÍMICA
11201812246;NA1ESTU032-17SA;REPRESENTAÇÃO GRÁFICA DE PROJETOS AMBIENTAIS E URBANOS
11202232107;DB1BIQ0602-15SA;ESTRUTURA E DINÂMICA SOCIAL
11202320480;NA1ESMA001-23SA;SOLUÇÕES PARA DESAFIOS EM ENGENHARIA
11202130016;DA1ESGE001-23SB;ENGENHARIA DE SEGURANÇA DO TRABALHO
11202212489;NA1ESHR030-21SB;ESTUDOS ESTRATÉGICOS E DEFESA
11202230983;DA1NHT5004-15SA;EDUCAÇÃO CIENTÍFICA, SOCIEDADE E CULTURA
11201720534;DB1NHZ5016-15SA;HISTÓRIA DA EDUCAÇÃO
11201720534;DA1NHI5011-13SA;POLÍTICAS EDUCACIONAIS
11202532677;DAMCTC007-20SB;COMUNICAÇÃO CIENTÍFICA
11202532677;DAMCTC002-15SB;INTRODUÇÃO À NEUROCIÊNCIA
11202420191;DA1ESHC007-21SB;ECONOMIA BRASILEIRA I
11202532678;DA2BIR0004-15SA;BASES EPISTEMOLÓGICAS DA CIÊNCIA MODERNA
11202321546;DAESIR002-23SA;LÓGICA PROGRAMÁVEL
11202231905;NA1ESZU019-17SA;TRANSPORTES E MEIO AMBIENTE
11202520399;NB1NHZ5016-15SA;HISTÓRIA DA EDUCAÇÃO
11202421999;NA1BIK0102-15SA;ESTRUTURA DA MATÉRIA
11202421428;DA1BHS0011-23SB;REFLEXÕES SOBRE ARTE E SOCIEDADE
11202130772;DAMCTC011-15SB;PSICOLOGIA COGNITIVA
11202420381;DA1BIR0603-15SA;CIÊNCIA, TECNOLOGIA E SOCIEDADE
11202420381;DA2BCK0103-15SA;FÍSICA QUÂNTICA
11202231813;DANHZ6015-18SA;BIOTECNOLOGIA AMBIENTAL E AGROINDUSTRIAL
11202320526;NA1ESHP004-13SB;CIDADANIA, DIREITOS E DESIGUALDADES
11201920937;NA1ESTU023-17SA;BIOMAS BRASILEIROS
11202021529;DA1ESHC002-17SB;CONTABILIDADE BÁSICA
11202021529;NA1ESHC022-17SB;MACROECONOMIA I
11202421010;NA1BHO0101-15SB;ESTADO E RELAÇÕES DE PODER
11202020971;NC2ESMA002-23SA;INOVAÇÕES PARA ENGENHARIA
11202021739;DA1ESZT006-17SB;MERCADO IMOBILIÁRIO
11202321628;DA1BIN0406-15SA;INTRODUÇÃO À PROBABILIDADE E À ESTATÍSTICA
11202332436;DA1ESZI031-17SA;SEGURANÇA DE REDES
11202321587;DA1BHO1335-15SB;FORMAÇÃO DO SISTEMA INTERNACIONAL
11202021900;NA1MCZC008-13SB;NEUROARTE
11201722222;DA1ESHC035-21SB;ECONOMETRIA I
11201722222;DC1BCN0402-15SB;FUNÇÕES DE UMA VARIÁVEL
11201722222;DA1ESHR006-13SB;FORMAÇÃO HISTÓRICA DA AMÉRICA LATINA
11202230729;DI1MCZC008-13SB;NEUROARTE
11202420576;NI1ESHC020-17SB;HISTÓRIA ECONÔMICA GERAL
11201922619;NA2MCTB001-17SA;ÁLGEBRA LINEAR
11202320338;NA1ESHR008-21SB;INTEGRAÇÃO REGIONAL - TEORIAS E EXPERIÊNCIAS
11202231655;NA1ESZE078-17SA;REGULAÇÃO E MERCADO DE ENERGIA ELÉTRICA
11201932519;DB1BCK0103-15SA;FÍSICA QUÂNTICA
11202321796;NA1ESHC013-21SB;RELAÇÕES COMERCIAIS E DE INVESTIMENTO INTERNACIONAIS
11202130451;NA1ESTU023-17SA;BIOMAS BRASILEIROS
11202130451;NA1ESZG011-17SB;PLANEJAMENTO ESTRATÉGICO EM GESTÃO DE PROJETOS
11202420365;NB1BCS0002-25SB;PROJETO DIRIGIDO
11202432373;NA1ESAE002-23SB;DESENHO UNIVERSAL E TECNOLOGIA ASSISTIVA
11201920255;NA1ESHC907-18SB;MONOGRAFIA I - TÉCNICAS DE PESQUISA EM ECONOMIA
11202111669;NA1LHZ0005-19SB;BRASIL INDEPENDENTE
11201932498;DANHZ6011-18SA;BIOTECNOLOGIA HUMANA
11201721927;NA1ESTG007-17SB;ENGENHARIA LOGÍSTICA
11202320531;NB1ESMA001-23SA;SOLUÇÕES PARA DESAFIOS EM ENGENHARIA
11202320941;NA1ESZG013-17SB;EMPREENDEDORISMO
11202130363;NA1NHZ5019-22SA;TECNOLOGIAS DA INFORMAÇÃO E COMUNICAÇÃO NA EDUCAÇÃO
11202230744;NA1ESZE097-17SA;ARMAZENAMENTO DE ENERGIA ELÉTRICA
11202230744;NA1ESTU023-17SA;BIOMAS BRASILEIROS
11202322029;NA1ESHC034-21SB;ECONOMIA DO MEIO AMBIENTE
11202421866;NA1MCCC003-23SA;ALGORITMOS EM GRAFOS
11201921933;NB1ESTO013-17SA;ENGENHARIA ECONÔMICA
11202421720;DA3MCTA028-15SA;PROGRAMAÇÃO ESTRUTURADA
11202321851;DA1ESZU037-17SA;QUÍMICA AMBIENTAL
11202420871;NANHH2065-18SB;TÓPICOS DE METAFÍSICA
11202130696;NA2ESGE008-23SB;TÓPICOS EM ENGENHARIA DE PRODUÇÃO NA INDÚSTRIA AUTOMOTIVA
11202231763;DA1ESTG002-17SB;DESENVOLVIMENTO INTEGRADO DO PRODUTO
11201920100;NA1ESZG011-17SB;PLANEJAMENTO ESTRATÉGICO EM GESTÃO DE PROJETOS
11201721164;NA1BIN0406-15SB;INTRODUÇÃO À PROBABILIDADE E À ESTATÍSTICA
11202321456;DA1ESHC022-17SB;MACROECONOMIA I
11202232300;NA1BCJ0204-15SA;FENÔMENOS MECÂNICOS
11202320338;NA1ESZR007-21SB;A QUESTÃO NUCLEAR NAS RELAÇÕES INTERNACIONAIS
11202320956;NA1ESHR903-18SB;METODOLOGIA DE PESQUISA EM RELAÇÕES INTERNACIONAIS (TCC 1)
11202230988;NA1ESZR007-21SB;A QUESTÃO NUCLEAR NAS RELAÇÕES INTERNACIONAIS
11202521366;DA1BIS0003-15SB;BASES MATEMÁTICAS
11202230926;NA2ESTU026-17SA;CARACTERIZAÇÃO DE MATRIZES AMBIENTAIS
11202332332;DA1NHZ1092-19SA;EDUCAÇÃO EM SEXUALIDADE
11201811574;NA1BHQ0001-15SB;IDENTIDADE E CULTURA
11202522147;NB1BIR0004-15SB;BASES EPISTEMOLÓGICAS DA CIÊNCIA MODERNA
11202421328;NA1ESHR017-21SB;ORGANIZAÇÕES INTERNACIONAIS E MULTILATERALISMO
11202230472;DA1ESTG003-17SB;ECONOMIA DE EMPRESAS
11202231955;DA1ESZU019-17SA;TRANSPORTES E MEIO AMBIENTE
11202420588;NC2ESMA002-23SA;INOVAÇÕES PARA ENGENHARIA
11202021092;NA1NHT1053-15SA;BIOLOGIA CELULAR
11202231763;DA1ESTG021-17SB;SISTEMAS CAD/CAE
11202021631;NA1ESTG005-17SB;ENGENHARIA ECONÔMICA APLICADA A SISTEMAS DE GESTÃO
11202230828;NA1ESTE015-17SA;FUNDAMENTOS DE CONVERSÃO DE ENERGIA ELÉTRICA
11202320234;NA1ESZR007-21SB;A QUESTÃO NUCLEAR NAS RELAÇÕES INTERNACIONAIS
11202021944;NB1BIN0406-15SA;INTRODUÇÃO À PROBABILIDADE E À ESTATÍSTICA
11202021944;NA1ESZR007-21SB;A QUESTÃO NUCLEAR NAS RELAÇÕES INTERNACIONAIS
11202321587;DI1MCZC003-15SB;INTRODUÇÃO À PSICOLINGUÍSTICA E NEUROCIÊNCIA DA LINGUAGEM
11202231268;NANHZ1094-19SA;ESCRITA E LEITURA NA EDUCAÇÃO EM CIÊNCIAS
11202231268;NA2ESGE008-23SB;TÓPICOS EM ENGENHARIA DE PRODUÇÃO NA INDÚSTRIA AUTOMOTIVA
11202230792;DANHZ6015-18SA;BIOTECNOLOGIA AMBIENTAL E AGROINDUSTRIAL
11202130250;NA1ESTO001-17SA;CIRCUITOS ELÉTRICOS E FOTÔNICA
11202130250;NA1ESTA002-17SA;CIRCUITOS ELÉTRICOS I
11202332338;DA4BCN0402-15SA;FUNÇÕES DE UMA VARIÁVEL
11202421664;DA1ESTO011-17SB;FUNDAMENTOS DE DESENHO TÉCNICO
11202112053;NA2MCTA028-15SA;PROGRAMAÇÃO ESTRUTURADA
11202422078;DB1ESHT005-17SB;ECONOMIA DO TERRITÓRIO
11202421618;DA1BHQ0301-15SB;TERRITÓRIO E SOCIEDADE
11201920357;DB1ESZM021-17SA;MATÉRIAS PRIMAS CERÂMICAS
11201921125;NA1ESZA011-17SA;ELETRÔNICA DE POTÊNCIA I
11202321542;NAMCBM005-23SA;GEOMETRIA DOS ESPAÇOS MÉTRICOS
11202420186;DA3BCL0308-15SB;BIOQUÍMICA: ESTRUTURA, PROPRIEDADES E FUNÇÕES DE BIOMOLÉCULAS
11202521328;DA1BIQ0602-15SB;ESTRUTURA E DINÂMICA SOCIAL
11202521531;NA3BCN0402-15SA;FUNÇÕES DE UMA VARIÁVEL
11202130769;DA1BHQ0001-15SB;IDENTIDADE E CULTURA
11201810156;NB4BCL0308-15SA;BIOQUÍMICA: ESTRUTURA, PROPRIEDADES E FUNÇÕES DE BIOMOLÉCULAS
11202111907;DAMCTD021-18SA;FUNDAMENTOS DE ÁLGEBRA
11202322086;NA2BCN0404-15SB;GEOMETRIA ANALÍTICA
11202320357;NA1BIS0003-15SB;BASES MATEMÁTICAS
11202421103;DA1BCN0404-15SB;GEOMETRIA ANALÍTICA
11201720134;NA1ESTU026-17SA;CARACTERIZAÇÃO DE MATRIZES AMBIENTAIS
11202230233;NANHT3054-15SA;TEORIA DA RELATIVIDADE
11201811797;NA1ESTU037-17SA;SISTEMAS DE TRATAMENTO DE ÁGUA
11202320719;DA3MCTA028-15SA;PROGRAMAÇÃO ESTRUTURADA
11202422075;NA1NHZ5019-22SB;TECNOLOGIAS DA INFORMAÇÃO E COMUNICAÇÃO NA EDUCAÇÃO
11202231824;NA1BCM0504-15SB;NATUREZA DA INFORMAÇÃO
11202022219;NA1ESHP013-22SB;DIREITO CONSTITUCIONAL
11201722848;NA1ESTE015-17SA;FUNDAMENTOS DE CONVERSÃO DE ENERGIA ELÉTRICA
11202021793;DA1ESTS018-17SB;TRANSFERÊNCIA DE CALOR APLICADA A SISTEMAS AEROESPACIAIS
11202320822;DA1BHS0011-23SB;REFLEXÕES SOBRE ARTE E SOCIEDADE
11202320641;DA1NHZ5016-15SA;HISTÓRIA DA EDUCAÇÃO
11202230828;NA1ESTO015-17SA;MECÂNICA DOS FLUIDOS I
11202521583;DA1BHS0006-23SB;INTRODUÇÃO AO ACOLHIMENTO INTERCULTURAL AOS MIGRANTES E REFUGIADOS
11202321441;DA2ESTO011-17SA;FUNDAMENTOS DE DESENHO TÉCNICO
11202131003;DA1BCN0402-15SA;FUNÇÕES DE UMA VARIÁVEL
11201922180;NA1MCBM022-23SA;INTRODUÇÃO AOS PROCESSOS ESTOCÁSTICOS
11202230632;DAMCTC024-15SB;NEUROETOLOGIA
11201921234;NAMCTD021-18SA;FUNDAMENTOS DE ÁLGEBRA
11202421890;DA2BCN0402-15SA;FUNÇÕES DE UMA VARIÁVEL
11202421890;DA3BCN0404-15SA;GEOMETRIA ANALÍTICA
11202421811;NA1ESZR004-21SB;GEOPOLÍTICA DO PETRÓLEO E O DESENVOLVIMENTO BRASILEIRO
11202421370;NA2BCM0506-15SA;COMUNICAÇÃO E REDES
11201811366;DA1ESHC039-17SB;QUESTÕES METODOLÓGICAS EM ECONOMIA
11201920662;DANHZ6015-18SA;BIOTECNOLOGIA AMBIENTAL E AGROINDUSTRIAL
11202231961;NC1ESMA002-23SA;INOVAÇÕES PARA ENGENHARIA
11202420780;NA6BCL0308-15SA;BIOQUÍMICA: ESTRUTURA, PROPRIEDADES E FUNÇÕES DE BIOMOLÉCULAS
11202111831;DA1ESTU007-17SA;HABITAÇÃO E ASSENTAMENTOS HUMANOS
11202321425;NA1ESHR011-21SB;INTRODUÇÃO AO DIREITO E FUNDAMENTOS DO DIREITO INTERNACIONAL
11202231015;NA1ESHC034-21SB;ECONOMIA DO MEIO AMBIENTE
11202420208;NA1MCTB009-17SA;CÁLCULO NUMÉRICO
11201723224;DANHH2041-13SB;HISTÓRIA DA FILOSOFIA MODERNA: PERSPECTIVAS RACIONALISTAS
11202230854;NA1ESTU033-17SA;RESÍDUOS SÓLIDOS
11202230396;DA1NHT1053-15SA;BIOLOGIA CELULAR
11202422047;DA1ESHR003-21SB;ECONOMIA POLÍTICA INTERNACIONAL DA SEGURANÇA ALIMENTAR
11202231416;NA1ESHP004-13SB;CIDADANIA, DIREITOS E DESIGUALDADES
11202231416;NA1ESHP022-14SB;CULTURA POLÍTICA
11202231416;NA1ESZG011-17SB;PLANEJAMENTO ESTRATÉGICO EM GESTÃO DE PROJETOS
11202522134;NA4BCJ0204-15SA;FENÔMENOS MECÂNICOS
11202321211;NA1ESHC020-17SB;HISTÓRIA ECONÔMICA GERAL
11201722389;NAMCNC003-23SB;PROCESSAMENTO DE SINAIS NEURAIS
11202322125;DA1ESHC007-21SB;ECONOMIA BRASILEIRA I
11202321556;NA1ESGE010-23SB;TÓPICOS EM ENGENHARIA DE PRODUÇÃO NA INDÚSTRIA QUÍMICA
11202111801;NA1ESZG011-17SB;PLANEJAMENTO ESTRATÉGICO EM GESTÃO DE PROJETOS
11202420872;DB1ESTO012-17SA;PRINCÍPIOS DE ADMINISTRAÇÃO
11202321394;DA1BCL0308-15SB;BIOQUÍMICA: ESTRUTURA, PROPRIEDADES E FUNÇÕES DE BIOMOLÉCULAS
11202421124;NA3BCL0308-15SB;BIOQUÍMICA: ESTRUTURA, PROPRIEDADES E FUNÇÕES DE BIOMOLÉCULAS
11202421256;NA1ESHP023-22SB;HISTÓRIA DAS INSTITUIÇÕES POLÍTICAS BRASILEIRAS
11202421256;NA1ESHP030-22SB;ORÇAMENTO PÚBLICO
11202422073;NA2BCL0308-15SA;BIOQUÍMICA: ESTRUTURA, PROPRIEDADES E FUNÇÕES DE BIOMOLÉCULAS
11202021200;DA1ESBM008-23SB;LEGISLAÇÃO RELACIONADA À SAÚDE
11201921394;NA1ESHP014-13SB;INTRODUÇÃO ÀS POLÍTICAS PÚBLICAS
11202520406;NA3BCM0504-15SA;NATUREZA DA INFORMAÇÃO
11202020183;NA1BHQ0003-15SB;INTERPRETAÇÕES DO BRASIL
11201922363;NANHZ6007-18SA;SEGURANÇA E REGULAMENTAÇÃO EM BIOTECNOLOGIA
11202231406;NA1ESTU023-17SA;BIOMAS BRASILEIROS
11202322021;DAMCTC007-20SB;COMUNICAÇÃO CIENTÍFICA
11202021499;NANHH2065-18SB;TÓPICOS DE METAFÍSICA
11202020551;NA1ESZG011-17SB;PLANEJAMENTO ESTRATÉGICO EM GESTÃO DE PROJETOS
11201922374;NA3BCJ0203-15SA;FENÔMENOS ELETROMAGNÉTICOS
11202231466;DA1ESHR017-21SB;ORGANIZAÇÕES INTERNACIONAIS E MULTILATERALISMO
11202230758;NA1ESGE006-23SB;ENGENHARIA DE SEGURANÇA DO TRABALHO: ERGONOMIA
11202420304;NB1BCN0405-15SA;INTRODUÇÃO ÀS EQUAÇÕES DIFERENCIAIS ORDINÁRIAS
11202230467;NA2BIR0603-15SB;CIÊNCIA, TECNOLOGIA E SOCIEDADE
11202231364;DA1ESHC022-17SB;MACROECONOMIA I
11202320387;NA1ESHP030-22SB;ORÇAMENTO PÚBLICO
11202510090;NA1BHQ0001-15SB;IDENTIDADE E CULTURA
11202322093;NBESTA020-17SA;MODELAGEM E CONTROLE
11202321300;NA1ESHP022-14SB;CULTURA POLÍTICA
11202230839;NA1NHZ2053-11SB;PENSAMENTO MARXISTA E SEUS DESDOBRAMENTOS CONTEMPORÂNEOS
11089714;NA2NHI5015-22SA;LIBRAS
11201811990;DAMCNC003-23SB;PROCESSAMENTO DE SINAIS NEURAIS
11202212526;NA1BIR0004-15SA;BASES EPISTEMOLÓGICAS DA CIÊNCIA MODERNA
11202212526;NB1BIN0406-15SA;INTRODUÇÃO À PROBABILIDADE E À ESTATÍSTICA
11202131908;DAESZA013-17SA;INSTRUMENTAÇÃO E METROLOGIA ÓPTICA
11202131908;NA1ESTA022-17SA;TEORIA DE ACIONAMENTOS ELÉTRICOS
11064016;DA1ESTG002-17SB;DESENVOLVIMENTO INTEGRADO DO PRODUTO
11202111716;NA1ESHP004-13SB;CIDADANIA, DIREITOS E DESIGUALDADES
11202021608;DA1ESGE001-23SB;ENGENHARIA DE SEGURANÇA DO TRABALHO
11202021868;NAESTA016-17SA;MÁQUINAS ELÉTRICAS
11202020044;NA1ESHC034-21SB;ECONOMIA DO MEIO AMBIENTE
11202320673;NA1NHT5004-15SA;EDUCAÇÃO CIENTÍFICA, SOCIEDADE E CULTURA
11202410074;DA1ESHC007-21SB;ECONOMIA BRASILEIRA I
11202320781;DB1NHZ5016-15SA;HISTÓRIA DA EDUCAÇÃO
11201920784;DA1NHZ1090-15SA;IMUNOLOGIA APLICADA
11202231132;NA1ESZB021-17SB;INTRODUÇÃO À ENGENHARIA BIOMÉDICA
11202131477;NA1ESTS015-17SB;COMBUSTÃO I
11202130443;DAMCZC013-15SB;MEMÓRIA E APRENDIZAGEM
11202421195;NB1BIN0406-15SA;INTRODUÇÃO À PROBABILIDADE E À ESTATÍSTICA
11202231539;DA1BCM0506-15SA;COMUNICAÇÃO E REDES
11202320692;DA1ESHC003-17SB;DESENVOLVIMENTO SOCIOECONÔMICO
11201812036;NA1ESHP029-14SB;TEORIA E GESTÃO DE ORGANIZAÇÕES PÚBLICAS
11022216;DA1ESZM029-17SA;ENGENHARIA DE FILMES FINOS
11022216;DA1ESZM028-17SA;MATERIAIS PARA TECNOLOGIA DA INFORMAÇÃO
11202130925;DANHZ6007-18SA;SEGURANÇA E REGULAMENTAÇÃO EM BIOTECNOLOGIA
11202112001;NANHH2085-16SB;FILOSOFIA DA ARTE
11202521669;NA3BCN0402-15SA;FUNÇÕES DE UMA VARIÁVEL
11202130929;NC1ESMA002-23SA;INOVAÇÕES PARA ENGENHARIA
11202130669;DA1ESTO012-17SA;PRINCÍPIOS DE ADMINISTRAÇÃO
11202021499;DA1ESEN009-23SA;LABORATÓRIO DE ENGENHARIA SOLAR FOTOVOLTAICA
11202420445;NA2BCN0404-15SB;GEOMETRIA ANALÍTICA
11202130926;NA1ESZB004-17SB;PROCESSAMENTO E ANÁLISE DE FALHAS EM BIOMATERIAIS
11202130389;DA1ESHR017-21SB;ORGANIZAÇÕES INTERNACIONAIS E MULTILATERALISMO
11202421925;DA1ESHR022-21SB;TEORIAS CLÁSSICAS DAS RELAÇÕES INTERNACIONAIS
11202231624;NA1BHS0002-17SB;DIÁLOGOS INTERDISCIPLINARES
11202422088;DA1ESEC004-24SB;OFICINAS EM ECONOMIA E HISTÓRIA DO ABC PAULISTA
11202231223;DA1ESHC020-17SB;HISTÓRIA ECONÔMICA GERAL
11202421109;DA2BCL0306-15SB;BIODIVERSIDADE: INTERAÇÕES ENTRE ORGANISMOS E AMBIENTE
11202421109;DA1BHQ0003-15SB;INTERPRETAÇÕES DO BRASIL
11202020344;NA1ESZC004-17SB;ECONOMIA DO TRABALHO
11202130584;NA1ESHC034-21SB;ECONOMIA DO MEIO AMBIENTE
11202130584;NA1ESHC027-21SB;ECONOMIA MATEMÁTICA
11202130584;NI1ESHC020-17SB;HISTÓRIA ECONÔMICA GERAL
11202421750;NB1BCN0404-15SB;GEOMETRIA ANALÍTICA
11003816;DA1BCJ0203-15SA;FENÔMENOS ELETROMAGNÉTICOS
11202231034;DB1BCS0002-25SB;PROJETO DIRIGIDO
11201810449;DA1ESZU013-17SA;LOGÍSTICA E MEIO AMBIENTE
11202232154;NA1ESTA022-17SA;TEORIA DE ACIONAMENTOS ELÉTRICOS
11202420711;NA1ESTO016-17SA;FENÔMENOS DE TRANSPORTE
11202231417;DA1ESEC004-24SB;OFICINAS EM ECONOMIA E HISTÓRIA DO ABC PAULISTA
11201932568;NA1ESTO016-17SB;FENÔMENOS DE TRANSPORTE
11202520656;NA1ESHP014-13SB;INTRODUÇÃO ÀS POLÍTICAS PÚBLICAS
11202420304;NA1ESTO011-17SA;FUNDAMENTOS DE DESENHO TÉCNICO
11202230588;NAMCTD021-18SA;FUNDAMENTOS DE ÁLGEBRA
11202232186;NA1BHO0001-19SB;INTRODUÇÃO ÀS HUMANIDADES E ÀS CIÊNCIAS SOCIAIS
11201812061;DA1ESZS003-17SB;INSTRUMENTAÇÃO E SENSORES EM VEÍCULOS AEROESPACIAIS
11202321635;NA1ESZI014-17SA;SISTEMAS INTELIGENTES
11202321223;NA1ESEC004-24SB;OFICINAS EM ECONOMIA E HISTÓRIA DO ABC PAULISTA
11202421651;DB3BCL0308-15SA;BIOQUÍMICA: ESTRUTURA, PROPRIEDADES E FUNÇÕES DE BIOMOLÉCULAS
11202421668;NA1ESGE006-23SB;ENGENHARIA DE SEGURANÇA DO TRABALHO: ERGONOMIA
11202421158;NA5BCL0308-15SA;BIOQUÍMICA: ESTRUTURA, PROPRIEDADES E FUNÇÕES DE BIOMOLÉCULAS
11202522147;DA1NHI2049-13SA;LÓGICA BÁSICA
11202130370;DANHZ6012-18SA;EMPREENDEDORISMO E PLANEJAMENTO DE PROJETOS EM BIOTECNOLOGIA
11202111737;NANHZ6007-18SA;SEGURANÇA E REGULAMENTAÇÃO EM BIOTECNOLOGIA
11202130726;DA1MCCC013-23SA;OTIMIZAÇÃO LINEAR
11202321498;DB1MCCC007-23SA;COMPUTAÇÃO GRÁFICA
11202111558;NA1ESTU024-17SA;ANÁLISE DE SISTEMAS E MODELAGEM AMBIENTAL
11202231599;NA1NHI5015-22SA;LIBRAS
11202520314;NB3BCM0504-15SA;NATUREZA DA INFORMAÇÃO
11202522116;NA1BIR0004-15SB;BASES EPISTEMOLÓGICAS DA CIÊNCIA MODERNA
11202421854;DA1BIS0005-15SA;BASES COMPUTACIONAIS DA CIÊNCIA
11202420192;NB3BCM0504-15SA;NATUREZA DA INFORMAÇÃO
11202420588;NA4BCL0308-15SA;BIOQUÍMICA: ESTRUTURA, PROPRIEDADES E FUNÇÕES DE BIOMOLÉCULAS
11201912418;DA1MCCC013-23SA;OTIMIZAÇÃO LINEAR
11202321896;NA1ESBM008-23SB;LEGISLAÇÃO RELACIONADA À SAÚDE
11202521326;NB1BIR0004-15SB;BASES EPISTEMOLÓGICAS DA CIÊNCIA MODERNA
11202332383;NA1ESTU023-17SA;BIOMAS BRASILEIROS
11202332383;NA1ESTA014-17SA;SISTEMAS CAD/CAM
11202421977;NA1ESMA002-23SA;INOVAÇÕES PARA ENGENHARIA
11202421713;NA5BCL0308-15SA;BIOQUÍMICA: ESTRUTURA, PROPRIEDADES E FUNÇÕES DE BIOMOLÉCULAS
11112316;NA2BCJ0203-15SA;FENÔMENOS ELETROMAGNÉTICOS
11202421705;DA1ESTO011-17SB;FUNDAMENTOS DE DESENHO TÉCNICO
11202322283;DA1ESHC035-21SB;ECONOMETRIA I
11202230693;DA1NHZ1024-15SB;ETNOFARMACOLOGIA
11202232197;NA1NHI5015-22SA;LIBRAS
11202321840;NA1BHS0003-23SB;DIÁLOGOS EXTENSIONISTAS EM ECONOMIA
11202521594;NA2BCL0306-15SB;BIODIVERSIDADE: INTERAÇÕES ENTRE ORGANISMOS E AMBIENTE
11201810156;NA2BIR0004-15SA;BASES EPISTEMOLÓGICAS DA CIÊNCIA MODERNA
11202231599;NANHZ1094-19SA;ESCRITA E LEITURA NA EDUCAÇÃO EM CIÊNCIAS
11202130877;NA1NHT1030-15SA;GEOLOGIA E PALEONTOLOGIA
11202422078;NA1ESHR011-21SB;INTRODUÇÃO AO DIREITO E FUNDAMENTOS DO DIREITO INTERNACIONAL
11202321406;DA1BIR0603-15SA;CIÊNCIA, TECNOLOGIA E SOCIEDADE
11202231813;DANHZ6007-18SA;SEGURANÇA E REGULAMENTAÇÃO EM BIOTECNOLOGIA
11202322038;NA1ESHT001-17SB;ARRANJOS INSTITUCIONAIS E MARCO REGULATÓRIO DO TERRITÓRIO
11202322038;NB1ESHT003-17SB;DEMOGRAFIA
11202231469;NA1ESZE097-17SA;ARMAZENAMENTO DE ENERGIA ELÉTRICA
11202231469;NA1ESTU033-17SA;RESÍDUOS SÓLIDOS
11202532640;NB2BCM0504-15SA;NATUREZA DA INFORMAÇÃO
11201920138;NA1MCTB001-17SA;ÁLGEBRA LINEAR
11202020306;NA1NHT5004-15SA;EDUCAÇÃO CIENTÍFICA, SOCIEDADE E CULTURA
11202212431;NANHZ6007-18SA;SEGURANÇA E REGULAMENTAÇÃO EM BIOTECNOLOGIA
11202332401;DA1ESBM008-23SB;LEGISLAÇÃO RELACIONADA À SAÚDE
11202521463;NA1NHI5015-22SB;LIBRAS
11201932613;DA1ESHC002-17SB;CONTABILIDADE BÁSICA
11202320312;NA2BCK0103-15SA;FÍSICA QUÂNTICA
11202111813;NA4BCJ0204-15SB;FENÔMENOS MECÂNICOS
11202111813;DC1BCN0404-15SA;GEOMETRIA ANALÍTICA
11202421762;DA1ESHR003-21SB;ECONOMIA POLÍTICA INTERNACIONAL DA SEGURANÇA ALIMENTAR
11202422230;NB1BHP0202-15SB;PENSAMENTO CRÍTICO
11202421505;NA1ESZR007-21SB;A QUESTÃO NUCLEAR NAS RELAÇÕES INTERNACIONAIS
11201721218;DA2BCN0402-15SA;FUNÇÕES DE UMA VARIÁVEL
11202111571;NANHZ1094-19SA;ESCRITA E LEITURA NA EDUCAÇÃO EM CIÊNCIAS
11202321400;NA2ESTA002-17SA;CIRCUITOS ELÉTRICOS I
11202230833;NA2NHI5015-22SA;LIBRAS
11202422213;NA2BIR0004-15SA;BASES EPISTEMOLÓGICAS DA CIÊNCIA MODERNA
21021515;NC2ESMA002-23SA;INOVAÇÕES PARA ENGENHARIA
11202322029;NA1ESHC020-17SB;HISTÓRIA ECONÔMICA GERAL
21060713;DA1ESTA004-17SA;CIRCUITOS ELÉTRICOS II
11202230250;NA1ESHR030-21SB;ESTUDOS ESTRATÉGICOS E DEFESA
21085414;NA1ESTG024-17SB;SISTEMAS DE INFORMAÇÃO CORPORATIVOS
11201921814;NA1MCZC008-13SB;NEUROARTE
11201810466;NA1ESTU029-17SA;HIDRÁULICA DE CONDUTOS LIVRES
11202521594;NA1ESHP014-13SB;INTRODUÇÃO ÀS POLÍTICAS PÚBLICAS
21073814;NA1ESTE015-17SA;FUNDAMENTOS DE CONVERSÃO DE ENERGIA ELÉTRICA
21073814;NA1ESZE110-17SA;ELETRIFICAÇÃO RURAL COM RECURSOS ENERGÉTICOS RENOVÁVEIS
11202320328;DA2BIR0004-15SA;BASES EPISTEMOLÓGICAS DA CIÊNCIA MODERNA
11202321104;DA1ESTO012-17SA;PRINCÍPIOS DE ADMINISTRAÇÃO
11202422024;NB2ESMA002-23SA;INOVAÇÕES PARA ENGENHARIA
11202020975;NA1ESTO015-17SA;MECÂNICA DOS FLUIDOS I
11202230516;DA1ESZU019-17SA;TRANSPORTES E MEIO AMBIENTE
11202130424;NA1ESTG007-17SB;ENGENHARIA LOGÍSTICA
11202231726;DAESTA011-17SA;AUTOMAÇÃO DE SISTEMAS INDUSTRIAIS
11202321456;DA1BHO0001-19SB;INTRODUÇÃO ÀS HUMANIDADES E ÀS CIÊNCIAS SOCIAIS
11202230834;NA1BHS0002-17SB;DIÁLOGOS INTERDISCIPLINARES
11202420624;NA3BCN0402-15SA;FUNÇÕES DE UMA VARIÁVEL
11202332401;NA1ESGE010-23SB;TÓPICOS EM ENGENHARIA DE PRODUÇÃO NA INDÚSTRIA QUÍMICA
11202231372;DA2NHI5015-22SA;LIBRAS
11201921444;NA1ESHC027-21SB;ECONOMIA MATEMÁTICA
11201722630;NA1MCZC003-15SB;INTRODUÇÃO À PSICOLINGUÍSTICA E NEUROCIÊNCIA DA LINGUAGEM
11201722630;DAMCNC003-23SB;PROCESSAMENTO DE SINAIS NEURAIS
11202231802;DA1BIS0003-15SA;BASES MATEMÁTICAS
11202421487;DC1BCL0308-15SA;BIOQUÍMICA: ESTRUTURA, PROPRIEDADES E FUNÇÕES DE BIOMOLÉCULAS
11202421487;DB1BIR0603-15SA;CIÊNCIA, TECNOLOGIA E SOCIEDADE
11201921709;NA1MCZC001-20SB;DOENÇAS DO SISTEMA NERVOSO
11202410022;NB2ESMA002-23SA;INOVAÇÕES PARA ENGENHARIA
21060713;DAESZA013-17SA;INSTRUMENTAÇÃO E METROLOGIA ÓPTICA
11202421754;DB1BIQ0602-15SA;ESTRUTURA E DINÂMICA SOCIAL
11202231659;NA2MCTA028-15SA;PROGRAMAÇÃO ESTRUTURADA
11201920430;NA1NHZ5019-22SB;TECNOLOGIAS DA INFORMAÇÃO E COMUNICAÇÃO NA EDUCAÇÃO
11202322071;NAMCZC013-15SB;MEMÓRIA E APRENDIZAGEM
11202132033;DA2ESMA002-23SA;INOVAÇÕES PARA ENGENHARIA
11202020429;NA1ESTO001-17SA;CIRCUITOS ELÉTRICOS E FOTÔNICA
11202230262;NA1NHZ5016-15SA;HISTÓRIA DA EDUCAÇÃO
11202231201;NA1MCZA024-17SA;REDES SEM FIO
11202321508;NB1BCN0402-15SB;FUNÇÕES DE UMA VARIÁVEL
11202420127;NA1BCM0506-15SA;COMUNICAÇÃO E REDES
11202021714;NB1ESTI003-17SA;TRANSFORMADAS EM SINAIS E SISTEMAS LINEARES
11202230441;NA2MCTB001-17SA;ÁLGEBRA LINEAR
11202231933;NA2BCN0402-15SA;FUNÇÕES DE UMA VARIÁVEL
11202320488;NA1ESTU027-17SA;FUNDAMENTOS DE GEOLOGIA PARA ENGENHARIA
11202021252;DA1ESHC035-21SB;ECONOMETRIA I
11202021659;DAESZA013-17SA;INSTRUMENTAÇÃO E METROLOGIA ÓPTICA
11202231257;DA1BCS0002-25SB;PROJETO DIRIGIDO
13201910080;NA1BHQ0003-15SB;INTERPRETAÇÕES DO BRASIL
11202432313;NA1BHQ0001-15SB;IDENTIDADE E CULTURA
11201723019;DA1NHZ1031-15SA;HISTÓRIA DAS IDEIAS BIOLÓGICAS
11202420723;DA1ESHP004-13SB;CIDADANIA, DIREITOS E DESIGUALDADES
11202022092;NI1ESHR006-13SB;FORMAÇÃO HISTÓRICA DA AMÉRICA LATINA
11202022092;NA1ESHR003-21SB;ECONOMIA POLÍTICA INTERNACIONAL DA SEGURANÇA ALIMENTAR
11202420211;NA2BCN0402-15SA;FUNÇÕES DE UMA VARIÁVEL
11202421889;NB3BCK0103-15SA;FÍSICA QUÂNTICA
11202321819;NA1ESHR006-13SB;FORMAÇÃO HISTÓRICA DA AMÉRICA LATINA
11202131890;NA1ESTA014-17SA;SISTEMAS CAD/CAM
11202421077;NA1NHZ2053-11SB;PENSAMENTO MARXISTA E SEUS DESDOBRAMENTOS CONTEMPORÂNEOS
11202521003;NA3BCL0306-15SA;BIODIVERSIDADE: INTERAÇÕES ENTRE ORGANISMOS E AMBIENTE
11202522377;NA1BIR0004-15SB;BASES EPISTEMOLÓGICAS DA CIÊNCIA MODERNA
11202021941;NA1ESZI031-17SA;SEGURANÇA DE REDES
11202021941;NA1ESTG024-17SB;SISTEMAS DE INFORMAÇÃO CORPORATIVOS
11202130012;DA1ESGE001-23SB;ENGENHARIA DE SEGURANÇA DO TRABALHO
11202020115;NA1ESHR008-21SB;INTEGRAÇÃO REGIONAL - TEORIAS E EXPERIÊNCIAS
11202320171;NA1ESHC022-17SB;MACROECONOMIA I
11202230895;NA1NHI5011-13SA;POLÍTICAS EDUCACIONAIS
11202212468;NA1ESGE006-23SB;ENGENHARIA DE SEGURANÇA DO TRABALHO: ERGONOMIA
11202320676;NA1ESHR030-21SB;ESTUDOS ESTRATÉGICOS E DEFESA
11202231430;NA1ESHR018-21SB;ATORES NÃO ESTATAIS E AS RELAÇÕES INTERNACIONAIS
11201922365;NA1ESTU024-17SA;ANÁLISE DE SISTEMAS E MODELAGEM AMBIENTAL
11202230404;DAESTA011-17SA;AUTOMAÇÃO DE SISTEMAS INDUSTRIAIS
11202111631;NA1NHT4050-15SA;QUÍMICA ANALÍTICA CLÁSSICA II
11202022008;NA1ESHC003-17SB;DESENVOLVIMENTO SOCIOECONÔMICO
11201810860;NANHH2034-13SB;HISTÓRIA DA FILOSOFIA CONTEMPORÂNEA: O SÉCULO XIX
11202520226;NB1ESHT005-17SB;ECONOMIA DO TERRITÓRIO
11202130012;NA1ESTG007-17SB;ENGENHARIA LOGÍSTICA
11202130625;DA1MCCC003-23SA;ALGORITMOS EM GRAFOS
11202210011;DA1ESZU037-17SA;QUÍMICA AMBIENTAL
11202130398;NA2NHT1056-15SA;MICROBIOLOGIA
11202130105;DB1BCJ0204-15SB;FENÔMENOS MECÂNICOS
11202422224;NA1BIQ0602-15SB;ESTRUTURA E DINÂMICA SOCIAL
11202230521;NA1ESZB031-17SB;INSTALAÇÕES HOSPITALARES
11202130486;DA1ESTI013-17SA;SISTEMAS MICROPROCESSADOS
11202322068;NB1BCK0103-15SA;FÍSICA QUÂNTICA
11202421415;DB1ESHT003-17SB;DEMOGRAFIA
11202131893;NB3BCK0103-15SA;FÍSICA QUÂNTICA
11202320610;NA1ESEC004-24SB;OFICINAS EM ECONOMIA E HISTÓRIA DO ABC PAULISTA
11201920349;NA1ESHR003-21SB;ECONOMIA POLÍTICA INTERNACIONAL DA SEGURANÇA ALIMENTAR
11202421284;NAMCTD021-18SA;FUNDAMENTOS DE ÁLGEBRA
11202421665;NB1BIS0003-15SB;BASES MATEMÁTICAS
11202021925;NA2ESGE008-23SB;TÓPICOS EM ENGENHARIA DE PRODUÇÃO NA INDÚSTRIA AUTOMOTIVA
11202321606;NA1ESHC034-21SB;ECONOMIA DO MEIO AMBIENTE
11202232132;NB1BHP0202-15SB;PENSAMENTO CRÍTICO
11202230254;NB1BIR0603-15SA;CIÊNCIA, TECNOLOGIA E SOCIEDADE
11202230254;NA1BCN0405-15SA;INTRODUÇÃO ÀS EQUAÇÕES DIFERENCIAIS ORDINÁRIAS
11202422135;DA1BIQ0602-15SA;ESTRUTURA E DINÂMICA SOCIAL
11202421054;DA1BHQ0301-15SB;TERRITÓRIO E SOCIEDADE
11202421969;NB1BCL0308-15SB;BIOQUÍMICA: ESTRUTURA, PROPRIEDADES E FUNÇÕES DE BIOMOLÉCULAS
11202421969;NA1BCN0402-15SB;FUNÇÕES DE UMA VARIÁVEL
11202230292;NA1NHZ5016-15SA;HISTÓRIA DA EDUCAÇÃO
11202230292;NA1ESMA001-23SA;SOLUÇÕES PARA DESAFIOS EM ENGENHARIA
11202020115;NA1ESHP004-13SB;CIDADANIA, DIREITOS E DESIGUALDADES
11202521505;DA1BCN0404-15SA;GEOMETRIA ANALÍTICA
11202130126;NA1ESZG011-17SB;PLANEJAMENTO ESTRATÉGICO EM GESTÃO DE PROJETOS
11202320973;NA1BHQ0001-15SB;IDENTIDADE E CULTURA
11202321464;NA1NHZ5019-22SA;TECNOLOGIAS DA INFORMAÇÃO E COMUNICAÇÃO NA EDUCAÇÃO
11202111787;DI1MCZC008-13SB;NEUROARTE
11201720620;NA1MCTB001-17SB;ÁLGEBRA LINEAR
11201722363;DI1MCZC003-15SB;INTRODUÇÃO À PSICOLINGUÍSTICA E NEUROCIÊNCIA DA LINGUAGEM
11201722363;DI1MCZC008-13SB;NEUROARTE
11202421697;DC1BCL0308-15SA;BIOQUÍMICA: ESTRUTURA, PROPRIEDADES E FUNÇÕES DE BIOMOLÉCULAS
11202131392;NB3BCK0103-15SA;FÍSICA QUÂNTICA
11202420507;NA1BIR0004-15SA;BASES EPISTEMOLÓGICAS DA CIÊNCIA MODERNA
11202520446;DA7BCJ0204-15SA;FENÔMENOS MECÂNICOS
11202532695;NB1BIN0406-15SA;INTRODUÇÃO À PROBABILIDADE E À ESTATÍSTICA
11202321028;DA1ESZU019-17SA;TRANSPORTES E MEIO AMBIENTE
11202311988;NA1BHO0101-15SB;ESTADO E RELAÇÕES DE PODER
11202432306;DB1BCN0404-15SA;GEOMETRIA ANALÍTICA
11201811371;NA1MCTB008-17SA;CÁLCULO DE PROBABILIDADE
11202130761;NA1BCK0103-15SB;FÍSICA QUÂNTICA
11202420188;DA1BIK0102-15SA;ESTRUTURA DA MATÉRIA
11202231104;NA1ESTB030-17SB;FÍSICA MÉDICA II
11202420438;NB2BCK0103-15SA;FÍSICA QUÂNTICA
11202321550;DA1MCTB009-17SA;CÁLCULO NUMÉRICO
11202332378;NA1BHQ0301-15SB;TERRITÓRIO E SOCIEDADE
11202322045;NA1ESHR011-21SB;INTRODUÇÃO AO DIREITO E FUNDAMENTOS DO DIREITO INTERNACIONAL
11202421108;NA2BCJ0203-15SB;FENÔMENOS ELETROMAGNÉTICOS
11202420181;DA4MCTA028-15SA;PROGRAMAÇÃO ESTRUTURADA
11202130894;NA1ESTG005-17SB;ENGENHARIA ECONÔMICA APLICADA A SISTEMAS DE GESTÃO
11201722848;NB1ESMA002-23SA;INOVAÇÕES PARA ENGENHARIA
11202230242;NA1ESTU029-17SA;HIDRÁULICA DE CONDUTOS LIVRES
11202521554;DB1BCN0404-15SA;GEOMETRIA ANALÍTICA
11202420766;NA1ESHC020-17SB;HISTÓRIA ECONÔMICA GERAL
11202321582;NA1ESAE002-23SB;DESENHO UNIVERSAL E TECNOLOGIA ASSISTIVA
11202021121;NA1MCZC001-20SB;DOENÇAS DO SISTEMA NERVOSO
11202130588;DA1ESZG041-17SB;GESTÃO DA INOVAÇÃO
11202230766;NC1ESTO012-17SA;PRINCÍPIOS DE ADMINISTRAÇÃO
11202231102;NA1ESZS016-17SB;ANÁLISE EXPERIMENTAL DE ESTRUTURAS
11202231825;DA1ESAE002-23SB;DESENHO UNIVERSAL E TECNOLOGIA ASSISTIVA
11202421947;DA2BCN0402-15SB;FUNÇÕES DE UMA VARIÁVEL
11202421947;DA1ESHC020-17SB;HISTÓRIA ECONÔMICA GERAL
11202521928;DA1BHP0202-15SB;PENSAMENTO CRÍTICO
11202421058;NC1ESTO012-17SA;PRINCÍPIOS DE ADMINISTRAÇÃO
11201811693;DI1MCZC008-13SB;NEUROARTE
11202421545;DA5MCTA028-15SA;PROGRAMAÇÃO ESTRUTURADA
11202321309;NB1BCN0404-15SB;GEOMETRIA ANALÍTICA
11202421248;DA1BHS0011-23SB;REFLEXÕES SOBRE ARTE E SOCIEDADE
11202520245;DA1BIR0603-15SB;CIÊNCIA, TECNOLOGIA E SOCIEDADE
11202421118;NB1BCK0103-15SB;FÍSICA QUÂNTICA
11201811693;DAMCNC003-23SB;PROCESSAMENTO DE SINAIS NEURAIS
11202111712;NA1ESAE002-23SB;DESENHO UNIVERSAL E TECNOLOGIA ASSISTIVA
11202321063;NA2ESMA002-23SA;INOVAÇÕES PARA ENGENHARIA
11202421654;NA1ESZM016-17SA;SÍNTESE DE POLÍMEROS
11202421921;DB1BCN0402-15SA;FUNÇÕES DE UMA VARIÁVEL
11201811172;NA1NHZ5023-18SA;PRÁTICAS ESCOLARES EM EDUCAÇÃO ESPECIAL E INCLUSIVA
11202532587;DB1BIS0003-15SA;BASES MATEMÁTICAS
11202532587;NA2BIR0603-15SB;CIÊNCIA, TECNOLOGIA E SOCIEDADE
11202421987;NB1NHZ5016-15SA;HISTÓRIA DA EDUCAÇÃO
11202421384;NA4BCJ0204-15SB;FENÔMENOS MECÂNICOS
11202421384;DA1NHZ1003-15SA;BIOFÍSICA
11202532591;DA1BCM0506-15SA;COMUNICAÇÃO E REDES
11202020402;NA1BCM0506-15SA;COMUNICAÇÃO E REDES
11202420154;NA1ESTO011-17SA;FUNDAMENTOS DE DESENHO TÉCNICO
11202420154;NA2ESTO008-17SA;MECÂNICA DOS SÓLIDOS I
11201921425;NA10BCJ0204-15SA;FENÔMENOS MECÂNICOS
11201921425;NA3BCN0402-15SA;FUNÇÕES DE UMA VARIÁVEL
11201921425;NA3BCN0404-15SA;GEOMETRIA ANALÍTICA
11202321818;DA1ESTO006-17SA;MATERIAIS E SUAS PROPRIEDADES
11202320893;DA2BCM0504-15SB;NATUREZA DA INFORMAÇÃO
11202320608;NA3BCN0402-15SA;FUNÇÕES DE UMA VARIÁVEL
11202320608;NA3BCN0404-15SA;GEOMETRIA ANALÍTICA
11201722810;NA1ESTE027-17SA;LABORATÓRIO DE CALOR E FLUIDOS
11202532599;DA1ESHP004-13SB;CIDADANIA, DIREITOS E DESIGUALDADES
11202532599;DA1BHQ0301-15SB;TERRITÓRIO E SOCIEDADE
11202532599;DA1ESAE002-23SB;DESENHO UNIVERSAL E TECNOLOGIA ASSISTIVA
11202321372;NANHH2085-16SB;FILOSOFIA DA ARTE
11202321372;NANHH2034-13SB;HISTÓRIA DA FILOSOFIA CONTEMPORÂNEA: O SÉCULO XIX
11202231375;NB3BCN0404-15SA;GEOMETRIA ANALÍTICA
11202321443;DC2BCN0404-15SA;GEOMETRIA ANALÍTICA
11202521201;NA6BCJ0204-15SA;FENÔMENOS MECÂNICOS
11202020381;NANHZ3043-15SA;NOÇÕES DE ASTRONOMIA E COSMOLOGIA
11202130327;NA1ESZE078-17SA;REGULAÇÃO E MERCADO DE ENERGIA ELÉTRICA
11202130774;NA2ESTE019-17SA;INSTALAÇÕES ELÉTRICAS I
11202020427;DA1ESHC035-21SB;ECONOMETRIA I
11201920297;NA1BCN0405-15SA;INTRODUÇÃO ÀS EQUAÇÕES DIFERENCIAIS ORDINÁRIAS
11202421701;NA6MCTA028-15SA;PROGRAMAÇÃO ESTRUTURADA
11201810469;NA1ESAE002-23SB;DESENHO UNIVERSAL E TECNOLOGIA ASSISTIVA
11202210084;NA1ESTB030-17SB;FÍSICA MÉDICA II
11202020502;DA1ESGE001-23SB;ENGENHARIA DE SEGURANÇA DO TRABALHO
11202212431;NA2BCJ0204-15SA;FENÔMENOS MECÂNICOS
11202321742;DA1MCZA025-13SA;SEGURANÇA EM REDES
11201812043;NB1BCN0402-15SB;FUNÇÕES DE UMA VARIÁVEL
11202520436;NA1ESAE011-23SB;INTRODUÇÃO À ENGENHARIA DE SISTEMAS AEROESPACIAIS
11202022077;NA1ESHT007-17SB;ESTUDOS DO MEIO FÍSICO
11202320375;NB1BCJ0204-15SB;FENÔMENOS MECÂNICOS
11202322080;NA1BHS0003-23SB;DIÁLOGOS EXTENSIONISTAS EM ECONOMIA
11202231202;DA1ESGE008-23SB;TÓPICOS EM ENGENHARIA DE PRODUÇÃO NA INDÚSTRIA AUTOMOTIVA
11202320199;NB1ESMA001-23SA;SOLUÇÕES PARA DESAFIOS EM ENGENHARIA
11202322052;NA1ESZR007-21SB;A QUESTÃO NUCLEAR NAS RELAÇÕES INTERNACIONAIS
11202230991;NA1ESHC003-17SB;DESENVOLVIMENTO SOCIOECONÔMICO
11202130946;NA1ESTE017-17SA;OPERAÇÃO DE SISTEMAS ELÉTRICOS DE POTÊNCIA
11202320191;DA1ESHC035-21SB;ECONOMETRIA I
11202420871;DA1ESHC002-17SB;CONTABILIDADE BÁSICA
11202320380;NA1NHZ5019-22SA;TECNOLOGIAS DA INFORMAÇÃO E COMUNICAÇÃO NA EDUCAÇÃO
11202321284;DA1ESHC007-21SB;ECONOMIA BRASILEIRA I
11202420714;DA1BHS0011-23SB;REFLEXÕES SOBRE ARTE E SOCIEDADE
11202020868;NANHH2009-13SB;ÉTICA
11202020868;NA1NHZ2139-18SB;FILOSOFIA DA HISTÓRIA
11201921923;NA1ESZM001-17SA;SEMINÁRIOS EM MATERIAIS AVANÇADOS
11202322052;NI1ESHR008-21SB;INTEGRAÇÃO REGIONAL - TEORIAS E EXPERIÊNCIAS
11202130139;NA2ESGE008-23SB;TÓPICOS EM ENGENHARIA DE PRODUÇÃO NA INDÚSTRIA AUTOMOTIVA
11201920372;NA1ESHT010-17SB;MÉTODOS DE PLANEJAMENTO
11202422013;NA2BCK0103-15SA;FÍSICA QUÂNTICA
11202320263;NA1ESHP029-14SB;TEORIA E GESTÃO DE ORGANIZAÇÕES PÚBLICAS
11202420515;DA1BIS0003-15SB;BASES MATEMÁTICAS
11202420515;DA2BCL0306-15SB;BIODIVERSIDADE: INTERAÇÕES ENTRE ORGANISMOS E AMBIENTE
11202421650;NB2BCJ0203-15SB;FENÔMENOS ELETROMAGNÉTICOS
11202320719;DA3BCL0308-15SA;BIOQUÍMICA: ESTRUTURA, PROPRIEDADES E FUNÇÕES DE BIOMOLÉCULAS
11202320457;NI1ESHC020-17SB;HISTÓRIA ECONÔMICA GERAL
11202532644;NB1BIR0004-15SB;BASES EPISTEMOLÓGICAS DA CIÊNCIA MODERNA
11202420552;DA2MCTA028-15SA;PROGRAMAÇÃO ESTRUTURADA
11201932509;NA1ESHC035-21SB;ECONOMETRIA I
11201720428;NA1ESTO012-17SA;PRINCÍPIOS DE ADMINISTRAÇÃO
11202520862;DA1BCN0404-15SA;GEOMETRIA ANALÍTICA
11202230596;DA1BHQ0003-15SB;INTERPRETAÇÕES DO BRASIL
11202231252;NA1ESHT010-17SB;MÉTODOS DE PLANEJAMENTO
11201921279;DA1NHZ1031-15SA;HISTÓRIA DAS IDEIAS BIOLÓGICAS
11007116;NA1MCCC003-23SA;ALGORITMOS EM GRAFOS
11202230970;NA1ESAE002-23SB;DESENHO UNIVERSAL E TECNOLOGIA ASSISTIVA
11202320573;DA3BCL0308-15SA;BIOQUÍMICA: ESTRUTURA, PROPRIEDADES E FUNÇÕES DE BIOMOLÉCULAS
11202130880;NA1ESZI014-17SA;SISTEMAS INTELIGENTES
11202522411;DA1BIQ0602-15SA;ESTRUTURA E DINÂMICA SOCIAL
11202020406;NA1ESZU030-17SA;RISCOS NO AMBIENTE URBANO
11202232116;NA2ESGE008-23SB;TÓPICOS EM ENGENHARIA DE PRODUÇÃO NA INDÚSTRIA AUTOMOTIVA
11202020707;NB1BHP0202-15SB;PENSAMENTO CRÍTICO
11202111872;DA1BCN0405-15SA;INTRODUÇÃO ÀS EQUAÇÕES DIFERENCIAIS ORDINÁRIAS
11202230300;NA1ESTU027-17SA;FUNDAMENTOS DE GEOLOGIA PARA ENGENHARIA
11202230300;DA1ESTE033-17SA;ENGENHARIA SOLAR FOTOVOLTAICA
11202020614;DA1ESHC035-21SB;ECONOMETRIA I
11201812327;NB3BCN0402-15SA;FUNÇÕES DE UMA VARIÁVEL
11201812327;NA1ESTO008-17SA;MECÂNICA DOS SÓLIDOS I
11202231821;DA1ESAE002-23SB;DESENHO UNIVERSAL E TECNOLOGIA ASSISTIVA
11202420355;NA8BCJ0204-15SA;FENÔMENOS MECÂNICOS
11202321375;NA1ESTU029-17SA;HIDRÁULICA DE CONDUTOS LIVRES
11202320846;DC1BCN0404-15SA;GEOMETRIA ANALÍTICA
11113616;DAMCTC024-15SB;NEUROETOLOGIA
11202021319;DA1ESGE001-23SB;ENGENHARIA DE SEGURANÇA DO TRABALHO
11202130233;DA4MCTA028-15SA;PROGRAMAÇÃO ESTRUTURADA
11202130233;DA1ESTI005-17SA;SINAIS ALEATÓRIOS
11202320621;NA1MCZC008-13SB;NEUROARTE
11202420488;DA3BCN0402-15SA;FUNÇÕES DE UMA VARIÁVEL
11202020941;DA1ESTB030-17SB;FÍSICA MÉDICA II
11201723224;NA1BHQ0003-15SB;INTERPRETAÇÕES DO BRASIL
11202321636;NC1ESMA002-23SA;INOVAÇÕES PARA ENGENHARIA
11202320580;NB1BCN0404-15SB;GEOMETRIA ANALÍTICA
11202021714;NA1ESMA001-23SA;SOLUÇÕES PARA DESAFIOS EM ENGENHARIA
11202322165;DA3BCN0402-15SA;FUNÇÕES DE UMA VARIÁVEL
11202212472;DA1BIN0406-15SA;INTRODUÇÃO À PROBABILIDADE E À ESTATÍSTICA
11202111722;NA1ESTG024-17SB;SISTEMAS DE INFORMAÇÃO CORPORATIVOS
11202321996;NA1ESZR007-21SB;A QUESTÃO NUCLEAR NAS RELAÇÕES INTERNACIONAIS
11202410011;DA1BCK0103-15SB;FÍSICA QUÂNTICA
11202021106;DA1BHO0001-19SB;INTRODUÇÃO ÀS HUMANIDADES E ÀS CIÊNCIAS SOCIAIS
11202421322;NA1ESMA002-23SA;INOVAÇÕES PARA ENGENHARIA
11202230677;DA5BCL0308-15SA;BIOQUÍMICA: ESTRUTURA, PROPRIEDADES E FUNÇÕES DE BIOMOLÉCULAS
11202231259;DA1ESGE001-23SB;ENGENHARIA DE SEGURANÇA DO TRABALHO
11202321306;NANHZ6007-18SA;SEGURANÇA E REGULAMENTAÇÃO EM BIOTECNOLOGIA
11201721501;NA1BHQ0301-15SB;TERRITÓRIO E SOCIEDADE
11202520424;DC1BCN0404-15SA;GEOMETRIA ANALÍTICA
11202130992;NI1ESTS016-17SB;AERODINÂMICA I
11202320548;NA1ESZR007-21SB;A QUESTÃO NUCLEAR NAS RELAÇÕES INTERNACIONAIS
11202020312;DA1BCN0405-15SA;INTRODUÇÃO ÀS EQUAÇÕES DIFERENCIAIS ORDINÁRIAS
11202020429;DA1ESZU029-17SA;HISTÓRIA DA CIDADE E DO URBANISMO
21075716;NB1ESMA002-23SA;INOVAÇÕES PARA ENGENHARIA
11202231924;DA1BCM0506-15SA;COMUNICAÇÃO E REDES
11202230255;NB1BIR0603-15SA;CIÊNCIA, TECNOLOGIA E SOCIEDADE
11202520585;DA1BHS0011-23SB;REFLEXÕES SOBRE ARTE E SOCIEDADE
11202420281;NA2BCL0308-15SA;BIOQUÍMICA: ESTRUTURA, PROPRIEDADES E FUNÇÕES DE BIOMOLÉCULAS
11202321733;NA2BCK0103-15SA;FÍSICA QUÂNTICA
11202231259;NA1ESBM008-23SB;LEGISLAÇÃO RELACIONADA À SAÚDE
11202111055;DA1BHP0202-15SB;PENSAMENTO CRÍTICO
11202310056;NANHH2065-18SB;TÓPICOS DE METAFÍSICA
11202130086;DA1BIN0406-15SA;INTRODUÇÃO À PROBABILIDADE E À ESTATÍSTICA
11202130086;DA1BCN0405-15SA;INTRODUÇÃO ÀS EQUAÇÕES DIFERENCIAIS ORDINÁRIAS
11202020215;DA1ESTU007-17SA;HABITAÇÃO E ASSENTAMENTOS HUMANOS
11202421354;DA1ESZU029-17SA;HISTÓRIA DA CIDADE E DO URBANISMO
11202020695;NA1ESHP004-13SB;CIDADANIA, DIREITOS E DESIGUALDADES
11202421844;NA1ESHP030-22SB;ORÇAMENTO PÚBLICO
11202231705;NANHZ1094-19SA;ESCRITA E LEITURA NA EDUCAÇÃO EM CIÊNCIAS
11202420552;DA1BIN0406-15SA;INTRODUÇÃO À PROBABILIDADE E À ESTATÍSTICA
11202021487;NA1NHZ5019-22SA;TECNOLOGIAS DA INFORMAÇÃO E COMUNICAÇÃO NA EDUCAÇÃO
11201811202;NB1BCJ0204-15SB;FENÔMENOS MECÂNICOS
11202022060;DA1NHLF002-22SB;LEITURA FILOSÓFICA DE OBRAS DE ARTE
11202510102;DI1MCZC003-15SB;INTRODUÇÃO À PSICOLINGUÍSTICA E NEUROCIÊNCIA DA LINGUAGEM
11202532629;DA1BCM0506-15SA;COMUNICAÇÃO E REDES
11202322146;DAMCTC011-15SB;PSICOLOGIA COGNITIVA
11202420330;DA1BIQ0602-15SA;ESTRUTURA E DINÂMICA SOCIAL
11202231480;NA1ESZR007-21SB;A QUESTÃO NUCLEAR NAS RELAÇÕES INTERNACIONAIS
11202021942;NANHZ6012-18SA;EMPREENDEDORISMO E PLANEJAMENTO DE PROJETOS EM BIOTECNOLOGIA
11202021666;DA1ESGE001-23SB;ENGENHARIA DE SEGURANÇA DO TRABALHO
11202420966;NA2BCK0103-15SA;FÍSICA QUÂNTICA
11202231705;DA1BCS0002-25SA;PROJETO DIRIGIDO
11202432354;DA2NHI5015-22SA;LIBRAS
11202130399;NA1NHZ5016-15SB;HISTÓRIA DA EDUCAÇÃO
11202520962;NA1BHQ0003-15SB;INTERPRETAÇÕES DO BRASIL
11202130293;NA2NHT1053-15SA;BIOLOGIA CELULAR
11202321306;DA1ESGE001-23SB;ENGENHARIA DE SEGURANÇA DO TRABALHO
11202520142;DA1BCL0306-15SA;BIODIVERSIDADE: INTERAÇÕES ENTRE ORGANISMOS E AMBIENTE
11202320913;NC1ESMA002-23SA;INOVAÇÕES PARA ENGENHARIA
11202421354;DA1BCK0103-15SA;FÍSICA QUÂNTICA
11202422040;NA1LHZ0041-22SB;INTRODUÇÃO AOS LETRAMENTOS EM INGLÊS
11202420670;DA1BHS0011-23SB;REFLEXÕES SOBRE ARTE E SOCIEDADE
11202510067;NBESTA020-17SA;MODELAGEM E CONTROLE
11202321678;NA2NHT1053-15SA;BIOLOGIA CELULAR
11202320660;NA2BIS0003-15SA;BASES MATEMÁTICAS
11202022189;DB1BHO0101-15SB;ESTADO E RELAÇÕES DE PODER
11202421869;DA1ESZI031-17SA;SEGURANÇA DE REDES
11202320245;NA1BHS0002-17SB;DIÁLOGOS INTERDISCIPLINARES
11202510038;DA1BCN0404-15SA;GEOMETRIA ANALÍTICA
11202421017;DA1NHZ1031-15SA;HISTÓRIA DAS IDEIAS BIOLÓGICAS
11202130856;NA1ESAU010-23SA;CARTOGRAFIA E GEOPROCESSAMENTO
11202421687;DA1ESZT006-17SB;MERCADO IMOBILIÁRIO
11202131362;NA1BCN0405-15SB;INTRODUÇÃO ÀS EQUAÇÕES DIFERENCIAIS ORDINÁRIAS
11202421017;NA2BCL0308-15SB;BIOQUÍMICA: ESTRUTURA, PROPRIEDADES E FUNÇÕES DE BIOMOLÉCULAS
11202020891;NB1ESTO012-17SA;PRINCÍPIOS DE ADMINISTRAÇÃO
11202131755;DA1MCZA025-13SA;SEGURANÇA EM REDES
11202231307;NA1ESTO016-17SB;FENÔMENOS DE TRANSPORTE
11201920891;NA1ESHR017-21SB;ORGANIZAÇÕES INTERNACIONAIS E MULTILATERALISMO
11063914;NA1ESHT007-17SB;ESTUDOS DO MEIO FÍSICO
11202332384;NA2ESMA002-23SA;INOVAÇÕES PARA ENGENHARIA
11201922365;NB2ESMA002-23SA;INOVAÇÕES PARA ENGENHARIA
11202422164;NAMCTC019-20SB;NEUROBIOLOGIA MOLECULAR E CELULAR
11201921240;DA1BCJ0203-15SA;FENÔMENOS ELETROMAGNÉTICOS
11202421049;NA1ESHP031-22SB;AVALIAÇÃO E MONITORAMENTO DE POLÍTICAS PÚBLICAS
11202320218;DA1ESEC004-24SB;OFICINAS EM ECONOMIA E HISTÓRIA DO ABC PAULISTA
11202111045;NA1ESEC004-24SB;OFICINAS EM ECONOMIA E HISTÓRIA DO ABC PAULISTA
11202020625;NA1ESZG013-17SB;EMPREENDEDORISMO
11202232194;NA1ESZG013-17SB;EMPREENDEDORISMO
11202232194;NA1ESEC004-24SB;OFICINAS EM ECONOMIA E HISTÓRIA DO ABC PAULISTA
11202230820;NA1ESTU033-17SA;RESÍDUOS SÓLIDOS
11202131318;DA1ESZE104-17SA;ENERGIA GEOTÉRMICA
11202130782;NA3BCJ0203-15SA;FENÔMENOS ELETROMAGNÉTICOS
11202230763;NA1ESZI014-17SA;SISTEMAS INTELIGENTES
11202420272;NA1ESHP004-13SB;CIDADANIA, DIREITOS E DESIGUALDADES
11202022028;NA1ESZR007-21SB;A QUESTÃO NUCLEAR NAS RELAÇÕES INTERNACIONAIS
11202021730;NB3BCJ0204-15SA;FENÔMENOS MECÂNICOS
11202021730;NB1BIN0406-15SA;INTRODUÇÃO À PROBABILIDADE E À ESTATÍSTICA
11201810068;NA1MCZC008-13SB;NEUROARTE
11202020610;DC1ESMA002-23SA;INOVAÇÕES PARA ENGENHARIA
11202020258;NC1ESMA002-23SA;INOVAÇÕES PARA ENGENHARIA
11202231422;NA1MCTA028-15SA;PROGRAMAÇÃO ESTRUTURADA
11202232004;DAESTA011-17SA;AUTOMAÇÃO DE SISTEMAS INDUSTRIAIS
11202230812;NA1ESAE011-23SB;INTRODUÇÃO À ENGENHARIA DE SISTEMAS AEROESPACIAIS
11201812080;DA1ESHC003-17SB;DESENVOLVIMENTO SOCIOECONÔMICO
11202021391;NA2NHI5015-22SA;LIBRAS
11201920636;DA1ESZU014-17SA;MÉTODOS DE TOMADA DE DECISÃO APLICADOS AO PLANEJAMENTO URBANO-AMBIENTAL
11202310119;NA1NHZ2139-18SB;FILOSOFIA DA HISTÓRIA
11202310119;NANHH2065-18SB;TÓPICOS DE METAFÍSICA
11202131318;DA1ESGE001-23SB;ENGENHARIA DE SEGURANÇA DO TRABALHO
11202231036;DA1BCN0404-15SB;GEOMETRIA ANALÍTICA
11202422070;NB4BCL0308-15SA;BIOQUÍMICA: ESTRUTURA, PROPRIEDADES E FUNÇÕES DE BIOMOLÉCULAS
11202422070;NB1BIR0603-15SA;CIÊNCIA, TECNOLOGIA E SOCIEDADE
11202321211;NA1ESZR007-21SB;A QUESTÃO NUCLEAR NAS RELAÇÕES INTERNACIONAIS
11202231746;NA1ESTO016-17SB;FENÔMENOS DE TRANSPORTE
11201811305;DA1MCCC013-23SA;OTIMIZAÇÃO LINEAR
11202020344;NA1ESHC034-21SB;ECONOMIA DO MEIO AMBIENTE
11201721142;NA1ESHP013-22SB;DIREITO CONSTITUCIONAL
11202131035;NA1ESHC034-21SB;ECONOMIA DO MEIO AMBIENTE
11202021328;DA1ESTG021-17SB;SISTEMAS CAD/CAE
11201812252;NA1NHZ5016-15SA;HISTÓRIA DA EDUCAÇÃO
11201812252;NA1NHZ5019-22SA;TECNOLOGIAS DA INFORMAÇÃO E COMUNICAÇÃO NA EDUCAÇÃO
11201812252;NAMCZB036-17SA;FILOSOFIA DA MATEMÁTICA
11202520406;NB4BCJ0204-15SA;FENÔMENOS MECÂNICOS
11202130669;DAESTA020-17SA;MODELAGEM E CONTROLE
11202111725;DA1BHS0005-19SB;PRÁTICAS EM CIÊNCIAS E HUMANIDADES
11202230442;DA1NHZ1024-15SB;ETNOFARMACOLOGIA
11202230697;DA1ESZM028-17SA;MATERIAIS PARA TECNOLOGIA DA INFORMAÇÃO
11202321789;DA1BHS0011-23SB;REFLEXÕES SOBRE ARTE E SOCIEDADE
11202521754;DAMCZD005-18SA;PROJETOS DE ENSINO DE MATEMÁTICA E CIÊNCIAS COM ARTE
11202421410;DA1BHO0002-19SB;INTRODUÇÃO AO PENSAMENTO ECONÔMICO
11202432358;NA1ESAE002-23SB;DESENHO UNIVERSAL E TECNOLOGIA ASSISTIVA
11202321994;DB1ESTO012-17SB;PRINCÍPIOS DE ADMINISTRAÇÃO
11202321994;NA2ESMA002-23SB;INOVAÇÕES PARA ENGENHARIA
11201722536;NA1ESHC027-21SB;ECONOMIA MATEMÁTICA
11202111947;NA1ESHP004-13SB;CIDADANIA, DIREITOS E DESIGUALDADES
11202130728;NA1ESTS015-17SB;COMBUSTÃO I
11202422101;NA2BCK0103-15SA;FÍSICA QUÂNTICA
11202020709;NA1NHZ5016-15SA;HISTÓRIA DA EDUCAÇÃO
11202230667;NA1NHT1070-15SA;FISIOLOGIA VEGETAL II
11202420718;DA1ESTG003-17SB;ECONOMIA DE EMPRESAS
11202210031;NA1ESZU019-17SA;TRANSPORTES E MEIO AMBIENTE
11202231132;NA2ESMA002-23SB;INOVAÇÕES PARA ENGENHARIA
11202421776;DA1NHT3049-15SA;PRINCÍPIOS DE TERMODINÂMICA
11201921063;NA1ESZC004-17SB;ECONOMIA DO TRABALHO
11202420601;NA1MCZC001-20SB;DOENÇAS DO SISTEMA NERVOSO
11202130714;DA1ESHC003-17SB;DESENVOLVIMENTO SOCIOECONÔMICO
11202130714;NB1ESHT005-17SB;ECONOMIA DO TERRITÓRIO
11201811747;NA1ESTO001-17SA;CIRCUITOS ELÉTRICOS E FOTÔNICA
11202521107;DA1BHS0011-23SB;REFLEXÕES SOBRE ARTE E SOCIEDADE
11202230754;DA1ESZI032-17SA;PROCESSAMENTO DE VÍDEO
11202210088;DA1ESEC004-24SB;OFICINAS EM ECONOMIA E HISTÓRIA DO ABC PAULISTA
11201921784;DA1ESZU013-17SA;LOGÍSTICA E MEIO AMBIENTE
11202321553;DA1BIS0003-15SA;BASES MATEMÁTICAS
11202321553;DB1ESMA001-23SA;SOLUÇÕES PARA DESAFIOS EM ENGENHARIA
11202320392;NA1ESTE028-17SA;ENGENHARIA NUCLEAR
11201921058;NB1NHZ5016-15SA;HISTÓRIA DA EDUCAÇÃO
11202522405;DB1BHO1335-15SB;FORMAÇÃO DO SISTEMA INTERNACIONAL
11201722622;DA1MCCC013-23SA;OTIMIZAÇÃO LINEAR
11202111178;NA1ESTU024-17SA;ANÁLISE DE SISTEMAS E MODELAGEM AMBIENTAL
11202332425;NA1BIS0003-15SA;BASES MATEMÁTICAS
11202520901;NA1BIR0004-15SA;BASES EPISTEMOLÓGICAS DA CIÊNCIA MODERNA
11202321320;NI1ESHR008-21SB;INTEGRAÇÃO REGIONAL - TEORIAS E EXPERIÊNCIAS
11202020129;DC1BCN0404-15SB;GEOMETRIA ANALÍTICA
11202230449;DC1ESTO013-17SA;ENGENHARIA ECONÔMICA
11202522362;NA2BCM0506-15SA;COMUNICAÇÃO E REDES
11202321815;NAMCTD023-18SA;FUNDAMENTOS DE ANÁLISE
11202332323;DA2BCN0402-15SA;FUNÇÕES DE UMA VARIÁVEL
11202231057;DC1ESTO012-17SA;PRINCÍPIOS DE ADMINISTRAÇÃO
11202021370;NA1ESTI007-17SA;COMUNICAÇÃO DIGITAL
11202212471;DA1ESHC003-17SB;DESENVOLVIMENTO SOCIOECONÔMICO
11202421384;DA1ESTB030-17SB;FÍSICA MÉDICA II
11201822479;NA1ESTE027-17SA;LABORATÓRIO DE CALOR E FLUIDOS
11202212435;NA1ESAE002-23SB;DESENHO UNIVERSAL E TECNOLOGIA ASSISTIVA
11201822483;NA1ESTE027-17SA;LABORATÓRIO DE CALOR E FLUIDOS
11202321893;DA1ESHC007-21SB;ECONOMIA BRASILEIRA I
11201822477;DA1MCTB008-17SA;CÁLCULO DE PROBABILIDADE
11085013;DA1NHI5011-13SA;POLÍTICAS EDUCACIONAIS
11202320983;NA1ESTE028-17SA;ENGENHARIA NUCLEAR
11202320983;NA1ESMA002-23SA;INOVAÇÕES PARA ENGENHARIA
11202210011;DA1NHI2049-13SA;LÓGICA BÁSICA
11202421757;DA1ESTI016-17SA;FUNDAMENTOS DE FOTÔNICA
11202130894;NA1ESZG011-17SB;PLANEJAMENTO ESTRATÉGICO EM GESTÃO DE PROJETOS
11202420385;NA1ESHP014-13SB;INTRODUÇÃO ÀS POLÍTICAS PÚBLICAS
11202321193;DA1NHZ1031-15SA;HISTÓRIA DAS IDEIAS BIOLÓGICAS
11202321309;NB1BIN0406-15SB;INTRODUÇÃO À PROBABILIDADE E À ESTATÍSTICA
11202521810;DB1BCN0404-15SA;GEOMETRIA ANALÍTICA
11202421768;NB1BIR0004-15SB;BASES EPISTEMOLÓGICAS DA CIÊNCIA MODERNA
11202421768;NA1MCTB009-17SA;CÁLCULO NUMÉRICO
11202321982;NB3BCN0402-15SA;FUNÇÕES DE UMA VARIÁVEL
11202332343;DA1MCZC001-20SB;DOENÇAS DO SISTEMA NERVOSO
11202421139;NANHZ1094-19SA;ESCRITA E LEITURA NA EDUCAÇÃO EM CIÊNCIAS
11202231966;DB1ESTO012-17SA;PRINCÍPIOS DE ADMINISTRAÇÃO
11202131972;DANHZ6011-18SA;BIOTECNOLOGIA HUMANA
11202130272;NB1ESTO013-17SA;ENGENHARIA ECONÔMICA
11202320604;NA1ESMA002-23SA;INOVAÇÕES PARA ENGENHARIA
11202320820;NB3BCK0103-15SA;FÍSICA QUÂNTICA
11202131397;DA1MCCC013-23SA;OTIMIZAÇÃO LINEAR
11202421590;NB1BCJ0203-15SA;FENÔMENOS ELETROMAGNÉTICOS
11202420235;DA1BIR0004-15SA;BASES EPISTEMOLÓGICAS DA CIÊNCIA MODERNA
11202421338;DA1ESTO012-17SA;PRINCÍPIOS DE ADMINISTRAÇÃO
11202130445;NA2ESTE019-17SA;INSTALAÇÕES ELÉTRICAS I
11202322045;NI1ESHR006-13SB;FORMAÇÃO HISTÓRICA DA AMÉRICA LATINA
11202231089;DA1MCCC013-23SA;OTIMIZAÇÃO LINEAR
11202021895;NA1MCZC003-15SB;INTRODUÇÃO À PSICOLINGUÍSTICA E NEUROCIÊNCIA DA LINGUAGEM
11202231695;DA1ESGE001-23SB;ENGENHARIA DE SEGURANÇA DO TRABALHO
11202231410;DA1ESHT023-17SB;SOCIOLOGIA DOS TERRITÓRIOS
11202532689;DA1BHS0005-19SB;PRÁTICAS EM CIÊNCIAS E HUMANIDADES
11202421156;DA1NHT1053-15SA;BIOLOGIA CELULAR
11202021277;NA1ESHP022-14SB;CULTURA POLÍTICA
11202420438;NB1BIN0406-15SB;INTRODUÇÃO À PROBABILIDADE E À ESTATÍSTICA
11201720692;NA1ESHR018-21SB;ATORES NÃO ESTATAIS E AS RELAÇÕES INTERNACIONAIS
11202320885;NC2ESMA002-23SA;INOVAÇÕES PARA ENGENHARIA
11202231736;NBESTA020-17SA;MODELAGEM E CONTROLE
11202130831;NA1NHZ5019-22SA;TECNOLOGIAS DA INFORMAÇÃO E COMUNICAÇÃO NA EDUCAÇÃO
11202130831;NA1NHZ1092-19SA;EDUCAÇÃO EM SEXUALIDADE
11202320749;DA1BIR0603-15SA;CIÊNCIA, TECNOLOGIA E SOCIEDADE
11202320583;NA1MCTB009-17SA;CÁLCULO NUMÉRICO
11202231643;NI1ESTS003-17SA;INTRODUÇÃO À ASTRONÁUTICA
11202231643;NA1ESMA002-23SB;INOVAÇÕES PARA ENGENHARIA
11202332427;DA1BHO0001-19SB;INTRODUÇÃO ÀS HUMANIDADES E ÀS CIÊNCIAS SOCIAIS
11202232536;DA1ESGE001-23SB;ENGENHARIA DE SEGURANÇA DO TRABALHO
11202321332;DA1ESEC004-24SB;OFICINAS EM ECONOMIA E HISTÓRIA DO ABC PAULISTA
11202320336;NA1ESHP004-13SB;CIDADANIA, DIREITOS E DESIGUALDADES
11202410037;NANHT3067-15SA;ANÁLISE DE FOURIER E APLICAÇÕES
11202410037;NANHBP007-23SA;MECÂNICA QUÂNTICA I
11202020218;NA1ESTU023-17SA;BIOMAS BRASILEIROS
11202230895;NANHZ6007-18SA;SEGURANÇA E REGULAMENTAÇÃO EM BIOTECNOLOGIA
11202322265;DA1BIS0003-15SA;BASES MATEMÁTICAS
11202421512;NB1ESMA002-23SA;INOVAÇÕES PARA ENGENHARIA
11202320236;NA1ESBM008-23SB;LEGISLAÇÃO RELACIONADA À SAÚDE
11202321510;NA3BCN0402-15SA;FUNÇÕES DE UMA VARIÁVEL
11202421333;DA1BIQ0602-15SA;ESTRUTURA E DINÂMICA SOCIAL
11202210011;NANHBT004-23SA;DIVULGAÇÃO CIENTÍFICA EM BIOTECNOLOGIA
11202420504;DA1MCTA028-15SA;PROGRAMAÇÃO ESTRUTURADA
11201920107;NA2MCTA028-15SA;PROGRAMAÇÃO ESTRUTURADA
11202021353;NA4BCJ0203-15SA;FENÔMENOS ELETROMAGNÉTICOS
11202521912;NA2BCL0306-15SB;BIODIVERSIDADE: INTERAÇÕES ENTRE ORGANISMOS E AMBIENTE
11202320690;NA1ESTO008-17SB;MECÂNICA DOS SÓLIDOS I
11201811173;NA1ESTO016-17SB;FENÔMENOS DE TRANSPORTE
11202521150;NA1BIR0004-15SA;BASES EPISTEMOLÓGICAS DA CIÊNCIA MODERNA
11202532662;NB3BCL0306-15SA;BIODIVERSIDADE: INTERAÇÕES ENTRE ORGANISMOS E AMBIENTE
11202532662;NA1BCM0504-15SA;NATUREZA DA INFORMAÇÃO
11202421591;NA1ESZR007-21SB;A QUESTÃO NUCLEAR NAS RELAÇÕES INTERNACIONAIS
11202231415;DA1ESAE005-23SB;TÉCNICAS DE ANÁLISE ESTRUTURAL
11202421812;DA1BHO0001-19SB;INTRODUÇÃO ÀS HUMANIDADES E ÀS CIÊNCIAS SOCIAIS
11202421920;NA2BCL0306-15SB;BIODIVERSIDADE: INTERAÇÕES ENTRE ORGANISMOS E AMBIENTE
11202321982;NB1BCN0404-15SB;GEOMETRIA ANALÍTICA
11202321982;NA2NHI5015-22SA;LIBRAS
11202111712;NA1ESHP022-14SB;CULTURA POLÍTICA
11202231741;NA1BHQ0003-15SB;INTERPRETAÇÕES DO BRASIL
11202321201;DA1MCCC003-23SA;ALGORITMOS EM GRAFOS
11202210012;NB2BCL0308-15SB;BIOQUÍMICA: ESTRUTURA, PROPRIEDADES E FUNÇÕES DE BIOMOLÉCULAS
11202321976;NA1BIK0102-15SA;ESTRUTURA DA MATÉRIA
11202321921;NA2ESMA002-23SB;INOVAÇÕES PARA ENGENHARIA
11202421346;NAMCTD021-18SA;FUNDAMENTOS DE ÁLGEBRA
11202131456;DA1BHO0001-19SB;INTRODUÇÃO ÀS HUMANIDADES E ÀS CIÊNCIAS SOCIAIS
11202021803;DA1ESTU023-17SA;BIOMAS BRASILEIROS
11202021803;DANHZ2146-18SB;LÍNGUA LATINA II
11202422164;NA1ESMA001-23SA;SOLUÇÕES PARA DESAFIOS EM ENGENHARIA
11202322045;NA1ESHP023-22SB;HISTÓRIA DAS INSTITUIÇÕES POLÍTICAS BRASILEIRAS
11202332378;DA1BHS0005-19SB;PRÁTICAS EM CIÊNCIAS E HUMANIDADES
11202421080;DA1BCN0404-15SB;GEOMETRIA ANALÍTICA
11202421080;DA1BCN0405-15SA;INTRODUÇÃO ÀS EQUAÇÕES DIFERENCIAIS ORDINÁRIAS
11202320361;NA1NHZ2139-18SB;FILOSOFIA DA HISTÓRIA
11201811080;DA1ESTO012-17SA;PRINCÍPIOS DE ADMINISTRAÇÃO
11201922377;DC1BCN0402-15SA;FUNÇÕES DE UMA VARIÁVEL
11201723107;DA1ESHP013-22SB;DIREITO CONSTITUCIONAL
11202510031;DA2ESTA014-17SA;SISTEMAS CAD/CAM
11202230766;NA1ESAE002-23SB;DESENHO UNIVERSAL E TECNOLOGIA ASSISTIVA
11201921960;NA1ESGE010-23SB;TÓPICOS EM ENGENHARIA DE PRODUÇÃO NA INDÚSTRIA QUÍMICA
11202231825;NA1ESTU027-17SA;FUNDAMENTOS DE GEOLOGIA PARA ENGENHARIA
11202212421;NA1ESTO016-17SB;FENÔMENOS DE TRANSPORTE
11202532591;DA1BIS0003-15SA;BASES MATEMÁTICAS
11202322192;DA1ESHP013-22SB;DIREITO CONSTITUCIONAL
11201722546;NA1MCZC008-13SB;NEUROARTE
11202230484;DI1MCZC008-13SB;NEUROARTE
11202321497;NA1ESHC034-21SB;ECONOMIA DO MEIO AMBIENTE
11202421118;NA1BCM0506-15SB;COMUNICAÇÃO E REDES
11202131392;DA1ESGE001-23SB;ENGENHARIA DE SEGURANÇA DO TRABALHO
11201720672;NA1ESTU027-17SA;FUNDAMENTOS DE GEOLOGIA PARA ENGENHARIA
11202421040;DA4MCTA028-15SA;PROGRAMAÇÃO ESTRUTURADA
11202230211;DA3BCL0308-15SB;BIOQUÍMICA: ESTRUTURA, PROPRIEDADES E FUNÇÕES DE BIOMOLÉCULAS
11202332378;NA1BHQ0003-15SB;INTERPRETAÇÕES DO BRASIL
11202020455;NB1ESHT003-17SB;DEMOGRAFIA
11202320361;NA3BCN0402-15SA;FUNÇÕES DE UMA VARIÁVEL
11202310090;DA1BHQ0301-15SB;TERRITÓRIO E SOCIEDADE
11202421031;DA1BIK0102-15SB;ESTRUTURA DA MATÉRIA
11202421031;DA1ESZU030-17SA;RISCOS NO AMBIENTE URBANO
11202321715;DB1BCN0402-15SA;FUNÇÕES DE UMA VARIÁVEL
11202231725;NA1NHT1030-15SA;GEOLOGIA E PALEONTOLOGIA
11202521927;DA1BHS0006-23SB;INTRODUÇÃO AO ACOLHIMENTO INTERCULTURAL AOS MIGRANTES E REFUGIADOS
11202520238;DA1BIR0603-15SB;CIÊNCIA, TECNOLOGIA E SOCIEDADE
11202130105;DA1ESBM008-23SB;LEGISLAÇÃO RELACIONADA À SAÚDE
11202231310;DB1ESTO012-17SB;PRINCÍPIOS DE ADMINISTRAÇÃO
11202521912;NA1ESHP014-13SB;INTRODUÇÃO ÀS POLÍTICAS PÚBLICAS
11202230365;DA1ESHC007-21SB;ECONOMIA BRASILEIRA I
11201723107;DA1LHZ0005-19SB;BRASIL INDEPENDENTE
11202322074;DI1MCZC008-13SB;NEUROARTE
11202020455;NA1ESHT001-17SB;ARRANJOS INSTITUCIONAIS E MARCO REGULATÓRIO DO TERRITÓRIO
11202231104;DA1ESTO016-17SB;FENÔMENOS DE TRANSPORTE
11201721265;NA3BCN0402-15SA;FUNÇÕES DE UMA VARIÁVEL
11202422086;DC1BCN0402-15SB;FUNÇÕES DE UMA VARIÁVEL
11202420766;NA1ESHP031-22SB;AVALIAÇÃO E MONITORAMENTO DE POLÍTICAS PÚBLICAS
11201922369;NA1ESZE092-17SA;TRANSFERÊNCIA DE CALOR E MECÂNICA DOS FLUIDOS COMPUTACIONAL II
11202230766;DA1ESEC004-24SB;OFICINAS EM ECONOMIA E HISTÓRIA DO ABC PAULISTA
11202421118;DA3BCJ0204-15SB;FENÔMENOS MECÂNICOS
11202230998;NA1ESHR903-18SB;METODOLOGIA DE PESQUISA EM RELAÇÕES INTERNACIONAIS (TCC 1)
11202321879;DA1ESHR003-21SB;ECONOMIA POLÍTICA INTERNACIONAL DA SEGURANÇA ALIMENTAR
11202231444;NA1ESTU029-17SA;HIDRÁULICA DE CONDUTOS LIVRES
11202130545;NANHH2085-16SB;FILOSOFIA DA ARTE
11202232106;DA1ESGE001-23SB;ENGENHARIA DE SEGURANÇA DO TRABALHO
11202521852;NA1BCL0306-15SB;BIODIVERSIDADE: INTERAÇÕES ENTRE ORGANISMOS E AMBIENTE
11202320497;NA1ESHP004-13SB;CIDADANIA, DIREITOS E DESIGUALDADES
11202320497;NA1ESHP030-22SB;ORÇAMENTO PÚBLICO
11202212421;NANHH2009-13SB;ÉTICA
11202022067;NA1ESHP013-22SB;DIREITO CONSTITUCIONAL
11202232211;DB1ESTO012-17SA;PRINCÍPIOS DE ADMINISTRAÇÃO
13201812299;NA1ESHT001-17SB;ARRANJOS INSTITUCIONAIS E MARCO REGULATÓRIO DO TERRITÓRIO
11202130665;NA1NHT1068-15SA;EVOLUÇÃO E DIVERSIDADE DE PLANTAS II
11202432392;DA1ESHR027-21SB;ÁFRICA NAS RELAÇÕES INTERNACIONAIS
11202432392;NA1LHE0001-19SB;HISTÓRIA, EUROCENTRISMO E PÓS-COLONIALISMO
11202421217;NA2BCK0103-15SA;FÍSICA QUÂNTICA
11202320718;NA1ESBM008-23SB;LEGISLAÇÃO RELACIONADA À SAÚDE
11202230691;DA1ESTG001-17SB;CUSTOS
11202230691;NA1ESTG005-17SB;ENGENHARIA ECONÔMICA APLICADA A SISTEMAS DE GESTÃO
11202321443;NA4BCJ0204-15SB;FENÔMENOS MECÂNICOS
11201921152;NA1MCZA024-17SA;REDES SEM FIO
11202332378;NA2BIS0003-15SA;BASES MATEMÁTICAS
11202020381;NB2BCK0103-15SA;FÍSICA QUÂNTICA
11202520775;DA2BCM0504-15SB;NATUREZA DA INFORMAÇÃO
11202131360;DA1BHS0006-23SB;INTRODUÇÃO AO ACOLHIMENTO INTERCULTURAL AOS MIGRANTES E REFUGIADOS
11202231741;NB1ESTO012-17SB;PRINCÍPIOS DE ADMINISTRAÇÃO
11202321658;DA1ESIF001-23SA;CODIFICAÇÃO DE SINAIS MULTIMÍDIA
11202522388;NA3BCN0402-15SA;FUNÇÕES DE UMA VARIÁVEL
11202230536;NA1ESTU033-17SA;RESÍDUOS SÓLIDOS
11202410094;DA1ESHR006-13SB;FORMAÇÃO HISTÓRICA DA AMÉRICA LATINA
11202231943;DA1ESHR017-21SB;ORGANIZAÇÕES INTERNACIONAIS E MULTILATERALISMO
11202021410;NA1NHZ2139-18SB;FILOSOFIA DA HISTÓRIA
11202021410;NA1ESHP030-22SB;ORÇAMENTO PÚBLICO
11202231310;NA1BCJ0203-15SB;FENÔMENOS ELETROMAGNÉTICOS
11202421554;NA1BCN0404-15SB;GEOMETRIA ANALÍTICA
11202130853;DC1ESTO013-17SA;ENGENHARIA ECONÔMICA
11202130853;DA1ESGE001-23SB;ENGENHARIA DE SEGURANÇA DO TRABALHO
13201910027;DA1ESHC034-21SB;ECONOMIA DO MEIO AMBIENTE
13201910027;DA1ESHC907-18SB;MONOGRAFIA I - TÉCNICAS DE PESQUISA EM ECONOMIA
11202332378;DB1BHO0002-19SB;INTRODUÇÃO AO PENSAMENTO ECONÔMICO
11202020228;DA1MCCC003-23SA;ALGORITMOS EM GRAFOS
11202020228;DA5MCTA028-15SA;PROGRAMAÇÃO ESTRUTURADA
11202231203;NA1ESHC027-21SB;ECONOMIA MATEMÁTICA
11202432383;DA1BHP0202-15SB;PENSAMENTO CRÍTICO
11202521704;DA1ESTI016-17SA;FUNDAMENTOS DE FOTÔNICA
11201932461;NA1ESTI013-17SA;SISTEMAS MICROPROCESSADOS
11202410037;NANHT3071-15SA;ELETROMAGNETISMO II
11044315;NA1ESZS016-17SB;ANÁLISE EXPERIMENTAL DE ESTRUTURAS
11044315;NAESTA016-17SA;MÁQUINAS ELÉTRICAS
11202322265;NB1BCJ0204-15SA;FENÔMENOS MECÂNICOS
11202111781;NA1NHZ5019-22SB;TECNOLOGIAS DA INFORMAÇÃO E COMUNICAÇÃO NA EDUCAÇÃO
11202130327;NA1NHI5011-13SA;POLÍTICAS EDUCACIONAIS
11201920525;NA1ESTO016-17SA;FENÔMENOS DE TRANSPORTE
11201920525;NA1ESTU011-17SA;PLANEJAMENTO URBANO E METROPOLITANO
11202421170;NA2BCK0103-15SA;FÍSICA QUÂNTICA
11201822390;DA1BCS0002-25SA;PROJETO DIRIGIDO
21040515;NANHH2009-13SB;ÉTICA
11202111630;DA2NHI5015-22SA;LIBRAS
11202310012;NA1ESZU019-17SA;TRANSPORTES E MEIO AMBIENTE
11202020402;DA1ESTU029-17SA;HIDRÁULICA DE CONDUTOS LIVRES
11202321603;DA1BHO0001-19SB;INTRODUÇÃO ÀS HUMANIDADES E ÀS CIÊNCIAS SOCIAIS
11202321603;DA1ESHC035-21SB;ECONOMETRIA I
11202520925;DA1BIS0003-15SA;BASES MATEMÁTICAS
11202321818;DA1ESTI016-17SA;FUNDAMENTOS DE FOTÔNICA
11202421805;DA6BCL0308-15SA;BIOQUÍMICA: ESTRUTURA, PROPRIEDADES E FUNÇÕES DE BIOMOLÉCULAS
11202520578;DA11BCJ0204-15SA;FENÔMENOS MECÂNICOS
11202510088;NA1ESZR004-21SB;GEOPOLÍTICA DO PETRÓLEO E O DESENVOLVIMENTO BRASILEIRO
11202111150;NB1BIR0004-15SB;BASES EPISTEMOLÓGICAS DA CIÊNCIA MODERNA
11202231259;NA1ESTG005-17SB;ENGENHARIA ECONÔMICA APLICADA A SISTEMAS DE GESTÃO
11201921673;DA1ESEN009-23SA;LABORATÓRIO DE ENGENHARIA SOLAR FOTOVOLTAICA
11202231569;NA2MCTA028-15SA;PROGRAMAÇÃO ESTRUTURADA
11202111055;DA1ESHC003-17SB;DESENVOLVIMENTO SOCIOECONÔMICO
11202111055;DA1ESTG003-17SB;ECONOMIA DE EMPRESAS
11201722745;NA1ESHC907-18SB;MONOGRAFIA I - TÉCNICAS DE PESQUISA EM ECONOMIA
11201722745;NI1ESHR006-13SB;FORMAÇÃO HISTÓRICA DA AMÉRICA LATINA
11202212427;NB1BHP0202-15SB;PENSAMENTO CRÍTICO
11202212427;NB1ESHT005-17SB;ECONOMIA DO TERRITÓRIO
11202421564;NA1BCK0103-15SB;FÍSICA QUÂNTICA
11202510041;NA1NHI2049-13SB;LÓGICA BÁSICA
11202322113;NANHH2087-16SB;HISTÓRIA DA FILOSOFIA MEDIEVAL: DO SÉCULO XI AO XIV
11202020402;NB2BCJ0203-15SA;FENÔMENOS ELETROMAGNÉTICOS
11202230887;NA2ESMA002-23SA;INOVAÇÕES PARA ENGENHARIA
11202021507;NA1MCTB008-17SA;CÁLCULO DE PROBABILIDADE
11202322146;NAMCTC002-15SB;INTRODUÇÃO À NEUROCIÊNCIA
11202332417;DA1ESGE001-23SB;ENGENHARIA DE SEGURANÇA DO TRABALHO
11202022189;DB1BHO0002-19SB;INTRODUÇÃO AO PENSAMENTO ECONÔMICO
11202231143;NA7BCJ0204-15SA;FENÔMENOS MECÂNICOS
11202410021;NB1BCN0402-15SA;FUNÇÕES DE UMA VARIÁVEL
11202520962;NB1BIQ0602-15SA;ESTRUTURA E DINÂMICA SOCIAL
11202320257;NA1ESTO011-17SA;FUNDAMENTOS DE DESENHO TÉCNICO
11202231809;NA1ESHT021-17SB;POLÍTICA URBANA
11202231809;DA1ESGE001-23SB;ENGENHARIA DE SEGURANÇA DO TRABALHO
11201812174;NA1BIN0406-15SB;INTRODUÇÃO À PROBABILIDADE E À ESTATÍSTICA
11202521813;DB1BCM0504-15SA;NATUREZA DA INFORMAÇÃO
11202420667;NA1BIR0004-15SA;BASES EPISTEMOLÓGICAS DA CIÊNCIA MODERNA
11202021666;NB2ESMA002-23SA;INOVAÇÕES PARA ENGENHARIA
11202321590;DA1ESEC004-24SB;OFICINAS EM ECONOMIA E HISTÓRIA DO ABC PAULISTA
11202020501;NA2ESMA002-23SA;INOVAÇÕES PARA ENGENHARIA
11201920261;NAMCZB012-13SA;INFERÊNCIA ESTATÍSTICA
11202320623;NA1ESBM008-23SB;LEGISLAÇÃO RELACIONADA À SAÚDE
11202321967;NA1BIN0406-15SB;INTRODUÇÃO À PROBABILIDADE E À ESTATÍSTICA
11202231489;NA10BCJ0204-15SA;FENÔMENOS MECÂNICOS
11202321555;NA1MCTB008-17SA;CÁLCULO DE PROBABILIDADE
11202020037;NA1ESZC004-17SB;ECONOMIA DO TRABALHO
11202230255;NA2ESTO011-17SA;FUNDAMENTOS DE DESENHO TÉCNICO
11202231803;NA1ESTO013-17SA;ENGENHARIA ECONÔMICA
11202230974;DA1NHZ1090-15SA;IMUNOLOGIA APLICADA
11202230887;NA2ESTO011-17SA;FUNDAMENTOS DE DESENHO TÉCNICO
11201810642;DA1ESTB022-17SB;FUNDAMENTOS DE ELETRÔNICA ANALÓGICA E DIGITAL
11202131428;NA1ESAE002-23SB;DESENHO UNIVERSAL E TECNOLOGIA ASSISTIVA
11202021507;NA1ESTM004-17SA;CIÊNCIA DOS MATERIAIS
11202520789;DA1BCL0306-15SA;BIODIVERSIDADE: INTERAÇÕES ENTRE ORGANISMOS E AMBIENTE
11202520789;DA1BCN0402-15SA;FUNÇÕES DE UMA VARIÁVEL
11202320716;NA1ESTO011-17SA;FUNDAMENTOS DE DESENHO TÉCNICO
11202020614;NA1ESHC027-21SB;ECONOMIA MATEMÁTICA
11202130086;DB2BCL0308-15SA;BIOQUÍMICA: ESTRUTURA, PROPRIEDADES E FUNÇÕES DE BIOMOLÉCULAS
11202130809;DA1ESGE008-23SB;TÓPICOS EM ENGENHARIA DE PRODUÇÃO NA INDÚSTRIA AUTOMOTIVA
11202522285;DA1BIS0003-15SB;BASES MATEMÁTICAS
11202522285;DA1BHS0011-23SB;REFLEXÕES SOBRE ARTE E SOCIEDADE
11202522140;NB1BIR0004-15SB;BASES EPISTEMOLÓGICAS DA CIÊNCIA MODERNA
11202130084;NANHH2087-16SB;HISTÓRIA DA FILOSOFIA MEDIEVAL: DO SÉCULO XI AO XIV
11202532699;DA2BCM0504-15SA;NATUREZA DA INFORMAÇÃO
11202230213;DA1ESHP014-13SB;INTRODUÇÃO ÀS POLÍTICAS PÚBLICAS
21063116;DA1ESZS003-17SB;INSTRUMENTAÇÃO E SENSORES EM VEÍCULOS AEROESPACIAIS
11201922420;NA1BCM0506-15SA;COMUNICAÇÃO E REDES
11201922420;NB1BCK0103-15SA;FÍSICA QUÂNTICA
11201922420;NA3BCN0404-15SA;GEOMETRIA ANALÍTICA
11202321385;NI1ESHR008-21SB;INTEGRAÇÃO REGIONAL - TEORIAS E EXPERIÊNCIAS
11202320737;DA1ESEC004-24SB;OFICINAS EM ECONOMIA E HISTÓRIA DO ABC PAULISTA
11202320716;NA1NHT4017-15SA;FUNÇÕES E REAÇÕES ORGÂNICAS
11202420562;NA1BCJ0204-15SA;FENÔMENOS MECÂNICOS
11201922002;NA1BCN0404-15SB;GEOMETRIA ANALÍTICA
11202320324;DC1BIS0003-15SB;BASES MATEMÁTICAS
11202321004;DA1NHH2088-16SB;PRÁTICA DE ENSINO DE FILOSOFIA: CURRÍCULOS
11201920979;DB1ESHT005-17SB;ECONOMIA DO TERRITÓRIO
11202520926;DA1BCL0306-15SB;BIODIVERSIDADE: INTERAÇÕES ENTRE ORGANISMOS E AMBIENTE
11202020516;NA2ESTO011-17SA;FUNDAMENTOS DE DESENHO TÉCNICO
11202532632;NB1BCL0306-15SB;BIODIVERSIDADE: INTERAÇÕES ENTRE ORGANISMOS E AMBIENTE
11202532632;NA1BCM0504-15SB;NATUREZA DA INFORMAÇÃO
11202320324;DA1BIQ0602-15SB;ESTRUTURA E DINÂMICA SOCIAL
11202020227;NA1ESHT021-17SB;POLÍTICA URBANA
11202021781;DA1ESTU023-17SA;BIOMAS BRASILEIROS
11202321983;NA1BCJ0204-15SA;FENÔMENOS MECÂNICOS
11202421278;DA1BHO1335-15SB;FORMAÇÃO DO SISTEMA INTERNACIONAL
11202230255;NB6BCJ0204-15SA;FENÔMENOS MECÂNICOS
11202021347;DA5MCTA028-15SA;PROGRAMAÇÃO ESTRUTURADA
11202521768;DB1BHO1335-15SB;FORMAÇÃO DO SISTEMA INTERNACIONAL
11202521768;DA1BHQ0001-15SB;IDENTIDADE E CULTURA
11202320359;NB1ESHT005-17SB;ECONOMIA DO TERRITÓRIO
21045716;DC1BCN0402-15SB;FUNÇÕES DE UMA VARIÁVEL
21045716;NB1ESHT005-17SB;ECONOMIA DO TERRITÓRIO
11202231496;DA1MCZA017-13SA;PROCESSAMENTO DE LINGUAGEM NATURAL
11202322142;NB1BCN0402-15SA;FUNÇÕES DE UMA VARIÁVEL
11202131388;NB1BCN0402-15SA;FUNÇÕES DE UMA VARIÁVEL
11202230295;NAMCTC011-15SB;PSICOLOGIA COGNITIVA
11202522503;DA2BIR0603-15SB;CIÊNCIA, TECNOLOGIA E SOCIEDADE
11202321145;DC1ESMA002-23SA;INOVAÇÕES PARA ENGENHARIA
11202130374;NAMCBM005-23SA;GEOMETRIA DOS ESPAÇOS MÉTRICOS
11202321788;DB1BIR0004-15SA;BASES EPISTEMOLÓGICAS DA CIÊNCIA MODERNA
11067216;NA2MCTA028-15SA;PROGRAMAÇÃO ESTRUTURADA
11202021955;DA1ESHC034-21SB;ECONOMIA DO MEIO AMBIENTE
11202420711;NA1ESTO011-17SA;FUNDAMENTOS DE DESENHO TÉCNICO
11202520656;NA2BCL0306-15SB;BIODIVERSIDADE: INTERAÇÕES ENTRE ORGANISMOS E AMBIENTE
11201921288;NA2ESTI007-17SA;COMUNICAÇÃO DIGITAL
11202130412;NB2BCK0103-15SA;FÍSICA QUÂNTICA
11202130412;DA2MCTB001-17SA;ÁLGEBRA LINEAR
11202021776;NA1ESTO011-17SA;FUNDAMENTOS DE DESENHO TÉCNICO
11202322058;DA2BCM0504-15SA;NATUREZA DA INFORMAÇÃO
11202410012;NA1BIL0304-15SA;EVOLUÇÃO E DIVERSIFICAÇÃO DA VIDA NA TERRA
11202321317;DAMCTD021-18SA;FUNDAMENTOS DE ÁLGEBRA
11202130043;NA1ESZM001-17SA;SEMINÁRIOS EM MATERIAIS AVANÇADOS
11202020426;DA1ESGE001-23SB;ENGENHARIA DE SEGURANÇA DO TRABALHO
11202021282;NA1ESTO001-17SA;CIRCUITOS ELÉTRICOS E FOTÔNICA
11202021990;NA1ESTI007-17SA;COMUNICAÇÃO DIGITAL
11202021990;NA1NHT1070-15SA;FISIOLOGIA VEGETAL II
11202021990;NA1NHT1030-15SA;GEOLOGIA E PALEONTOLOGIA
11202021990;NA1NHLB004-23SA;PRÁTICAS DE ENSINO DE BIOLOGIA E PLANEJAMENTO
11202322287;NA1ESHP014-13SB;INTRODUÇÃO ÀS POLÍTICAS PÚBLICAS
11202532660;NA1BIK0102-15SB;ESTRUTURA DA MATÉRIA
11202322029;NA1ESHT021-17SB;POLÍTICA URBANA
11202021803;NA1NHZ5016-15SB;HISTÓRIA DA EDUCAÇÃO
11202231786;NB1ESHT003-17SB;DEMOGRAFIA
11202510034;DAMCTC007-20SB;COMUNICAÇÃO CIENTÍFICA
11201812045;DA1ESTS005-17SB;DINÂMICA E CONTROLE DE VEÍCULOS ESPACIAIS
11202321815;NAMCBM003-23SA;APROXIMAÇÃO TEÓRICA E NUMÉRICA I
11201922374;DAESZA013-17SA;INSTRUMENTAÇÃO E METROLOGIA ÓPTICA
11202021907;NA2BCK0103-15SA;FÍSICA QUÂNTICA
11202420646;NA2BCK0103-15SA;FÍSICA QUÂNTICA
11202321571;DC1BCN0402-15SB;FUNÇÕES DE UMA VARIÁVEL
11202321320;NI1ESHR006-13SB;FORMAÇÃO HISTÓRICA DA AMÉRICA LATINA
11202131673;DB1BIS0003-15SA;BASES MATEMÁTICAS
11202131673;NA1BIR0603-15SB;CIÊNCIA, TECNOLOGIA E SOCIEDADE
11202421974;DC2BCL0308-15SA;BIOQUÍMICA: ESTRUTURA, PROPRIEDADES E FUNÇÕES DE BIOMOLÉCULAS
11202421294;NA2ESMA002-23SB;INOVAÇÕES PARA ENGENHARIA
11202130391;NA1NHZ5019-22SB;TECNOLOGIAS DA INFORMAÇÃO E COMUNICAÇÃO NA EDUCAÇÃO
11202532595;NA2ESTO011-17SA;FUNDAMENTOS DE DESENHO TÉCNICO
11202532637;NA1BIS0003-15SA;BASES MATEMÁTICAS
11202532637;NA1BCM0506-15SA;COMUNICAÇÃO E REDES
11202532637;NA1ESTI007-17SA;COMUNICAÇÃO DIGITAL
11201921959;NA1ESZG012-17SB;PROJETOS INDUSTRIAIS
11202231057;NA1ESTE028-17SA;ENGENHARIA NUCLEAR
11202332323;DA2BIR0004-15SA;BASES EPISTEMOLÓGICAS DA CIÊNCIA MODERNA
11202332323;DB2BIR0603-15SB;CIÊNCIA, TECNOLOGIA E SOCIEDADE
11202332323;DB1ESTO012-17SA;PRINCÍPIOS DE ADMINISTRAÇÃO
11201810449;NA1ESTO016-17SA;FENÔMENOS DE TRANSPORTE
11202231011;NA1ESTO008-17SA;MECÂNICA DOS SÓLIDOS I
11201920636;NA1ESTO011-17SB;FUNDAMENTOS DE DESENHO TÉCNICO
13201723219;NA1BHS0002-17SB;DIÁLOGOS INTERDISCIPLINARES
11202230449;NB1BIS0003-15SB;BASES MATEMÁTICAS
11202421707;DA1ESTO011-17SA;FUNDAMENTOS DE DESENHO TÉCNICO
11202131891;NA1ESHP023-22SB;HISTÓRIA DAS INSTITUIÇÕES POLÍTICAS BRASILEIRAS
11202322040;DA1BHO1335-15SB;FORMAÇÃO DO SISTEMA INTERNACIONAL
11202521043;DA2ESTO006-17SA;MATERIAIS E SUAS PROPRIEDADES
11202520867;NA11BCJ0204-15SA;FENÔMENOS MECÂNICOS
11202130714;NA1ESHP023-22SB;HISTÓRIA DAS INSTITUIÇÕES POLÍTICAS BRASILEIRAS
11202130714;NA1ESHP030-22SB;ORÇAMENTO PÚBLICO
11202130916;NA1ESHC027-21SB;ECONOMIA MATEMÁTICA
11080413;DA1NHI5011-13SA;POLÍTICAS EDUCACIONAIS
11202232366;DA2BCN0402-15SA;FUNÇÕES DE UMA VARIÁVEL
11202522405;DA1BHQ0001-15SB;IDENTIDADE E CULTURA
11201921584;NA1BCJ0203-15SB;FENÔMENOS ELETROMAGNÉTICOS
11201921584;NB1BCN0405-15SA;INTRODUÇÃO ÀS EQUAÇÕES DIFERENCIAIS ORDINÁRIAS
11202021907;NA1NHT4017-15SA;FUNÇÕES E REAÇÕES ORGÂNICAS
11202231192;NA1BCM0506-15SB;COMUNICAÇÃO E REDES
11202130611;DA2NHI5015-22SA;LIBRAS
11202322003;DA5MCTA028-15SA;PROGRAMAÇÃO ESTRUTURADA
11202231238;NA1ESHP030-22SB;ORÇAMENTO PÚBLICO
11201921182;NI1ESHR018-21SB;ATORES NÃO ESTATAIS E AS RELAÇÕES INTERNACIONAIS
11201921182;NI1ESHR006-13SB;FORMAÇÃO HISTÓRICA DA AMÉRICA LATINA
11019414;NA1NHT4046-15SA;TRABALHO DE CONCLUSÃO DE CURSO EM QUÍMICA
21052116;NA1ESHT019-17SB;PLANEJAMENTO E POLÍTICA RURAL
21052116;NA1ESHT021-17SB;POLÍTICA URBANA
11202022203;NA1ESHT021-17SB;POLÍTICA URBANA
11202112001;NAMCTC002-15SB;INTRODUÇÃO À NEUROCIÊNCIA
11202112001;NA1ESZB021-17SB;INTRODUÇÃO À ENGENHARIA BIOMÉDICA
11201921651;DANHH2085-16SB;FILOSOFIA DA ARTE
11202130549;NA1ESTU037-17SA;SISTEMAS DE TRATAMENTO DE ÁGUA
11201921023;NA1ESTO001-17SA;CIRCUITOS ELÉTRICOS E FOTÔNICA
11202522234;DA1BCN0402-15SA;FUNÇÕES DE UMA VARIÁVEL
11201921202;DA1NHI2049-13SB;LÓGICA BÁSICA
11202410029;DB1BCJ0204-15SB;FENÔMENOS MECÂNICOS
11202111329;NA3BCN0402-15SA;FUNÇÕES DE UMA VARIÁVEL
11202321806;DA1BHO0001-19SB;INTRODUÇÃO ÀS HUMANIDADES E ÀS CIÊNCIAS SOCIAIS
11202020761;DANHZ6007-18SA;SEGURANÇA E REGULAMENTAÇÃO EM BIOTECNOLOGIA
11202210093;NAMCTC002-15SB;INTRODUÇÃO À NEUROCIÊNCIA
11202522213;DA1BIS0003-15SA;BASES MATEMÁTICAS
21085414;NA1ESTU027-17SA;FUNDAMENTOS DE GEOLOGIA PARA ENGENHARIA
21085414;NA1ESZB021-17SB;INTRODUÇÃO À ENGENHARIA BIOMÉDICA
11202231933;DA1ESHC003-17SB;DESENVOLVIMENTO SOCIOECONÔMICO
11202521886;DA4BCJ0204-15SA;FENÔMENOS MECÂNICOS
11202422178;DA2BCN0402-15SA;FUNÇÕES DE UMA VARIÁVEL
11202130451;DA1ESZE104-17SA;ENERGIA GEOTÉRMICA
11202322086;NB2BCL0308-15SB;BIOQUÍMICA: ESTRUTURA, PROPRIEDADES E FUNÇÕES DE BIOMOLÉCULAS
11202522485;NA2BCL0306-15SA;BIODIVERSIDADE: INTERAÇÕES ENTRE ORGANISMOS E AMBIENTE
11202522485;NA1NHI5011-13SA;POLÍTICAS EDUCACIONAIS
11202420970;DA1ESTO011-17SA;FUNDAMENTOS DE DESENHO TÉCNICO
11202421759;DA1ESHR025-14SB;POLÍTICA EXTERNA BRASILEIRA CONTEMPORÂNEA
11202421759;DA1ESHR018-21SB;ATORES NÃO ESTATAIS E AS RELAÇÕES INTERNACIONAIS
21061115;NA1ESHP004-13SB;CIDADANIA, DIREITOS E DESIGUALDADES
11202231098;NA1LHE0003-22SB;LABORATÓRIO DE PRÁTICAS INTEGRADORAS II (PCC)
11202111737;DA1BIS0003-15SA;BASES MATEMÁTICAS
11202322071;NA1MCZC003-15SB;INTRODUÇÃO À PSICOLINGUÍSTICA E NEUROCIÊNCIA DA LINGUAGEM
11201811624;DA1ESTO016-17SB;FENÔMENOS DE TRANSPORTE
11202420892;DA1BCN0405-15SA;INTRODUÇÃO ÀS EQUAÇÕES DIFERENCIAIS ORDINÁRIAS
11202231820;NA1NHLB004-23SA;PRÁTICAS DE ENSINO DE BIOLOGIA E PLANEJAMENTO
11202231692;DA1BHS0006-23SB;INTRODUÇÃO AO ACOLHIMENTO INTERCULTURAL AOS MIGRANTES E REFUGIADOS
11202020059;NANHBT004-23SA;DIVULGAÇÃO CIENTÍFICA EM BIOTECNOLOGIA
11202312256;DA1ESTO012-17SA;PRINCÍPIOS DE ADMINISTRAÇÃO
11202231973;DA2BCJ0204-15SB;FENÔMENOS MECÂNICOS
11202231973;DB1BCN0404-15SB;GEOMETRIA ANALÍTICA
11202421596;DB1BIQ0602-15SA;ESTRUTURA E DINÂMICA SOCIAL
11202131003;DC1ESTO012-17SA;PRINCÍPIOS DE ADMINISTRAÇÃO
11202231764;DB1BHO0002-19SB;INTRODUÇÃO AO PENSAMENTO ECONÔMICO
11202510033;DA1NHT1057-15SA;GENÉTICA II
11202232204;NA1ESZE110-17SA;ELETRIFICAÇÃO RURAL COM RECURSOS ENERGÉTICOS RENOVÁVEIS
11202020868;NA1ESHP023-22SB;HISTÓRIA DAS INSTITUIÇÕES POLÍTICAS BRASILEIRAS
11202421242;NA3BCJ0204-15SB;FENÔMENOS MECÂNICOS
11202131003;DA2BCM0504-15SA;NATUREZA DA INFORMAÇÃO
11201920721;DA1ESHR018-21SB;ATORES NÃO ESTATAIS E AS RELAÇÕES INTERNACIONAIS
11201720134;NA1ESTO006-17SA;MATERIAIS E SUAS PROPRIEDADES
11202321345;DA1ESTS008-17SB;VIBRAÇÕES
11202321497;DA1ESHC007-21SB;ECONOMIA BRASILEIRA I
11202231802;DB1BIQ0602-15SA;ESTRUTURA E DINÂMICA SOCIAL
11202231802;DA1ESTU023-17SA;BIOMAS BRASILEIROS
11202322088;NA1BIQ0602-15SB;ESTRUTURA E DINÂMICA SOCIAL
11202230250;DA1ESHR017-21SB;ORGANIZAÇÕES INTERNACIONAIS E MULTILATERALISMO
11202131003;DB4BCL0308-15SA;BIOQUÍMICA: ESTRUTURA, PROPRIEDADES E FUNÇÕES DE BIOMOLÉCULAS
11202021951;NA1NHLB004-23SA;PRÁTICAS DE ENSINO DE BIOLOGIA E PLANEJAMENTO
11202021951;NA1ESZU031-17SA;REÚSO DE ÁGUA
11202231764;DA1ESHP014-13SB;INTRODUÇÃO ÀS POLÍTICAS PÚBLICAS
11201721182;NI1ESTS003-17SA;INTRODUÇÃO À ASTRONÁUTICA
11202020083;DA1ESZM028-17SA;MATERIAIS PARA TECNOLOGIA DA INFORMAÇÃO
11202230834;NA1ESHP031-22SB;AVALIAÇÃO E MONITORAMENTO DE POLÍTICAS PÚBLICAS
11202130702;NA1ESHP014-13SB;INTRODUÇÃO ÀS POLÍTICAS PÚBLICAS
11202230950;DA1ESBM008-23SB;LEGISLAÇÃO RELACIONADA À SAÚDE
11201920885;NA1NHBQ013-22SA;QUÍMICA DOS ELEMENTOS
11202532609;DA1BHP0001-15SB;ÉTICA E JUSTIÇA
11202532609;NA1ESTO011-17SB;FUNDAMENTOS DE DESENHO TÉCNICO
11201921970;NA1ESZC004-17SB;ECONOMIA DO TRABALHO
11202230669;NA1ESTG007-17SB;ENGENHARIA LOGÍSTICA
11202230669;NA1ESGE010-23SB;TÓPICOS EM ENGENHARIA DE PRODUÇÃO NA INDÚSTRIA QUÍMICA
11202521789;DA2BCL0306-15SB;BIODIVERSIDADE: INTERAÇÕES ENTRE ORGANISMOS E AMBIENTE
11202420775;NA1ESHT021-17SB;POLÍTICA URBANA
11201720134;DA1ESTU023-17SA;BIOMAS BRASILEIROS
11202232330;NA1BCK0103-15SB;FÍSICA QUÂNTICA
11202521564;NA2ESTO008-17SA;MECÂNICA DOS SÓLIDOS I
11202230308;DA1NHZ5019-22SB;TECNOLOGIAS DA INFORMAÇÃO E COMUNICAÇÃO NA EDUCAÇÃO
11202321441;DB1BIR0004-15SA;BASES EPISTEMOLÓGICAS DA CIÊNCIA MODERNA
11201720012;NB1NHZ5016-15SA;HISTÓRIA DA EDUCAÇÃO
11202230257;NAMCTC002-15SB;INTRODUÇÃO À NEUROCIÊNCIA
11201810261;NB1BCN0404-15SB;GEOMETRIA ANALÍTICA
11201822547;NA1ESMA002-23SB;INOVAÇÕES PARA ENGENHARIA
11202521328;DA1ESAE002-23SB;DESENHO UNIVERSAL E TECNOLOGIA ASSISTIVA
11202230356;NA1ESAE002-23SB;DESENHO UNIVERSAL E TECNOLOGIA ASSISTIVA
11202421090;DA1BHS0011-23SB;REFLEXÕES SOBRE ARTE E SOCIEDADE
11201811624;NA1ESTO013-17SA;ENGENHARIA ECONÔMICA
11202532571;NA1ESHR030-21SB;ESTUDOS ESTRATÉGICOS E DEFESA
11202420806;DA5MCTA028-15SA;PROGRAMAÇÃO ESTRUTURADA
11202232128;NA2ESTO011-17SA;FUNDAMENTOS DE DESENHO TÉCNICO
11202232128;NA1ESTU011-17SA;PLANEJAMENTO URBANO E METROPOLITANO
11202130524;NA1ESHP031-22SB;AVALIAÇÃO E MONITORAMENTO DE POLÍTICAS PÚBLICAS
11202111547;DA1MCCC003-23SA;ALGORITMOS EM GRAFOS
11039714;NA1MCBM022-23SA;INTRODUÇÃO AOS PROCESSOS ESTOCÁSTICOS
11202111691;NA1ESZE110-17SA;ELETRIFICAÇÃO RURAL COM RECURSOS ENERGÉTICOS RENOVÁVEIS
11202210025;DB1BIS0003-15SA;BASES MATEMÁTICAS
11202210025;NA2BCL0306-15SA;BIODIVERSIDADE: INTERAÇÕES ENTRE ORGANISMOS E AMBIENTE
11202020651;NB1BCN0405-15SA;INTRODUÇÃO ÀS EQUAÇÕES DIFERENCIAIS ORDINÁRIAS
11202020651;NA1ESZU031-17SA;REÚSO DE ÁGUA
11202421199;NA1ESZU019-17SA;TRANSPORTES E MEIO AMBIENTE
11202131851;NA1ESHP031-22SB;AVALIAÇÃO E MONITORAMENTO DE POLÍTICAS PÚBLICAS
11202320707;NA1ESTO013-17SA;ENGENHARIA ECONÔMICA
11202320660;NA8BCJ0204-15SA;FENÔMENOS MECÂNICOS
11202320660;NA1ESTI007-17SA;COMUNICAÇÃO DIGITAL
11202231513;DB1BIS0003-15SA;BASES MATEMÁTICAS
11202020614;DA1ESZC004-17SB;ECONOMIA DO TRABALHO
21042815;DA1ESHR027-21SB;ÁFRICA NAS RELAÇÕES INTERNACIONAIS
21042815;DA1ESHR008-21SB;INTEGRAÇÃO REGIONAL - TEORIAS E EXPERIÊNCIAS
11202131755;NA1NHI2049-13SB;LÓGICA BÁSICA
21042815;DA1ESZR007-21SB;A QUESTÃO NUCLEAR NAS RELAÇÕES INTERNACIONAIS
11202332344;DA1ESHC007-21SB;ECONOMIA BRASILEIRA I
11202421636;NA1BHS0002-17SB;DIÁLOGOS INTERDISCIPLINARES
11202421636;NANHH2034-13SB;HISTÓRIA DA FILOSOFIA CONTEMPORÂNEA: O SÉCULO XIX
11202421636;NANHH2041-13SB;HISTÓRIA DA FILOSOFIA MODERNA: PERSPECTIVAS RACIONALISTAS
11202421636;NA1ESHT021-17SB;POLÍTICA URBANA
11202021573;DA1ESHR903-18SB;METODOLOGIA DE PESQUISA EM RELAÇÕES INTERNACIONAIS (TCC 1)
11202321353;NANHH2009-13SB;ÉTICA
11202230216;NA1ESTM004-17SA;CIÊNCIA DOS MATERIAIS
11202231119;NB1BIS0003-15SB;BASES MATEMÁTICAS
11202231119;DAMCTC002-15SB;INTRODUÇÃO À NEUROCIÊNCIA
11202231119;DA1ESHP014-13SB;INTRODUÇÃO ÀS POLÍTICAS PÚBLICAS
11202231119;NA1ESHR030-21SB;ESTUDOS ESTRATÉGICOS E DEFESA
11202231119;NI1ESTS003-17SA;INTRODUÇÃO À ASTRONÁUTICA
11202231119;DA1ESZB005-17SB;INTRODUÇÃO À BIOTECNOLOGIA
11202231119;DAMCBM021-23SA;INTRODUÇÃO À TOPOLOGIA DIFERENCIAL
11202421899;DA1BHQ0301-15SB;TERRITÓRIO E SOCIEDADE
11202320979;NA2BCM0506-15SA;COMUNICAÇÃO E REDES
11202111503;DA1ESZG041-17SB;GESTÃO DA INOVAÇÃO
11202231960;NA1MCZC003-15SB;INTRODUÇÃO À PSICOLINGUÍSTICA E NEUROCIÊNCIA DA LINGUAGEM
11202320386;NA1NHZ1095-19SA;LIVRO DIDÁTICO NO ENSINO DE CONHECIMENTOS BIOLÓGICOS
11201812209;DA1ESHC003-17SB;DESENVOLVIMENTO SOCIOECONÔMICO
11201812209;DA1BHS0008-23SB;PRÁTICAS COMUNITÁRIAS EM CAMPO
11201722172;DA1BCN0405-15SB;INTRODUÇÃO ÀS EQUAÇÕES DIFERENCIAIS ORDINÁRIAS
11201722172;DA1MCTB008-17SA;CÁLCULO DE PROBABILIDADE
11202232330;NA1ESTI007-17SA;COMUNICAÇÃO DIGITAL
11202232330;NA1ESHP013-22SB;DIREITO CONSTITUCIONAL
11202232330;DA1ESZU013-17SA;LOGÍSTICA E MEIO AMBIENTE
11046016;NA1ESMA001-23SA;SOLUÇÕES PARA DESAFIOS EM ENGENHARIA
11202230558;NA1ESTO016-17SA;FENÔMENOS DE TRANSPORTE
11202111767;DA1ESZR007-21SB;A QUESTÃO NUCLEAR NAS RELAÇÕES INTERNACIONAIS
11202021157;NB1BCL0306-15SB;BIODIVERSIDADE: INTERAÇÕES ENTRE ORGANISMOS E AMBIENTE
11202021157;NANHH2028-13SB;FILOSOFIA POLÍTICA
11202130908;DA1MCCC013-23SA;OTIMIZAÇÃO LINEAR
11202020249;NA1ESHP029-14SB;TEORIA E GESTÃO DE ORGANIZAÇÕES PÚBLICAS
11202231384;NA12BCJ0204-15SA;FENÔMENOS MECÂNICOS
11202232022;DA1ESTI007-17SA;COMUNICAÇÃO DIGITAL
11202432383;DA1BHQ0001-15SB;IDENTIDADE E CULTURA
11202130080;DAMCNC003-23SB;PROCESSAMENTO DE SINAIS NEURAIS
11201720666;NB1BCK0103-15SA;FÍSICA QUÂNTICA
11202420248;NA1NHZ1095-19SA;LIVRO DIDÁTICO NO ENSINO DE CONHECIMENTOS BIOLÓGICOS
11202322282;NA1MCZC001-20SB;DOENÇAS DO SISTEMA NERVOSO
11201810350;DA1ESHC003-17SB;DESENVOLVIMENTO SOCIOECONÔMICO
11201810350;DA1ESHT010-17SB;MÉTODOS DE PLANEJAMENTO
11201920983;NB1BCK0103-15SB;FÍSICA QUÂNTICA
11202310017;NI1ESTS003-17SA;INTRODUÇÃO À ASTRONÁUTICA
11201722546;DAMCNC003-23SB;PROCESSAMENTO DE SINAIS NEURAIS
11201722546;NAMCZC013-15SB;MEMÓRIA E APRENDIZAGEM
11202321722;NANHT3067-15SA;ANÁLISE DE FOURIER E APLICAÇÕES
11202321722;DANHBP001-23SA;FÍSICA EXPERIMENTAL I
11202422031;DAMCZD005-18SA;PROJETOS DE ENSINO DE MATEMÁTICA E CIÊNCIAS COM ARTE
11202321640;DA1ESHC003-17SB;DESENVOLVIMENTO SOCIOECONÔMICO
11202232249;DB1BCM0504-15SB;NATUREZA DA INFORMAÇÃO
11202232249;NI1ESTS016-17SB;AERODINÂMICA I
11202421931;DA1BHS0011-23SB;REFLEXÕES SOBRE ARTE E SOCIEDADE
11202321546;NA1ESTA022-17SA;TEORIA DE ACIONAMENTOS ELÉTRICOS
11202422043;NA3BCN0402-15SA;FUNÇÕES DE UMA VARIÁVEL
11202230913;DAESIR002-23SA;LÓGICA PROGRAMÁVEL
11202230623;NA1ESTU011-17SA;PLANEJAMENTO URBANO E METROPOLITANO
11202230384;DA1ESTO012-17SB;PRINCÍPIOS DE ADMINISTRAÇÃO
11202320653;NA1ESHP014-13SB;INTRODUÇÃO ÀS POLÍTICAS PÚBLICAS
11202130804;DA1ESHC007-21SB;ECONOMIA BRASILEIRA I
11202111717;DC1BCN0402-15SB;FUNÇÕES DE UMA VARIÁVEL
11202322142;NB1BCJ0204-15SA;FENÔMENOS MECÂNICOS
11202421473;DA1BCS0002-25SA;PROJETO DIRIGIDO
11202321347;NB1NHZ5016-15SA;HISTÓRIA DA EDUCAÇÃO
21009116;DI1MCZC008-13SB;NEUROARTE
11201812084;NANHH2009-13SB;ÉTICA
11202520783;NA1BIQ0602-15SB;ESTRUTURA E DINÂMICA SOCIAL
11202321602;NAMCTD021-18SA;FUNDAMENTOS DE ÁLGEBRA
11202022190;DAESTA020-17SA;MODELAGEM E CONTROLE
11202321766;DA1ESHC007-21SB;ECONOMIA BRASILEIRA I
11202230216;NA1ESTU011-17SA;PLANEJAMENTO URBANO E METROPOLITANO
11202520696;DA1ESAE002-23SB;DESENHO UNIVERSAL E TECNOLOGIA ASSISTIVA
11202020031;DA1NHBQ024-22SA;QUIMIOMETRIA
11202321153;NA1NHT3049-15SA;PRINCÍPIOS DE TERMODINÂMICA
11202212443;DA1ESHP004-13SB;CIDADANIA, DIREITOS E DESIGUALDADES
11202212443;DANHZ2140-18SB;PRIMÓRDIOS DA FILOSOFIA E CIÊNCIA ANTIGA
11202421137;NB1BCN0402-15SA;FUNÇÕES DE UMA VARIÁVEL
11202321602;NA1NHLB004-23SA;PRÁTICAS DE ENSINO DE BIOLOGIA E PLANEJAMENTO
11201810010;NA1ESZU019-17SA;TRANSPORTES E MEIO AMBIENTE
11201822448;DA1ESTU007-17SA;HABITAÇÃO E ASSENTAMENTOS HUMANOS
11202230216;NA1ESTO013-17SA;ENGENHARIA ECONÔMICA
11202231513;NA1ESTE027-17SA;LABORATÓRIO DE CALOR E FLUIDOS
11202421909;DA2ESTO011-17SA;FUNDAMENTOS DE DESENHO TÉCNICO
11202321983;NA1ESTI007-17SA;COMUNICAÇÃO DIGITAL
11201810010;NA1ESTU007-17SA;HABITAÇÃO E ASSENTAMENTOS HUMANOS
11202230691;DA1ESTO016-17SB;FENÔMENOS DE TRANSPORTE
11202230245;NA1ESTG007-17SB;ENGENHARIA LOGÍSTICA
11202421899;NA1NHZ2139-18SB;FILOSOFIA DA HISTÓRIA
11202111869;NA1ESMA002-23SB;INOVAÇÕES PARA ENGENHARIA
11202230441;DA1ESZI032-17SA;PROCESSAMENTO DE VÍDEO
11201920979;DA1ESHR006-13SB;FORMAÇÃO HISTÓRICA DA AMÉRICA LATINA
11202420906;DA1BHQ0301-15SB;TERRITÓRIO E SOCIEDADE
11202520119;DANHBT004-23SA;DIVULGAÇÃO CIENTÍFICA EM BIOTECNOLOGIA
11202230772;DA1ESTU023-17SA;BIOMAS BRASILEIROS
13201910009;DA1ESHP030-22SB;ORÇAMENTO PÚBLICO
11202320776;DA1BHP0001-15SB;ÉTICA E JUSTIÇA
11202130752;DA1BHQ0003-15SB;INTERPRETAÇÕES DO BRASIL
11202130752;DA1BCS0002-25SB;PROJETO DIRIGIDO
11201920353;DA1ESZM029-17SA;ENGENHARIA DE FILMES FINOS
11202321021;DB1BCN0404-15SB;GEOMETRIA ANALÍTICA
11202420416;NA1ESHT007-17SB;ESTUDOS DO MEIO FÍSICO
11202020586;NA1ESTO015-17SA;MECÂNICA DOS FLUIDOS I
11202020586;NA2ESTO008-17SA;MECÂNICA DOS SÓLIDOS I
11202020586;NA1ESZM024-17SA;ENGENHARIA DE METAIS
11202020586;NA1ESTM008-17SA;MATERIAIS COMPÓSITOS
11202020586;NA1ESZM016-17SA;SÍNTESE DE POLÍMEROS
11202232337;DANHH2032-18SB;HISTÓRIA DA FILOSOFIA ANTIGA HELENÍSTICA
11201921277;DA1BCN0405-15SB;INTRODUÇÃO ÀS EQUAÇÕES DIFERENCIAIS ORDINÁRIAS
11201921277;DA1ESTG001-17SB;CUSTOS
11201921277;DA1BHQ0001-15SB;IDENTIDADE E CULTURA
11201921277;DB1ESTO012-17SB;PRINCÍPIOS DE ADMINISTRAÇÃO
11201921277;NA1ESHC027-21SB;ECONOMIA MATEMÁTICA
11202020418;DA2BCL0306-15SB;BIODIVERSIDADE: INTERAÇÕES ENTRE ORGANISMOS E AMBIENTE
11202321571;DB1BIS0003-15SA;BASES MATEMÁTICAS
11202420712;NA3BCN0404-15SA;GEOMETRIA ANALÍTICA
11202230216;NANHZ3043-15SA;NOÇÕES DE ASTRONOMIA E COSMOLOGIA
11202520399;NA1NHLB004-23SA;PRÁTICAS DE ENSINO DE BIOLOGIA E PLANEJAMENTO
11202522234;DB3BCL0308-15SA;BIOQUÍMICA: ESTRUTURA, PROPRIEDADES E FUNÇÕES DE BIOMOLÉCULAS
11202522234;DA2BCN0404-15SA;GEOMETRIA ANALÍTICA
11202522234;DA2BCM0504-15SA;NATUREZA DA INFORMAÇÃO
11202321153;NA1ESTI007-17SA;COMUNICAÇÃO DIGITAL
11202231593;DI1MCZC008-13SB;NEUROARTE
11202422154;NA1ESTI013-17SA;SISTEMAS MICROPROCESSADOS
11202321140;DA1MCTB009-17SA;CÁLCULO NUMÉRICO
11202321774;DA1MCCC003-23SA;ALGORITMOS EM GRAFOS
11202111190;NAMCTD021-18SA;FUNDAMENTOS DE ÁLGEBRA
11202520543;DA1BHS0006-23SB;INTRODUÇÃO AO ACOLHIMENTO INTERCULTURAL AOS MIGRANTES E REFUGIADOS
11202422081;DA1BCS0002-25SA;PROJETO DIRIGIDO
11201812327;NAESTA016-17SA;MÁQUINAS ELÉTRICAS
11202131793;NA1ESZU019-17SA;TRANSPORTES E MEIO AMBIENTE
11202020402;NA1ESTE022-17SA;TRANSFERÊNCIA DE CALOR I
11202320404;NANHZ6012-18SA;EMPREENDEDORISMO E PLANEJAMENTO DE PROJETOS EM BIOTECNOLOGIA
11201921611;NA1ESTO008-17SA;MECÂNICA DOS SÓLIDOS I
11202020096;NA1NHT1030-15SA;GEOLOGIA E PALEONTOLOGIA
11202322239;NANHBT004-23SA;DIVULGAÇÃO CIENTÍFICA EM BIOTECNOLOGIA
11202420507;NA1ESTI007-17SA;COMUNICAÇÃO DIGITAL
11202231310;NA1ESTA002-17SB;CIRCUITOS ELÉTRICOS I
11202420578;NA2ESTO011-17SA;FUNDAMENTOS DE DESENHO TÉCNICO
11201920505;NA1ESZA011-17SA;ELETRÔNICA DE POTÊNCIA I
11202020096;NA1ESGE010-23SB;TÓPICOS EM ENGENHARIA DE PRODUÇÃO NA INDÚSTRIA QUÍMICA
11202420484;DA1BIN0406-15SB;INTRODUÇÃO À PROBABILIDADE E À ESTATÍSTICA
11202520939;NA1BIR0603-15SB;CIÊNCIA, TECNOLOGIA E SOCIEDADE
11202421199;DA1ESTU029-17SA;HIDRÁULICA DE CONDUTOS LIVRES
11202421667;DA1ESHR003-21SB;ECONOMIA POLÍTICA INTERNACIONAL DA SEGURANÇA ALIMENTAR
11202321028;DA1ESZU013-17SA;LOGÍSTICA E MEIO AMBIENTE
11202420665;NA2ESTO011-17SA;FUNDAMENTOS DE DESENHO TÉCNICO
11202231104;DA1MCZC001-20SB;DOENÇAS DO SISTEMA NERVOSO
11201920801;NA1ESZB021-17SB;INTRODUÇÃO À ENGENHARIA BIOMÉDICA
11202522545;NA1BIS0003-15SA;BASES MATEMÁTICAS
11202522545;NB3BCN0404-15SA;GEOMETRIA ANALÍTICA
11201932461;NB1NHZ5016-15SA;HISTÓRIA DA EDUCAÇÃO
11202322028;NAMCTC002-15SB;INTRODUÇÃO À NEUROCIÊNCIA
11202022277;DA1MCTB001-17SA;ÁLGEBRA LINEAR
11202022277;DA1ESTU026-17SA;CARACTERIZAÇÃO DE MATRIZES AMBIENTAIS
11202022277;DA1ESZU014-17SA;MÉTODOS DE TOMADA DE DECISÃO APLICADOS AO PLANEJAMENTO URBANO-AMBIENTAL
11202421858;DANHH2009-13SB;ÉTICA
11202421858;DANHH2028-13SB;FILOSOFIA POLÍTICA
11202421858;DI1MCZC008-13SB;NEUROARTE
11201720666;NA1MCZC003-15SB;INTRODUÇÃO À PSICOLINGUÍSTICA E NEUROCIÊNCIA DA LINGUAGEM
11202111781;DA1MCCC003-23SA;ALGORITMOS EM GRAFOS
11202130056;DA2BCM0504-15SA;NATUREZA DA INFORMAÇÃO
11202130056;DA2ESTO011-17SA;FUNDAMENTOS DE DESENHO TÉCNICO
11202321504;NB2BIR0603-15SB;CIÊNCIA, TECNOLOGIA E SOCIEDADE
11202321504;NANHH2028-13SB;FILOSOFIA POLÍTICA
11201921650;NA1ESZG012-17SB;PROJETOS INDUSTRIAIS
11202321299;DA1MCZA017-13SA;PROCESSAMENTO DE LINGUAGEM NATURAL
11202522547;DB1BIS0003-15SA;BASES MATEMÁTICAS
11202522547;DA4BCL0306-15SA;BIODIVERSIDADE: INTERAÇÕES ENTRE ORGANISMOS E AMBIENTE
11202522547;DC2BCN0404-15SA;GEOMETRIA ANALÍTICA
11202421891;DA1ESHC020-17SB;HISTÓRIA ECONÔMICA GERAL
11202130796;DA1ESTO006-17SA;MATERIAIS E SUAS PROPRIEDADES
11202320478;NA2ESTO011-17SA;FUNDAMENTOS DE DESENHO TÉCNICO
11202111480;NA1NHT1056-15SA;MICROBIOLOGIA
11202421609;NA2BCL0306-15SB;BIODIVERSIDADE: INTERAÇÕES ENTRE ORGANISMOS E AMBIENTE
11202230936;DA2NHI5015-22SA;LIBRAS
11202021980;DA1BHP0202-15SB;PENSAMENTO CRÍTICO
11202022116;DI1MCZC008-13SB;NEUROARTE
11202230384;NA1ESZB021-17SB;INTRODUÇÃO À ENGENHARIA BIOMÉDICA
11202532705;NB1BCN0402-15SA;FUNÇÕES DE UMA VARIÁVEL
11201822390;NA1BCK0103-15SB;FÍSICA QUÂNTICA
11202230449;DA1ESTO012-17SB;PRINCÍPIOS DE ADMINISTRAÇÃO
11202332434;DAMCTD021-18SA;FUNDAMENTOS DE ÁLGEBRA
11202320171;NA1ESHP029-14SB;TEORIA E GESTÃO DE ORGANIZAÇÕES PÚBLICAS
11202321243;NAMCTC011-15SB;PSICOLOGIA COGNITIVA
11202320961;DA1BIN0406-15SB;INTRODUÇÃO À PROBABILIDADE E À ESTATÍSTICA
11202320961;NA1ESHP013-22SB;DIREITO CONSTITUCIONAL
11202231437;DA1BHO0101-15SB;ESTADO E RELAÇÕES DE PODER
11202231437;DA1BHP0001-15SB;ÉTICA E JUSTIÇA
11202231437;DA1BHO1335-15SB;FORMAÇÃO DO SISTEMA INTERNACIONAL
11202021268;DA1ESZM030-17SA;MATERIAIS NANOESTRUTURADOS
11202420221;NB2BCJ0204-15SA;FENÔMENOS MECÂNICOS
11202231807;DA1BIS0003-15SB;BASES MATEMÁTICAS
11202231277;NA1NHZ2139-18SB;FILOSOFIA DA HISTÓRIA
11202321674;NA1BHS0002-17SB;DIÁLOGOS INTERDISCIPLINARES
11202020381;NA1ESTU037-17SA;SISTEMAS DE TRATAMENTO DE ÁGUA
11202421359;DA1BHP0202-15SB;PENSAMENTO CRÍTICO
11202421359;DA1ESHP022-14SB;CULTURA POLÍTICA
11202421359;DA1BHQ0003-15SB;INTERPRETAÇÕES DO BRASIL
11202111781;DC1ESTO013-17SA;ENGENHARIA ECONÔMICA
11202230989;DA1NHZ1097-19SA;PRÁTICAS PEDAGÓGICAS E FORMATIVAS EM MUSEUS DE CIÊNCIAS
11202131496;NA1MCTB001-17SB;ÁLGEBRA LINEAR
21025216;NI1ESTS003-17SA;INTRODUÇÃO À ASTRONÁUTICA
11202020358;NA3BCN0404-15SA;GEOMETRIA ANALÍTICA
11202020358;NA1ESTG007-17SB;ENGENHARIA LOGÍSTICA
11202230989;DA1ESBM008-23SB;LEGISLAÇÃO RELACIONADA À SAÚDE
11201720822;NA1ESTE015-17SA;FUNDAMENTOS DE CONVERSÃO DE ENERGIA ELÉTRICA
11202310109;NA1ESHT001-17SB;ARRANJOS INSTITUCIONAIS E MARCO REGULATÓRIO DO TERRITÓRIO
11201812089;NA1NHBQ006-22SA;FÍSICO-QUÍMICA EXPERIMENTAL
11202230275;NA1ESHC027-21SB;ECONOMIA MATEMÁTICA
11202521063;NA2BCL0306-15SB;BIODIVERSIDADE: INTERAÇÕES ENTRE ORGANISMOS E AMBIENTE
11202111152;DA1ESHR017-21SB;ORGANIZAÇÕES INTERNACIONAIS E MULTILATERALISMO
11202021090;NA2ESTA002-17SB;CIRCUITOS ELÉTRICOS I
11202020358;NA1ESTI003-17SB;TRANSFORMADAS EM SINAIS E SISTEMAS LINEARES
11202432337;DA2BCL0306-15SA;BIODIVERSIDADE: INTERAÇÕES ENTRE ORGANISMOS E AMBIENTE
11201922219;NA1ESZC004-17SB;ECONOMIA DO TRABALHO
11201922219;NA1ESHT021-17SB;POLÍTICA URBANA
11202321387;DA1ESZB030-17SB;GESTÃO DE TECNOLOGIA HOSPITALAR II
11202420406;NA2ESTO011-17SA;FUNDAMENTOS DE DESENHO TÉCNICO
11202020928;NB1BCN0405-15SA;INTRODUÇÃO ÀS EQUAÇÕES DIFERENCIAIS ORDINÁRIAS
11202410106;NA1BHS0002-17SB;DIÁLOGOS INTERDISCIPLINARES
11202232290;DA1BHO0101-15SB;ESTADO E RELAÇÕES DE PODER
11202232290;DB1BHP0202-15SB;PENSAMENTO CRÍTICO
11202410025;DA2BCL0308-15SB;BIOQUÍMICA: ESTRUTURA, PROPRIEDADES E FUNÇÕES DE BIOMOLÉCULAS
11202231058;NA2ESMA002-23SB;INOVAÇÕES PARA ENGENHARIA
11202230749;DA1ESGE001-23SB;ENGENHARIA DE SEGURANÇA DO TRABALHO
11201811809;DA3BCN0402-15SB;FUNÇÕES DE UMA VARIÁVEL
11201811809;DB1ESTO012-17SB;PRINCÍPIOS DE ADMINISTRAÇÃO
11201921651;DI1MCZC008-13SB;NEUROARTE
11201722270;NA1ESHC027-21SB;ECONOMIA MATEMÁTICA
11202130728;NA2ESMA002-23SB;INOVAÇÕES PARA ENGENHARIA
11202111785;DA1NHZ1003-15SA;BIOFÍSICA
11202322171;NA1BIK0102-15SB;ESTRUTURA DA MATÉRIA
11202230735;NB1BCN0402-15SA;FUNÇÕES DE UMA VARIÁVEL
11201822477;NAMCTC011-15SB;PSICOLOGIA COGNITIVA
11202020928;NA1ESTE028-17SA;ENGENHARIA NUCLEAR
11202421669;NA1BIS0003-15SB;BASES MATEMÁTICAS
11201920541;NA3BCL0306-15SB;BIODIVERSIDADE: INTERAÇÕES ENTRE ORGANISMOS E AMBIENTE
11202232135;DANHZ6012-18SA;EMPREENDEDORISMO E PLANEJAMENTO DE PROJETOS EM BIOTECNOLOGIA
11202020407;NB1BIS0003-15SB;BASES MATEMÁTICAS
11202420783;DA5MCTA028-15SA;PROGRAMAÇÃO ESTRUTURADA
11202532595;NA1BCM0504-15SB;NATUREZA DA INFORMAÇÃO
11202131419;NANHH2028-13SB;FILOSOFIA POLÍTICA
11202230423;NA1NHZ5023-18SA;PRÁTICAS ESCOLARES EM EDUCAÇÃO ESPECIAL E INCLUSIVA
11201810943;NANHH2028-13SB;FILOSOFIA POLÍTICA
11202232135;DA1ESTO016-17SA;FENÔMENOS DE TRANSPORTE
11202130590;NA1ESHC024-19SB;MACROECONOMIA III
11057216;DI1MCZC008-13SB;NEUROARTE
11202421103;DA1BCN0405-15SA;INTRODUÇÃO ÀS EQUAÇÕES DIFERENCIAIS ORDINÁRIAS
11202231675;NA2BCM0506-15SA;COMUNICAÇÃO E REDES
11202130590;NA1BHS0002-17SB;DIÁLOGOS INTERDISCIPLINARES
11202231675;DA1ESGE001-23SB;ENGENHARIA DE SEGURANÇA DO TRABALHO
11202420406;NA2BCK0103-15SA;FÍSICA QUÂNTICA
11202020825;DA1ESHR027-21SB;ÁFRICA NAS RELAÇÕES INTERNACIONAIS
11202020825;DA1ESHR017-21SB;ORGANIZAÇÕES INTERNACIONAIS E MULTILATERALISMO
11202020271;NA1ESTI013-17SA;SISTEMAS MICROPROCESSADOS
11026615;NA1ESHR030-21SB;ESTUDOS ESTRATÉGICOS E DEFESA
11202321235;NA1MCZC003-15SB;INTRODUÇÃO À PSICOLINGUÍSTICA E NEUROCIÊNCIA DA LINGUAGEM
11003816;NA1ESTE028-17SA;ENGENHARIA NUCLEAR
11202232327;DAMCZD005-18SA;PROJETOS DE ENSINO DE MATEMÁTICA E CIÊNCIAS COM ARTE
11201811505;NANHZ3043-15SA;NOÇÕES DE ASTRONOMIA E COSMOLOGIA
11201722065;DA1ESMA002-23SB;INOVAÇÕES PARA ENGENHARIA
11202332400;NAESTI002-17SA;ELETRÔNICA DIGITAL
11115815;DB1ESTE026-17SA;LABORATÓRIO DE MÁQUINAS TÉRMICAS E HIDRÁULICAS
11202230383;DA1BCJ0203-15SA;FENÔMENOS ELETROMAGNÉTICOS
11202230798;DA1ESMA002-23SB;INOVAÇÕES PARA ENGENHARIA
11202321317;DA1ESTO016-17SA;FENÔMENOS DE TRANSPORTE
21066816;NA1NHZ2139-18SB;FILOSOFIA DA HISTÓRIA
11115815;DA1ESTU027-17SA;FUNDAMENTOS DE GEOLOGIA PARA ENGENHARIA
11202231663;NAMCTC024-15SB;NEUROETOLOGIA
11202520426;NA1BIR0603-15SB;CIÊNCIA, TECNOLOGIA E SOCIEDADE
11202520426;NA1NHI2049-13SB;LÓGICA BÁSICA
11202230644;NANHT3071-15SA;ELETROMAGNETISMO II
11201720666;NA1BIN0406-15SB;INTRODUÇÃO À PROBABILIDADE E À ESTATÍSTICA
11201720666;NA1ESZB021-17SB;INTRODUÇÃO À ENGENHARIA BIOMÉDICA
11202231512;NA1NHZ2139-18SB;FILOSOFIA DA HISTÓRIA
11202231254;NA6BCJ0204-15SA;FENÔMENOS MECÂNICOS
11146909;NA1ESHT001-17SB;ARRANJOS INSTITUCIONAIS E MARCO REGULATÓRIO DO TERRITÓRIO
11202420725;NA1LHZ0041-22SB;INTRODUÇÃO AOS LETRAMENTOS EM INGLÊS
11201720666;DAMCTC002-15SB;INTRODUÇÃO À NEUROCIÊNCIA
11201720666;DAMCTC019-20SB;NEUROBIOLOGIA MOLECULAR E CELULAR
11202210046;NA1ESTU026-17SA;CARACTERIZAÇÃO DE MATRIZES AMBIENTAIS
11202522533;DA1ESAE002-23SB;DESENHO UNIVERSAL E TECNOLOGIA ASSISTIVA
11202111059;NB1BCN0405-15SA;INTRODUÇÃO ÀS EQUAÇÕES DIFERENCIAIS ORDINÁRIAS
11202111059;NANHT3067-15SA;ANÁLISE DE FOURIER E APLICAÇÕES
11202111059;NA1ESTM004-17SA;CIÊNCIA DOS MATERIAIS
11202021120;NA1ESTE019-17SA;INSTALAÇÕES ELÉTRICAS I
11202020909;NA1NHH2088-16SB;PRÁTICA DE ENSINO DE FILOSOFIA: CURRÍCULOS
11202130043;NANHBT004-23SA;DIVULGAÇÃO CIENTÍFICA EM BIOTECNOLOGIA
11201920811;DA1ESMA002-23SA;INOVAÇÕES PARA ENGENHARIA
11202310039;DA1ESHT010-17SB;MÉTODOS DE PLANEJAMENTO
11202020909;NA1ESHT021-17SB;POLÍTICA URBANA
11202130808;NA1MCTB009-17SB;CÁLCULO NUMÉRICO
11201810298;NA1ESZR004-21SB;GEOPOLÍTICA DO PETRÓLEO E O DESENVOLVIMENTO BRASILEIRO
11202021325;DA1ESGE001-23SB;ENGENHARIA DE SEGURANÇA DO TRABALHO
11202421294;NA1ESHP023-22SB;HISTÓRIA DAS INSTITUIÇÕES POLÍTICAS BRASILEIRAS
11202231583;NANHH2009-13SB;ÉTICA
11202322246;NA1LHE0003-22SB;LABORATÓRIO DE PRÁTICAS INTEGRADORAS II (PCC)
11202521628;DB1BIS0003-15SA;BASES MATEMÁTICAS
11202420174;DA1ESMA002-23SA;INOVAÇÕES PARA ENGENHARIA
11202420665;NA1ESTO006-17SA;MATERIAIS E SUAS PROPRIEDADES
11202021924;DAESZA013-17SA;INSTRUMENTAÇÃO E METROLOGIA ÓPTICA
11202421324;NA2BCM0504-15SB;NATUREZA DA INFORMAÇÃO
11202131891;NA1ESHC024-19SB;MACROECONOMIA III
11202230430;DA1BCK0103-15SB;FÍSICA QUÂNTICA
11202420739;DA1ESHT010-17SB;MÉTODOS DE PLANEJAMENTO
11202111826;NA2NHT1056-15SA;MICROBIOLOGIA
11202021694;NA1ESHP031-22SB;AVALIAÇÃO E MONITORAMENTO DE POLÍTICAS PÚBLICAS
11202131456;NA1ESHT021-17SB;POLÍTICA URBANA
11202421377;NA2BCM0506-15SA;COMUNICAÇÃO E REDES
11202421377;NB1BCK0103-15SA;FÍSICA QUÂNTICA
11202231193;NAMCTD021-18SA;FUNDAMENTOS DE ÁLGEBRA
11202320826;NA2ESTO008-17SA;MECÂNICA DOS SÓLIDOS I
11201810466;NANHZ3043-15SA;NOÇÕES DE ASTRONOMIA E COSMOLOGIA
11202111826;DA1ESGE001-23SB;ENGENHARIA DE SEGURANÇA DO TRABALHO
11202231121;NANHH2034-13SB;HISTÓRIA DA FILOSOFIA CONTEMPORÂNEA: O SÉCULO XIX
11202022109;NA1ESZB021-17SB;INTRODUÇÃO À ENGENHARIA BIOMÉDICA
11202520473;DC1BCN0402-15SA;FUNÇÕES DE UMA VARIÁVEL
11202111568;DAMCTD018-18SA;PRÁTICAS DE ENSINO DE MATEMÁTICA III
11202111568;DAMCZD005-18SA;PROJETOS DE ENSINO DE MATEMÁTICA E CIÊNCIAS COM ARTE
11202231736;NA2ESTI013-17SA;SISTEMAS MICROPROCESSADOS
11202231021;NA1ESHC027-21SB;ECONOMIA MATEMÁTICA
11202231418;NA1BHS0002-17SB;DIÁLOGOS INTERDISCIPLINARES
11202231418;NA1NHZ2139-18SB;FILOSOFIA DA HISTÓRIA
11202321689;NI1ESHR008-21SB;INTEGRAÇÃO REGIONAL - TEORIAS E EXPERIÊNCIAS
11202231098;NA2BIR0603-15SB;CIÊNCIA, TECNOLOGIA E SOCIEDADE
11201922288;DA1NHZ2053-11SB;PENSAMENTO MARXISTA E SEUS DESDOBRAMENTOS CONTEMPORÂNEOS
11201920986;NA6BCJ0204-15SA;FENÔMENOS MECÂNICOS
11202420536;NA1ESZU031-17SA;REÚSO DE ÁGUA
11202021974;NA1ESHC027-21SB;ECONOMIA MATEMÁTICA
11202321414;NAMCTC024-15SB;NEUROETOLOGIA
11202321414;NA1MCZC001-20SB;DOENÇAS DO SISTEMA NERVOSO
11202230672;DA1ESHR018-21SB;ATORES NÃO ESTATAIS E AS RELAÇÕES INTERNACIONAIS
11202230703;NA2ESMA002-23SB;INOVAÇÕES PARA ENGENHARIA
11202532706;DA1BIS0003-15SB;BASES MATEMÁTICAS
11202020378;NAESTA010-17SA;SENSORES E TRANSDUTORES
13201723219;NA1ESHP029-14SB;TEORIA E GESTÃO DE ORGANIZAÇÕES PÚBLICAS
11201920675;NA1ESTO015-17SA;MECÂNICA DOS FLUIDOS I
11202520235;DB1BIR0004-15SB;BASES EPISTEMOLÓGICAS DA CIÊNCIA MODERNA
11202020406;DA1NHZ5019-22SB;TECNOLOGIAS DA INFORMAÇÃO E COMUNICAÇÃO NA EDUCAÇÃO
11202420590;DA1NHZ5019-22SA;TECNOLOGIAS DA INFORMAÇÃO E COMUNICAÇÃO NA EDUCAÇÃO
11202320285;NA1MCZC003-15SB;INTRODUÇÃO À PSICOLINGUÍSTICA E NEUROCIÊNCIA DA LINGUAGEM
11202320285;NAMCTC024-15SB;NEUROETOLOGIA
11202020501;NB1BCN0402-15SA;FUNÇÕES DE UMA VARIÁVEL
11202231583;NA2BCM0506-15SA;COMUNICAÇÃO E REDES
11202321414;NA1MCZC003-15SB;INTRODUÇÃO À PSICOLINGUÍSTICA E NEUROCIÊNCIA DA LINGUAGEM
11202421149;DA1ESZU030-17SA;RISCOS NO AMBIENTE URBANO
21085915;NA1ESHT001-17SB;ARRANJOS INSTITUCIONAIS E MARCO REGULATÓRIO DO TERRITÓRIO
11202321775;DA1ESHT007-17SB;ESTUDOS DO MEIO FÍSICO
11202321110;DA5MCTA028-15SA;PROGRAMAÇÃO ESTRUTURADA
11202321691;NA1ESHP023-22SB;HISTÓRIA DAS INSTITUIÇÕES POLÍTICAS BRASILEIRAS
11202532688;NA1ESTI007-17SA;COMUNICAÇÃO DIGITAL
11201921509;NANHH2028-13SB;FILOSOFIA POLÍTICA
11201921509;NA1ESHP029-14SB;TEORIA E GESTÃO DE ORGANIZAÇÕES PÚBLICAS
11202321839;DANHH2085-16SB;FILOSOFIA DA ARTE
11202422075;NB1BIR0004-15SB;BASES EPISTEMOLÓGICAS DA CIÊNCIA MODERNA
11202310022;NA1NHLB004-23SA;PRÁTICAS DE ENSINO DE BIOLOGIA E PLANEJAMENTO
11201721462;DAESIR002-23SA;LÓGICA PROGRAMÁVEL
11202321110;DA1ESZM028-17SA;MATERIAIS PARA TECNOLOGIA DA INFORMAÇÃO
11202321839;DA1BHS0011-23SB;REFLEXÕES SOBRE ARTE E SOCIEDADE
11202321564;DA1BIN0406-15SB;INTRODUÇÃO À PROBABILIDADE E À ESTATÍSTICA
11202321564;NA1ESZU031-17SA;REÚSO DE ÁGUA
11202322031;NB2BCJ0204-15SA;FENÔMENOS MECÂNICOS
11202130043;NA1NHZ1095-19SA;LIVRO DIDÁTICO NO ENSINO DE CONHECIMENTOS BIOLÓGICOS
11202422075;NANHH2028-13SB;FILOSOFIA POLÍTICA
21060114;NA1ESTS015-17SB;COMBUSTÃO I
11202021600;NA2ESTO006-17SA;MATERIAIS E SUAS PROPRIEDADES
11202422055;DB1BHP0202-15SB;PENSAMENTO CRÍTICO
11202130456;NA1BIS0003-15SB;BASES MATEMÁTICAS
11202131322;NB1BIS0003-15SB;BASES MATEMÁTICAS
11202422034;DC1BCN0404-15SB;GEOMETRIA ANALÍTICA
11202410081;NA1ESZC004-17SB;ECONOMIA DO TRABALHO
11202421477;DANHH2032-18SB;HISTÓRIA DA FILOSOFIA ANTIGA HELENÍSTICA
11202422161;NA1ESTI005-17SA;SINAIS ALEATÓRIOS
11202521165;DAMCZD005-18SA;PROJETOS DE ENSINO DE MATEMÁTICA E CIÊNCIAS COM ARTE
11201932477;NA1BIK0102-15SB;ESTRUTURA DA MATÉRIA
11201811620;NA1ESZS016-17SB;ANÁLISE EXPERIMENTAL DE ESTRUTURAS
11202420677;DA1BCJ0203-15SA;FENÔMENOS ELETROMAGNÉTICOS
11202130831;DA1BCK0103-15SB;FÍSICA QUÂNTICA
11202421907;NAMCZC013-15SB;MEMÓRIA E APRENDIZAGEM
11202130456;NA1ESTU011-17SA;PLANEJAMENTO URBANO E METROPOLITANO
11202232301;DA1MCZC001-20SB;DOENÇAS DO SISTEMA NERVOSO
11202532705;DB1NHZ5016-15SA;HISTÓRIA DA EDUCAÇÃO
11202532705;DA1NHZ5019-22SA;TECNOLOGIAS DA INFORMAÇÃO E COMUNICAÇÃO NA EDUCAÇÃO
11201810033;NA10BCJ0204-15SA;FENÔMENOS MECÂNICOS
11202520823;DA1BIR0004-15SB;BASES EPISTEMOLÓGICAS DA CIÊNCIA MODERNA
11202520823;DA1BIS0003-15SB;BASES MATEMÁTICAS
11202510070;NB1BCK0103-15SB;FÍSICA QUÂNTICA
11202510070;NA1BCS0001-25SB;BASE EXPERIMENTAL DAS CIÊNCIAS NATURAIS
11202510070;NA1ESTE027-17SA;LABORATÓRIO DE CALOR E FLUIDOS
11202310004;DA1ESMA001-23SA;SOLUÇÕES PARA DESAFIOS EM ENGENHARIA
11201932477;DA1ESHP014-13SB;INTRODUÇÃO ÀS POLÍTICAS PÚBLICAS
11202310014;NI1ESTS003-17SA;INTRODUÇÃO À ASTRONÁUTICA
11202022159;NA1ESZB031-17SB;INSTALAÇÕES HOSPITALARES
11202310043;NANHH2009-13SB;ÉTICA
11202310043;NA1LHE0001-19SB;HISTÓRIA, EUROCENTRISMO E PÓS-COLONIALISMO
11201920297;DA1ESHP014-13SB;INTRODUÇÃO ÀS POLÍTICAS PÚBLICAS
11202520368;DA1BIQ0602-15SB;ESTRUTURA E DINÂMICA SOCIAL
11202520368;DA1BHQ0003-15SB;INTERPRETAÇÕES DO BRASIL
11024416;DA1LHE0001-19SB;HISTÓRIA, EUROCENTRISMO E PÓS-COLONIALISMO
11024416;DA1ESZR007-21SB;A QUESTÃO NUCLEAR NAS RELAÇÕES INTERNACIONAIS
11202231512;NA1BHS0002-17SB;DIÁLOGOS INTERDISCIPLINARES
11202420767;NA1ESZB021-17SB;INTRODUÇÃO À ENGENHARIA BIOMÉDICA
11202230887;NANHH2034-13SB;HISTÓRIA DA FILOSOFIA CONTEMPORÂNEA: O SÉCULO XIX
11201812178;NA1NHI5011-13SA;POLÍTICAS EDUCACIONAIS
11202131447;DAMCBM005-23SA;GEOMETRIA DOS ESPAÇOS MÉTRICOS
11202131447;DAMCBM011-23SA;TEORIA DE GRUPOS
11201722457;NB2BCJ0204-15SA;FENÔMENOS MECÂNICOS
11201722457;DAMCNC003-23SB;PROCESSAMENTO DE SINAIS NEURAIS
11202321571;DA3BCN0404-15SA;GEOMETRIA ANALÍTICA
11201723061;NAMCTC011-15SB;PSICOLOGIA COGNITIVA
11202231674;DA1ESHR022-21SB;TEORIAS CLÁSSICAS DAS RELAÇÕES INTERNACIONAIS
11202131788;NA1ESTI007-17SA;COMUNICAÇÃO DIGITAL
11202510080;NA1NHT1068-15SA;EVOLUÇÃO E DIVERSIDADE DE PLANTAS II
11202131179;DA1ESGE001-23SB;ENGENHARIA DE SEGURANÇA DO TRABALHO
11202021171;NA1ESTU007-17SA;HABITAÇÃO E ASSENTAMENTOS HUMANOS
11201921098;NAMCBM009-23SA;TEORIA DE ANÉIS
11201921098;NA1ESTM002-17SA;TÓPICOS EXPERIMENTAIS EM MATERIAIS I
11202232135;DA1ESZU030-17SA;RISCOS NO AMBIENTE URBANO
11202321272;DA1BHS0006-23SB;INTRODUÇÃO AO ACOLHIMENTO INTERCULTURAL AOS MIGRANTES E REFUGIADOS
11202131440;NA2ESTA002-17SB;CIRCUITOS ELÉTRICOS I
11202231492;NA8BCJ0204-15SA;FENÔMENOS MECÂNICOS
11202231492;NA1ESTI007-17SA;COMUNICAÇÃO DIGITAL
11202130884;NA1ESZA007-17SA;CONFIABILIDADE DE COMPONENTES E SISTEMAS
11202410085;NANHH2009-13SB;ÉTICA
11202410085;NANHH2034-13SB;HISTÓRIA DA FILOSOFIA CONTEMPORÂNEA: O SÉCULO XIX
11202532682;DA2BCN0402-15SA;FUNÇÕES DE UMA VARIÁVEL
11202111767;NA1ESHT016-22SB;OFICINA DE PLANEJAMENTO E GOVERNANÇA METROPOLITANA
11202421022;DA1NHLB004-23SA;PRÁTICAS DE ENSINO DE BIOLOGIA E PLANEJAMENTO
11202420919;DA1BHS0011-23SB;REFLEXÕES SOBRE ARTE E SOCIEDADE
11201920200;NA1ESHP031-22SB;AVALIAÇÃO E MONITORAMENTO DE POLÍTICAS PÚBLICAS
11201920200;NANHH2009-13SB;ÉTICA
11201920200;NA1ESZB021-17SB;INTRODUÇÃO À ENGENHARIA BIOMÉDICA
11202131516;NA1ESTI005-17SA;SINAIS ALEATÓRIOS
11202230682;NA1NHI2049-13SB;LÓGICA BÁSICA
11202321552;DA1NHZ3058-15SA;TÓPICOS EM FÍSICA EXPERIMENTAL
11039714;DA1MCTB008-17SA;CÁLCULO DE PROBABILIDADE
11202131516;NA1NHLB004-23SA;PRÁTICAS DE ENSINO DE BIOLOGIA E PLANEJAMENTO
11202432329;DC1ESTO013-17SA;ENGENHARIA ECONÔMICA
11202432329;NA1NHT3049-15SA;PRINCÍPIOS DE TERMODINÂMICA
11202420542;NB1BIR0004-15SB;BASES EPISTEMOLÓGICAS DA CIÊNCIA MODERNA
11202231577;NA2ESTO006-17SA;MATERIAIS E SUAS PROPRIEDADES
11202321571;DA1ESTG001-17SB;CUSTOS
11202320497;NA1ESHT021-17SB;POLÍTICA URBANA
11202520211;NA2BIS0003-15SA;BASES MATEMÁTICAS
11201811922;NANHH2032-18SB;HISTÓRIA DA FILOSOFIA ANTIGA HELENÍSTICA
11202421339;DA1BHS0011-23SB;REFLEXÕES SOBRE ARTE E SOCIEDADE
11201920150;NA1ESTE019-17SA;INSTALAÇÕES ELÉTRICAS I
11202230682;NB1BCK0103-15SB;FÍSICA QUÂNTICA
11201722065;DA1ESGE008-23SB;TÓPICOS EM ENGENHARIA DE PRODUÇÃO NA INDÚSTRIA AUTOMOTIVA
11202230723;NANHH2009-13SB;ÉTICA
11202230723;NA1ESZR004-21SB;GEOPOLÍTICA DO PETRÓLEO E O DESENVOLVIMENTO BRASILEIRO
11202111917;DA11BCJ0204-15SA;FENÔMENOS MECÂNICOS
11202230895;DAMCZD005-18SA;PROJETOS DE ENSINO DE MATEMÁTICA E CIÊNCIAS COM ARTE
11201722065;DA1ESGE001-23SB;ENGENHARIA DE SEGURANÇA DO TRABALHO
11202111546;NA1ESTG007-17SB;ENGENHARIA LOGÍSTICA
11201822462;NA1BCK0103-15SB;FÍSICA QUÂNTICA
11202510105;NA2BCM0506-15SA;COMUNICAÇÃO E REDES
11201920150;NA1ESTM019-17SA;PROPRIEDADES ELÉTRICAS, MAGNÉTICAS E ÓPTICAS
11201811043;NA1NHLB004-23SA;PRÁTICAS DE ENSINO DE BIOLOGIA E PLANEJAMENTO
11201810185;NA1NHI5011-13SA;POLÍTICAS EDUCACIONAIS
11202130738;NA1ESHC027-21SB;ECONOMIA MATEMÁTICA
11201812003;NA1ESHC024-19SB;MACROECONOMIA III
11202420863;NB3BCJ0204-15SA;FENÔMENOS MECÂNICOS
11202230536;DA1ESZE104-17SA;ENERGIA GEOTÉRMICA
11201920150;NA1ESZA011-17SA;ELETRÔNICA DE POTÊNCIA I
11202111960;NA1ESTE028-17SA;ENGENHARIA NUCLEAR
11202230536;DA1BCK0103-15SB;FÍSICA QUÂNTICA
11201721462;DA1ESTU029-17SA;HIDRÁULICA DE CONDUTOS LIVRES
11201721462;DA1ESZU014-17SA;MÉTODOS DE TOMADA DE DECISÃO APLICADOS AO PLANEJAMENTO URBANO-AMBIENTAL
11202420634;NA2ESTO006-17SA;MATERIAIS E SUAS PROPRIEDADES
11202021844;NA1BCJ0204-15SB;FENÔMENOS MECÂNICOS
11202021844;NANHH2009-13SB;ÉTICA
11202021736;NA1MCTB001-17SB;ÁLGEBRA LINEAR
11202420545;NA1LHZ0041-22SB;INTRODUÇÃO AOS LETRAMENTOS EM INGLÊS
11202130078;NB2BCJ0204-15SA;FENÔMENOS MECÂNICOS
11202130078;NA2BCK0103-15SA;FÍSICA QUÂNTICA
11202130078;NB3BCN0404-15SA;GEOMETRIA ANALÍTICA
11202230650;NANHH2028-13SB;FILOSOFIA POLÍTICA
11202022151;DA1BIK0102-15SA;ESTRUTURA DA MATÉRIA
11202320628;DA1ESHC025-17SB;MICROECONOMIA I
11202520364;NA3BCN0402-15SA;FUNÇÕES DE UMA VARIÁVEL
11202420622;DC1ESTO012-17SA;PRINCÍPIOS DE ADMINISTRAÇÃO
11202231380;NA1BIK0102-15SB;ESTRUTURA DA MATÉRIA
11201932477;NA1BIN0406-15SB;INTRODUÇÃO À PROBABILIDADE E À ESTATÍSTICA
11202321622;NI1ESZS001-17SB;AERONÁUTICA I-B
11202421259;NA1BIR0004-15SB;BASES EPISTEMOLÓGICAS DA CIÊNCIA MODERNA
11202421259;NB1BCL0306-15SB;BIODIVERSIDADE: INTERAÇÕES ENTRE ORGANISMOS E AMBIENTE
11202510086;DA1BHQ0001-15SB;IDENTIDADE E CULTURA
11202510086;DA1ESHC025-17SB;MICROECONOMIA I
11202332327;NI1ESHR008-21SB;INTEGRAÇÃO REGIONAL - TEORIAS E EXPERIÊNCIAS
11202320652;NA12BCJ0204-15SA;FENÔMENOS MECÂNICOS
11202532618;DA1BIS0003-15SB;BASES MATEMÁTICAS
11202131322;DA1ESZU013-17SA;LOGÍSTICA E MEIO AMBIENTE
11202231429;DA1NHBQ021-22SA;OPERAÇÕES UNITÁRIAS II
11201811059;NA1ESBM007-23SB;FUNDAMENTOS DE SINAIS E SISTEMAS DE TEMPO DISCRETO
11202510076;NA1NHI5011-13SB;POLÍTICAS EDUCACIONAIS
11202321893;DA1ESHC034-21SB;ECONOMIA DO MEIO AMBIENTE
11202420795;DA5MCTA028-15SA;PROGRAMAÇÃO ESTRUTURADA
11202021171;NA1ESTU037-17SA;SISTEMAS DE TRATAMENTO DE ÁGUA
11202432327;DA2ESTO011-17SA;FUNDAMENTOS DE DESENHO TÉCNICO
11202420489;NB1BIR0004-15SB;BASES EPISTEMOLÓGICAS DA CIÊNCIA MODERNA
11202420879;DA1NHZ4075-20SA;CONCEITOS E MODELOS DA QUÍMICA MODERNA
11202420879;DAMCZD005-18SA;PROJETOS DE ENSINO DE MATEMÁTICA E CIÊNCIAS COM ARTE
11202510082;NB1BIS0003-15SB;BASES MATEMÁTICAS
11202410022;NA1ESTI005-17SA;SINAIS ALEATÓRIOS
11202130456;NA1ESZE044-17SA;SEGURANÇA DE INSTALAÇÕES NUCLEARES
11202321437;DA1ESZU013-17SA;LOGÍSTICA E MEIO AMBIENTE
11202322028;DB3BCN0402-15SA;FUNÇÕES DE UMA VARIÁVEL
11202130131;NA1MCBM022-23SA;INTRODUÇÃO AOS PROCESSOS ESTOCÁSTICOS
11201810083;NA1ESZU031-17SA;REÚSO DE ÁGUA
11202321674;NA1ESHP029-14SB;TEORIA E GESTÃO DE ORGANIZAÇÕES PÚBLICAS
11202210048;NANHLP002-22SA;PRÁTICAS DE ENSINO DE FÍSICA II
11202320436;NAMCTC024-15SB;NEUROETOLOGIA
11202231458;NA1ESTM004-17SA;CIÊNCIA DOS MATERIAIS
11202520406;NA3BCL0306-15SA;BIODIVERSIDADE: INTERAÇÕES ENTRE ORGANISMOS E AMBIENTE
11202321255;NB1BCK0103-15SB;FÍSICA QUÂNTICA
11202421006;NA3BCN0404-15SA;GEOMETRIA ANALÍTICA
11202521720;DA1ESTU032-17SA;REPRESENTAÇÃO GRÁFICA DE PROJETOS AMBIENTAIS E URBANOS
11202021025;NA1BHS0002-17SB;DIÁLOGOS INTERDISCIPLINARES
11202130816;DA1ESZG041-17SB;GESTÃO DA INOVAÇÃO
11202232361;NB1BHO0101-15SB;ESTADO E RELAÇÕES DE PODER
11202130342;DA1BIS0003-15SB;BASES MATEMÁTICAS
11202130342;DA1BHP0001-15SB;ÉTICA E JUSTIÇA
11202130342;DA1ESHR025-14SB;POLÍTICA EXTERNA BRASILEIRA CONTEMPORÂNEA
11202130342;DA1ESHR018-21SB;ATORES NÃO ESTATAIS E AS RELAÇÕES INTERNACIONAIS
11202230746;NI1ESTS016-17SB;AERODINÂMICA I
11202421732;NB1BCM0504-15SB;NATUREZA DA INFORMAÇÃO
11201921340;NA2ESTA002-17SB;CIRCUITOS ELÉTRICOS I
11201921340;NA1ESTB022-17SB;FUNDAMENTOS DE ELETRÔNICA ANALÓGICA E DIGITAL
11201920383;NAMCBM009-23SA;TEORIA DE ANÉIS
11202422232;DA2BCL0306-15SA;BIODIVERSIDADE: INTERAÇÕES ENTRE ORGANISMOS E AMBIENTE
11202322312;NA2BIR0603-15SB;CIÊNCIA, TECNOLOGIA E SOCIEDADE
11202322312;NA1BIL0304-15SB;EVOLUÇÃO E DIVERSIFICAÇÃO DA VIDA NA TERRA
11202320977;NA1BIK0102-15SB;ESTRUTURA DA MATÉRIA
11201921807;DA1ESGE001-23SB;ENGENHARIA DE SEGURANÇA DO TRABALHO
11201812240;NA1ESTO006-17SA;MATERIAIS E SUAS PROPRIEDADES
11202321603;DA1ESHP023-22SB;HISTÓRIA DAS INSTITUIÇÕES POLÍTICAS BRASILEIRAS
11202532568;NB1BCL0306-15SB;BIODIVERSIDADE: INTERAÇÕES ENTRE ORGANISMOS E AMBIENTE
21040515;DA1BHQ0301-15SB;TERRITÓRIO E SOCIEDADE
11202231057;NA1ESTI005-17SA;SINAIS ALEATÓRIOS
11202532671;NA2BCK0103-15SA;FÍSICA QUÂNTICA
11202532671;NA3BCN0404-15SA;GEOMETRIA ANALÍTICA
11202111134;DA1ESGE001-23SB;ENGENHARIA DE SEGURANÇA DO TRABALHO
11202230301;NA2ESTO006-17SA;MATERIAIS E SUAS PROPRIEDADES
11202320905;DA1ESBM008-23SB;LEGISLAÇÃO RELACIONADA À SAÚDE
11202420202;NA1NHI2049-13SB;LÓGICA BÁSICA
11201932516;NA1ESHC027-21SB;ECONOMIA MATEMÁTICA
11201920766;DA1BHS0002-17SB;DIÁLOGOS INTERDISCIPLINARES
11201920766;DA1BHS0011-23SB;REFLEXÕES SOBRE ARTE E SOCIEDADE
11202320905;DAMCTC019-20SB;NEUROBIOLOGIA MOLECULAR E CELULAR
11202320905;DA1NHZ1024-15SB;ETNOFARMACOLOGIA
11202332398;DA1BHO0101-15SB;ESTADO E RELAÇÕES DE PODER
11202332398;DA1BHQ0001-15SB;IDENTIDADE E CULTURA
11202111787;NA1ESTM004-17SA;CIÊNCIA DOS MATERIAIS
11202320905;NA1BIS0003-15SB;BASES MATEMÁTICAS
11202320905;DA2BCM0504-15SB;NATUREZA DA INFORMAÇÃO
11202230423;NANHT3067-15SA;ANÁLISE DE FOURIER E APLICAÇÕES
11201920128;NA1ESTI007-17SA;COMUNICAÇÃO DIGITAL
11201920128;NAMCZB012-13SA;INFERÊNCIA ESTATÍSTICA
11093211;DA4MCTA028-15SA;PROGRAMAÇÃO ESTRUTURADA
11093211;NANHT3089-15SA;TRABALHO DE CONCLUSÃO DE CURSO EM FÍSICA
11202321991;NI1ESTS003-17SA;INTRODUÇÃO À ASTRONÁUTICA
11202521186;DA2ESTO006-17SA;MATERIAIS E SUAS PROPRIEDADES
11202320901;DAESTA020-17SA;MODELAGEM E CONTROLE
11202130601;NA1ESTO015-17SA;MECÂNICA DOS FLUIDOS I
11202231417;DA1ESZU014-17SA;MÉTODOS DE TOMADA DE DECISÃO APLICADOS AO PLANEJAMENTO URBANO-AMBIENTAL
11201921518;NA1NHI5011-13SB;POLÍTICAS EDUCACIONAIS
11202532633;DA2BCM0504-15SA;NATUREZA DA INFORMAÇÃO
11202432351;DA1NHZ1097-19SA;PRÁTICAS PEDAGÓGICAS E FORMATIVAS EM MUSEUS DE CIÊNCIAS
11201722799;NANHH2034-13SB;HISTÓRIA DA FILOSOFIA CONTEMPORÂNEA: O SÉCULO XIX
11201722799;DA1ESZE104-17SA;ENERGIA GEOTÉRMICA
11201920934;DANHT3054-15SA;TEORIA DA RELATIVIDADE
11201920934;NAMCBM009-23SA;TEORIA DE ANÉIS
11201922142;DA1ESTO012-17SB;PRINCÍPIOS DE ADMINISTRAÇÃO
11202130302;NA1ESTO016-17SA;FENÔMENOS DE TRANSPORTE
11201922142;NA1MCZC003-15SB;INTRODUÇÃO À PSICOLINGUÍSTICA E NEUROCIÊNCIA DA LINGUAGEM
11202420900;NA1ESZE092-17SA;TRANSFERÊNCIA DE CALOR E MECÂNICA DOS FLUIDOS COMPUTACIONAL II
11202421812;DA1ESZU013-17SA;LOGÍSTICA E MEIO AMBIENTE
11202320870;DAMCNC003-23SB;PROCESSAMENTO DE SINAIS NEURAIS
11201722799;NA1ESHC027-21SB;ECONOMIA MATEMÁTICA
11201722543;NA1ESHT001-17SB;ARRANJOS INSTITUCIONAIS E MARCO REGULATÓRIO DO TERRITÓRIO
11202520798;DB2BIR0603-15SB;CIÊNCIA, TECNOLOGIA E SOCIEDADE
11202131501;NA3BCN0404-15SA;GEOMETRIA ANALÍTICA
11202130247;DA1ESZU019-17SA;TRANSPORTES E MEIO AMBIENTE
11202521016;NA2BCM0506-15SA;COMUNICAÇÃO E REDES
11202521016;NA12BCJ0204-15SA;FENÔMENOS MECÂNICOS
11202521016;NB1BCK0103-15SA;FÍSICA QUÂNTICA
11202521016;NA3BCN0404-15SA;GEOMETRIA ANALÍTICA
11202332434;DA1BIN0406-15SA;INTRODUÇÃO À PROBABILIDADE E À ESTATÍSTICA
11201810933;NA3BCN0404-15SA;GEOMETRIA ANALÍTICA
11201721315;DA1ESHR025-14SB;POLÍTICA EXTERNA BRASILEIRA CONTEMPORÂNEA
11201721315;NA1ESZR004-21SB;GEOPOLÍTICA DO PETRÓLEO E O DESENVOLVIMENTO BRASILEIRO
11201720498;NI1ESZS001-17SB;AERONÁUTICA I-B
11202131649;NA1ESHT016-22SB;OFICINA DE PLANEJAMENTO E GOVERNANÇA METROPOLITANA
11201922266;DA1ESZE104-17SA;ENERGIA GEOTÉRMICA
11201922266;DAMCTD021-18SA;FUNDAMENTOS DE ÁLGEBRA
11201922266;DB1NHZ5016-15SA;HISTÓRIA DA EDUCAÇÃO
11201922266;DA2ESTO006-17SA;MATERIAIS E SUAS PROPRIEDADES
11201922266;DAESTA020-17SA;MODELAGEM E CONTROLE
11201922266;DA1ESZM029-17SA;ENGENHARIA DE FILMES FINOS
11201922266;DA1ESZU014-17SA;MÉTODOS DE TOMADA DE DECISÃO APLICADOS AO PLANEJAMENTO URBANO-AMBIENTAL
11202321971;NA1MCTB009-17SB;CÁLCULO NUMÉRICO
11202321191;NA1ESHT001-17SB;ARRANJOS INSTITUCIONAIS E MARCO REGULATÓRIO DO TERRITÓRIO
11202021255;NAESTA016-17SA;MÁQUINAS ELÉTRICAS
11202420772;NA1ESMA001-23SA;SOLUÇÕES PARA DESAFIOS EM ENGENHARIA
11202321242;NAMCTC024-15SB;NEUROETOLOGIA
11201921905;DAESZA013-17SA;INSTRUMENTAÇÃO E METROLOGIA ÓPTICA
11202321317;DA1ESTM004-17SA;CIÊNCIA DOS MATERIAIS
11202410037;NA2BCK0103-15SA;FÍSICA QUÂNTICA
11202231180;DC1BCN0402-15SB;FUNÇÕES DE UMA VARIÁVEL
11202320696;NA1ESHP013-22SB;DIREITO CONSTITUCIONAL
11202422034;DB1ESTO012-17SB;PRINCÍPIOS DE ADMINISTRAÇÃO
11202320696;NANHZ2108-18SB;SEMINÁRIOS DE LEITURA
11202422021;NA1ESHP029-14SB;TEORIA E GESTÃO DE ORGANIZAÇÕES PÚBLICAS
11202130802;NAMCBM011-23SA;TEORIA DE GRUPOS
11202021715;NA1ESTO013-17SA;ENGENHARIA ECONÔMICA
11202021288;NA1ESTA022-17SA;TEORIA DE ACIONAMENTOS ELÉTRICOS
11202522278;NA3BCN0404-15SA;GEOMETRIA ANALÍTICA
11202532618;NB1BCM0504-15SB;NATUREZA DA INFORMAÇÃO
11202212481;DB1ESTE026-17SA;LABORATÓRIO DE MÁQUINAS TÉRMICAS E HIDRÁULICAS
11202230906;NA1ESZR004-21SB;GEOPOLÍTICA DO PETRÓLEO E O DESENVOLVIMENTO BRASILEIRO
11202321616;DA1ESTS004-17SB;DESEMPENHO DE AERONAVES
11202410104;DB1BCJ0203-15SA;FENÔMENOS ELETROMAGNÉTICOS
11202020090;DA1ESHP014-13SB;INTRODUÇÃO ÀS POLÍTICAS PÚBLICAS
11201921370;DA1NHI5011-13SA;POLÍTICAS EDUCACIONAIS
11201921370;DA1ESZU013-17SA;LOGÍSTICA E MEIO AMBIENTE
11202320216;DANHBP007-23SA;MECÂNICA QUÂNTICA I
11202230792;NANHZ6011-18SA;BIOTECNOLOGIA HUMANA
11202230654;DA1BHS0008-23SB;PRÁTICAS COMUNITÁRIAS EM CAMPO
11202131274;DA1BHS0008-23SB;PRÁTICAS COMUNITÁRIAS EM CAMPO
11202410027;DA1ESMA001-23SA;SOLUÇÕES PARA DESAFIOS EM ENGENHARIA
11202420331;DB1BIR0004-15SA;BASES EPISTEMOLÓGICAS DA CIÊNCIA MODERNA
11201811467;DA1MCZA017-13SA;PROCESSAMENTO DE LINGUAGEM NATURAL
11202231915;DA1BIS0003-15SB;BASES MATEMÁTICAS
11202020147;DB1NHZ5016-15SA;HISTÓRIA DA EDUCAÇÃO
11202131353;NA2BCM0506-15SA;COMUNICAÇÃO E REDES
11202231452;NA1NHT4040-15SA;QUÍMICA ORGÂNICA APLICADA
11202020974;NB3BCN0404-15SA;GEOMETRIA ANALÍTICA
11202021694;DA1ESZU030-17SA;RISCOS NO AMBIENTE URBANO
21024213;NAMCBM003-23SA;APROXIMAÇÃO TEÓRICA E NUMÉRICA I
11202321943;NA3BCN0404-15SA;GEOMETRIA ANALÍTICA
11202130715;NA1ESTE019-17SA;INSTALAÇÕES ELÉTRICAS I
11202022145;NANHH2087-16SB;HISTÓRIA DA FILOSOFIA MEDIEVAL: DO SÉCULO XI AO XIV
11202022145;NA1ESHT001-17SB;ARRANJOS INSTITUCIONAIS E MARCO REGULATÓRIO DO TERRITÓRIO
11202421014;DAESTA011-17SA;AUTOMAÇÃO DE SISTEMAS INDUSTRIAIS
11201922307;DA1MCZA017-13SA;PROCESSAMENTO DE LINGUAGEM NATURAL
11202320308;NA1NHI5011-13SA;POLÍTICAS EDUCACIONAIS
11202320543;NB1BCN0405-15SA;INTRODUÇÃO ÀS EQUAÇÕES DIFERENCIAIS ORDINÁRIAS
11202420915;DA1NHBQ022-22SA;POLÍMEROS: SÍNTESE, CARACTERIZAÇÃO E PROCESSOS
11202521316;DA10BCJ0204-15SA;FENÔMENOS MECÂNICOS
13201822582;DB1ESHT005-17SB;ECONOMIA DO TERRITÓRIO
11201932599;NAMCZB012-13SA;INFERÊNCIA ESTATÍSTICA
11202020399;DANHZ2140-18SB;PRIMÓRDIOS DA FILOSOFIA E CIÊNCIA ANTIGA
11202230739;DA1MCZA017-13SA;PROCESSAMENTO DE LINGUAGEM NATURAL
11202230739;DA1MCCC013-23SA;OTIMIZAÇÃO LINEAR
11201920537;NAESTA013-17SA;FUNDAMENTOS DE ROBÓTICA
11202230410;NAMCTC011-15SB;PSICOLOGIA COGNITIVA
11202332345;NANHH2032-18SB;HISTÓRIA DA FILOSOFIA ANTIGA HELENÍSTICA
11202232484;DA1BIK0102-15SA;ESTRUTURA DA MATÉRIA
11202232484;DAMCZD004-18SA;MATEMÁTICA NOS ANOS INICIAIS
11202232294;NB1BCK0103-15SA;FÍSICA QUÂNTICA
11202232294;NA2NHT1056-15SA;MICROBIOLOGIA
11202232294;DA1ESZM032-17SA;BIOMATERIAIS
11202232294;NA1ESZM001-17SA;SEMINÁRIOS EM MATERIAIS AVANÇADOS
11202231682;NB1BCN0405-15SA;INTRODUÇÃO ÀS EQUAÇÕES DIFERENCIAIS ORDINÁRIAS
11201720216;NA10BCJ0204-15SA;FENÔMENOS MECÂNICOS
11201921469;NB1BCN0405-15SA;INTRODUÇÃO ÀS EQUAÇÕES DIFERENCIAIS ORDINÁRIAS
11201811823;NANHH2009-13SB;ÉTICA
11201811823;NANHH2041-13SB;HISTÓRIA DA FILOSOFIA MODERNA: PERSPECTIVAS RACIONALISTAS
11202432372;NB1BCM0504-15SB;NATUREZA DA INFORMAÇÃO
11201932518;NA2BCM0506-15SA;COMUNICAÇÃO E REDES
11201932518;NA1ESTE019-17SA;INSTALAÇÕES ELÉTRICAS I
11202230924;DA1ESTA008-17SA;SISTEMAS DE CONTROLE II
11202111329;NA1ESZG012-17SB;PROJETOS INDUSTRIAIS
11201920932;DC1BCN0402-15SB;FUNÇÕES DE UMA VARIÁVEL
11202231532;DA1ESHT007-17SB;ESTUDOS DO MEIO FÍSICO
11202231532;DA1ESHT010-17SB;MÉTODOS DE PLANEJAMENTO
11201932518;NANHBP001-23SA;FÍSICA EXPERIMENTAL I
11202022211;NAESZC001-21SB;ANÁLISE DE SÉRIES TEMPORAIS - TÓPICOS ESPECIAIS
11202022211;NANHH2028-13SB;FILOSOFIA POLÍTICA
11201812087;NA1ESHC027-21SB;ECONOMIA MATEMÁTICA
11201921761;NA1ESTE019-17SA;INSTALAÇÕES ELÉTRICAS I
11201921761;NA1NHI5011-13SA;POLÍTICAS EDUCACIONAIS
21081815;DA1ESHP030-22SB;ORÇAMENTO PÚBLICO
11201921761;NA2ESIF001-23SA;CODIFICAÇÃO DE SINAIS MULTIMÍDIA
11202510098;DANHZ2108-18SB;SEMINÁRIOS DE LEITURA
11202131322;NB1BIR0004-15SB;BASES EPISTEMOLÓGICAS DA CIÊNCIA MODERNA
11202421033;NA1MCZA024-17SA;REDES SEM FIO
11202420185;DA1BIR0603-15SA;CIÊNCIA, TECNOLOGIA E SOCIEDADE
11202321054;NA4BCJ0204-15SB;FENÔMENOS MECÂNICOS
11202420777;NA2BCL0306-15SA;BIODIVERSIDADE: INTERAÇÕES ENTRE ORGANISMOS E AMBIENTE
11202420777;NA1ESTI017-17SA;FUNDAMENTOS DE ELETROMAGNETISMO APLICADO
11202420777;NANHT3036-15SA;MECÂNICA ESTATÍSTICA
11202420777;NA1ESTM009-17SA;TERMODINÂMICA ESTATÍSTICA DE MATERIAIS
11202021309;NA1ESHT016-22SB;OFICINA DE PLANEJAMENTO E GOVERNANÇA METROPOLITANA
11202421262;DB1BCL0308-15SB;BIOQUÍMICA: ESTRUTURA, PROPRIEDADES E FUNÇÕES DE BIOMOLÉCULAS
11202230906;NA1NHZ2053-11SB;PENSAMENTO MARXISTA E SEUS DESDOBRAMENTOS CONTEMPORÂNEOS
11202522231;NA4BCJ0204-15SA;FENÔMENOS MECÂNICOS
11202020146;NA1NHH2088-16SB;PRÁTICA DE ENSINO DE FILOSOFIA: CURRÍCULOS
11202020146;NANHH2041-13SB;HISTÓRIA DA FILOSOFIA MODERNA: PERSPECTIVAS RACIONALISTAS
11201810215;NA1ESTO015-17SA;MECÂNICA DOS FLUIDOS I
11202321080;DA1ESZR004-21SB;GEOPOLÍTICA DO PETRÓLEO E O DESENVOLVIMENTO BRASILEIRO
11202421060;NA2ESMA002-23SA;INOVAÇÕES PARA ENGENHARIA
11202321818;NB1BIR0004-15SB;BASES EPISTEMOLÓGICAS DA CIÊNCIA MODERNA
11202321818;DA1ESTA002-17SA;CIRCUITOS ELÉTRICOS I
11201921185;DA1NHLF002-22SB;LEITURA FILOSÓFICA DE OBRAS DE ARTE
11201810083;NANHBT004-23SA;DIVULGAÇÃO CIENTÍFICA EM BIOTECNOLOGIA
11202231380;NA1ESHP029-14SB;TEORIA E GESTÃO DE ORGANIZAÇÕES PÚBLICAS
11202320936;DA1BHS0008-23SB;PRÁTICAS COMUNITÁRIAS EM CAMPO
11202320534;DA1ESTU026-17SA;CARACTERIZAÇÃO DE MATRIZES AMBIENTAIS
11202510086;DA1ESTO012-17SB;PRINCÍPIOS DE ADMINISTRAÇÃO
11202422072;NA1ESTU011-17SA;PLANEJAMENTO URBANO E METROPOLITANO
11202131270;DA1BHQ0001-15SB;IDENTIDADE E CULTURA
11202131270;DA1ESTO012-17SB;PRINCÍPIOS DE ADMINISTRAÇÃO
11202112052;NA3BCL0306-15SB;BIODIVERSIDADE: INTERAÇÕES ENTRE ORGANISMOS E AMBIENTE
11202112052;NA1BIK0102-15SB;ESTRUTURA DA MATÉRIA
11201921697;DAMCTC007-20SB;COMUNICAÇÃO CIENTÍFICA
11201932610;DA1NHZ1003-15SA;BIOFÍSICA
11201932610;DA1ESZE104-17SA;ENERGIA GEOTÉRMICA
11201932610;DA1BHP0001-15SB;ÉTICA E JUSTIÇA
11202421915;DA2BCJ0204-15SB;FENÔMENOS MECÂNICOS
11201932564;DA1ESTG001-17SB;CUSTOS
11201921806;NA1ESHC027-21SB;ECONOMIA MATEMÁTICA
11201920382;DA1NHT1060-15SA;MORFOFISIOLOGIA HUMANA III
11202230346;NA1ESTO013-17SA;ENGENHARIA ECONÔMICA
11202321080;DA1ESHC020-17SB;HISTÓRIA ECONÔMICA GERAL
11202321955;DA1ESMA002-23SB;INOVAÇÕES PARA ENGENHARIA
11202321955;DA1ESMA001-23SA;SOLUÇÕES PARA DESAFIOS EM ENGENHARIA
11202322159;DA1ESHR027-21SB;ÁFRICA NAS RELAÇÕES INTERNACIONAIS
11201810303;NB3BCN0404-15SA;GEOMETRIA ANALÍTICA
11201810303;DA1BCN0405-15SA;INTRODUÇÃO ÀS EQUAÇÕES DIFERENCIAIS ORDINÁRIAS
11202231452;NB1BIR0603-15SB;CIÊNCIA, TECNOLOGIA E SOCIEDADE
11202231452;NB1BCK0103-15SA;FÍSICA QUÂNTICA
11202231452;NB1BCN0402-15SA;FUNÇÕES DE UMA VARIÁVEL
11201920124;NAESZC001-21SB;ANÁLISE DE SÉRIES TEMPORAIS - TÓPICOS ESPECIAIS
11202231452;DA1BCS0002-25SA;PROJETO DIRIGIDO
11202131450;NB1BCN0402-15SA;FUNÇÕES DE UMA VARIÁVEL
11202131450;NB3BCN0404-15SA;GEOMETRIA ANALÍTICA
11202321746;DA1BHQ0001-15SB;IDENTIDADE E CULTURA
11202321746;DA1BHO0001-19SB;INTRODUÇÃO ÀS HUMANIDADES E ÀS CIÊNCIAS SOCIAIS
11202231163;NA12BCJ0204-15SA;FENÔMENOS MECÂNICOS
11202320534;DA1ESTU027-17SA;FUNDAMENTOS DE GEOLOGIA PARA ENGENHARIA
11202320534;DA1ESTO016-17SA;FENÔMENOS DE TRANSPORTE
11201822549;DA1ESZM029-17SA;ENGENHARIA DE FILMES FINOS
11002216;NA2BCM0506-15SA;COMUNICAÇÃO E REDES
11002216;NB1BCK0103-15SA;FÍSICA QUÂNTICA
11002216;NAMCZB012-13SA;INFERÊNCIA ESTATÍSTICA
11202131440;NB1BCM0504-15SB;NATUREZA DA INFORMAÇÃO
11202131108;DA1BHS0002-17SB;DIÁLOGOS INTERDISCIPLINARES
11202131005;DA1ESAU010-23SA;CARTOGRAFIA E GEOPROCESSAMENTO
11202320262;DA1ESTS008-17SB;VIBRAÇÕES
11202321693;NANHH2028-13SB;FILOSOFIA POLÍTICA
11202321693;NA1ESTE019-17SA;INSTALAÇÕES ELÉTRICAS I
11202421955;NA4BCJ0204-15SA;FENÔMENOS MECÂNICOS
11202320677;NA1BHO0101-15SB;ESTADO E RELAÇÕES DE PODER
11202320677;NANHH2032-18SB;HISTÓRIA DA FILOSOFIA ANTIGA HELENÍSTICA
11202320677;NANHH2034-13SB;HISTÓRIA DA FILOSOFIA CONTEMPORÂNEA: O SÉCULO XIX
11202320677;NANHH2041-13SB;HISTÓRIA DA FILOSOFIA MODERNA: PERSPECTIVAS RACIONALISTAS
11202231803;NA1ESTO012-17SB;PRINCÍPIOS DE ADMINISTRAÇÃO
11202432397;NB1BIR0004-15SB;BASES EPISTEMOLÓGICAS DA CIÊNCIA MODERNA
11201720188;DA1ESHP029-14SB;TEORIA E GESTÃO DE ORGANIZAÇÕES PÚBLICAS
11202532615;NB1BIR0004-15SB;BASES EPISTEMOLÓGICAS DA CIÊNCIA MODERNA
11202210021;DAMCZD004-18SA;MATEMÁTICA NOS ANOS INICIAIS
11202322021;DA1ESTO012-17SB;PRINCÍPIOS DE ADMINISTRAÇÃO
11202232351;DAMCTD021-18SA;FUNDAMENTOS DE ÁLGEBRA
11202321260;DA1NHZ5019-22SB;TECNOLOGIAS DA INFORMAÇÃO E COMUNICAÇÃO NA EDUCAÇÃO
11202320903;NB1BCN0402-15SA;FUNÇÕES DE UMA VARIÁVEL
11201920632;DA2ESTG014-17SB;PLANEJAMENTO E CONTROLE DA PRODUÇÃO
11202421618;NANHH2028-13SB;FILOSOFIA POLÍTICA
11202522554;DA2NHI5015-22SA;LIBRAS
11202522554;DAESIR002-23SA;LÓGICA PROGRAMÁVEL
11202421335;NI1ESHR008-21SB;INTEGRAÇÃO REGIONAL - TEORIAS E EXPERIÊNCIAS
11202522554;DA1BCS0002-25SA;PROJETO DIRIGIDO
11202130700;NB1BCK0103-15SA;FÍSICA QUÂNTICA
11202130700;NB1BCN0405-15SA;INTRODUÇÃO ÀS EQUAÇÕES DIFERENCIAIS ORDINÁRIAS
11201720188;DA1ESHR018-21SB;ATORES NÃO ESTATAIS E AS RELAÇÕES INTERNACIONAIS
11202420157;DA1ESHP023-22SB;HISTÓRIA DAS INSTITUIÇÕES POLÍTICAS BRASILEIRAS
11202321409;DA5MCTA028-15SA;PROGRAMAÇÃO ESTRUTURADA
11201721987;NA2ESTI013-17SA;SISTEMAS MICROPROCESSADOS
11202320452;NA1ESTE027-17SA;LABORATÓRIO DE CALOR E FLUIDOS
11202421092;NB1BCK0103-15SA;FÍSICA QUÂNTICA
11202320950;NA1ESHC027-21SB;ECONOMIA MATEMÁTICA
11202021934;NA1LHZ0041-22SB;INTRODUÇÃO AOS LETRAMENTOS EM INGLÊS
11202320668;NAESTA016-17SA;MÁQUINAS ELÉTRICAS
11202322074;DA1ESHP022-14SB;CULTURA POLÍTICA
11202131933;NA1ESTG007-17SB;ENGENHARIA LOGÍSTICA
11202232247;DANHH2087-16SB;HISTÓRIA DA FILOSOFIA MEDIEVAL: DO SÉCULO XI AO XIV
11202421991;DA1NHZ5019-22SA;TECNOLOGIAS DA INFORMAÇÃO E COMUNICAÇÃO NA EDUCAÇÃO
21025216;NA2ESIF001-23SA;CODIFICAÇÃO DE SINAIS MULTIMÍDIA
11202421650;DA1BCK0103-15SB;FÍSICA QUÂNTICA
21056915;DA1ESZE094-17SA;ENGENHARIA DO ETANOL
11202322161;NA1LHZ0041-22SB;INTRODUÇÃO AOS LETRAMENTOS EM INGLÊS
11202321246;NA1NHT4024-15SA;MECANISMOS DE REAÇÕES ORGÂNICAS
11202322161;NANHH2034-13SB;HISTÓRIA DA FILOSOFIA CONTEMPORÂNEA: O SÉCULO XIX
11202322161;NANHZ2108-18SB;SEMINÁRIOS DE LEITURA
11202421278;DI1MCZC003-15SB;INTRODUÇÃO À PSICOLINGUÍSTICA E NEUROCIÊNCIA DA LINGUAGEM
11202212527;NB3BCN0404-15SA;GEOMETRIA ANALÍTICA
11202212527;NA2ESTO008-17SA;MECÂNICA DOS SÓLIDOS I
11201810982;NA1MCTB001-17SB;ÁLGEBRA LINEAR
11201932563;DA1MCTA004-17SA;ARQUITETURA DE COMPUTADORES
11202231478;DA5MCTA028-15SA;PROGRAMAÇÃO ESTRUTURADA
11202021033;NA1ESZE044-17SA;SEGURANÇA DE INSTALAÇÕES NUCLEARES
11201810490;DA1MCZA017-13SA;PROCESSAMENTO DE LINGUAGEM NATURAL
11202322013;NAMCTC011-15SB;PSICOLOGIA COGNITIVA
11202322013;NANHH2032-18SB;HISTÓRIA DA FILOSOFIA ANTIGA HELENÍSTICA
11202322013;NAMCZC013-15SB;MEMÓRIA E APRENDIZAGEM
11202320228;DA2BCL0306-15SA;BIODIVERSIDADE: INTERAÇÕES ENTRE ORGANISMOS E AMBIENTE
11202321367;NA1ESZS016-17SB;ANÁLISE EXPERIMENTAL DE ESTRUTURAS
11082016;NANHT3067-15SA;ANÁLISE DE FOURIER E APLICAÇÕES
11082016;NANHT3054-15SA;TEORIA DA RELATIVIDADE
11202520886;DAMCTC002-15SB;INTRODUÇÃO À NEUROCIÊNCIA
11202022282;DC1ESTO013-17SA;ENGENHARIA ECONÔMICA
11201920215;DA1ESTA008-17SA;SISTEMAS DE CONTROLE II
11202321395;NA2ESTO008-17SA;MECÂNICA DOS SÓLIDOS I
11202532715;DA1MCZA017-13SA;PROCESSAMENTO DE LINGUAGEM NATURAL
11202130465;DA1NHZ5016-15SA;HISTÓRIA DA EDUCAÇÃO
11202130699;NA1ESTE015-17SA;FUNDAMENTOS DE CONVERSÃO DE ENERGIA ELÉTRICA
11202130699;NA1ESTO015-17SA;MECÂNICA DOS FLUIDOS I
11202420920;DB3BCL0306-15SA;BIODIVERSIDADE: INTERAÇÕES ENTRE ORGANISMOS E AMBIENTE
11202320901;NAMCTD023-18SA;FUNDAMENTOS DE ANÁLISE
11202320901;DA1NHZ5016-15SA;HISTÓRIA DA EDUCAÇÃO
11202232015;NA1NHI2049-13SB;LÓGICA BÁSICA
11202332362;DA1ESGE001-23SB;ENGENHARIA DE SEGURANÇA DO TRABALHO
11202320997;DA2BCN0402-15SA;FUNÇÕES DE UMA VARIÁVEL
11202230301;NB2BCK0103-15SA;FÍSICA QUÂNTICA
11202021116;NA1ESZU031-17SA;REÚSO DE ÁGUA
11202210058;DA1ESHP014-13SB;INTRODUÇÃO ÀS POLÍTICAS PÚBLICAS
11202321374;DA1NHZ5016-15SA;HISTÓRIA DA EDUCAÇÃO
11202532682;DA1NHBQ004-22SA;ESPECTROANALÍTICA MOLECULAR E ATÔMICA
11202021419;DI1ESHR018-21SB;ATORES NÃO ESTATAIS E AS RELAÇÕES INTERNACIONAIS
11202421498;NA2BCM0506-15SA;COMUNICAÇÃO E REDES
11202532704;NA1BIR0004-15SA;BASES EPISTEMOLÓGICAS DA CIÊNCIA MODERNA
11202532704;NA2BCL0306-15SA;BIODIVERSIDADE: INTERAÇÕES ENTRE ORGANISMOS E AMBIENTE
11202322177;NB1BIR0004-15SB;BASES EPISTEMOLÓGICAS DA CIÊNCIA MODERNA
11202020293;NANHH2032-18SB;HISTÓRIA DA FILOSOFIA ANTIGA HELENÍSTICA
11202020293;NANHH2041-13SB;HISTÓRIA DA FILOSOFIA MODERNA: PERSPECTIVAS RACIONALISTAS
11202131891;NANHH2028-13SB;FILOSOFIA POLÍTICA
11202130245;NA1BIK0102-15SB;ESTRUTURA DA MATÉRIA
11202130245;NA1ESHT019-17SB;PLANEJAMENTO E POLÍTICA RURAL
11202131204;DC1ESTO013-17SA;ENGENHARIA ECONÔMICA
11202321965;DA1NHZ5019-22SB;TECNOLOGIAS DA INFORMAÇÃO E COMUNICAÇÃO NA EDUCAÇÃO
11202321965;DAMCTC007-20SB;COMUNICAÇÃO CIENTÍFICA
11009716;NB1BCN0405-15SA;INTRODUÇÃO ÀS EQUAÇÕES DIFERENCIAIS ORDINÁRIAS
11201920282;NAESTB018-17SB;COMPUTAÇÃO CIENTÍFICA APLICADA A PROBLEMAS BIOLÓGICOS
11202111826;NA1NHT1057-15SA;GENÉTICA II
11202130838;DA1ESTG001-17SB;CUSTOS
11202320245;DA1ESEC004-24SB;OFICINAS EM ECONOMIA E HISTÓRIA DO ABC PAULISTA
11202320222;DA1ESTI007-17SA;COMUNICAÇÃO DIGITAL
11201810600;NA1ESTS015-17SB;COMBUSTÃO I
11201810600;NA1ESTS001-17SB;DINÂMICA I
11201810600;NA1ESHC027-21SB;ECONOMIA MATEMÁTICA
11201810600;NA1LHZ0041-22SB;INTRODUÇÃO AOS LETRAMENTOS EM INGLÊS
11201810600;NA1ESAE005-23SB;TÉCNICAS DE ANÁLISE ESTRUTURAL
11202320302;NA2ESTI013-17SA;SISTEMAS MICROPROCESSADOS
11202321480;NAESTB018-17SB;COMPUTAÇÃO CIENTÍFICA APLICADA A PROBLEMAS BIOLÓGICOS
11201920389;NA1MCTB009-17SB;CÁLCULO NUMÉRICO
11202231741;NA1ESTG008-17SB;GERÊNCIA DE ATIVOS
11035416;NA1ESTO015-17SA;MECÂNICA DOS FLUIDOS I
11035416;NA1ESZA007-17SA;CONFIABILIDADE DE COMPONENTES E SISTEMAS
11202420428;DB1BIR0004-15SA;BASES EPISTEMOLÓGICAS DA CIÊNCIA MODERNA
11202021909;NAMCZC013-15SB;MEMÓRIA E APRENDIZAGEM
11202521529;DB1BHO0101-15SB;ESTADO E RELAÇÕES DE PODER
11202420327;NA1ESHT019-17SB;PLANEJAMENTO E POLÍTICA RURAL
11202420327;NA1ESHP029-14SB;TEORIA E GESTÃO DE ORGANIZAÇÕES PÚBLICAS
11201921888;DAMCNC003-23SB;PROCESSAMENTO DE SINAIS NEURAIS
11202232111;DA1NHZ2053-11SB;PENSAMENTO MARXISTA E SEUS DESDOBRAMENTOS CONTEMPORÂNEOS
11202020929;DANHBT004-23SA;DIVULGAÇÃO CIENTÍFICA EM BIOTECNOLOGIA
11202422093;DA1NHT5004-15SA;EDUCAÇÃO CIENTÍFICA, SOCIEDADE E CULTURA
11202421386;DA1ESHP023-22SB;HISTÓRIA DAS INSTITUIÇÕES POLÍTICAS BRASILEIRAS
11201811830;NA1NHZ3053-15SA;TEORIA CLÁSSICA DOS CAMPOS
11202231921;NB3BCJ0204-15SA;FENÔMENOS MECÂNICOS
11202320618;NI1ESHR008-21SB;INTEGRAÇÃO REGIONAL - TEORIAS E EXPERIÊNCIAS
11202020943;NA1NHBQ021-22SA;OPERAÇÕES UNITÁRIAS II
11201932524;NA1ESGE010-23SB;TÓPICOS EM ENGENHARIA DE PRODUÇÃO NA INDÚSTRIA QUÍMICA
11202420327;NA1BIL0304-15SB;EVOLUÇÃO E DIVERSIFICAÇÃO DA VIDA NA TERRA
11202420555;DA1ESHP023-22SB;HISTÓRIA DAS INSTITUIÇÕES POLÍTICAS BRASILEIRAS
11202111190;NA1MCZC001-20SB;DOENÇAS DO SISTEMA NERVOSO
11202421350;DA1BHS0011-23SB;REFLEXÕES SOBRE ARTE E SOCIEDADE
11202332322;NA1ESZG011-17SB;PLANEJAMENTO ESTRATÉGICO EM GESTÃO DE PROJETOS
11202321330;NB1BCK0103-15SB;FÍSICA QUÂNTICA
11202420659;DB1BCM0504-15SB;NATUREZA DA INFORMAÇÃO
11202231699;NI1ESHR008-21SB;INTEGRAÇÃO REGIONAL - TEORIAS E EXPERIÊNCIAS
11202231699;NANHH2034-13SB;HISTÓRIA DA FILOSOFIA CONTEMPORÂNEA: O SÉCULO XIX
11202020322;NAESTA016-17SA;MÁQUINAS ELÉTRICAS
11202510062;NC1ESMA002-23SA;INOVAÇÕES PARA ENGENHARIA
11201810105;NAMCTD018-18SA;PRÁTICAS DE ENSINO DE MATEMÁTICA III
11202432407;DA1NHT5004-15SA;EDUCAÇÃO CIENTÍFICA, SOCIEDADE E CULTURA
11201811597;DA1BHQ0003-15SB;INTERPRETAÇÕES DO BRASIL
11201811597;DB1BHO1335-15SB;FORMAÇÃO DO SISTEMA INTERNACIONAL
11201811597;NA1BHO0101-15SB;ESTADO E RELAÇÕES DE PODER
11201721263;NB1BCK0103-15SA;FÍSICA QUÂNTICA
11202021312;DA1ESTG021-17SB;SISTEMAS CAD/CAE
11202321527;DA1ESZU030-17SA;RISCOS NO AMBIENTE URBANO
11201932477;DA1BHS0011-23SB;REFLEXÕES SOBRE ARTE E SOCIEDADE
11202532603;NA1BIS0003-15SA;BASES MATEMÁTICAS
11202532603;NA3BCL0306-15SB;BIODIVERSIDADE: INTERAÇÕES ENTRE ORGANISMOS E AMBIENTE
11202532603;NA2BIR0603-15SB;CIÊNCIA, TECNOLOGIA E SOCIEDADE
11202532603;NA11BCJ0204-15SA;FENÔMENOS MECÂNICOS
11202230678;DA12BCJ0204-15SA;FENÔMENOS MECÂNICOS
11202230678;DA1NHT5004-15SA;EDUCAÇÃO CIENTÍFICA, SOCIEDADE E CULTURA
11202421244;DA1ESHP014-13SB;INTRODUÇÃO ÀS POLÍTICAS PÚBLICAS
11202320793;NA1ESTE015-17SA;FUNDAMENTOS DE CONVERSÃO DE ENERGIA ELÉTRICA
11202320793;DAMCZB036-17SA;FILOSOFIA DA MATEMÁTICA
11202020048;DA1BIS0003-15SB;BASES MATEMÁTICAS
11202020048;DA1BIR0603-15SB;CIÊNCIA, TECNOLOGIA E SOCIEDADE
11202421196;DA1ESHP023-22SB;HISTÓRIA DAS INSTITUIÇÕES POLÍTICAS BRASILEIRAS
11202420995;DA1NHZ5016-15SB;HISTÓRIA DA EDUCAÇÃO
11202130842;DA1ESTS004-17SB;DESEMPENHO DE AERONAVES
11202520628;DA4BCL0306-15SA;BIODIVERSIDADE: INTERAÇÕES ENTRE ORGANISMOS E AMBIENTE
11202520628;DA2BCN0404-15SA;GEOMETRIA ANALÍTICA
11202020376;DA1ESGE001-23SB;ENGENHARIA DE SEGURANÇA DO TRABALHO
11202420535;NA1ESZU019-17SA;TRANSPORTES E MEIO AMBIENTE
21062314;DA1MCTB001-17SA;ÁLGEBRA LINEAR
11202130756;DA1ESHR030-21SB;ESTUDOS ESTRATÉGICOS E DEFESA
11202421049;NA1ESEC004-24SB;OFICINAS EM ECONOMIA E HISTÓRIA DO ABC PAULISTA
11202420168;NA2ESTO008-17SA;MECÂNICA DOS SÓLIDOS I
11202420535;NA2ESTO008-17SA;MECÂNICA DOS SÓLIDOS I
21076515;DANHH2087-16SB;HISTÓRIA DA FILOSOFIA MEDIEVAL: DO SÉCULO XI AO XIV
21076515;NANHH2041-13SB;HISTÓRIA DA FILOSOFIA MODERNA: PERSPECTIVAS RACIONALISTAS
11201920362;DA1MCZA017-13SA;PROCESSAMENTO DE LINGUAGEM NATURAL
11202130911;DA1ESTB022-17SB;FUNDAMENTOS DE ELETRÔNICA ANALÓGICA E DIGITAL
11201721357;NA1NHT1030-15SA;GEOLOGIA E PALEONTOLOGIA
11202321083;DA2BIR0603-15SB;CIÊNCIA, TECNOLOGIA E SOCIEDADE
11202421822;NA2BCL0306-15SA;BIODIVERSIDADE: INTERAÇÕES ENTRE ORGANISMOS E AMBIENTE
11202421822;NA10BCJ0204-15SA;FENÔMENOS MECÂNICOS
11202421822;NANHT3067-15SA;ANÁLISE DE FOURIER E APLICAÇÕES
11202421123;NB1ESHT003-17SB;DEMOGRAFIA
11089514;DA1ESZM029-17SA;ENGENHARIA DE FILMES FINOS
11202231635;DA1ESHC003-17SB;DESENVOLVIMENTO SOCIOECONÔMICO
11202021765;DAESTA020-17SA;MODELAGEM E CONTROLE
11202420229;NA1ESGE010-23SB;TÓPICOS EM ENGENHARIA DE PRODUÇÃO NA INDÚSTRIA QUÍMICA
11202520615;NA4BCJ0204-15SA;FENÔMENOS MECÂNICOS
11202111587;DAMCTC007-20SB;COMUNICAÇÃO CIENTÍFICA
11202231435;NB1BCN0402-15SA;FUNÇÕES DE UMA VARIÁVEL
11202421311;NA1ESHT019-17SB;PLANEJAMENTO E POLÍTICA RURAL
11202232226;DA1NHZ5016-15SA;HISTÓRIA DA EDUCAÇÃO
11202420767;NA1ESTI005-17SA;SINAIS ALEATÓRIOS
11202212451;NA1NHH2088-16SB;PRÁTICA DE ENSINO DE FILOSOFIA: CURRÍCULOS
11202420358;NA1ESHT016-22SB;OFICINA DE PLANEJAMENTO E GOVERNANÇA METROPOLITANA
11202420778;NA1ESHT016-22SB;OFICINA DE PLANEJAMENTO E GOVERNANÇA METROPOLITANA
11202321436;NA1LHZ0041-22SB;INTRODUÇÃO AOS LETRAMENTOS EM INGLÊS
11201810119;NA1MCTB001-17SB;ÁLGEBRA LINEAR
11201810119;NA2ESTA002-17SB;CIRCUITOS ELÉTRICOS I
11202020834;NAMCBM003-23SA;APROXIMAÇÃO TEÓRICA E NUMÉRICA I
11202230213;DA1BHS0011-23SB;REFLEXÕES SOBRE ARTE E SOCIEDADE
11202420590;DA1NHI5011-13SA;POLÍTICAS EDUCACIONAIS
11202421488;DANHH2009-13SB;ÉTICA
11062914;NA1ESAE008-23SB;DINÂMICA DO VOO
11202422073;NA1MCTA028-15SA;PROGRAMAÇÃO ESTRUTURADA
11202131693;DA1MCCC008-23SA;INTELIGÊNCIA ARTIFICIAL
11201812118;DA1ESZM029-17SA;ENGENHARIA DE FILMES FINOS
11202130752;NA1LHE0001-19SB;HISTÓRIA, EUROCENTRISMO E PÓS-COLONIALISMO
11202210088;NA1BIL0304-15SB;EVOLUÇÃO E DIVERSIFICAÇÃO DA VIDA NA TERRA
11202320910;DA1ESHR003-21SB;ECONOMIA POLÍTICA INTERNACIONAL DA SEGURANÇA ALIMENTAR
11202232283;NA6BCJ0204-15SA;FENÔMENOS MECÂNICOS
11202321136;DA1ESTO012-17SB;PRINCÍPIOS DE ADMINISTRAÇÃO
11201810141;NA1ESZU031-17SA;REÚSO DE ÁGUA
11202321021;DC1BCN0402-15SB;FUNÇÕES DE UMA VARIÁVEL
11202230857;NC1ESTO012-17SA;PRINCÍPIOS DE ADMINISTRAÇÃO
11202131851;NA1ESHR011-21SB;INTRODUÇÃO AO DIREITO E FUNDAMENTOS DO DIREITO INTERNACIONAL
11202320618;NA1ESHT001-17SB;ARRANJOS INSTITUCIONAIS E MARCO REGULATÓRIO DO TERRITÓRIO
11201920282;NA2ESTI013-17SA;SISTEMAS MICROPROCESSADOS
11202020813;NA1ESTE017-17SA;OPERAÇÃO DE SISTEMAS ELÉTRICOS DE POTÊNCIA
11201722860;NAMCBM011-23SA;TEORIA DE GRUPOS
11202231278;DA1ESHR027-21SB;ÁFRICA NAS RELAÇÕES INTERNACIONAIS
11024416;DAESTB018-17SB;COMPUTAÇÃO CIENTÍFICA APLICADA A PROBLEMAS BIOLÓGICOS
11202421201;DA1BIK0102-15SA;ESTRUTURA DA MATÉRIA
11201811616;DA1MCTB009-17SA;CÁLCULO NUMÉRICO
11201811616;NAMCZB012-13SA;INFERÊNCIA ESTATÍSTICA
11202420802;DA1ESTA017-17SA;LABORATÓRIO DE MÁQUINAS ELÉTRICAS
11202420802;DB1ESMA002-23SA;INOVAÇÕES PARA ENGENHARIA
11202232244;DA1ESZU019-17SA;TRANSPORTES E MEIO AMBIENTE
11202131504;NI1ESTS003-17SA;INTRODUÇÃO À ASTRONÁUTICA
11202111952;NA1NHZ5019-22SA;TECNOLOGIAS DA INFORMAÇÃO E COMUNICAÇÃO NA EDUCAÇÃO
13201910046;NA1BIK0102-15SB;ESTRUTURA DA MATÉRIA
11202420180;DB1NHZ5016-15SA;HISTÓRIA DA EDUCAÇÃO
11020116;DA1ESZS031-17SB;PLACAS E CASCAS
11020116;DA1ESTU011-17SA;PLANEJAMENTO URBANO E METROPOLITANO
11202231823;NA1ESTE028-17SA;ENGENHARIA NUCLEAR
11202131504;NA1ESZU031-17SA;REÚSO DE ÁGUA
11202021047;NA1NHT5004-15SA;EDUCAÇÃO CIENTÍFICA, SOCIEDADE E CULTURA
11202020587;DAESIR002-23SA;LÓGICA PROGRAMÁVEL
11202420469;DA1NHZ5016-15SB;HISTÓRIA DA EDUCAÇÃO
11202321480;DAESIR002-23SA;LÓGICA PROGRAMÁVEL
11202231000;NB1NHZ5016-15SA;HISTÓRIA DA EDUCAÇÃO
11201920960;NA1ESHT021-17SB;POLÍTICA URBANA
11202410095;DANHH2085-16SB;FILOSOFIA DA ARTE
11202421059;DA1MCTB001-17SB;ÁLGEBRA LINEAR
11202321093;DA1NHZ1097-19SA;PRÁTICAS PEDAGÓGICAS E FORMATIVAS EM MUSEUS DE CIÊNCIAS
11202322243;NB1BIR0004-15SB;BASES EPISTEMOLÓGICAS DA CIÊNCIA MODERNA
11202320221;NB3BCJ0204-15SA;FENÔMENOS MECÂNICOS
11202322057;NA1BCS0001-25SB;BASE EXPERIMENTAL DAS CIÊNCIAS NATURAIS
11202322057;NA1ESBM003-23SB;COMPUTAÇÃO CIENTÍFICA APLICADA A PROBLEMAS BIOLÓGICOS
11201921354;NA1NHT4046-15SA;TRABALHO DE CONCLUSÃO DE CURSO EM QUÍMICA
11202310056;DA1NHZ2091-16SB;ARGUMENTAÇÃO E ENSINO
11202022145;NANHH2041-13SB;HISTÓRIA DA FILOSOFIA MODERNA: PERSPECTIVAS RACIONALISTAS
11202420400;DA1NHZ5016-15SB;HISTÓRIA DA EDUCAÇÃO
11202021507;NA1MCBM022-23SA;INTRODUÇÃO AOS PROCESSOS ESTOCÁSTICOS
11202230348;DC1BIS0003-15SB;BASES MATEMÁTICAS
11202231323;DB2BCL0306-15SA;BIODIVERSIDADE: INTERAÇÕES ENTRE ORGANISMOS E AMBIENTE
11202022024;DA1ESHC907-18SB;MONOGRAFIA I - TÉCNICAS DE PESQUISA EM ECONOMIA
11202231058;DA1ESHR027-21SB;ÁFRICA NAS RELAÇÕES INTERNACIONAIS
11202022196;NA1ESAE008-23SB;DINÂMICA DO VOO
11202020869;NB2BIR0603-15SB;CIÊNCIA, TECNOLOGIA E SOCIEDADE
11202020869;NANHH2009-13SB;ÉTICA
21083215;NI1ESHR008-21SB;INTEGRAÇÃO REGIONAL - TEORIAS E EXPERIÊNCIAS
11202231058;DA1ESHP004-13SB;CIDADANIA, DIREITOS E DESIGUALDADES
11201920288;NA2ESTU026-17SA;CARACTERIZAÇÃO DE MATRIZES AMBIENTAIS
11202230528;NANHZ2108-18SB;SEMINÁRIOS DE LEITURA
11201920288;NAESTB018-17SB;COMPUTAÇÃO CIENTÍFICA APLICADA A PROBLEMAS BIOLÓGICOS
11201920288;NA1ESHP031-22SB;AVALIAÇÃO E MONITORAMENTO DE POLÍTICAS PÚBLICAS
11202421856;DA2BCL0306-15SB;BIODIVERSIDADE: INTERAÇÕES ENTRE ORGANISMOS E AMBIENTE
11116210;DA1ESTE023-17SA;TRANSFERÊNCIA DE CALOR II
11201810083;DA1NHT5004-15SA;EDUCAÇÃO CIENTÍFICA, SOCIEDADE E CULTURA
11202522299;NA12BCJ0204-15SA;FENÔMENOS MECÂNICOS
21061115;NAMCTC011-15SB;PSICOLOGIA COGNITIVA
11201811322;NANHBT004-23SA;DIVULGAÇÃO CIENTÍFICA EM BIOTECNOLOGIA
11201811732;DA1MCTA004-17SA;ARQUITETURA DE COMPUTADORES
11202320821;NB4BCL0308-15SA;BIOQUÍMICA: ESTRUTURA, PROPRIEDADES E FUNÇÕES DE BIOMOLÉCULAS
11201811732;DA1MCCC013-23SA;OTIMIZAÇÃO LINEAR
11202522405;DB1BIR0004-15SB;BASES EPISTEMOLÓGICAS DA CIÊNCIA MODERNA
11202232536;NB1BIS0003-15SB;BASES MATEMÁTICAS
11202021353;DA2MCTB009-17SA;CÁLCULO NUMÉRICO
11201812094;NA3BCJ0204-15SB;FENÔMENOS MECÂNICOS
11202230365;NA1NHH2088-16SB;PRÁTICA DE ENSINO DE FILOSOFIA: CURRÍCULOS
11202231370;DA1MCCC001-23SA;ALGORITMOS E ESTRUTURAS DE DADOS I
11074814;NA1ESZB031-17SB;INSTALAÇÕES HOSPITALARES
11202231242;NA2ESTI007-17SA;COMUNICAÇÃO DIGITAL
11202231583;NI1ESHR008-21SB;INTEGRAÇÃO REGIONAL - TEORIAS E EXPERIÊNCIAS
11085013;NANHLP002-22SA;PRÁTICAS DE ENSINO DE FÍSICA II
11202020477;DA2ESTO011-17SA;FUNDAMENTOS DE DESENHO TÉCNICO
11064816;NANHZ3043-15SA;NOÇÕES DE ASTRONOMIA E COSMOLOGIA
11201722175;NANHT3054-15SA;TEORIA DA RELATIVIDADE
11201722175;NANHBP007-23SA;MECÂNICA QUÂNTICA I
11201723107;DA1NHZ5016-15SB;HISTÓRIA DA EDUCAÇÃO
11202131381;NA1MCTB008-17SA;CÁLCULO DE PROBABILIDADE
11202421766;DA5MCTA028-15SA;PROGRAMAÇÃO ESTRUTURADA
11202212448;NA1ESAE002-23SB;DESENHO UNIVERSAL E TECNOLOGIA ASSISTIVA
11202421771;DA5MCTA028-15SA;PROGRAMAÇÃO ESTRUTURADA
11202321413;ND1LCT1002-19SA;ESTÁGIO II NO ENSINO FUNDAMENTAL
11202130666;NA1LHT1006-19SB;ESTÁGIO SUPERVISIONADO EM CH VI
11202310119;DB1LHT1001-19SB;ESTÁGIO SUPERVISIONADO EM CH I
11202421375;NB1LCT1002-19SA;ESTÁGIO II NO ENSINO FUNDAMENTAL
11202230528;NA1LHT1006-19SB;ESTÁGIO SUPERVISIONADO EM CH VI
11202321983;NC1LCT1002-19SA;ESTÁGIO II NO ENSINO FUNDAMENTAL
11202231410;DA1LHT1006-19SB;ESTÁGIO SUPERVISIONADO EM CH VI
11202111534;NA1NHT1020-13SA;ESTÁGIO SUPERVISIONADO EM BIOLOGIA I (NÍVEL MÉDIO)
11202320496;DA1LHT1001-19SB;ESTÁGIO SUPERVISIONADO EM CH I
11202421479;NB1LCT1002-19SA;ESTÁGIO II NO ENSINO FUNDAMENTAL
11201810816;NC1LCT1002-19SA;ESTÁGIO II NO ENSINO FUNDAMENTAL
11202020146;NA1NHLF005-23SB;ESTÁGIO SUPERVISIONADO EM ENSINO DE FILOSOFIA
11085013;DC1LCT1002-19SA;ESTÁGIO II NO ENSINO FUNDAMENTAL
11085013;NA1NHT3005-13SA;ESTÁGIO SUPERVISIONADO EM FÍSICA II (NÍVEL MÉDIO)
11201810105;NA1LCT1002-19SA;ESTÁGIO II NO ENSINO FUNDAMENTAL
11202410095;NA1LHT1001-19SB;ESTÁGIO SUPERVISIONADO EM CH I
11202021966;NA1ESTA011-17SA;AUTOMAÇÃO DE SISTEMAS INDUSTRIAIS
11202210085;DA1ESTG021-17SB;SISTEMAS CAD/CAE
11202021956;NA1ESTG010-17SB;INOVAÇÃO TECNOLÓGICA
11202022166;NAESTE029-17SA;ENGENHARIA DE COMBUSTÍVEIS FÓSSEIS
11202230759;DA1BCS0002-15SA;PROJETO DIRIGIDO
11202420692;NC5BCL0307-15SA;TRANSFORMAÇÕES QUÍMICAS
11202231156;DANHT1002-15SB;BIOÉTICA
11202422006;NAESHR027-21SB;ÁFRICA NAS RELAÇÕES INTERNACIONAIS
11202230780;NA3MCTB010-13SA;CÁLCULO VETORIAL E TENSORIAL
11202020730;NA1MCZA002-17SA;APRENDIZADO DE MÁQUINA
11202020271;NA2MCTA026-13SA;SISTEMAS OPERACIONAIS
11201921074;NB1ESTO013-17SB;ENGENHARIA ECONÔMICA
11202020044;NAESHC022-17SB;MACROECONOMIA I
11201722646;NAESTI003-17SA;TRANSFORMADAS EM SINAIS E SISTEMAS LINEARES
11202421590;NA2BCJ0205-15SA;FENÔMENOS TÉRMICOS
11202321978;NA1ESHC018-17SB;FORMAÇÃO ECONÔMICA DO BRASIL
11202020205;NA1ESTB009-17SB;PRINCÍPIOS DE IMAGENS MÉDICAS
11201811467;NA1ESTU012-17SA;POLUIÇÃO ATMOSFÉRICA
11201720742;DA1ESGE002-23SB;PESQUISA OPERACIONAL
11202020952;NA3BCJ0204-15SA;FENÔMENOS MECÂNICOS
11202421326;NA2BCM0505-22SB;PROCESSAMENTO DA INFORMAÇÃO
11202320350;DAMCTC011-15SA;PSICOLOGIA COGNITIVA
11202421776;DA3BCN0407-15SA;FUNÇÕES DE VÁRIAS VARIÁVEIS
11202131220;DA1ESHC019-17SB;HISTÓRIA DO PENSAMENTO ECONÔMICO
11202131220;NAESHR012-21SB;POLÍTICA INTERNACIONAL DOS EUA
11202421081;DA1BCJ0204-15SA;FENÔMENOS MECÂNICOS
11202022029;NA1ESHR022-21SB;TEORIAS CLÁSSICAS DAS RELAÇÕES INTERNACIONAIS
11202421255;NAESZP006-13SB;PENSAMENTO LATINO-AMERICANO E POLÍTICAS DE CT&I
11202020282;NAESHC017-17SB;FINANÇAS PÚBLICAS
11202322250;NA3BCN0402-15SA;FUNÇÕES DE UMA VARIÁVEL
11202322250;DA1BCN0404-15SA;GEOMETRIA ANALÍTICA
11202021039;DANHZ3083-15SA;INTRODUÇÃO À FÍSICA ESTELAR
11202130449;DA1ESTG009-17SB;GESTÃO DE OPERAÇÕES
11202420633;NB1BHQ0002-15SB;ESTUDOS ÉTNICO-RACIAIS
11201812044;NA1ESAU015-23SA;MICROSSIMULAÇÃO DE SISTEMAS DE TRANSPORTES
11202320361;NB1BCS0002-15SB;PROJETO DIRIGIDO
11202020429;NA2ESMA002-23SA;INOVAÇÕES PARA ENGENHARIA
11202021347;DAMCTD010-18SA;HISTÓRIA DA MATEMÁTICA
11202231692;NA1ESTO011-17SB;FUNDAMENTOS DE DESENHO TÉCNICO
11202111593;NA1BCN0404-15SB;GEOMETRIA ANALÍTICA
11202111593;NB1ESTO013-17SB;ENGENHARIA ECONÔMICA
11202230283;DANHZ2054-18SB;PENSAMENTO NIETZSCHEANO E SEUS DESDOBRAMENTOS CONTEMPORÂNEOS
11201811743;NA2ESMA002-23SA;INOVAÇÕES PARA ENGENHARIA
11202021609;NAESHP012-22SB;DIREITO ADMINISTRATIVO
11202021765;DA1ESMA002-23SB;INOVAÇÕES PARA ENGENHARIA
11201720004;NA1NHZ6004-18SA;ENZIMOLOGIA E BIOCATÁLISE
11202230842;NA1ESAE003-23SB;DINÂMICA DE GASES
11202020964;NABHS0004-23SB;ENCONTROS SOBRE GÊNERO E SEXUALIDADES
11202230419;DB1BCK0103-15SA;FÍSICA QUÂNTICA
11202321201;DA1BCK0103-15SA;FÍSICA QUÂNTICA
11202321280;DAMCTD022-18SA;ÁLGEBRA NA EDUCAÇÃO BÁSICA
11201722546;NAMCCC008-23SB;INTELIGÊNCIA ARTIFICIAL
11202230642;NA1MCZA014-17SA;MÉTODOS DE OTIMIZAÇÃO
11202230642;NA1MCBM011-23SA;TEORIA DE GRUPOS
11202020038;NA3MCTB010-13SA;CÁLCULO VETORIAL E TENSORIAL
11202320796;DA1ESHT025-17SB;DESENVOLVIMENTO ECONÔMICO E SOCIAL NO BRASIL
11202421579;NA6BCL0307-15SA;TRANSFORMAÇÕES QUÍMICAS
11201932490;NA1ESMA001-23SB;SOLUÇÕES PARA DESAFIOS EM ENGENHARIA
11202321402;NA4BCJ0204-15SA;FENÔMENOS MECÂNICOS
11202321201;NA1BIR0603-15SA;CIÊNCIA, TECNOLOGIA E SOCIEDADE
11202230559;NA1ESHR002-21SB;TEMAS DE DIREITO INTERNACIONAL PU&#769
11202230559;NA1ESHR022-21SB;TEORIAS CLÁSSICAS DAS RELAÇÕES INTERNACIONAIS
11202230559;NA1ESZT018-17SB;TÓPICOS ESPECIAIS EM PLANEJAMENTO TERRITORIAL
11202321154;DB1BHP0001-15SB;ÉTICA E JUSTIÇA
11202231908;NA1ESTU004-17SA;CARTOGRAFIA E GEOPROCESSAMENTO
11202111599;NABHS0004-23SB;ENCONTROS SOBRE GÊNERO E SEXUALIDADES
11202421427;DA1BIR0004-15SA;BASES EPISTEMOLÓGICAS DA CIÊNCIA MODERNA
11202320397;NA2BIQ0602-15SA;ESTRUTURA E DINÂMICA SOCIAL
11202231395;DB1ESHC030-17SB;DESIGUALDADES DE RAÇA, GÊNERO E RENDA
11201920378;DB1BHP0001-15SB;ÉTICA E JUSTIÇA
11202320417;NB1ESHC022-17SB;MACROECONOMIA I
11202420605;NB1BCM0505-22SA;PROCESSAMENTO DA INFORMAÇÃO
11202020249;NAESHP005-13SB;CONFLITOS SOCIAIS
11201921612;NA1NHZ1027-15SA;FARMACOLOGIA
11202111170;DA1NHT1073-15SA;ECOLOGIA VEGETAL
11202421311;NA1BIR0004-15SB;BASES EPISTEMOLÓGICAS DA CIÊNCIA MODERNA
11202022110;NA1ESTU033-17SA;RESÍDUOS SÓLIDOS
11202021108;NA1ESTB019-17SB;BIOESTATÍSTICA
11202232231;NA1BCN0404-15SA;GEOMETRIA ANALÍTICA
11201720334;NA1NHZ4077-20SA;ESTUDOS QUEER E EDUCAÇÃO
11202322171;NA2ESMA001-23SB;SOLUÇÕES PARA DESAFIOS EM ENGENHARIA
11082216;DANHZ2132-18SB;FILOSOFIA, MÚSICA E LITERATURA
11201811980;NAMCTD020-18SA;CONSTRUÇÕES GEOMÉTRICAS E GEOMETRIA MÉTRICA
11202130346;NA2BIR0603-15SA;CIÊNCIA, TECNOLOGIA E SOCIEDADE
11202020096;NA1ESTG010-17SB;INOVAÇÃO TECNOLÓGICA
11202321131;NA1BCL0308-15SA;BIOQUÍMICA: ESTRUTURA, PROPRIEDADES E FUNÇÕES DE BIOMOLÉCULAS
21045916;NAESHC022-17SB;MACROECONOMIA I
11202321360;NIESHC035-21SB;ECONOMETRIA I
11202130894;NA1ESZG005-17SB;TÉCNICAS DE TOMADAS DE DECISÃO APLICÁVEIS EM MODELOS DE INTERDEPENDÊNCIA
11202111798;NA1NHI5015-22SA;LIBRAS
11202320361;NA1BIS0003-15SB;BASES MATEMÁTICAS
11201921364;DA1MCZA019-17SA;PROGRAMAÇÃO PARA WEB
11202231337;NB1BIR0004-15SA;BASES EPISTEMOLÓGICAS DA CIÊNCIA MODERNA
11202020323;NAESHC029-21SB;MICROECONOMIA III
11202131709;DAMCZD003-18SA;FUNDAMENTOS PSICOANTROPOLÓGICOS DA EDUCAÇÃO
11202321072;NA1ESTO013-17SA;ENGENHARIA ECONÔMICA
11202020323;NB1ESHC022-17SB;MACROECONOMIA I
11201920609;DA1ESTG007-17SB;ENGENHARIA LOGÍSTICA
11202020225;NAESHR014-21SB;RELAÇÕES INTERNACIONAIS CONTEMPORÂNEAS
11202230757;DA1MCZA010-13SA;LABORATÓRIO DE ENGENHARIA DE SOFTWARE
11202321392;NB1BCN0407-15SA;FUNÇÕES DE VÁRIAS VARIÁVEIS
11202231946;NA1BIR0603-15SA;CIÊNCIA, TECNOLOGIA E SOCIEDADE
11202231946;NA1BCM0504-15SA;NATUREZA DA INFORMAÇÃO
11011616;NA1ESHC018-17SB;FORMAÇÃO ECONÔMICA DO BRASIL
11202021267;NB2MCTA022-17SA;REDES DE COMPUTADORES
11202130877;NA1NHT1073-15SA;ECOLOGIA VEGETAL
11202321606;NA1ESHC033-21SB;ECONOMIA BRASILEIRA CONTEMPORÂNEA
11202131095;NA1ESHC018-17SB;FORMAÇÃO ECONÔMICA DO BRASIL
11201810140;NA1MCCC013-23SA;OTIMIZAÇÃO LINEAR
11201810817;NA2BIQ0602-15SA;ESTRUTURA E DINÂMICA SOCIAL
11201920562;DAESHR027-21SB;ÁFRICA NAS RELAÇÕES INTERNACIONAIS
11202432359;NA1NHBQ017-22SA;TÓPICOS ESPECIAIS EM QUÍMICA ORGÂNICA
11201921197;NAESHT014-22SB;OFICINA DE PLANEJAMENTO DE ÁREAS PERIURBANAS, INTERIORANAS E RURAIS
11202232284;DA1NHLB003-23SA;PRÁTICAS DE ENSINO DE BIOLOGIA E CURRÍCULO
11202230400;NA1NHZ6010-18SA;GENÔMICA E PÓS-GENÔMICA
11202230400;DA1ESZB022-17SB;INTRODUÇÃO À BIOINFORMÁTICA
11202321211;NB1ESHC022-17SB;MACROECONOMIA I
11202020712;NA1NHT1062-15SA;EVOLUÇÃO
11120315;NA1MCTB009-17SA;CÁLCULO NUMÉRICO
11202210087;NALHZ0010-19SB;EDUCAÇÃO NÃO FORMAL, INFORMAL E POPULAR
11202312272;DA1BCN0402-15SB;FUNÇÕES DE UMA VARIÁVEL
11202312272;DA1BCN0407-15SB;FUNÇÕES DE VÁRIAS VARIÁVEIS
11202422074;DB1BIR0004-15SA;BASES EPISTEMOLÓGICAS DA CIÊNCIA MODERNA
11202422074;DA1BIR0603-15SA;CIÊNCIA, TECNOLOGIA E SOCIEDADE
11202422074;DA2BCN0404-15SA;GEOMETRIA ANALÍTICA
11202410090;DAESHP005-13SB;CONFLITOS SOCIAIS
11202410090;DA1NHH2017-16SB;FILOSOFIA DA EDUCAÇÃO
11202410090;DANHZ2132-18SB;FILOSOFIA, MÚSICA E LITERATURA
11202020730;NA1NHZ4077-20SA;ESTUDOS QUEER E EDUCAÇÃO
11202111170;NA1ESBM004-23SB;FUNDAMENTOS DE FISIOPATOLOGIA PARA ENGENHARIAS I
11202231636;DAESZA019-17SA;VISÃO COMPUTACIONAL
11202421977;NC5BCL0307-15SA;TRANSFORMAÇÕES QUÍMICAS
11202410052;DA1ESTG021-17SB;SISTEMAS CAD/CAE
11202321495;NA1BHO0002-19SB;INTRODUÇÃO AO PENSAMENTO ECONÔMICO
11202021665;NA1ESTB009-17SB;PRINCÍPIOS DE IMAGENS MÉDICAS
11202320901;DAMCTC011-15SA;PSICOLOGIA COGNITIVA
11202130395;NA1BCJ0205-15SA;FENÔMENOS TÉRMICOS
11202021245;NA1ESTO016-17SA;FENÔMENOS DE TRANSPORTE
11202111067;NA1BCN0407-15SA;FUNÇÕES DE VÁRIAS VARIÁVEIS
11202111067;NB1BHQ0002-15SB;ESTUDOS ÉTNICO-RACIAIS
11202230258;NB2BCN0404-15SA;GEOMETRIA ANALÍTICA
11202130849;DA1BCS0002-15SA;PROJETO DIRIGIDO
11201922374;NA1BCS0002-15SB;PROJETO DIRIGIDO
11202232291;DA1BHS0005-19SB;PRÁTICAS EM CIÊNCIAS E HUMANIDADES
11202230773;NA1BHQ0002-15SA;ESTUDOS ÉTNICO-RACIAIS
11202230773;DA1NHI5015-22SA;LIBRAS
11202230895;DA1ESGE006-23SB;ENGENHARIA DE SEGURANÇA DO TRABALHO: ERGONOMIA
11202230763;NANHT5004-15SA;EDUCAÇÃO CIENTÍFICA, SOCIEDADE E CULTURA
11202020500;NAMCCC008-23SB;INTELIGÊNCIA ARTIFICIAL
11202232222;NA1MCTB023-17SA;TEORIA ARITMÉTICA DOS NÚMEROS
11202231692;NA1ESTO013-17SB;ENGENHARIA ECONÔMICA
11202021094;NA1BHS0002-22SB;DIVERSIDADE DE GÊNERO E FORMAÇÃO DE PROFESSOR
11201920937;NA1ESZU002-17SA;COMPOSTAGEM
11202231296;DAESHC017-17SB;FINANÇAS PÚBLICAS
11202231296;DA1ESZR009-13SB;NEGOCIAÇÕES INTERNACIONAIS, PROPRIEDADE INTELECTUAL E TRANSFERÊNCIA TECNOLÓGICA
11202131673;NAMCTD022-18SA;ÁLGEBRA NA EDUCAÇÃO BÁSICA
11201921071;DA2BIS0003-15SB;BASES MATEMÁTICAS
11201921071;DA1BHS0005-19SB;PRÁTICAS EM CIÊNCIAS E HUMANIDADES
11202332383;NA1BCS0002-15SA;PROJETO DIRIGIDO
11202332383;NA1MCTB009-17SA;CÁLCULO NUMÉRICO
11202231406;DA3BCL0308-15SA;BIOQUÍMICA: ESTRUTURA, PROPRIEDADES E FUNÇÕES DE BIOMOLÉCULAS
11202020080;DA1ESGE006-23SB;ENGENHARIA DE SEGURANÇA DO TRABALHO: ERGONOMIA
11202020080;DA1ESZG040-17SB;MODELOS DE DECISÃO MULTICRITÉRIO
11202020080;DA1ESZG011-17SB;PLANEJAMENTO ESTRATÉGICO EM GESTÃO DE PROJETOS
11202421336;NB2BCN0402-15SA;FUNÇÕES DE UMA VARIÁVEL
11202020225;NB1ESMA002-23SB;INOVAÇÕES PARA ENGENHARIA
21040515;NB1BHQ0301-15SB;TERRITÓRIO E SOCIEDADE
11202322019;DAESHR027-21SB;ÁFRICA NAS RELAÇÕES INTERNACIONAIS
11202232111;NA1ESHT006-17SB;ECONOMIA URBANA
11202320969;NA1MCTB001-17SB;ÁLGEBRA LINEAR
11202231099;NA1ESHC018-17SB;FORMAÇÃO ECONÔMICA DO BRASIL
11202231688;NB1ESHC022-17SB;MACROECONOMIA I
11202422085;DB1BIQ0602-15SA;ESTRUTURA E DINÂMICA SOCIAL
11202420545;DA3BCM0505-22SB;PROCESSAMENTO DA INFORMAÇÃO
11201920728;NA2MCTA022-17SA;REDES DE COMPUTADORES
11202320501;NA1ESBM004-23SB;FUNDAMENTOS DE FISIOPATOLOGIA PARA ENGENHARIAS I
11201920378;DA1ESGE002-23SB;PESQUISA OPERACIONAL
11202420866;DB1ESTO005-17SA;INTRODUÇÃO ÀS ENGENHARIAS
11202230961;NA1BIQ0602-15SB;ESTRUTURA E DINÂMICA SOCIAL
11202230386;NA1NHZ4081-20SB;PAULO FREIRE: EDUCAÇÃO PARA A CRITICIDADE
11202230654;DB1BHQ0301-15SB;TERRITÓRIO E SOCIEDADE
11202230654;DAESHR027-21SB;ÁFRICA NAS RELAÇÕES INTERNACIONAIS
11201811930;NA1ESHC026-21SB;MICROECONOMIA II
11201920291;DA1BCK0104-15SA;INTERAÇÕES ATÔMICAS E MOLECULARES
11098513;NA1ESTS007-17SB;ESTABILIDADE E CONTROLE DE AERONAVES
11098513;DAESTE027-17SA;LABORATÓRIO DE CALOR E FLUIDOS
11202130686;NA3MCTB010-13SA;CÁLCULO VETORIAL E TENSORIAL
11202130789;NA1ESHC030-17SB;DESIGUALDADES DE RAÇA, GÊNERO E RENDA
11202210085;NC2BCL0307-15SA;TRANSFORMAÇÕES QUÍMICAS
11202210085;DA1ESHT006-17SB;ECONOMIA URBANA
11202320951;DA1ESTU005-17SA;CLIMATOLOGIA
11202320951;DAMCTD016-18SA;PRÁTICAS DE ENSINO DE MATEMÁTICA I
11202021421;NAESHR014-21SB;RELAÇÕES INTERNACIONAIS CONTEMPORÂNEAS
11202022100;NAESHP032-22SB;PODER LEGISLATIVO E PROCESSO DECISÓRIO
11202020891;NA1ESZU002-17SA;COMPOSTAGEM
11202420260;NA1ESTO011-17SB;FUNDAMENTOS DE DESENHO TÉCNICO
11202230594;NAMCTD020-18SA;CONSTRUÇÕES GEOMÉTRICAS E GEOMETRIA MÉTRICA
11202332347;NA2BIQ0602-15SA;ESTRUTURA E DINÂMICA SOCIAL
11201920343;NB1BCN0407-15SA;FUNÇÕES DE VÁRIAS VARIÁVEIS
11201920575;NA2BCJ0204-15SA;FENÔMENOS MECÂNICOS
11202111952;NB2BCN0402-15SA;FUNÇÕES DE UMA VARIÁVEL
11202230697;NAESHP028-22SB;POLÍTICAS DIGITAIS, DADOS E GESTÃO ALGORÍTMICA
11201811417;DAESHC017-17SB;FINANÇAS PÚBLICAS
11202020509;NB1BCL0307-15SA;TRANSFORMAÇÕES QUÍMICAS
11201920632;DA1ESTO016-17SA;FENÔMENOS DE TRANSPORTE
11201932536;NA1BIR0004-15SA;BASES EPISTEMOLÓGICAS DA CIÊNCIA MODERNA
11201932536;NA1BCN0407-15SA;FUNÇÕES DE VÁRIAS VARIÁVEIS
11202332371;DA1BCN0402-15SA;FUNÇÕES DE UMA VARIÁVEL
11202320819;NA1BIR0004-15SA;BASES EPISTEMOLÓGICAS DA CIÊNCIA MODERNA
11202021218;DA1ESTG007-17SB;ENGENHARIA LOGÍSTICA
11202020270;DA1ESTU033-17SA;RESÍDUOS SÓLIDOS
11201812359;NA1NHZ5023-18SB;PRÁTICAS ESCOLARES EM EDUCAÇÃO ESPECIAL E INCLUSIVA
11202130469;NA1ESTU021-17SA;TRANSPORTES E MOBILIDADE URBANA
11202130469;NA1NHT1073-15SA;ECOLOGIA VEGETAL
21022716;NA1BIR0004-15SB;BASES EPISTEMOLÓGICAS DA CIÊNCIA MODERNA
11202022244;NA1ESTG019-17SB;TEMPOS, MÉTODOS E ARRANJOS FÍSICOS
11202232134;NA1ESZU023-17SA;RECURSOS HÍDRICOS
11202130369;NIESHC035-21SB;ECONOMETRIA I
11202020971;NA1MCZA002-17SA;APRENDIZADO DE MÁQUINA
11031715;NA1MCZA002-17SA;APRENDIZADO DE MÁQUINA
11201920696;NA1MCTA022-17SA;REDES DE COMPUTADORES
11201920581;NA1BCK0104-15SA;INTERAÇÕES ATÔMICAS E MOLECULARES
11201921065;DA1MCZA019-17SA;PROGRAMAÇÃO PARA WEB
11202021487;NA1MCZA008-17SA;INTERAÇÃO HUMANO-COMPUTADOR
11202130459;NA1MCTA023-17SA;SEGURANÇA DE DADOS
11201722356;NAESHC029-21SB;MICROECONOMIA III
11202020943;NA1MCZA002-17SA;APRENDIZADO DE MÁQUINA
11202510091;NA1ESHC030-17SB;DESIGUALDADES DE RAÇA, GÊNERO E RENDA
11202510091;NA1ESHC016-17SB;FINANÇAS CORPORATIVAS
11201812049;NAESHP018-14SB;POLÍTICAS SOCIAIS
11201811340;NAESTE004-17SA;ENERGIA, MEIO AMBIENTE E SOCIEDADE
11202230946;DAESZA019-17SA;VISÃO COMPUTACIONAL
11202321335;DA1ESHC018-17SB;FORMAÇÃO ECONÔMICA DO BRASIL
11201920622;NA1NHZ1027-15SA;FARMACOLOGIA
11202020877;DB1ESHC030-17SB;DESIGUALDADES DE RAÇA, GÊNERO E RENDA
11202231057;NA1MCTA026-13SA;SISTEMAS OPERACIONAIS
11202320610;NA1ESHC018-17SB;FORMAÇÃO ECONÔMICA DO BRASIL
11202421525;DA3BCN0407-15SA;FUNÇÕES DE VÁRIAS VARIÁVEIS
11202421525;DC1BCL0307-15SA;TRANSFORMAÇÕES QUÍMICAS
11201810177;NA1BHQ0002-15SA;ESTUDOS ÉTNICO-RACIAIS
11202021052;NA1ESZU010-17SA;GESTÃO AMBIENTAL NA INDÚSTRIA
11202111112;DA1ESTS016-17SB;AERODINÂMICA I
11202111112;NAESTS017-17SB;SISTEMAS DE PROPULSÃO I
11202130090;NA1NHZ4077-20SA;ESTUDOS QUEER E EDUCAÇÃO
11201810550;NB1NHZ1096-19SA;PRÁTICAS DISCURSIVAS DA CIÊNCIA E EDUCAÇÃO EM CIÊNCIAS
11202020943;NA1NHI5015-22SA;LIBRAS
11201811621;DA1ESTU015-17SA;SAÚDE AMBIENTAL
11202130853;DB1ESTO013-17SB;ENGENHARIA ECONÔMICA
11202510110;NA1LIE0001-19SA;METODOLOGIAS DE PESQUISA EM EDUCAÇÃO
11202510110;NA1NHZ4081-20SB;PAULO FREIRE: EDUCAÇÃO PARA A CRITICIDADE
11202230330;NB2BIR0603-15SA;CIÊNCIA, TECNOLOGIA E SOCIEDADE
11202230812;NA1ESTO012-17SA;PRINCÍPIOS DE ADMINISTRAÇÃO
11202320566;DB1ESHC030-17SB;DESIGUALDADES DE RAÇA, GÊNERO E RENDA
11202321098;NA1ESTO011-17SB;FUNDAMENTOS DE DESENHO TÉCNICO
11202020924;DA1ESZG040-17SB;MODELOS DE DECISÃO MULTICRITÉRIO
11202421338;DA1BCN0404-15SA;GEOMETRIA ANALÍTICA
11202231132;NA1BCS0002-15SB;PROJETO DIRIGIDO
11202320584;NA1ESTO005-17SA;INTRODUÇÃO ÀS ENGENHARIAS
11202230905;DAESZA019-17SA;VISÃO COMPUTACIONAL
11202321597;DA1BIR0004-15SA;BASES EPISTEMOLÓGICAS DA CIÊNCIA MODERNA
11202111046;NAESZE111-17SA;POLÍTICA ENERGÉTICA
11202320406;NAMCTD022-18SA;ÁLGEBRA NA EDUCAÇÃO BÁSICA
11202022024;NAESHC029-21SB;MICROECONOMIA III
11201920255;NAESHC029-21SB;MICROECONOMIA III
11201920589;NA2BCN0407-15SB;FUNÇÕES DE VÁRIAS VARIÁVEIS
11202410025;NA1MCTC023-15SB;NEUROANATOMIA
11201812180;DA2MCTA022-17SA;REDES DE COMPUTADORES
11202321532;DB1MCTB001-17SA;ÁLGEBRA LINEAR
11202231043;NA1BCK0104-15SA;INTERAÇÕES ATÔMICAS E MOLECULARES
11201920891;NIESHR014-21SB;RELAÇÕES INTERNACIONAIS CONTEMPORÂNEAS
11201920891;NA1ESHR002-21SB;TEMAS DE DIREITO INTERNACIONAL PU&#769
11202230799;NB1ESHC022-17SB;MACROECONOMIA I
11202232254;NA1BCN0402-15SB;FUNÇÕES DE UMA VARIÁVEL
11201812124;NA1ESZR009-13SB;NEGOCIAÇÕES INTERNACIONAIS, PROPRIEDADE INTELECTUAL E TRANSFERÊNCIA TECNOLÓGICA
11201812124;NAESHR014-21SB;RELAÇÕES INTERNACIONAIS CONTEMPORÂNEAS
11201812124;NAESHR023-21SB;TEORIAS CONTEMPORÂNEAS DAS RELAÇÕES INTERNACIONAIS
11202212420;NA1LIE0001-19SA;METODOLOGIAS DE PESQUISA EM EDUCAÇÃO
11201921732;NA1ESHC030-17SB;DESIGUALDADES DE RAÇA, GÊNERO E RENDA
11201920526;NAMCZC021-20SB;NEUROPSICOLOGIA
11201921084;NA1ESZR009-13SB;NEGOCIAÇÕES INTERNACIONAIS, PROPRIEDADE INTELECTUAL E TRANSFERÊNCIA TECNOLÓGICA
11202111160;DA1ESMA002-23SB;INOVAÇÕES PARA ENGENHARIA
11202231615;NA2BCN0407-15SB;FUNÇÕES DE VÁRIAS VARIÁVEIS
11202510063;NA1BCL0306-15SA;BIODIVERSIDADE: INTERAÇÕES ENTRE ORGANISMOS E AMBIENTE
11202320761;NA1BIQ0602-15SB;ESTRUTURA E DINÂMICA SOCIAL
11202421927;DA1BCJ0204-15SA;FENÔMENOS MECÂNICOS
11202421927;DA2BCN0404-15SA;GEOMETRIA ANALÍTICA
11202421132;NA1BCK0103-15SB;FÍSICA QUÂNTICA
11202131981;NB1ESHC022-17SB;MACROECONOMIA I
11202521219;DA1ESTB019-17SB;BIOESTATÍSTICA
11202020402;DA2BCM0505-22SB;PROCESSAMENTO DA INFORMAÇÃO
11201921681;NB2ESTA003-17SA;SISTEMAS DE CONTROLE I
11202131377;DB1BIR0004-15SA;BASES EPISTEMOLÓGICAS DA CIÊNCIA MODERNA
11202111160;DA1ESHR004-13SB;ECONOMIA POLÍTICA INTERNACIONAL DA ENERGIA
11202421312;NA1NHT1073-15SA;ECOLOGIA VEGETAL
11202322242;DA2ESMA002-23SA;INOVAÇÕES PARA ENGENHARIA
11201921864;NA1ESZE045-17SA;RESÍDUOS NUCLEARES
11202422060;NA1ESHT026-21SB;BIODIVERSIDADE, GEODIVERSIDADE E PAISAGEM
11202230963;DAESZA019-17SA;VISÃO COMPUTACIONAL
11202130776;NB1ESTO005-17SA;INTRODUÇÃO ÀS ENGENHARIAS
11202232112;DA1NHZ6013-18SA;BIOTECNOLOGIA ANIMAL
11201721491;NA1ESTU005-17SA;CLIMATOLOGIA
11201811402;DA1ESTG005-17SB;ENGENHARIA ECONÔMICA APLICADA A SISTEMAS DE GESTÃO
11202020891;NA1ESTO008-17SA;MECÂNICA DOS SÓLIDOS I
11202022007;NA1ESZI041-18SA;PROGRAMAÇÃO DE SOFTWARE EMBARCADO
11202130855;DB3BCN0407-15SA;FUNÇÕES DE VÁRIAS VARIÁVEIS
11202021003;NA1ESTI008-17SA;TEORIA DA INFORMAÇÃO E CÓDIGOS
11202321873;NA1ESTO011-17SA;FUNDAMENTOS DE DESENHO TÉCNICO
11201922413;DA1ESZG040-17SB;MODELOS DE DECISÃO MULTICRITÉRIO
11202020259;DA1ESZS003-17SB;INSTRUMENTAÇÃO E SENSORES EM VEÍCULOS AEROESPACIAIS
13201910017;NA1ESHC019-17SB;HISTÓRIA DO PENSAMENTO ECONÔMICO
11202131191;NA1MCTB010-13SA;CÁLCULO VETORIAL E TENSORIAL
11201921102;NB1ESHC022-17SB;MACROECONOMIA I
11202320715;DA1BCN0407-15SB;FUNÇÕES DE VÁRIAS VARIÁVEIS
11202020870;NA1NHT1062-15SA;EVOLUÇÃO
11201822503;NAESHR014-21SB;RELAÇÕES INTERNACIONAIS CONTEMPORÂNEAS
11202130567;NA1ESTB019-17SA;BIOESTATÍSTICA
11202421272;DA1BCN0407-15SA;FUNÇÕES DE VÁRIAS VARIÁVEIS
11202021218;DA1ESGE006-23SB;ENGENHARIA DE SEGURANÇA DO TRABALHO: ERGONOMIA
11202332346;NA3BCN0402-15SA;FUNÇÕES DE UMA VARIÁVEL
11202130323;DA1ESTO012-17SA;PRINCÍPIOS DE ADMINISTRAÇÃO
11202420311;NA1ESTO013-17SA;ENGENHARIA ECONÔMICA
11201920319;NA1ESTO012-17SA;PRINCÍPIOS DE ADMINISTRAÇÃO
11201920319;NA1ESZI041-18SA;PROGRAMAÇÃO DE SOFTWARE EMBARCADO
11202320657;DAESZA019-17SA;VISÃO COMPUTACIONAL
11202230386;NAESHR027-21SB;ÁFRICA NAS RELAÇÕES INTERNACIONAIS
11202322282;DA2ESTB019-17SB;BIOESTATÍSTICA
11202020657;DAESHR012-21SB;POLÍTICA INTERNACIONAL DOS EUA
11201932495;DA1BCK0104-15SA;INTERAÇÕES ATÔMICAS E MOLECULARES
11202232139;DB1BIS0003-15SB;BASES MATEMÁTICAS
11202320867;NC1ESTO013-17SB;ENGENHARIA ECONÔMICA
11202322311;DB1BIS0003-15SB;BASES MATEMÁTICAS
11202421719;DB3BCN0407-15SA;FUNÇÕES DE VÁRIAS VARIÁVEIS
11202321935;NA1BHO0002-19SB;INTRODUÇÃO AO PENSAMENTO ECONÔMICO
11202320315;DA1NHZ6013-18SA;BIOTECNOLOGIA ANIMAL
11202321076;NA1ESHC019-17SB;HISTÓRIA DO PENSAMENTO ECONÔMICO
11201921152;NA1MCZA002-17SA;APRENDIZADO DE MÁQUINA
11202322273;NA3BCL0308-15SA;BIOQUÍMICA: ESTRUTURA, PROPRIEDADES E FUNÇÕES DE BIOMOLÉCULAS
11202231162;NA1MCZA002-17SA;APRENDIZADO DE MÁQUINA
11202112029;NANHT1002-15SB;BIOÉTICA
11202021077;NB2BIS0003-15SB;BASES MATEMÁTICAS
11202111716;DA1ESZT016-17SB;URBANIZAÇÃO BRASILEIRA
11202321044;DAESHR027-21SB;ÁFRICA NAS RELAÇÕES INTERNACIONAIS
11202321374;DB1MCTA022-17SA;REDES DE COMPUTADORES
11202321317;DA1ESTO011-17SA;FUNDAMENTOS DE DESENHO TÉCNICO
11202321483;NABHS0004-23SB;ENCONTROS SOBRE GÊNERO E SEXUALIDADES
11202321483;NB1ESHC022-17SB;MACROECONOMIA I
11202332371;NA3BCN0407-15SA;FUNÇÕES DE VÁRIAS VARIÁVEIS
11202332371;NB2BCN0404-15SA;GEOMETRIA ANALÍTICA
11202510102;DA1BCN0404-15SA;GEOMETRIA ANALÍTICA
11202510102;DB2BCL0307-15SB;TRANSFORMAÇÕES QUÍMICAS
11201921323;NA1ESMA002-23SB;INOVAÇÕES PARA ENGENHARIA
11202020165;NB1ESMA002-23SB;INOVAÇÕES PARA ENGENHARIA
11202420767;NA1NHZ1096-19SA;PRÁTICAS DISCURSIVAS DA CIÊNCIA E EDUCAÇÃO EM CIÊNCIAS
11202131453;DA2BCN0404-15SA;GEOMETRIA ANALÍTICA
11201920813;DA1BCK0103-15SA;FÍSICA QUÂNTICA
11201920813;DA1BCL0307-15SA;TRANSFORMAÇÕES QUÍMICAS
11201920618;NA1MCTB001-17SB;ÁLGEBRA LINEAR
11202320977;NA2ESMA001-23SB;SOLUÇÕES PARA DESAFIOS EM ENGENHARIA
11202130082;NA1ESHC036-21SB;ECONOMETRIA II
11202321403;NA1ESHC040-21SB;RELAÇÕES MONETÁRIAS E FINANCEIRAS INTERNACIONAIS
11202131852;DB1BCM0505-22SA;PROCESSAMENTO DA INFORMAÇÃO
11202421667;DA1BIR0004-15SB;BASES EPISTEMOLÓGICAS DA CIÊNCIA MODERNA
11202421140;NB2BCM0505-22SB;PROCESSAMENTO DA INFORMAÇÃO
11201932490;NA1ESTU039-17SB;REGULAÇÃO AMBIENTAL E URBANÍSTICA
11202420926;DA1BCM0504-15SA;NATUREZA DA INFORMAÇÃO
11202420926;NA1NHT1065-15SA;ZOOLOGIA DE VERTEBRADOS
11202421576;DB1BIR0004-15SA;BASES EPISTEMOLÓGICAS DA CIÊNCIA MODERNA
11201721452;DA1NHT1066-15SA;MORFOFISIOLOGIA ANIMAL COMPARADA
11202332434;DA1BCM0504-15SA;NATUREZA DA INFORMAÇÃO
11068015;DA1MCZA002-17SA;APRENDIZADO DE MÁQUINA
11202130082;NA1ESTS002-17SB;AERONÁUTICA I-A
11202131007;NB1ESTA001-17SA;DISPOSITIVOS ELETRÔNICOS
11202021328;DA1ESTG016-17SB;QUALIDADE EM SISTEMAS
11202421907;NA2ESTI004-17SA;PRINCÍPIOS DE COMUNICAÇÃO
11202230961;NA1BCK0103-15SB;FÍSICA QUÂNTICA
11202130748;DA1LIE0001-19SA;METODOLOGIAS DE PESQUISA EM EDUCAÇÃO
13201910027;DB1ESHC030-17SB;DESIGUALDADES DE RAÇA, GÊNERO E RENDA
13201910027;NB1ESHC022-17SB;MACROECONOMIA I
11201921889;NA1ESZM027-17SA;MATERIAIS PARA ENERGIA E AMBIENTE
11201920822;DA1ESTO017-17SA;MÉTODOS EXPERIMENTAIS EM ENGENHARIA
11201811676;NA1ESTS003-17SB;INTRODUÇÃO À ASTRONÁUTICA
11202420589;DA1BCK0103-15SA;FÍSICA QUÂNTICA
11202420589;DA1MCTB001-17SA;ÁLGEBRA LINEAR
11202420589;DA2MCTB010-13SA;CÁLCULO VETORIAL E TENSORIAL
11202230415;NA1ESZI041-18SA;PROGRAMAÇÃO DE SOFTWARE EMBARCADO
11202231851;NAESHR014-21SB;RELAÇÕES INTERNACIONAIS CONTEMPORÂNEAS
11202321504;NA1BIR0603-15SB;CIÊNCIA, TECNOLOGIA E SOCIEDADE
11202130118;DA1ESTU019-17SA;TEORIA DO PLANEJAMENTO URBANO E AMBIENTAL
11202130697;NA1MCCC013-23SA;OTIMIZAÇÃO LINEAR
11202421409;DABHS0003-23SB;DIÁLOGOS EXTENSIONISTAS EM ECONOMIA
11202231279;NB1ESTA001-17SA;DISPOSITIVOS ELETRÔNICOS
11202230559;NA1ESZR009-13SB;NEGOCIAÇÕES INTERNACIONAIS, PROPRIEDADE INTELECTUAL E TRANSFERÊNCIA TECNOLÓGICA
11082216;DA1ESTS016-17SB;AERODINÂMICA I
11082216;NAMCTD020-18SA;CONSTRUÇÕES GEOMÉTRICAS E GEOMETRIA MÉTRICA
11202130877;NA2ESTU006-17SA;GEOTECNIA
11202321260;DB1BCS0002-15SB;PROJETO DIRIGIDO
11202321741;NANHH2073-18SB;TEORIA DO CONHECIMENTO: EMPIRISMO E RACIONALISMO
11202232197;NA1ESTU012-17SA;POLUIÇÃO ATMOSFÉRICA
11202131248;DA1ESZT016-17SB;URBANIZAÇÃO BRASILEIRA
11202021597;DA1ESTB019-17SA;BIOESTATÍSTICA
11202320716;NB3BCJ0205-15SA;FENÔMENOS TÉRMICOS
11202020537;NA1ESZE098-17SA;FÍSICA DE REATORES NUCLEARES
11202020763;NA1ESTG019-17SB;TEMPOS, MÉTODOS E ARRANJOS FÍSICOS
11202230602;NA1ESTG011-17SB;ESTATÍSTICA APLICADA A SISTEMAS DE GESTÃO
11202131176;DA1MCTA033-15SA;ENGENHARIA DE SOFTWARE
21054716;DA1ESHT006-17SB;ECONOMIA URBANA
11201920594;NA1NHI5015-22SA;LIBRAS
11202021418;NAMCCC008-23SB;INTELIGÊNCIA ARTIFICIAL
11201811373;DA1MCTA033-15SA;ENGENHARIA DE SOFTWARE
11201811373;DA1MCCC009-23SA;LINGUAGENS FORMAIS E AUTÔMATOS
11202410049;NA1MCTB008-17SA;CÁLCULO DE PROBABILIDADE
11202021648;NA3BCN0402-15SA;FUNÇÕES DE UMA VARIÁVEL
11202020763;NA1ESZG001-17SB;ANÁLISE DE REDES DE TRANSPORTE E DISTRIBUIÇÃO
11202021669;DA1MCZA038-17SA;PRÁTICA AVANÇADA DE PROGRAMAÇÃO A
11202021966;NA1ESTU021-17SA;TRANSPORTES E MOBILIDADE URBANA
11202420129;NA1BCL0306-15SA;BIODIVERSIDADE: INTERAÇÕES ENTRE ORGANISMOS E AMBIENTE
11202230572;NA1MCTB008-17SA;CÁLCULO DE PROBABILIDADE
11202230572;NA1ESTU004-17SA;CARTOGRAFIA E GEOPROCESSAMENTO
11201920788;NA1ESZU010-17SA;GESTÃO AMBIENTAL NA INDÚSTRIA
11202420355;NA4BCJ0205-15SA;FENÔMENOS TÉRMICOS
11201722546;NAMCNC001-23SB;BIOFÍSICA DE MEMBRANAS
11201921612;NA2NHI5002-15SA;DIDÁTICA
11201721712;NA2MCTB009-17SA;CÁLCULO NUMÉRICO
11201921179;NA1NHZ4081-20SB;PAULO FREIRE: EDUCAÇÃO PARA A CRITICIDADE
11202232272;NAESHC017-17SB;FINANÇAS PÚBLICAS
11201932458;NA1ESAE001-23SB;APLICAÇÕES ESTRUTURAIS DE MATERIAIS COMPÓSITOS
11202111799;NA1BCN0402-15SB;FUNÇÕES DE UMA VARIÁVEL
11202312301;DA1NHT1073-15SA;ECOLOGIA VEGETAL
11202322074;NAMCZC021-20SB;NEUROPSICOLOGIA
11202130537;DA1ESTU010-17SA;MICROBIOLOGIA AMBIENTAL
11202420232;DB1BCN0407-15SB;FUNÇÕES DE VÁRIAS VARIÁVEIS
11202020429;NA1ESTU021-17SA;TRANSPORTES E MOBILIDADE URBANA
11202321297;NA1BIR0004-15SA;BASES EPISTEMOLÓGICAS DA CIÊNCIA MODERNA
11201810211;NANHH2073-18SB;TEORIA DO CONHECIMENTO: EMPIRISMO E RACIONALISMO
11202231692;NA1BCS0002-15SB;PROJETO DIRIGIDO
11202231871;DA1BIR0004-15SA;BASES EPISTEMOLÓGICAS DA CIÊNCIA MODERNA
11202231871;DB1BCK0103-15SA;FÍSICA QUÂNTICA
11202231871;DA1MCZA002-17SA;APRENDIZADO DE MÁQUINA
11202420826;DB1ESTO005-17SA;INTRODUÇÃO ÀS ENGENHARIAS
11201920366;NA1BIR0004-15SA;BASES EPISTEMOLÓGICAS DA CIÊNCIA MODERNA
11202321070;NA1ESTO005-17SA;INTRODUÇÃO ÀS ENGENHARIAS
11202020249;DB1ESHC030-17SB;DESIGUALDADES DE RAÇA, GÊNERO E RENDA
11202021765;DA1ESZG012-17SB;PROJETOS INDUSTRIAIS
11201920788;NA1ESZU037-17SA;QUÍMICA AMBIENTAL
11202321076;NA1ESHC018-17SB;FORMAÇÃO ECONÔMICA DO BRASIL
11202230979;NA1BHQ0002-15SA;ESTUDOS ÉTNICO-RACIAIS
11202021732;NA1NHBT005-23SA;PRÁTICAS EXTENSIONISTAS EM BIOTECNOLOGIA
11202131673;NANHT5004-15SA;EDUCAÇÃO CIENTÍFICA, SOCIEDADE E CULTURA
11202131673;NA1LIE0001-19SB;METODOLOGIAS DE PESQUISA EM EDUCAÇÃO
11201812159;NA1NHT1067-15SA;EVOLUÇÃO E DIVERSIDADE DE PLANTAS I
11202022281;DA1MCTB009-17SA;CÁLCULO NUMÉRICO
11202322029;NA1ESHC033-21SB;ECONOMIA BRASILEIRA CONTEMPORÂNEA
11202231973;DA1BIR0603-15SA;CIÊNCIA, TECNOLOGIA E SOCIEDADE
11202510065;NB2BIS0003-15SB;BASES MATEMÁTICAS
11202421957;NB2BIR0603-15SA;CIÊNCIA, TECNOLOGIA E SOCIEDADE
11201920472;DA1ESGE006-23SB;ENGENHARIA DE SEGURANÇA DO TRABALHO: ERGONOMIA
11202020502;NA1ESTU015-17SA;SAÚDE AMBIENTAL
11202230288;DAESZA019-17SA;VISÃO COMPUTACIONAL
11202210031;NA1ESTU015-17SA;SAÚDE AMBIENTAL
11201921439;DA1ESHR903-18SB;METODOLOGIA DE PESQUISA EM RELAÇÕES INTERNACIONAIS (TCC 1)
11202111296;NB2BIR0603-15SA;CIÊNCIA, TECNOLOGIA E SOCIEDADE
11202321799;DA1MCTA022-17SA;REDES DE COMPUTADORES
11202022081;NA1NHH2017-16SB;FILOSOFIA DA EDUCAÇÃO
11201921752;NA1ESTO017-17SA;MÉTODOS EXPERIMENTAIS EM ENGENHARIA
11202232254;NC5BCL0307-15SA;TRANSFORMAÇÕES QUÍMICAS
11202230282;NA2ESTB019-17SB;BIOESTATÍSTICA
11202020391;NA1MCTC014-13SA;INTRODUÇÃO À INFERÊNCIA ESTATÍSTICA
11202230618;NA1NHT1065-15SA;ZOOLOGIA DE VERTEBRADOS
13201812294;NA1ESHC030-17SB;DESIGUALDADES DE RAÇA, GÊNERO E RENDA
11202321223;NAMCZC004-15SB;DESENVOLVIMENTO E DEGENERAÇÃO DO SISTEMA NERVOSO
11201920652;DA1ESGE002-23SB;PESQUISA OPERACIONAL
11202131394;NA1ESTU012-17SA;POLUIÇÃO ATMOSFÉRICA
11202230893;DA1ESMA001-23SB;SOLUÇÕES PARA DESAFIOS EM ENGENHARIA
11202321602;NAMCTD022-18SA;ÁLGEBRA NA EDUCAÇÃO BÁSICA
11202321602;NA1ESZU036-17SA;SAÚDE, DETERMINANTES SOCIOAMBIENTAIS E EQUIDADE
11202130174;NAESHP027-14SB;PODER LOCAL
21000915;NAESHC029-21SB;MICROECONOMIA III
11202321571;DA1BIS0003-15SB;BASES MATEMÁTICAS
21085515;NA1ESHP016-22SB;MÉTODOS QUANTITATIVOS EM POLÍTICAS PÚBLICAS
11202112014;DB1ESHC030-17SB;DESIGUALDADES DE RAÇA, GÊNERO E RENDA
11202432384;DA1BIR0004-15SB;BASES EPISTEMOLÓGICAS DA CIÊNCIA MODERNA
11202231908;DAMCTC011-15SA;PSICOLOGIA COGNITIVA
11202111139;DA1ESZS003-17SB;INSTRUMENTAÇÃO E SENSORES EM VEÍCULOS AEROESPACIAIS
11201811301;NA1MCZA018-17SA;PROCESSAMENTO DIGITAL DE IMAGENS
11202231972;NB1BCK0104-15SA;INTERAÇÕES ATÔMICAS E MOLECULARES
11201810140;NAESTE036-17SA;ECONOMIA DA ENERGIA
11202231724;NAESHC029-21SB;MICROECONOMIA III
11202020176;NA1MCTB008-17SA;CÁLCULO DE PROBABILIDADE
11202020176;NAMCTD010-18SA;HISTÓRIA DA MATEMÁTICA
11202321690;NA1BCJ0205-15SB;FENÔMENOS TÉRMICOS
11202420523;NA1NHI5002-15SA;DIDÁTICA
11202510029;DA1BCM0505-22SA;PROCESSAMENTO DA INFORMAÇÃO
11202230504;NAESTA014-17SA;SISTEMAS CAD/CAM
11201810420;NA1ESHT006-17SB;ECONOMIA URBANA
11202131755;NA1MCZA008-17SA;INTERAÇÃO HUMANO-COMPUTADOR
11202111584;DA1MCTA026-13SA;SISTEMAS OPERACIONAIS
11202212421;DA1BCS0002-15SA;PROJETO DIRIGIDO
11039715;NA1ESTO008-17SA;MECÂNICA DOS SÓLIDOS I
11017916;NA1MCZA002-17SA;APRENDIZADO DE MÁQUINA
11201810190;NA1ESTU015-17SA;SAÚDE AMBIENTAL
11202020052;NA1ESTO004-17SA;INSTRUMENTAÇÃO E CONTROLE
11201811625;NAESHC029-21SB;MICROECONOMIA III
11202231709;NA1ESZU010-17SA;GESTÃO AMBIENTAL NA INDÚSTRIA
11202332344;NABHS0004-23SB;ENCONTROS SOBRE GÊNERO E SEXUALIDADES
11202020905;NB2BCL0307-15SA;TRANSFORMAÇÕES QUÍMICAS
11202421383;NA1BCN0407-15SA;FUNÇÕES DE VÁRIAS VARIÁVEIS
11201811106;DA1ESTO015-17SA;MECÂNICA DOS FLUIDOS I
11201811106;DA1ESTO008-17SA;MECÂNICA DOS SÓLIDOS I
11201922400;NAESHC029-21SB;MICROECONOMIA III
11202321815;NA1MCBM022-23SA;INTRODUÇÃO AOS PROCESSOS ESTOCÁSTICOS
11201921846;DA1ESGE011-23SB;TÓPICOS EM ENGENHARIA DE PRODUÇÃO NA INDÚSTRIA TÊXTIL
11202020501;NA7BCM0505-22SA;PROCESSAMENTO DA INFORMAÇÃO
11202232366;DA2MCTB009-17SA;CÁLCULO NUMÉRICO
11202020964;DIBHP0202-15SB;PENSAMENTO CRÍTICO
11202321039;NA1ESHC018-17SB;FORMAÇÃO ECONÔMICA DO BRASIL
11202230999;NAESHR012-21SB;POLÍTICA INTERNACIONAL DOS EUA
11202421217;NA8BCM0505-22SA;PROCESSAMENTO DA INFORMAÇÃO
11202231707;NA1ESTA021-17SB;INTRODUÇÃO AO CONTROLE DISCRETO
11202231205;NA4BCJ0204-15SA;FENÔMENOS MECÂNICOS
11202230654;DA1LIE0001-19SB;METODOLOGIAS DE PESQUISA EM EDUCAÇÃO
11202321907;NANHH2035-13SB;HISTÓRIA DA FILOSOFIA CONTEMPORÂNEA: O SÉCULO XX
11202422165;NA1BCL0306-15SA;BIODIVERSIDADE: INTERAÇÕES ENTRE ORGANISMOS E AMBIENTE
11202111592;DA1ESZS003-17SB;INSTRUMENTAÇÃO E SENSORES EM VEÍCULOS AEROESPACIAIS
11202130888;NAESHP019-22SB;REGIMES E FORMAS DE GOVERNO
11202130787;NAMCTD016-18SA;PRÁTICAS DE ENSINO DE MATEMÁTICA I
11202320357;NA1NHZ4081-20SB;PAULO FREIRE: EDUCAÇÃO PARA A CRITICIDADE
11202420605;NB1BCL0307-15SA;TRANSFORMAÇÕES QUÍMICAS
11202020946;NA1NHZ1096-19SA;PRÁTICAS DISCURSIVAS DA CIÊNCIA E EDUCAÇÃO EM CIÊNCIAS
11202420170;NA2BIQ0602-15SA;ESTRUTURA E DINÂMICA SOCIAL
11202420170;NA1ESAU015-23SA;MICROSSIMULAÇÃO DE SISTEMAS DE TRANSPORTES
11202231205;NA1BCK0103-15SA;FÍSICA QUÂNTICA
11202111145;DA1ESTG016-17SB;QUALIDADE EM SISTEMAS
11202020769;NAESTU036-17SA;SISTEMAS DE DRENAGEM URBANA
11201920651;DAMCTC011-15SA;PSICOLOGIA COGNITIVA
11202230803;NB1BCK0104-15SA;INTERAÇÕES ATÔMICAS E MOLECULARES
11202020173;NA1LIE0001-19SB;METODOLOGIAS DE PESQUISA EM EDUCAÇÃO
11202020173;NAESHP012-22SB;DIREITO ADMINISTRATIVO
11013116;DAMCTD022-18SA;ÁLGEBRA NA EDUCAÇÃO BÁSICA
11202320473;DA1BCN0402-15SB;FUNÇÕES DE UMA VARIÁVEL
11202320473;DA1BHP0001-15SB;ÉTICA E JUSTIÇA
11202321776;DAMCTD022-18SA;ÁLGEBRA NA EDUCAÇÃO BÁSICA
11202421034;NAESZP006-13SB;PENSAMENTO LATINO-AMERICANO E POLÍTICAS DE CT&I
11201920575;NA1NHT4032-15SA;PRÁTICAS DE ENSINO DE QUÍMICA III
11201722745;DB1ESHC030-17SB;DESIGUALDADES DE RAÇA, GÊNERO E RENDA
11201722745;NA1ESHT025-17SB;DESENVOLVIMENTO ECONÔMICO E SOCIAL NO BRASIL
11202321690;NA1BIQ0602-15SB;ESTRUTURA E DINÂMICA SOCIAL
11202421957;DB1ESZM002-17SA;NANOCIÊNCIA E NANOTECNOLOGIA
11201920862;NA1MCCC013-23SA;OTIMIZAÇÃO LINEAR
11202131010;NA1BCK0104-15SB;INTERAÇÕES ATÔMICAS E MOLECULARES
11088616;NAMCTD019-18SA;PRÁTICAS DE ENSINO DE MATEMÁTICA IV
11202021207;NA1ESTG011-17SB;ESTATÍSTICA APLICADA A SISTEMAS DE GESTÃO
11202130072;NA1MCZA019-17SA;PROGRAMAÇÃO PARA WEB
11201920527;NA1MCZA019-17SA;PROGRAMAÇÃO PARA WEB
11202130740;NA1MCZA019-17SA;PROGRAMAÇÃO PARA WEB
11202231622;DA2MCTA026-13SA;SISTEMAS OPERACIONAIS
11201920804;NA1MCZA019-17SA;PROGRAMAÇÃO PARA WEB
11202320392;NA1NHT1002-15SA;BIOÉTICA
11202231124;NA1BCK0104-15SA;INTERAÇÕES ATÔMICAS E MOLECULARES
11201722389;NAMCZC004-15SB;DESENVOLVIMENTO E DEGENERAÇÃO DO SISTEMA NERVOSO
11202232361;NAMCCC008-23SB;INTELIGÊNCIA ARTIFICIAL
11202111871;NA1ESTU015-17SA;SAÚDE AMBIENTAL
11202421277;DA3BCM0505-22SB;PROCESSAMENTO DA INFORMAÇÃO
11202212462;NA1ESTO008-17SA;MECÂNICA DOS SÓLIDOS I
11202230622;NAESTA014-17SA;SISTEMAS CAD/CAM
11202321237;DA1NHI5015-22SA;LIBRAS
11202230839;NA2MCTC023-15SB;NEUROANATOMIA
11202021728;DA2MCTA026-13SA;SISTEMAS OPERACIONAIS
13201822638;NABHS0004-23SB;ENCONTROS SOBRE GÊNERO E SEXUALIDADES
11202320618;DA1MCTA023-17SA;SEGURANÇA DE DADOS
11202421656;NA1BHP0001-15SB;ÉTICA E JUSTIÇA
11202421474;DB3BCL0307-15SA;TRANSFORMAÇÕES QUÍMICAS
11202230843;DA1MCZA019-17SA;PROGRAMAÇÃO PARA WEB
11202231064;NA1MCZA008-17SA;INTERAÇÃO HUMANO-COMPUTADOR
11202321326;NA1ESHR002-21SB;TEMAS DE DIREITO INTERNACIONAL PU&#769
11202322082;NA1BIR0603-15SA;CIÊNCIA, TECNOLOGIA E SOCIEDADE
11202131242;NA1ESZS034-17SB;COMBUSTÃO II
11202320899;NA1ESHC033-21SB;ECONOMIA BRASILEIRA CONTEMPORÂNEA
11008415;NA1MCZA002-17SA;APRENDIZADO DE MÁQUINA
11008415;NAMCCC008-23SB;INTELIGÊNCIA ARTIFICIAL
11202021357;NA1ESGE001-23SB;ENGENHARIA DE SEGURANÇA DO TRABALHO
11201722595;DA2ESGE002-23SB;PESQUISA OPERACIONAL
11202130838;NA1ESZG005-17SB;TÉCNICAS DE TOMADAS DE DECISÃO APLICÁVEIS EM MODELOS DE INTERDEPENDÊNCIA
11202020211;NAESHP005-13SB;CONFLITOS SOCIAIS
11202421542;DA1ESTO005-17SA;INTRODUÇÃO ÀS ENGENHARIAS
11201822448;NA1ESZT016-17SB;URBANIZAÇÃO BRASILEIRA
11202420502;DC6BCL0307-15SA;TRANSFORMAÇÕES QUÍMICAS
11202322107;NA1BCS0002-15SA;PROJETO DIRIGIDO
11202321552;DA1ESTO008-17SB;MECÂNICA DOS SÓLIDOS I
11202321552;NA2ESMA001-23SB;SOLUÇÕES PARA DESAFIOS EM ENGENHARIA
11202320434;NANHH2073-18SB;TEORIA DO CONHECIMENTO: EMPIRISMO E RACIONALISMO
11202320440;NA1ESTS003-17SB;INTRODUÇÃO À ASTRONÁUTICA
11202310042;NB1ESHC022-17SB;MACROECONOMIA I
11201921310;NA1ESTA004-17SA;CIRCUITOS ELÉTRICOS II
11201921310;NA1ESTO017-17SA;MÉTODOS EXPERIMENTAIS EM ENGENHARIA
11202230736;NA1ESMA002-23SB;INOVAÇÕES PARA ENGENHARIA
11202231685;NA1ESHC018-17SB;FORMAÇÃO ECONÔMICA DO BRASIL
11202020427;NB1ESHC022-17SB;MACROECONOMIA I
11202421962;NB1BCN0402-15SA;FUNÇÕES DE UMA VARIÁVEL
11202130665;NA1NHT1067-15SA;EVOLUÇÃO E DIVERSIDADE DE PLANTAS I
11202232004;NA1ESTO001-17SB;CIRCUITOS ELÉTRICOS E FOTÔNICA
11202020164;NA1ESTU019-17SA;TEORIA DO PLANEJAMENTO URBANO E AMBIENTAL
11202021901;NA1NHZ1096-19SA;PRÁTICAS DISCURSIVAS DA CIÊNCIA E EDUCAÇÃO EM CIÊNCIAS
11202230650;NB1ESHC022-17SB;MACROECONOMIA I
11202230650;NANHH2073-18SB;TEORIA DO CONHECIMENTO: EMPIRISMO E RACIONALISMO
21030215;NA1BCN0407-15SB;FUNÇÕES DE VÁRIAS VARIÁVEIS
11202321271;NA1BHO0002-19SB;INTRODUÇÃO AO PENSAMENTO ECONÔMICO
11012914;NAMCNC001-23SB;BIOFÍSICA DE MEMBRANAS
11202320655;NABHS0004-23SB;ENCONTROS SOBRE GÊNERO E SEXUALIDADES
11202320361;NA2BCM0505-22SA;PROCESSAMENTO DA INFORMAÇÃO
11202130346;DA1BCK0103-15SA;FÍSICA QUÂNTICA
11202231961;NA1BCS0002-15SA;PROJETO DIRIGIDO
11202321968;NA1BCS0002-15SB;PROJETO DIRIGIDO
11202421213;NA3BCJ0205-15SB;FENÔMENOS TÉRMICOS
11202320902;NB1BCN0407-15SA;FUNÇÕES DE VÁRIAS VARIÁVEIS
11202231832;NA1BCS0002-15SA;PROJETO DIRIGIDO
11202420481;NA1BHQ0002-15SB;ESTUDOS ÉTNICO-RACIAIS
11202321568;DA2ESMA002-23SA;INOVAÇÕES PARA ENGENHARIA
11202322035;NB1BCS0002-15SB;PROJETO DIRIGIDO
11202510101;DB1BCJ0205-15SA;FENÔMENOS TÉRMICOS
11202510101;DA2MCTB009-17SA;CÁLCULO NUMÉRICO
11202230430;NA1LIE0001-19SA;METODOLOGIAS DE PESQUISA EM EDUCAÇÃO
11202421426;DA2BCN0404-15SA;GEOMETRIA ANALÍTICA
11201920495;NABHS0004-23SB;ENCONTROS SOBRE GÊNERO E SEXUALIDADES
11202021594;NA1BCS0002-15SA;PROJETO DIRIGIDO
11202410068;DANHH2086-16SB;HISTÓRIA DA FILOSOFIA MEDIEVAL: DO SÉCULO IV AO X
11202131648;NA1ESHT006-17SB;ECONOMIA URBANA
11202131648;NAESHC017-17SB;FINANÇAS PÚBLICAS
11202131648;NA1ESHC018-17SB;FORMAÇÃO ECONÔMICA DO BRASIL
11202131648;NB1ESHC022-17SB;MACROECONOMIA I
11202321591;DA1ESTB015-17SB;PRINCÍPIOS DE ÉTICA EM SERVIÇOS DE SAÚDE
11202130762;NA1ESZT018-17SB;TÓPICOS ESPECIAIS EM PLANEJAMENTO TERRITORIAL
11202321058;DAMCTC011-15SA;PSICOLOGIA COGNITIVA
11202130464;NA1ESTU019-17SA;TEORIA DO PLANEJAMENTO URBANO E AMBIENTAL
11202130464;NA1ESZE045-17SA;RESÍDUOS NUCLEARES
11202421279;NA2BCL0308-15SA;BIOQUÍMICA: ESTRUTURA, PROPRIEDADES E FUNÇÕES DE BIOMOLÉCULAS
11202021765;DA1ESTG016-17SB;QUALIDADE EM SISTEMAS
11202432308;DC1BCL0306-15SB;BIODIVERSIDADE: INTERAÇÕES ENTRE ORGANISMOS E AMBIENTE
11202230693;NA1ESTB015-17SB;PRINCÍPIOS DE ÉTICA EM SERVIÇOS DE SAÚDE
11202321540;DA1ESTO011-17SA;FUNDAMENTOS DE DESENHO TÉCNICO
11202320323;NA1MCZA014-17SA;MÉTODOS DE OTIMIZAÇÃO
11201810055;NA1ESTB019-17SA;BIOESTATÍSTICA
11201810055;NA2ESTA002-17SA;CIRCUITOS ELÉTRICOS I
11202130884;NA1ESTI018-17SA;ONDAS ELETROMAGNÉTICAS APLICADAS
11202130884;NA2ESTI004-17SA;PRINCÍPIOS DE COMUNICAÇÃO
11202130884;NA1MCZA018-17SA;PROCESSAMENTO DIGITAL DE IMAGENS
11202130884;NAESZA016-17SA;OPTOELETRÔNICA
11202130884;NB2ESTA003-17SA;SISTEMAS DE CONTROLE I
11201811980;NA2ESTB019-17SB;BIOESTATÍSTICA
11202020140;NA1ESTO012-17SA;PRINCÍPIOS DE ADMINISTRAÇÃO
11066513;NA3MCTB010-13SA;CÁLCULO VETORIAL E TENSORIAL
11202310059;NB1ESHC022-17SB;MACROECONOMIA I
11202130110;NA1BIQ0602-15SA;ESTRUTURA E DINÂMICA SOCIAL
11202130110;NA2MCCC001-23SA;ALGORITMOS E ESTRUTURAS DE DADOS I
11201810740;DA1MCZA019-17SA;PROGRAMAÇÃO PARA WEB
11202420890;DA1BIR0004-15SB;BASES EPISTEMOLÓGICAS DA CIÊNCIA MODERNA
11202022106;NA3BCN0402-15SA;FUNÇÕES DE UMA VARIÁVEL
11202230321;NA1MCTB008-17SA;CÁLCULO DE PROBABILIDADE
11202230321;NA1MCTB009-17SA;CÁLCULO NUMÉRICO
11202130777;DA1ESTI013-17SA;SISTEMAS MICROPROCESSADOS
11202022077;DA1ESHR004-13SB;ECONOMIA POLÍTICA INTERNACIONAL DA ENERGIA
11202321717;NA1MCZA008-17SA;INTERAÇÃO HUMANO-COMPUTADOR
11202320440;NAESTA014-17SA;SISTEMAS CAD/CAM
11202122022;DA2MCTA006-17SA;CIRCUITOS DIGITAIS
11202122022;DA1NHI5015-22SA;LIBRAS
11201920607;DA1MCZA019-17SA;PROGRAMAÇÃO PARA WEB
11202420370;NA1BIR0004-15SB;BASES EPISTEMOLÓGICAS DA CIÊNCIA MODERNA
11201921990;DA1MCTA023-17SA;SEGURANÇA DE DADOS
11202230988;NA1ESHR007-21SB;GEOPOLÍTICA
11202022189;DA2MCTA006-17SA;CIRCUITOS DIGITAIS
11202320510;NA1BIQ0602-15SB;ESTRUTURA E DINÂMICA SOCIAL
11202111714;DA1MCZA019-17SA;PROGRAMAÇÃO PARA WEB
11202020321;DA1ESHR903-18SB;METODOLOGIA DE PESQUISA EM RELAÇÕES INTERNACIONAIS (TCC 1)
11202410106;NA1ESHC018-17SB;FORMAÇÃO ECONÔMICA DO BRASIL
11202020164;NA1ESZU023-17SA;RECURSOS HÍDRICOS
11202231784;NAESHC029-21SB;MICROECONOMIA III
11202021728;DA1BCS0002-15SA;PROJETO DIRIGIDO
11201920380;NB1ESHC022-17SB;MACROECONOMIA I
11202320305;DC4BCL0307-15SA;TRANSFORMAÇÕES QUÍMICAS
11202320305;DB2BCS0002-15SA;PROJETO DIRIGIDO
11202021323;NA1ESZR009-13SB;NEGOCIAÇÕES INTERNACIONAIS, PROPRIEDADE INTELECTUAL E TRANSFERÊNCIA TECNOLÓGICA
11202321608;NA1ESHC030-17SB;DESIGUALDADES DE RAÇA, GÊNERO E RENDA
11202321608;NA1ESHC028-17SB;ECONOMIA POLÍTICA
11202021207;DA1ESGE006-23SB;ENGENHARIA DE SEGURANÇA DO TRABALHO: ERGONOMIA
11202421955;NA1BIR0004-15SA;BASES EPISTEMOLÓGICAS DA CIÊNCIA MODERNA
11202210124;NABHS0004-23SB;ENCONTROS SOBRE GÊNERO E SEXUALIDADES
11201921742;NA2BHP0202-15SB;PENSAMENTO CRÍTICO
11202320589;DA1ESHC018-17SB;FORMAÇÃO ECONÔMICA DO BRASIL
11202421640;NA2BHP0202-15SB;PENSAMENTO CRÍTICO
11202321508;NB1ESMA002-23SB;INOVAÇÕES PARA ENGENHARIA
11202320347;DAESZA020-17SA;ROBÔS MÓVEIS AUTÔNOMOS
11202311988;NA1ESHR022-21SB;TEORIAS CLÁSSICAS DAS RELAÇÕES INTERNACIONAIS
11202111124;DA1ESHT006-17SB;ECONOMIA URBANA
11202231746;NA1ESTS002-17SB;AERONÁUTICA I-A
11202322005;NAMCTD010-18SA;HISTÓRIA DA MATEMÁTICA
11202232205;DA2BIQ0602-15SA;ESTRUTURA E DINÂMICA SOCIAL
11202420959;DA2BIS0003-15SB;BASES MATEMÁTICAS
21080114;NAESTE032-17SA;ENGENHARIA SOLAR TÉRMICA
11202021656;DA1ESTG009-17SB;GESTÃO DE OPERAÇÕES
11202021877;NAESAE011-23SB;INTRODUÇÃO À ENGENHARIA DE SISTEMAS AEROESPACIAIS
11202130199;NA1ESHC030-17SB;DESIGUALDADES DE RAÇA, GÊNERO E RENDA
11202432370;DAMCZC004-15SB;DESENVOLVIMENTO E DEGENERAÇÃO DO SISTEMA NERVOSO
11202020997;DA1ESTU012-17SA;POLUIÇÃO ATMOSFÉRICA
11202130885;DA2BCK0104-15SA;INTERAÇÕES ATÔMICAS E MOLECULARES
11201721741;NA1BCN0407-15SB;FUNÇÕES DE VÁRIAS VARIÁVEIS
11202130112;NAESHP018-14SB;POLÍTICAS SOCIAIS
11201920784;NA1ESZU018-17SA;TÓPICOS ESPECIAIS EM ENGENHARIA AMBIENTAL E URBANA
11202420983;NA2BCM0505-22SB;PROCESSAMENTO DA INFORMAÇÃO
11202432387;NA1ESHC030-17SB;DESIGUALDADES DE RAÇA, GÊNERO E RENDA
11202432387;NA1ESHC033-21SB;ECONOMIA BRASILEIRA CONTEMPORÂNEA
11202421012;NA3BCN0402-15SA;FUNÇÕES DE UMA VARIÁVEL
11201921902;NA1ESTA023-17SA;INTRODUÇÃO AOS PROCESSOS DE FABRICAÇÃO
11201920862;NA1ESTO012-17SA;PRINCÍPIOS DE ADMINISTRAÇÃO
11202021918;NA1ESHP016-22SB;MÉTODOS QUANTITATIVOS EM POLÍTICAS PÚBLICAS
11201721452;NAMCNC001-23SB;BIOFÍSICA DE MEMBRANAS
11202230609;DA1BCN0402-15SB;FUNÇÕES DE UMA VARIÁVEL
11202230609;NA1BCN0404-15SB;GEOMETRIA ANALÍTICA
11201920256;NAESHP005-13SB;CONFLITOS SOCIAIS
11202320766;NA1ESTU012-17SA;POLUIÇÃO ATMOSFÉRICA
11202021098;DB1ESHC030-17SB;DESIGUALDADES DE RAÇA, GÊNERO E RENDA
11201811602;NC1MCTB001-17SA;ÁLGEBRA LINEAR
11202230741;NAESHC017-17SB;FINANÇAS PÚBLICAS
11202230741;NAESHP018-14SB;POLÍTICAS SOCIAIS
11202212425;NA1ESHT026-21SB;BIODIVERSIDADE, GEODIVERSIDADE E PAISAGEM
11202131281;NB4BCL0307-15SA;TRANSFORMAÇÕES QUÍMICAS
11202021430;NABHS0004-23SB;ENCONTROS SOBRE GÊNERO E SEXUALIDADES
11202130594;NB1ESHC022-17SB;MACROECONOMIA I
11202321597;DA1BCK0103-15SA;FÍSICA QUÂNTICA
11201921752;NA1ESTU021-17SA;TRANSPORTES E MOBILIDADE URBANA
11202421715;DA1BCN0402-15SA;FUNÇÕES DE UMA VARIÁVEL
11202231999;NA1MCTB009-17SA;CÁLCULO NUMÉRICO
11202231999;NA1BCK0104-15SB;INTERAÇÕES ATÔMICAS E MOLECULARES
11201932457;NB1ESHC022-17SB;MACROECONOMIA I
11202021973;NA1ESTA001-17SA;DISPOSITIVOS ELETRÔNICOS
11201932558;NA1MCTB001-17SA;ÁLGEBRA LINEAR
11201921275;NA1ESTO004-17SA;INSTRUMENTAÇÃO E CONTROLE
11202130948;NAMCTD010-18SA;HISTÓRIA DA MATEMÁTICA
11202332427;NB1ESHC022-17SB;MACROECONOMIA I
11201822497;NA9BCJ0205-15SA;FENÔMENOS TÉRMICOS
11201822497;NA1BCN0404-15SA;GEOMETRIA ANALÍTICA
11201822497;NA5BCL0307-15SA;TRANSFORMAÇÕES QUÍMICAS
11202230674;DAESZA020-17SA;ROBÔS MÓVEIS AUTÔNOMOS
11201922144;NB1ESHC022-17SB;MACROECONOMIA I
11201720222;DAMCTD010-18SA;HISTÓRIA DA MATEMÁTICA
11201720222;DA1ESZU002-17SA;COMPOSTAGEM
21085515;NAESHP027-14SB;PODER LOCAL
11202420848;DA2BIS0003-15SB;BASES MATEMÁTICAS
11202210070;DA1ESHR903-18SB;METODOLOGIA DE PESQUISA EM RELAÇÕES INTERNACIONAIS (TCC 1)
11202021527;DA1BHO0002-19SB;INTRODUÇÃO AO PENSAMENTO ECONÔMICO
11202130185;DA2ESGE003-23SB;SISTEMAS CAM
11202230614;NA1ESZU010-17SA;GESTÃO AMBIENTAL NA INDÚSTRIA
11202020320;NA1ESZG005-17SB;TÉCNICAS DE TOMADAS DE DECISÃO APLICÁVEIS EM MODELOS DE INTERDEPENDÊNCIA
11201921222;NA1MCZA008-17SA;INTERAÇÃO HUMANO-COMPUTADOR
11202230320;DA1ESHT006-17SB;ECONOMIA URBANA
11202320757;NA1BHO0002-19SB;INTRODUÇÃO AO PENSAMENTO ECONÔMICO
11202230472;NA1ESGE001-23SB;ENGENHARIA DE SEGURANÇA DO TRABALHO
11201921952;NA1ESHR002-21SB;TEMAS DE DIREITO INTERNACIONAL PU&#769
11202231621;NA4BCM0505-22SA;PROCESSAMENTO DA INFORMAÇÃO
11202421753;NA4BCL0307-15SA;TRANSFORMAÇÕES QUÍMICAS
11202022027;NIESHC035-21SB;ECONOMETRIA I
11201921231;DA1BHS0005-19SB;PRÁTICAS EM CIÊNCIAS E HUMANIDADES
11202021246;NANHT5004-15SA;EDUCAÇÃO CIENTÍFICA, SOCIEDADE E CULTURA
11202130831;NA1LIE0001-19SA;METODOLOGIAS DE PESQUISA EM EDUCAÇÃO
11202230441;NA1MCTA026-13SA;SISTEMAS OPERACIONAIS
11202230441;DAESZA019-17SA;VISÃO COMPUTACIONAL
11202320659;NA2BHP0202-15SB;PENSAMENTO CRÍTICO
11202231423;NAESHP027-14SB;PODER LOCAL
11201811547;NA1ESTU015-17SA;SAÚDE AMBIENTAL
11201822513;NA1ESMA002-23SA;INOVAÇÕES PARA ENGENHARIA
11202322277;NB1BCN0402-15SA;FUNÇÕES DE UMA VARIÁVEL
11202322277;NB1ESTO005-17SA;INTRODUÇÃO ÀS ENGENHARIAS
11202420277;NB1BCN0402-15SA;FUNÇÕES DE UMA VARIÁVEL
11201932448;NAMCZC021-20SB;NEUROPSICOLOGIA
11202510026;DB1BCK0104-15SA;INTERAÇÕES ATÔMICAS E MOLECULARES
11201921644;NAMCTD022-18SA;ÁLGEBRA NA EDUCAÇÃO BÁSICA
11202320772;DA1MCZA038-17SA;PRÁTICA AVANÇADA DE PROGRAMAÇÃO A
11202321965;DAESZA019-17SA;VISÃO COMPUTACIONAL
11202131223;DB1ESZM002-17SA;NANOCIÊNCIA E NANOTECNOLOGIA
11202230248;NA1BCL0306-15SA;BIODIVERSIDADE: INTERAÇÕES ENTRE ORGANISMOS E AMBIENTE
11201920860;NA2BCL0307-15SA;TRANSFORMAÇÕES QUÍMICAS
11202230780;NA1ESZU023-17SA;RECURSOS HÍDRICOS
11068516;NB1BCK0103-15SA;FÍSICA QUÂNTICA
11201921010;DIESHC035-21SB;ECONOMETRIA I
11201921010;NAESHC029-21SB;MICROECONOMIA III
11202410032;DANHZ2132-18SB;FILOSOFIA, MÚSICA E LITERATURA
11202231406;DA1ESHT006-17SB;ECONOMIA URBANA
11202322273;NA1ESTU005-17SA;CLIMATOLOGIA
11202420168;NB4BCM0505-22SA;PROCESSAMENTO DA INFORMAÇÃO
11202231856;NA1NHT4033-15SA;PRÁTICAS EM QUÍMICA VERDE
11201812076;NA1MCZA018-17SA;PROCESSAMENTO DIGITAL DE IMAGENS
11201810053;DA1ESZG011-17SB;PLANEJAMENTO ESTRATÉGICO EM GESTÃO DE PROJETOS
11201921706;NA2ESMA002-23SA;INOVAÇÕES PARA ENGENHARIA
11202320467;NAMCNC001-23SB;BIOFÍSICA DE MEMBRANAS
11202320994;DAESHR027-21SB;ÁFRICA NAS RELAÇÕES INTERNACIONAIS
11202131274;DA1NHI5002-15SB;DIDÁTICA
11202131274;DB1BHQ0301-15SB;TERRITÓRIO E SOCIEDADE
11202131274;DAESHR027-21SB;ÁFRICA NAS RELAÇÕES INTERNACIONAIS
11202230400;NA1MCZC002-15SB;BASES NEURAIS DA MOTRICIDADE
11202230400;DA1ESTB019-17SB;BIOESTATÍSTICA
11202421632;NB1BCN0407-15SA;FUNÇÕES DE VÁRIAS VARIÁVEIS
11201720488;DA1NHT1055-15SA;FUNDAMENTOS DE IMUNOLOGIA
11202230895;DA1NHI5002-15SA;DIDÁTICA
11202021705;NA1ESHR011-21SB;INTRODUÇÃO AO DIREITO E FUNDAMENTOS DO DIREITO INTERNACIONAL
11202020657;DA1ESTU039-17SB;REGULAÇÃO AMBIENTAL E URBANÍSTICA
11202111291;DA3BCM0505-22SA;PROCESSAMENTO DA INFORMAÇÃO
11201921058;NA1MCBM022-23SA;INTRODUÇÃO AOS PROCESSOS ESTOCÁSTICOS
11202130577;NABHS0004-23SB;ENCONTROS SOBRE GÊNERO E SEXUALIDADES
21081614;NA1NHT1058-15SA;MORFOFISIOLOGIA HUMANA I
11202230258;NA1ESZU002-17SA;COMPOSTAGEM
11202021218;DA1ESTG005-17SB;ENGENHARIA ECONÔMICA APLICADA A SISTEMAS DE GESTÃO
11201811571;NABHS0004-23SB;ENCONTROS SOBRE GÊNERO E SEXUALIDADES
11202421913;DB7BCM0505-22SA;PROCESSAMENTO DA INFORMAÇÃO
11202230594;NANHT5004-15SA;EDUCAÇÃO CIENTÍFICA, SOCIEDADE E CULTURA
11202021163;NA1BCN0402-15SB;FUNÇÕES DE UMA VARIÁVEL
11202020249;NB1ESHC022-17SB;MACROECONOMIA I
11146909;DB1ESZM002-17SA;NANOCIÊNCIA E NANOTECNOLOGIA
11202230519;DA2ESTB019-17SB;BIOESTATÍSTICA
11202111827;NAMCCC008-23SB;INTELIGÊNCIA ARTIFICIAL
11202420846;NA8BCM0505-22SA;PROCESSAMENTO DA INFORMAÇÃO
11202420846;NA1ESHT026-21SB;BIODIVERSIDADE, GEODIVERSIDADE E PAISAGEM
11202020580;NA2BCJ0204-15SA;FENÔMENOS MECÂNICOS
11202022029;DA1ESHC018-17SB;FORMAÇÃO ECONÔMICA DO BRASIL
11202232004;NA2ESMA002-23SA;INOVAÇÕES PARA ENGENHARIA
11202231512;NALHZ0010-19SB;EDUCAÇÃO NÃO FORMAL, INFORMAL E POPULAR
11202231589;NA1ESMA002-23SB;INOVAÇÕES PARA ENGENHARIA
11202230404;NA1ESMA002-23SB;INOVAÇÕES PARA ENGENHARIA
11202020530;DA2BCK0104-15SA;INTERAÇÕES ATÔMICAS E MOLECULARES
11201932458;NA2BHP0202-15SB;PENSAMENTO CRÍTICO
11202210091;NA1ESHT008-17SB;GOVERNANÇA PÚBLICA, DEMOCRACIA E POLÍTICAS NO TERRITÓRIO
11202130642;NANHT5004-15SA;EDUCAÇÃO CIENTÍFICA, SOCIEDADE E CULTURA
11202320379;NA2BCN0402-15SA;FUNÇÕES DE UMA VARIÁVEL
11201922186;NB1ESHC022-17SB;MACROECONOMIA I
11201920572;NA1ESTO013-17SA;ENGENHARIA ECONÔMICA
11202021609;DA1BHS0005-19SB;PRÁTICAS EM CIÊNCIAS E HUMANIDADES
11202021705;NA1BCN0402-15SB;FUNÇÕES DE UMA VARIÁVEL
11202021100;DA1ESZU017-17SA;SENSORIAMENTO REMOTO
11202021293;NA2BIR0603-15SA;CIÊNCIA, TECNOLOGIA E SOCIEDADE
11202230608;NB1BCK0104-15SA;INTERAÇÕES ATÔMICAS E MOLECULARES
11202131273;NA1MCTC014-13SA;INTRODUÇÃO À INFERÊNCIA ESTATÍSTICA
11202020477;DA2MCTA026-13SA;SISTEMAS OPERACIONAIS
11202021282;NA1ESTG019-17SB;TEMPOS, MÉTODOS E ARRANJOS FÍSICOS
11202231193;NA1MCZA002-17SA;APRENDIZADO DE MÁQUINA
11202322037;DA1MCTA006-17SA;CIRCUITOS DIGITAIS
11056216;NAESZE111-17SA;POLÍTICA ENERGÉTICA
11202212403;DB1ESHC030-17SB;DESIGUALDADES DE RAÇA, GÊNERO E RENDA
11111916;DA1ESTU015-17SA;SAÚDE AMBIENTAL
13201822595;DB1ESHC030-17SB;DESIGUALDADES DE RAÇA, GÊNERO E RENDA
11202232194;NA1ESHC019-17SB;HISTÓRIA DO PENSAMENTO ECONÔMICO
11202021605;NB1BCN0404-15SA;GEOMETRIA ANALÍTICA
11202020426;NA1ESTG010-17SB;INOVAÇÃO TECNOLÓGICA
11202020221;DA1MCTA026-13SA;SISTEMAS OPERACIONAIS
21015116;DA2MCTB010-13SA;CÁLCULO VETORIAL E TENSORIAL
11202230747;NA1MCTB010-13SA;CÁLCULO VETORIAL E TENSORIAL
11202021830;NA1BCS0002-15SA;PROJETO DIRIGIDO
11202420847;NA1NHT4072-15SA;AVALIAÇÃO NO ENSINO DE QUÍMICA
11202321371;NA1MCTA022-17SA;REDES DE COMPUTADORES
11202321371;NA1MCZA014-17SA;MÉTODOS DE OTIMIZAÇÃO
11202021236;NA1ESTU019-17SA;TEORIA DO PLANEJAMENTO URBANO E AMBIENTAL
11202021286;NA1ESZB029-17SB;GESTÃO DE TECNOLOGIA HOSPITALAR I
11201721983;NAESTE020-17SA;INSTALAÇÕES ELÉTRICAS II
11202020444;DA1MCTC023-15SB;NEUROANATOMIA
11202230836;DAMCTD016-18SA;PRÁTICAS DE ENSINO DE MATEMÁTICA I
11202021092;NANHT1002-15SB;BIOÉTICA
11202421867;NA3BCN0402-15SA;FUNÇÕES DE UMA VARIÁVEL
11202232194;NANHT1002-15SB;BIOÉTICA
11201811574;NA1BCK0104-15SA;INTERAÇÕES ATÔMICAS E MOLECULARES
11202022036;DA1ESHC019-17SB;HISTÓRIA DO PENSAMENTO ECONÔMICO
11201921518;NA1ESTU015-17SA;SAÚDE AMBIENTAL
11202231787;NB1ESHC022-17SB;MACROECONOMIA I
11202321733;NB2BIR0603-15SA;CIÊNCIA, TECNOLOGIA E SOCIEDADE
11202421930;NC2BCL0307-15SA;TRANSFORMAÇÕES QUÍMICAS
11202020779;NB1ESHC022-17SB;MACROECONOMIA I
11201812323;NA1NHZ5023-18SB;PRÁTICAS ESCOLARES EM EDUCAÇÃO ESPECIAL E INCLUSIVA
11201811461;NABHS0004-23SB;ENCONTROS SOBRE GÊNERO E SEXUALIDADES
11202231347;NB1ESHC022-17SB;MACROECONOMIA I
11202421088;DB1BIS0003-15SB;BASES MATEMÁTICAS
11202231316;DA1BHO1335-15SB;FORMAÇÃO DO SISTEMA INTERNACIONAL
11202231316;DA1BHO0002-19SB;INTRODUÇÃO AO PENSAMENTO ECONÔMICO
11202231316;DA1ESHR011-21SB;INTRODUÇÃO AO DIREITO E FUNDAMENTOS DO DIREITO INTERNACIONAL
11202212499;DA1BCJ0204-15SB;FENÔMENOS MECÂNICOS
11202421652;NB1BCN0407-15SA;FUNÇÕES DE VÁRIAS VARIÁVEIS
11202510026;DA1ESGE006-23SB;ENGENHARIA DE SEGURANÇA DO TRABALHO: ERGONOMIA
11202420281;DB4BCM0505-22SA;PROCESSAMENTO DA INFORMAÇÃO
11201922402;NA1ESZU037-17SA;QUÍMICA AMBIENTAL
11202020834;DAMCZD003-18SA;FUNDAMENTOS PSICOANTROPOLÓGICOS DA EDUCAÇÃO
11202320602;DA1BIR0603-15SB;CIÊNCIA, TECNOLOGIA E SOCIEDADE
11202320602;DA1ESMA002-23SB;INOVAÇÕES PARA ENGENHARIA
11202230997;NA1ESTO005-17SA;INTRODUÇÃO ÀS ENGENHARIAS
11201722040;NAESHC017-17SB;FINANÇAS PÚBLICAS
11201812127;NA2ESTO017-17SA;MÉTODOS EXPERIMENTAIS EM ENGENHARIA
11202420497;NB2BIS0003-15SB;BASES MATEMÁTICAS
11202420497;NB1BHQ0002-15SB;ESTUDOS ÉTNICO-RACIAIS
11202020446;NB1BCN0407-15SB;FUNÇÕES DE VÁRIAS VARIÁVEIS
11202131851;NAESHP028-22SB;POLÍTICAS DIGITAIS, DADOS E GESTÃO ALGORÍTMICA
11202020779;NA1ESTU007-17SA;HABITAÇÃO E ASSENTAMENTOS HUMANOS
11202320659;NA1BHQ0002-15SA;ESTUDOS ÉTNICO-RACIAIS
11201920926;NA2BHP0202-15SB;PENSAMENTO CRÍTICO
11202321386;NA11BCM0505-22SA;PROCESSAMENTO DA INFORMAÇÃO
11201921231;NA1BCL0306-15SA;BIODIVERSIDADE: INTERAÇÕES ENTRE ORGANISMOS E AMBIENTE
11202421688;DA2BIS0003-15SB;BASES MATEMÁTICAS
11202020181;NA1NHZ4077-20SA;ESTUDOS QUEER E EDUCAÇÃO
11202130321;DA1BCN0407-15SB;FUNÇÕES DE VÁRIAS VARIÁVEIS
11202130321;NB1BCN0404-15SB;GEOMETRIA ANALÍTICA
11202130321;NA1BCM0504-15SB;NATUREZA DA INFORMAÇÃO
11202130321;DA2BCL0307-15SB;TRANSFORMAÇÕES QUÍMICAS
11202020611;NA1ESTB019-17SB;BIOESTATÍSTICA
11202322072;NA1MCTC023-15SB;NEUROANATOMIA
11202130414;NABHS0004-23SB;ENCONTROS SOBRE GÊNERO E SEXUALIDADES
11202321817;NA2ESTO006-17SA;MATERIAIS E SUAS PROPRIEDADES
11201812215;NAESHC017-17SB;FINANÇAS PÚBLICAS
11202231750;DA1ESHR004-13SB;ECONOMIA POLÍTICA INTERNACIONAL DA ENERGIA
11202020564;NAESHP005-13SB;CONFLITOS SOCIAIS
11202320745;NA1ESHC018-17SB;FORMAÇÃO ECONÔMICA DO BRASIL
11202321959;NAMCTD019-18SA;PRÁTICAS DE ENSINO DE MATEMÁTICA IV
11202321114;DIBHP0202-15SB;PENSAMENTO CRÍTICO
11201723006;NA1ESTO004-17SA;INSTRUMENTAÇÃO E CONTROLE
11202231077;DA1BCL0306-15SB;BIODIVERSIDADE: INTERAÇÕES ENTRE ORGANISMOS E AMBIENTE
11202231077;DA1BCS0002-15SB;PROJETO DIRIGIDO
11202320896;NA1ESZM027-17SA;MATERIAIS PARA ENERGIA E AMBIENTE
11202421205;NA2NHI5002-15SA;DIDÁTICA
11202231625;NA1ESAE003-23SB;DINÂMICA DE GASES
11202021207;NB1ESMA002-23SB;INOVAÇÕES PARA ENGENHARIA
11202420661;DANHT5004-15SA;EDUCAÇÃO CIENTÍFICA, SOCIEDADE E CULTURA
11202420661;DAMCZD008-18SA;SEMINÁRIOS DE MODALIDADES DIVERSAS EM EDUCAÇÃO MATEMÁTICA
11201812089;NA1NHLB005-23SA;PRÁTICAS DE ENSINO DE CIÊNCIAS NO ENSINO FUNDAMENTAL
11202022192;NB2BIS0003-15SB;BASES MATEMÁTICAS
11202230396;DA1NHT1067-15SA;EVOLUÇÃO E DIVERSIDADE DE PLANTAS I
11202020624;NANHH2035-13SB;HISTÓRIA DA FILOSOFIA CONTEMPORÂNEA: O SÉCULO XX
11202320910;DB1ESHC030-17SB;DESIGUALDADES DE RAÇA, GÊNERO E RENDA
11202230340;NAESHC022-17SB;MACROECONOMIA I
11202320736;NA1ESTO005-17SB;INTRODUÇÃO ÀS ENGENHARIAS
11202022101;DA1BHO0101-15SB;ESTADO E RELAÇÕES DE PODER
11201922411;NA1ESHP016-22SB;MÉTODOS QUANTITATIVOS EM POLÍTICAS PÚBLICAS
11201920531;NA1ESZT016-17SB;URBANIZAÇÃO BRASILEIRA
11108914;NA1MCZA019-17SA;PROGRAMAÇÃO PARA WEB
11202232114;DAMCTC011-15SA;PSICOLOGIA COGNITIVA
11202021610;NA1ESZS034-17SB;COMBUSTÃO II
11202231518;NA1NHT1002-15SA;BIOÉTICA
11202230356;DA1ESTO015-17SA;MECÂNICA DOS FLUIDOS I
11202210001;NA1BCN0407-15SA;FUNÇÕES DE VÁRIAS VARIÁVEIS
11201921612;NA1MCTA022-17SA;REDES DE COMPUTADORES
11202130643;NA2MCTA023-17SA;SEGURANÇA DE DADOS
11202021793;DA1ESAE006-23SB;AERONAVES DIRIGÍVEIS
11202230749;NA1ESTO001-17SA;CIRCUITOS ELÉTRICOS E FOTÔNICA
11202421850;NA2BCN0404-15SA;GEOMETRIA ANALÍTICA
11201920792;NA1ESTG011-17SB;ESTATÍSTICA APLICADA A SISTEMAS DE GESTÃO
11202231451;NA1ESTO013-17SA;ENGENHARIA ECONÔMICA
11202020707;NA2MCTA022-17SA;REDES DE COMPUTADORES
11202322198;NA1ESHR007-21SB;GEOPOLÍTICA
11202020053;NA1ESTG019-17SB;TEMPOS, MÉTODOS E ARRANJOS FÍSICOS
11202320466;NA1BIQ0602-15SB;ESTRUTURA E DINÂMICA SOCIAL
11202020054;NA1MCTA023-17SA;SEGURANÇA DE DADOS
11202130698;DAESZA019-17SA;VISÃO COMPUTACIONAL
11201812084;NA1MCTB008-17SA;CÁLCULO DE PROBABILIDADE
11201812084;NB1ESTO013-17SB;ENGENHARIA ECONÔMICA
11202232233;NA2BCS0002-15SA;PROJETO DIRIGIDO
11201932490;NA1ESTB025-17SB;INSTRUMENTAÇÃO BIOMÉDICA I
11202111130;NA1ESTI008-17SA;TEORIA DA INFORMAÇÃO E CÓDIGOS
11202020122;NA1ESAE001-23SB;APLICAÇÕES ESTRUTURAIS DE MATERIAIS COMPÓSITOS
11202232354;NB1BIR0004-15SA;BASES EPISTEMOLÓGICAS DA CIÊNCIA MODERNA
11202131376;NA1ESTU015-17SA;SAÚDE AMBIENTAL
11202332400;NA1ESTO005-17SA;INTRODUÇÃO ÀS ENGENHARIAS
11201921191;NAMCTD022-18SA;ÁLGEBRA NA EDUCAÇÃO BÁSICA
11201721907;NA1MCTB001-17SA;ÁLGEBRA LINEAR
11202320587;DA2MCTB010-13SA;CÁLCULO VETORIAL E TENSORIAL
11202111047;NA1ESTU015-17SA;SAÚDE AMBIENTAL
11202020734;NA1ESZB029-17SB;GESTÃO DE TECNOLOGIA HOSPITALAR I
11202232184;NA1ESTM016-17SA;QUÍMICA INORGÂNICA DE MATERIAIS
11202230936;NAESTE004-17SA;ENERGIA, MEIO AMBIENTE E SOCIEDADE
11202230936;NA1ESZI041-18SA;PROGRAMAÇÃO DE SOFTWARE EMBARCADO
11202320941;NA1ESHC018-17SB;FORMAÇÃO ECONÔMICA DO BRASIL
11202320941;NB1ESHC022-17SB;MACROECONOMIA I
11202021753;DA1ESTU006-17SA;GEOTECNIA
11202021753;DA1ESZU010-17SA;GESTÃO AMBIENTAL NA INDÚSTRIA
11201812084;NB2MCTA022-17SA;REDES DE COMPUTADORES
11202321345;NA1BIQ0602-15SB;ESTRUTURA E DINÂMICA SOCIAL
11202022190;DA1BCN0407-15SA;FUNÇÕES DE VÁRIAS VARIÁVEIS
11202230557;DA1NHLB005-23SA;PRÁTICAS DE ENSINO DE CIÊNCIAS NO ENSINO FUNDAMENTAL
11202320219;DAESHR027-21SB;ÁFRICA NAS RELAÇÕES INTERNACIONAIS
11202231180;DA1BCN0402-15SA;FUNÇÕES DE UMA VARIÁVEL
11202021854;NA1BIS0003-15SB;BASES MATEMÁTICAS
11202231487;NA1BHO0101-15SB;ESTADO E RELAÇÕES DE PODER
11202410020;DA1ESTO001-17SA;CIRCUITOS ELÉTRICOS E FOTÔNICA
11202130635;NA1ESTI004-17SA;PRINCÍPIOS DE COMUNICAÇÃO
11202231002;NB1ESHC022-17SB;MACROECONOMIA I
11202111125;DA1ESTA004-17SA;CIRCUITOS ELÉTRICOS II
11201922190;NA1NHI5002-15SA;DIDÁTICA
11202020320;DA1ESTO008-17SA;MECÂNICA DOS SÓLIDOS I
11202020573;NA1ESHT024-17SB;USO DO SOLO URBANO
11202020064;NA1ESTM010-17SB;PROPRIEDADES MECÂNICAS E TÉRMICAS
11202020707;NA1ESTI008-17SA;TEORIA DA INFORMAÇÃO E CÓDIGOS
11202020444;NA1ESTB019-17SB;BIOESTATÍSTICA
11202232337;DA1ESHC028-17SB;ECONOMIA POLÍTICA
11201811823;NAMCZC021-20SB;NEUROPSICOLOGIA
11201811823;NA1ESTO012-17SA;PRINCÍPIOS DE ADMINISTRAÇÃO
11202021105;DA1NHT1061-15SA;GENÉTICA I
11202310080;NB1ESHC022-17SB;MACROECONOMIA I
11202310080;NAESHP028-22SB;POLÍTICAS DIGITAIS, DADOS E GESTÃO ALGORÍTMICA
11202020680;NA1NHLB003-23SA;PRÁTICAS DE ENSINO DE BIOLOGIA E CURRÍCULO
11202230680;DA1ESZU017-17SA;SENSORIAMENTO REMOTO
11202230680;DA1ESZU036-17SA;SAÚDE, DETERMINANTES SOCIOAMBIENTAIS E EQUIDADE
11201810811;NA3MCTB010-13SA;CÁLCULO VETORIAL E TENSORIAL
11202232194;NA1BHO0101-15SB;ESTADO E RELAÇÕES DE PODER
11202321359;DAESHR027-21SB;ÁFRICA NAS RELAÇÕES INTERNACIONAIS
11202321262;NB1BCJ0204-15SB;FENÔMENOS MECÂNICOS
11202230435;NA1NHBQ008-22SA;FUNDAMENTOS DE REAÇÕES ORGÂNICAS
11202320781;DB1BCS0002-15SA;PROJETO DIRIGIDO
11202321498;DA1BCN0404-15SA;GEOMETRIA ANALÍTICA
11202230921;NA1ESMA002-23SB;INOVAÇÕES PARA ENGENHARIA
11202230921;NA1ESTU040-17SA;PROJETO AMBIENTAL URBANO
11202230622;NA2ESTO017-17SA;MÉTODOS EXPERIMENTAIS EM ENGENHARIA
11202021527;DA1BHP0202-15SB;PENSAMENTO CRÍTICO
11201722461;NA1ESTA011-17SA;AUTOMAÇÃO DE SISTEMAS INDUSTRIAIS
11202020525;NB1BCN0407-15SA;FUNÇÕES DE VÁRIAS VARIÁVEIS
11202320896;NA1BIR0603-15SA;CIÊNCIA, TECNOLOGIA E SOCIEDADE
11202022190;DA1MCTB009-17SA;CÁLCULO NUMÉRICO
11202020411;NAESHR023-21SB;TEORIAS CONTEMPORÂNEAS DAS RELAÇÕES INTERNACIONAIS
11202111790;NB1MCTA022-17SA;REDES DE COMPUTADORES
11202130611;NA1ESAE001-23SB;APLICAÇÕES ESTRUTURAIS DE MATERIAIS COMPÓSITOS
11202021022;NANHH2035-13SB;HISTÓRIA DA FILOSOFIA CONTEMPORÂNEA: O SÉCULO XX
11202321384;NANHZ2145-18SB;LÍNGUA LATINA I
11202232245;DA1ESMA002-23SB;INOVAÇÕES PARA ENGENHARIA
11201721357;NA1ESTU021-17SA;TRANSPORTES E MOBILIDADE URBANA
11202020759;NA1NHT4032-15SA;PRÁTICAS DE ENSINO DE QUÍMICA III
11202230622;DANHZ2054-18SB;PENSAMENTO NIETZSCHEANO E SEUS DESDOBRAMENTOS CONTEMPORÂNEOS
11201811109;DA1MCZA010-13SA;LABORATÓRIO DE ENGENHARIA DE SOFTWARE
11011616;NAESHC029-21SB;MICROECONOMIA III
11202130643;NA1MCZA002-17SA;APRENDIZADO DE MÁQUINA
11201921823;NA1ESTU015-17SA;SAÚDE AMBIENTAL
11201920611;NA1ESTG017-17SB;INTRODUÇÃO AOS PROCESSOS DE FABRICAÇÃO METAL ¿ MECÂNICO
11202022058;NAESZP006-13SB;PENSAMENTO LATINO-AMERICANO E POLÍTICAS DE CT&I
11202021017;NA1ESTI013-17SA;SISTEMAS MICROPROCESSADOS
11201920905;DA1MCZA019-17SA;PROGRAMAÇÃO PARA WEB
11202321828;DA1MCZA019-17SA;PROGRAMAÇÃO PARA WEB
11201810560;NA1ESTB015-17SB;PRINCÍPIOS DE ÉTICA EM SERVIÇOS DE SAÚDE
11202130310;NA1MCTA006-17SA;CIRCUITOS DIGITAIS
11202322026;NA1BCM0505-22SB;PROCESSAMENTO DA INFORMAÇÃO
11202322258;DA1NHT1055-15SA;FUNDAMENTOS DE IMUNOLOGIA
11202022092;DIESHR012-21SB;POLÍTICA INTERNACIONAL DOS EUA
11202020294;NA1MCTA026-13SA;SISTEMAS OPERACIONAIS
11202130239;NAESTE004-17SA;ENERGIA, MEIO AMBIENTE E SOCIEDADE
11202130881;NA1ESHC016-17SB;FINANÇAS CORPORATIVAS
11202130682;NA1MCZA002-17SA;APRENDIZADO DE MÁQUINA
11201920114;NA1ESHC016-17SB;FINANÇAS CORPORATIVAS
11201920114;NA1ESHC032-17SB;MACROECONOMIA II
21084616;NAMCNC001-23SB;BIOFÍSICA DE MEMBRANAS
11202130635;NA1ESTA003-17SA;SISTEMAS DE CONTROLE I
11202131362;NA1ESTO011-17SA;FUNDAMENTOS DE DESENHO TÉCNICO
11202230837;NAESZE111-17SA;POLÍTICA ENERGÉTICA
11202022211;NA1ESHC028-17SB;ECONOMIA POLÍTICA
11202131543;NA1ESHR007-21SB;GEOPOLÍTICA
11201921040;DA1ESZB029-17SB;GESTÃO DE TECNOLOGIA HOSPITALAR I
11202020561;NA1ESTA017-17SA;LABORATÓRIO DE MÁQUINAS ELÉTRICAS
11201922190;NA1ESTO005-17SA;INTRODUÇÃO ÀS ENGENHARIAS
11202130298;DA1ESZS003-17SB;INSTRUMENTAÇÃO E SENSORES EM VEÍCULOS AEROESPACIAIS
11202421476;DA1BCN0402-15SA;FUNÇÕES DE UMA VARIÁVEL
11201921060;DA2ESTO006-17SA;MATERIAIS E SUAS PROPRIEDADES
11201921060;DAESTE027-17SA;LABORATÓRIO DE CALOR E FLUIDOS
11201810008;NA1ESZU002-17SA;COMPOSTAGEM
11202321428;NA1ESHC028-17SB;ECONOMIA POLÍTICA
11202321428;NAESHC022-17SB;MACROECONOMIA I
11201921107;NB1BCM0505-22SB;PROCESSAMENTO DA INFORMAÇÃO
11202021527;DA1BHO1335-15SB;FORMAÇÃO DO SISTEMA INTERNACIONAL
11202130602;DA1ESHT026-21SB;BIODIVERSIDADE, GEODIVERSIDADE E PAISAGEM
11202421509;NC1BCL0307-15SA;TRANSFORMAÇÕES QUÍMICAS
11202020571;NB1BHQ0301-15SB;TERRITÓRIO E SOCIEDADE
11202130927;NAESHP018-14SB;POLÍTICAS SOCIAIS
11201921518;NA1NHZ4077-20SA;ESTUDOS QUEER E EDUCAÇÃO
11201921593;NA1ESHC030-17SB;DESIGUALDADES DE RAÇA, GÊNERO E RENDA
11202230306;NA1MCTC014-13SA;INTRODUÇÃO À INFERÊNCIA ESTATÍSTICA
11202421207;DA1BCN0402-15SA;FUNÇÕES DE UMA VARIÁVEL
11202020511;NA1ESHC033-21SB;ECONOMIA BRASILEIRA CONTEMPORÂNEA
11202130246;DA1ESHR903-18SB;METODOLOGIA DE PESQUISA EM RELAÇÕES INTERNACIONAIS (TCC 1)
11201811693;NB1ESMA002-23SB;INOVAÇÕES PARA ENGENHARIA
11202322299;DAMCTD016-18SA;PRÁTICAS DE ENSINO DE MATEMÁTICA I
11202022211;NB1ESHC022-17SB;MACROECONOMIA I
11202321733;NB1BCK0103-15SA;FÍSICA QUÂNTICA
11202111658;NB1ESHC022-17SB;MACROECONOMIA I
11201720668;NB1NHZ1096-19SA;PRÁTICAS DISCURSIVAS DA CIÊNCIA E EDUCAÇÃO EM CIÊNCIAS
11202020869;DA1BHS0005-19SB;PRÁTICAS EM CIÊNCIAS E HUMANIDADES
11202020869;NB1ESHC022-17SB;MACROECONOMIA I
11202421665;DA1BCL0307-15SB;TRANSFORMAÇÕES QUÍMICAS
11202212457;NA1ESTU039-17SB;REGULAÇÃO AMBIENTAL E URBANÍSTICA
11201920960;DA1ESHT025-17SB;DESENVOLVIMENTO ECONÔMICO E SOCIAL NO BRASIL
11202020346;DA1MCZA038-17SA;PRÁTICA AVANÇADA DE PROGRAMAÇÃO A
11201812232;DA1MCZA002-17SA;APRENDIZADO DE MÁQUINA
11202322246;NB1ESHC022-17SB;MACROECONOMIA I
11202321690;NA4BCM0505-22SA;PROCESSAMENTO DA INFORMAÇÃO
11202231043;NA2ESTO017-17SA;MÉTODOS EXPERIMENTAIS EM ENGENHARIA
11202130933;NAESHP005-13SB;CONFLITOS SOCIAIS
11202130933;NAESZP006-13SB;PENSAMENTO LATINO-AMERICANO E POLÍTICAS DE CT&I
11202210026;NB1MCTA022-17SA;REDES DE COMPUTADORES
11202421179;DA1ESTO005-17SA;INTRODUÇÃO ÀS ENGENHARIAS
11202130082;NAESHC017-17SB;FINANÇAS PÚBLICAS
11202130082;NA2BCN0407-15SB;FUNÇÕES DE VÁRIAS VARIÁVEIS
11202420904;NA3BCJ0205-15SB;FENÔMENOS TÉRMICOS
11202422000;DA8BCJ0205-15SA;FENÔMENOS TÉRMICOS
11202422000;DA2BCL0307-15SA;TRANSFORMAÇÕES QUÍMICAS
11202321466;DA1ESBM004-23SB;FUNDAMENTOS DE FISIOPATOLOGIA PARA ENGENHARIAS I
11202021499;NA1NHZ4077-20SA;ESTUDOS QUEER E EDUCAÇÃO
11202020251;NA1NHZ4077-20SA;ESTUDOS QUEER E EDUCAÇÃO
11202022007;NA1MCZA018-17SA;PROCESSAMENTO DIGITAL DE IMAGENS
11202320793;NA1ESTO011-17SB;FUNDAMENTOS DE DESENHO TÉCNICO
11202021990;NANHT5004-15SA;EDUCAÇÃO CIENTÍFICA, SOCIEDADE E CULTURA
11202322192;DANHH2007-13SB;ESTÉTICA
11202321775;DA1BHS0002-22SB;DIVERSIDADE DE GÊNERO E FORMAÇÃO DE PROFESSOR
11201912415;DA1ESZG040-17SB;MODELOS DE DECISÃO MULTICRITÉRIO
11202020246;DA1BCK0104-15SA;INTERAÇÕES ATÔMICAS E MOLECULARES
11202421545;DA1BCN0404-15SA;GEOMETRIA ANALÍTICA
11202020225;NABHS0004-23SB;ENCONTROS SOBRE GÊNERO E SEXUALIDADES
11201920548;DA1ESHR903-18SB;METODOLOGIA DE PESQUISA EM RELAÇÕES INTERNACIONAIS (TCC 1)
11202231500;NIESHR012-21SB;POLÍTICA INTERNACIONAL DOS EUA
11202420473;NA1MCTB021-17SA;PROBABILIDADE
11202020474;NA1NHZ4077-20SA;ESTUDOS QUEER E EDUCAÇÃO
11011616;DA1ESHC016-17SB;FINANÇAS CORPORATIVAS
11202020346;DA1MCZA010-13SA;LABORATÓRIO DE ENGENHARIA DE SOFTWARE
11202420560;NA7BCJ0205-15SA;FENÔMENOS TÉRMICOS
11202420560;NA2BCM0504-15SA;NATUREZA DA INFORMAÇÃO
13201812294;NAESHC017-17SB;FINANÇAS PÚBLICAS
11202230395;DB1BCK0104-15SA;INTERAÇÕES ATÔMICAS E MOLECULARES
21017115;NA1BHP0202-15SB;PENSAMENTO CRÍTICO
11202230974;DA1BCN0407-15SA;FUNÇÕES DE VÁRIAS VARIÁVEIS
11202230974;DA1NHT1055-15SA;FUNDAMENTOS DE IMUNOLOGIA
11202020542;DA1MCTB009-17SA;CÁLCULO NUMÉRICO
11202020542;DA1ESZU036-17SA;SAÚDE, DETERMINANTES SOCIOAMBIENTAIS E EQUIDADE
11202021810;DA1ESHC040-21SB;RELAÇÕES MONETÁRIAS E FINANCEIRAS INTERNACIONAIS
11202230970;NB1BIQ0602-15SA;ESTRUTURA E DINÂMICA SOCIAL
11201921907;NA1ESTG017-17SB;INTRODUÇÃO AOS PROCESSOS DE FABRICAÇÃO METAL ¿ MECÂNICO
11202020597;NA1BCK0104-15SA;INTERAÇÕES ATÔMICAS E MOLECULARES
11202320376;NANHT1002-15SB;BIOÉTICA
11202021728;NA1MCTA006-17SA;CIRCUITOS DIGITAIS
21085414;NA1ESZG001-17SB;ANÁLISE DE REDES DE TRANSPORTE E DISTRIBUIÇÃO
11202321610;NABHS0004-23SB;ENCONTROS SOBRE GÊNERO E SEXUALIDADES
11201921962;NA1ESHR011-21SB;INTRODUÇÃO AO DIREITO E FUNDAMENTOS DO DIREITO INTERNACIONAL
11202212499;DA2MCTA006-17SA;CIRCUITOS DIGITAIS
11201921742;NA1ESHP016-22SB;MÉTODOS QUANTITATIVOS EM POLÍTICAS PÚBLICAS
11202321333;DA1ESTO008-17SA;MECÂNICA DOS SÓLIDOS I
11201921155;NA1ESTB019-17SA;BIOESTATÍSTICA
11202130671;NA2MCTA006-17SA;CIRCUITOS DIGITAIS
11201720906;NA1ESZG001-17SB;ANÁLISE DE REDES DE TRANSPORTE E DISTRIBUIÇÃO
11202231445;NA1BHO0002-19SB;INTRODUÇÃO AO PENSAMENTO ECONÔMICO
11202320497;NA1ESHC019-17SB;HISTÓRIA DO PENSAMENTO ECONÔMICO
11202232011;DA1ESTO015-17SA;MECÂNICA DOS FLUIDOS I
11202332362;NA1ESMA002-23SA;INOVAÇÕES PARA ENGENHARIA
11202510090;NA1BHO1335-15SB;FORMAÇÃO DO SISTEMA INTERNACIONAL
11202231732;DA1MCZA019-17SA;PROGRAMAÇÃO PARA WEB
11202410026;NA3BCL0308-15SA;BIOQUÍMICA: ESTRUTURA, PROPRIEDADES E FUNÇÕES DE BIOMOLÉCULAS
11202321967;NA1ESHC016-17SB;FINANÇAS CORPORATIVAS
11202321967;NAESHC022-17SB;MACROECONOMIA I
11202320875;NANHH2073-18SB;TEORIA DO CONHECIMENTO: EMPIRISMO E RACIONALISMO
11202130992;DA1BCS0002-15SA;PROJETO DIRIGIDO
11202320623;NANHT1002-15SB;BIOÉTICA
11202021176;NA1BCN0402-15SA;FUNÇÕES DE UMA VARIÁVEL
11202320820;DA1NHT1055-15SA;FUNDAMENTOS DE IMUNOLOGIA
11202231676;NA1BCK0104-15SB;INTERAÇÕES ATÔMICAS E MOLECULARES
11202130524;DA1ESTG016-17SB;QUALIDADE EM SISTEMAS
11202230413;NA1NHH2017-16SB;FILOSOFIA DA EDUCAÇÃO
11202230413;DANHZ2132-18SB;FILOSOFIA, MÚSICA E LITERATURA
11201921428;NABHS0004-23SB;ENCONTROS SOBRE GÊNERO E SEXUALIDADES
11202420611;DA1ESTO011-17SA;FUNDAMENTOS DE DESENHO TÉCNICO
11202230857;DB1BCK0104-15SA;INTERAÇÕES ATÔMICAS E MOLECULARES
11202231643;NA1ESTO013-17SB;ENGENHARIA ECONÔMICA
11202322283;DA1ESHC019-17SB;HISTÓRIA DO PENSAMENTO ECONÔMICO
11202320618;NA1BCK0103-15SB;FÍSICA QUÂNTICA
11202231821;NA1MCTB001-17SB;ÁLGEBRA LINEAR
11202420203;NA2BCM0505-22SB;PROCESSAMENTO DA INFORMAÇÃO
11201932461;NA2NHI5002-15SA;DIDÁTICA
11202210086;DA1ESHT026-21SB;BIODIVERSIDADE, GEODIVERSIDADE E PAISAGEM
11202421656;NB1ESHC022-17SB;MACROECONOMIA I
11202210087;NA1ESZT016-17SB;URBANIZAÇÃO BRASILEIRA
11201811505;NAESTE036-17SA;ECONOMIA DA ENERGIA
11202020227;NABHS0004-23SB;ENCONTROS SOBRE GÊNERO E SEXUALIDADES
11202020227;NC1ESTO013-17SB;ENGENHARIA ECONÔMICA
11202420845;NA10BCM0505-22SA;PROCESSAMENTO DA INFORMAÇÃO
11202021025;DB1ESHC030-17SB;DESIGUALDADES DE RAÇA, GÊNERO E RENDA
11202321982;NA1ESTO005-17SA;INTRODUÇÃO ÀS ENGENHARIAS
11202230740;DABHS0003-23SB;DIÁLOGOS EXTENSIONISTAS EM ECONOMIA
11202111739;DA1ESHR004-13SB;ECONOMIA POLÍTICA INTERNACIONAL DA ENERGIA
11202320513;NA1ESTO013-17SB;ENGENHARIA ECONÔMICA
11201932573;NA1ESHC018-17SB;FORMAÇÃO ECONÔMICA DO BRASIL
11202020028;DA1BHS0005-19SB;PRÁTICAS EM CIÊNCIAS E HUMANIDADES
11202130495;DA1ESZM040-17SA;PROCESSAMENTO E CONFORMAÇÃO DE METAIS I
11202232130;DAESHP012-22SB;DIREITO ADMINISTRATIVO
11201812056;DA1ESTG009-17SB;GESTÃO DE OPERAÇÕES
11202130515;DA1MCTA022-17SA;REDES DE COMPUTADORES
11202322107;NA1ESTO013-17SA;ENGENHARIA ECONÔMICA
11202231258;DA1BIR0004-15SA;BASES EPISTEMOLÓGICAS DA CIÊNCIA MODERNA
11202421995;DA1BCN0407-15SA;FUNÇÕES DE VÁRIAS VARIÁVEIS
11201920372;NA1ESTB025-17SB;INSTRUMENTAÇÃO BIOMÉDICA I
11202321856;NA1ESHC028-17SB;ECONOMIA POLÍTICA
11202321856;NB1ESHC022-17SB;MACROECONOMIA I
11202332423;DA1ESZM030-17SA;MATERIAIS NANOESTRUTURADOS
11202320440;DA1ESTO011-17SA;FUNDAMENTOS DE DESENHO TÉCNICO
11202421756;NC1BCL0307-15SA;TRANSFORMAÇÕES QUÍMICAS
11023916;DA1ESAE004-23SB;MÉTODOS COMPUTACIONAIS PARA ANÁLISE ESTRUTURAL
11202230327;DB1BCK0103-15SA;FÍSICA QUÂNTICA
11202321546;DA1NHI5015-22SA;LIBRAS
11202420644;NA1NHZ4077-20SA;ESTUDOS QUEER E EDUCAÇÃO
11202021572;DB1ESHC030-17SB;DESIGUALDADES DE RAÇA, GÊNERO E RENDA
11202321093;DANHT5004-15SA;EDUCAÇÃO CIENTÍFICA, SOCIEDADE E CULTURA
11202021955;NB1ESHC022-17SB;MACROECONOMIA I
11201922366;NB1ESHC022-17SB;MACROECONOMIA I
11202232271;NB1ESHC022-17SB;MACROECONOMIA I
11202320638;DA6BCM0505-22SA;PROCESSAMENTO DA INFORMAÇÃO
11202420797;DA1BIR0603-15SA;CIÊNCIA, TECNOLOGIA E SOCIEDADE
11202420191;NA1ESHC018-17SB;FORMAÇÃO ECONÔMICA DO BRASIL
11088616;NANHZ3001-15SA;CONHECIMENTO E TÉCNICA: PERSPECTIVAS DA ANTIGUIDADE E PERÍODO MEDIEVAL
11088616;NA1MCCC013-23SA;OTIMIZAÇÃO LINEAR
11202420541;DA8BCM0505-22SA;PROCESSAMENTO DA INFORMAÇÃO
11202230873;NB1BIQ0602-15SA;ESTRUTURA E DINÂMICA SOCIAL
11202421491;NA1ESTO013-17SA;ENGENHARIA ECONÔMICA
11202230959;NA2ESMA002-23SA;INOVAÇÕES PARA ENGENHARIA
11202320492;DA2ESTB019-17SB;BIOESTATÍSTICA
11202131004;DA1BCN0402-15SA;FUNÇÕES DE UMA VARIÁVEL
11202230641;DB1BIR0603-15SA;CIÊNCIA, TECNOLOGIA E SOCIEDADE
11202230920;DB1ESHC030-17SB;DESIGUALDADES DE RAÇA, GÊNERO E RENDA
11202130152;DA1BCL0308-15SB;BIOQUÍMICA: ESTRUTURA, PROPRIEDADES E FUNÇÕES DE BIOMOLÉCULAS
11202422019;NA1ESHT026-21SB;BIODIVERSIDADE, GEODIVERSIDADE E PAISAGEM
21038415;DA1BHO0002-19SB;INTRODUÇÃO AO PENSAMENTO ECONÔMICO
11202421138;DA1ESTO005-17SA;INTRODUÇÃO ÀS ENGENHARIAS
11202230806;DB1ESZM002-17SA;NANOCIÊNCIA E NANOTECNOLOGIA
11202231750;NA1BHO0101-15SB;ESTADO E RELAÇÕES DE PODER
11201810300;NA3MCTB010-13SA;CÁLCULO VETORIAL E TENSORIAL
11202321834;NA1ESHC018-17SB;FORMAÇÃO ECONÔMICA DO BRASIL
11202321834;NB1ESHC022-17SB;MACROECONOMIA I
21030416;DA1ESZG011-17SB;PLANEJAMENTO ESTRATÉGICO EM GESTÃO DE PROJETOS
21030416;DAESHP032-22SB;PODER LEGISLATIVO E PROCESSO DECISÓRIO
21030416;NAESHP027-14SB;PODER LOCAL
11202321005;NA2BCL0307-15SA;TRANSFORMAÇÕES QUÍMICAS
11201721536;DAESHC017-17SB;FINANÇAS PÚBLICAS
11202111049;NA1ESGE001-23SB;ENGENHARIA DE SEGURANÇA DO TRABALHO
11201921368;NAESHC029-21SB;MICROECONOMIA III
11201932603;NA1MCZA008-17SA;INTERAÇÃO HUMANO-COMPUTADOR
11201932603;NA1NHI5015-22SA;LIBRAS
11201932603;NA1NHZ4077-20SA;ESTUDOS QUEER E EDUCAÇÃO
11202420618;NB5BCL0307-15SA;TRANSFORMAÇÕES QUÍMICAS
11201722349;DA1MCCC009-23SA;LINGUAGENS FORMAIS E AUTÔMATOS
11201722790;NA1ESGE001-23SB;ENGENHARIA DE SEGURANÇA DO TRABALHO
11202230833;NA2ESTO001-17SA;CIRCUITOS ELÉTRICOS E FOTÔNICA
11202232020;DB1ESTO005-17SA;INTRODUÇÃO ÀS ENGENHARIAS
11202130524;NA1ESGE001-23SB;ENGENHARIA DE SEGURANÇA DO TRABALHO
11202130355;DA1MCTA033-15SA;ENGENHARIA DE SOFTWARE
11202510061;NB3BCM0505-22SA;PROCESSAMENTO DA INFORMAÇÃO
11202322165;DA1NHZ6013-18SA;BIOTECNOLOGIA ANIMAL
11202020626;NA1BCK0104-15SA;INTERAÇÕES ATÔMICAS E MOLECULARES
11202320457;NAESHC022-17SB;MACROECONOMIA I
11201920979;DA1ESZT016-17SB;URBANIZAÇÃO BRASILEIRA
11201822556;NAESHR014-21SB;RELAÇÕES INTERNACIONAIS CONTEMPORÂNEAS
11202231368;DA1MCZA019-17SA;PROGRAMAÇÃO PARA WEB
11202231368;DA1MCTA023-17SA;SEGURANÇA DE DADOS
11202421959;NB1BCN0402-15SA;FUNÇÕES DE UMA VARIÁVEL
11202212437;NA1MCTC014-13SA;INTRODUÇÃO À INFERÊNCIA ESTATÍSTICA
11202020136;DA1ESHC019-17SB;HISTÓRIA DO PENSAMENTO ECONÔMICO
11202132033;DA1NHZ1096-19SA;PRÁTICAS DISCURSIVAS DA CIÊNCIA E EDUCAÇÃO EM CIÊNCIAS
11201722208;DA1BCJ0204-15SA;FENÔMENOS MECÂNICOS
11201812237;NANHZ2145-18SB;LÍNGUA LATINA I
11202421033;NA3BCN0402-15SA;FUNÇÕES DE UMA VARIÁVEL
11202510090;NA1BHO0002-19SB;INTRODUÇÃO AO PENSAMENTO ECONÔMICO
11202410106;NB1ESHC022-17SB;MACROECONOMIA I
11201721536;NABHS0004-23SB;ENCONTROS SOBRE GÊNERO E SEXUALIDADES
11202021397;DANHZ2132-18SB;FILOSOFIA, MÚSICA E LITERATURA
11202021397;DA1ESZG011-17SB;PLANEJAMENTO ESTRATÉGICO EM GESTÃO DE PROJETOS
11201721400;NA1ESHC018-17SB;FORMAÇÃO ECONÔMICA DO BRASIL
11202130015;DA1NHLB005-23SA;PRÁTICAS DE ENSINO DE CIÊNCIAS NO ENSINO FUNDAMENTAL
11202230552;NAESHP028-22SB;POLÍTICAS DIGITAIS, DADOS E GESTÃO ALGORÍTMICA
11202230824;DA1ESAE001-23SB;APLICAÇÕES ESTRUTURAIS DE MATERIAIS COMPÓSITOS
11202021944;NABHS0004-23SB;ENCONTROS SOBRE GÊNERO E SEXUALIDADES
11202420955;DB2BIS0003-15SB;BASES MATEMÁTICAS
11056914;NA3MCTB010-13SA;CÁLCULO VETORIAL E TENSORIAL
11202420831;NA4BCJ0205-15SA;FENÔMENOS TÉRMICOS
11060915;NAESZA016-17SA;OPTOELETRÔNICA
11202321673;DA1NHLB005-23SA;PRÁTICAS DE ENSINO DE CIÊNCIAS NO ENSINO FUNDAMENTAL
11202421973;NB1BCN0407-15SA;FUNÇÕES DE VÁRIAS VARIÁVEIS
11202321406;DA2BCS0002-15SA;PROJETO DIRIGIDO
11201811747;NA1BHQ0002-15SA;ESTUDOS ÉTNICO-RACIAIS
11202232017;NB2BCN0402-15SA;FUNÇÕES DE UMA VARIÁVEL
11202421247;NA1BCM0504-15SA;NATUREZA DA INFORMAÇÃO
11202111722;NA1ESMA002-23SB;INOVAÇÕES PARA ENGENHARIA
11201932608;NA1LIE0001-19SA;METODOLOGIAS DE PESQUISA EM EDUCAÇÃO
11202421538;NA1ESTO005-17SB;INTRODUÇÃO ÀS ENGENHARIAS
11202420959;DB1BCL0306-15SB;BIODIVERSIDADE: INTERAÇÕES ENTRE ORGANISMOS E AMBIENTE
11202231347;NA1ESHC018-17SB;FORMAÇÃO ECONÔMICA DO BRASIL
11202230920;NABHS0004-23SB;ENCONTROS SOBRE GÊNERO E SEXUALIDADES
11202320227;DAESZR025-21SB;CONFLITOS, PAZ E NEGOCIAÇÃO INTERNACIONAL (PRÁTICA)
11202320227;DA1ESHR002-21SB;TEMAS DE DIREITO INTERNACIONAL PU&#769
11202022109;DA2BCK0104-15SA;INTERAÇÕES ATÔMICAS E MOLECULARES
11202231430;NIESHR023-21SB;TEORIAS CONTEMPORÂNEAS DAS RELAÇÕES INTERNACIONAIS
11202422010;DA1BCL0307-15SA;TRANSFORMAÇÕES QUÍMICAS
11202421375;NANHT5004-15SA;EDUCAÇÃO CIENTÍFICA, SOCIEDADE E CULTURA
11202322078;NA1ESHC030-17SB;DESIGUALDADES DE RAÇA, GÊNERO E RENDA
11202420437;NA1MCTB021-17SA;PROBABILIDADE
11059515;NA1NHBQ016-22SA;TERMODINÂMICA QUÍMICA
11201721172;NANHT4002-13SA;BIOQUÍMICA EXPERIMENTAL
11201721172;DB1ESZM002-17SA;NANOCIÊNCIA E NANOTECNOLOGIA
11201721172;DA1ESZM040-17SA;PROCESSAMENTO E CONFORMAÇÃO DE METAIS I
11202232249;DC1BCL0307-15SA;TRANSFORMAÇÕES QUÍMICAS
11202021822;NA1ESHC033-21SB;ECONOMIA BRASILEIRA CONTEMPORÂNEA
11201722333;NAESHC017-17SB;FINANÇAS PÚBLICAS
11202421247;DA1ESTO005-17SB;INTRODUÇÃO ÀS ENGENHARIAS
11202322045;NAESHP005-13SB;CONFLITOS SOCIAIS
11202322045;NAESHP032-22SB;PODER LEGISLATIVO E PROCESSO DECISÓRIO
11202322045;NAESHP019-22SB;REGIMES E FORMAS DE GOVERNO
11202112001;NA1ESMA002-23SB;INOVAÇÕES PARA ENGENHARIA
11202112001;DA1ESGE011-23SB;TÓPICOS EM ENGENHARIA DE PRODUÇÃO NA INDÚSTRIA TÊXTIL
11202510090;NA1ESHR011-21SB;INTRODUÇÃO AO DIREITO E FUNDAMENTOS DO DIREITO INTERNACIONAL
11202130475;DB1ESZM002-17SA;NANOCIÊNCIA E NANOTECNOLOGIA
11202231902;NA1ESHC018-17SB;FORMAÇÃO ECONÔMICA DO BRASIL
11202321720;NB1BHQ0002-15SB;ESTUDOS ÉTNICO-RACIAIS
11202432351;DA1ESTU015-17SA;SAÚDE AMBIENTAL
11202130272;NB1ESTO013-17SB;ENGENHARIA ECONÔMICA
11202322292;DA1NHT4002-13SB;BIOQUÍMICA EXPERIMENTAL
11202321361;NB1ESHC022-17SB;MACROECONOMIA I
11202230222;NAMCCC008-23SB;INTELIGÊNCIA ARTIFICIAL
11202332427;NA1ESHC018-17SB;FORMAÇÃO ECONÔMICA DO BRASIL
11202130515;DA1MCZA038-17SA;PRÁTICA AVANÇADA DE PROGRAMAÇÃO A
11202021592;NA2ESTA001-17SA;DISPOSITIVOS ELETRÔNICOS
11202021025;NA1ESHT025-17SB;DESENVOLVIMENTO ECONÔMICO E SOCIAL NO BRASIL
11201722870;NA1ESZE100-17SA;REFINO DO PETRÓLEO
11202020287;NA1NHBT005-23SA;PRÁTICAS EXTENSIONISTAS EM BIOTECNOLOGIA
11202231430;NIESHR014-21SB;RELAÇÕES INTERNACIONAIS CONTEMPORÂNEAS
11201921425;NB1BIR0603-15SA;CIÊNCIA, TECNOLOGIA E SOCIEDADE
11201921425;NA2BIQ0602-15SA;ESTRUTURA E DINÂMICA SOCIAL
11201921425;NB2BCN0402-15SA;FUNÇÕES DE UMA VARIÁVEL
11201921425;NA9BCM0505-22SA;PROCESSAMENTO DA INFORMAÇÃO
11202321803;NA1BCN0402-15SB;FUNÇÕES DE UMA VARIÁVEL
11202421852;DA1ESTO012-17SA;PRINCÍPIOS DE ADMINISTRAÇÃO
11202321110;NB2BCN0402-15SA;FUNÇÕES DE UMA VARIÁVEL
11201920588;DA1ESGE002-23SB;PESQUISA OPERACIONAL
11202130216;DAESHR027-21SB;ÁFRICA NAS RELAÇÕES INTERNACIONAIS
11202021293;NA1NHT4033-15SA;PRÁTICAS EM QUÍMICA VERDE
11202021925;NA1ESTG010-17SB;INOVAÇÃO TECNOLÓGICA
11202020112;NIESHC035-21SB;ECONOMETRIA I
11202130287;NA1ESTU015-17SA;SAÚDE AMBIENTAL
11202230302;NA1ESAU015-23SA;MICROSSIMULAÇÃO DE SISTEMAS DE TRANSPORTES
11202020898;NA1ESAE001-23SB;APLICAÇÕES ESTRUTURAIS DE MATERIAIS COMPÓSITOS
11201812056;NA1ESTG010-17SB;INOVAÇÃO TECNOLÓGICA
11201722848;NA1ESTA013-17SA;FUNDAMENTOS DE ROBÓTICA
11201920953;NB1ESHC022-17SB;MACROECONOMIA I
11202321833;DA1ESTO011-17SB;FUNDAMENTOS DE DESENHO TÉCNICO
21041116;NAESTA014-17SA;SISTEMAS CAD/CAM
11201921003;NA2BHP0202-15SB;PENSAMENTO CRÍTICO
11202230959;DA1ESTO016-17SA;FENÔMENOS DE TRANSPORTE
11202130065;NA3BCN0402-15SA;FUNÇÕES DE UMA VARIÁVEL
11202020250;NA2ESTB019-17SB;BIOESTATÍSTICA
11202231213;NA1ESHC018-17SB;FORMAÇÃO ECONÔMICA DO BRASIL
11202231213;NB1ESHC022-17SB;MACROECONOMIA I
11202421715;DANHH2086-16SB;HISTÓRIA DA FILOSOFIA MEDIEVAL: DO SÉCULO IV AO X
11202321041;NA1MCTC023-15SB;NEUROANATOMIA
11202321284;NABHS0004-23SB;ENCONTROS SOBRE GÊNERO E SEXUALIDADES
11202420714;DA3BCM0505-22SB;PROCESSAMENTO DA INFORMAÇÃO
11202421923;DB2BIS0003-15SB;BASES MATEMÁTICAS
11202021854;NA1BHP0202-15SB;PENSAMENTO CRÍTICO
11202230898;DIESHR012-21SB;POLÍTICA INTERNACIONAL DOS EUA
11202320410;NC4BCL0307-15SA;TRANSFORMAÇÕES QUÍMICAS
11202130761;DA1BCK0104-15SB;INTERAÇÕES ATÔMICAS E MOLECULARES
11202232197;NAMCTD010-18SA;HISTÓRIA DA MATEMÁTICA
11202420581;DB1BHP0001-15SB;ÉTICA E JUSTIÇA
11202420581;DA1ESHR011-21SB;INTRODUÇÃO AO DIREITO E FUNDAMENTOS DO DIREITO INTERNACIONAL
11202232378;NA1BHO0101-15SB;ESTADO E RELAÇÕES DE PODER
11202422049;NB2BCN0402-15SA;FUNÇÕES DE UMA VARIÁVEL
11202232249;DA1ESTO015-17SA;MECÂNICA DOS FLUIDOS I
11202332359;NA1ESMA002-23SB;INOVAÇÕES PARA ENGENHARIA
11202130443;NA2MCTC023-15SB;NEUROANATOMIA
11202321090;DAESHP032-22SB;PODER LEGISLATIVO E PROCESSO DECISÓRIO
11202130668;NA1NHLB001-23SA;INSTRUMENTAÇÃO PARA O ENSINO DE CIÊNCIAS E BIOLOGIA
11202320628;NA1ESHC018-17SB;FORMAÇÃO ECONÔMICA DO BRASIL
11202320628;NB1ESHC022-17SB;MACROECONOMIA I
11201812151;DA1BHS0005-19SB;PRÁTICAS EM CIÊNCIAS E HUMANIDADES
11201812151;NA1ESZT018-17SB;TÓPICOS ESPECIAIS EM PLANEJAMENTO TERRITORIAL
11202111710;NA1ESTA013-17SA;FUNDAMENTOS DE ROBÓTICA
11202321909;DA1BHO1335-15SB;FORMAÇÃO DO SISTEMA INTERNACIONAL
11202321361;NABHS0004-23SB;ENCONTROS SOBRE GÊNERO E SEXUALIDADES
11202231375;NB2BCN0402-15SA;FUNÇÕES DE UMA VARIÁVEL
11202231375;NB1BCK0104-15SA;INTERAÇÕES ATÔMICAS E MOLECULARES
11046016;NA1NHZ4081-20SB;PAULO FREIRE: EDUCAÇÃO PARA A CRITICIDADE
11046016;NA1ESZU037-17SA;QUÍMICA AMBIENTAL
11046016;NAESTU036-17SA;SISTEMAS DE DRENAGEM URBANA
11046016;NA1ESMA001-23SB;SOLUÇÕES PARA DESAFIOS EM ENGENHARIA
11202020368;NA1NHBT005-23SA;PRÁTICAS EXTENSIONISTAS EM BIOTECNOLOGIA
11202321893;NA1ESHC018-17SB;FORMAÇÃO ECONÔMICA DO BRASIL
11202320178;DA1ESHC030-17SB;DESIGUALDADES DE RAÇA, GÊNERO E RENDA
11202230744;NA6BCL0307-15SA;TRANSFORMAÇÕES QUÍMICAS
11201721357;NA1LIE0001-19SA;METODOLOGIAS DE PESQUISA EM EDUCAÇÃO
11202230747;NANHBP002-23SA;FÍSICA EXPERIMENTAL II
11202321089;NA1ESZU017-17SA;SENSORIAMENTO REMOTO
11202320968;DA1ESGE006-23SB;ENGENHARIA DE SEGURANÇA DO TRABALHO: ERGONOMIA
11202232330;NC4BCL0307-15SA;TRANSFORMAÇÕES QUÍMICAS
11202021793;DA1ESTS002-17SB;AERONÁUTICA I-A
11202230439;DB1BCK0103-15SA;FÍSICA QUÂNTICA
11202230467;NA1ESTB019-17SB;BIOESTATÍSTICA
11202230467;NAMCZC021-20SB;NEUROPSICOLOGIA
11202232158;NA1ESMA002-23SB;INOVAÇÕES PARA ENGENHARIA
11202130058;NIESHR014-21SB;RELAÇÕES INTERNACIONAIS CONTEMPORÂNEAS
11202230753;DAMCTD020-18SA;CONSTRUÇÕES GEOMÉTRICAS E GEOMETRIA MÉTRICA
11202432399;DA1BIR0603-15SB;CIÊNCIA, TECNOLOGIA E SOCIEDADE
11202232221;NB1BIQ0602-15SA;ESTRUTURA E DINÂMICA SOCIAL
11202130442;NB1BCK0104-15SA;INTERAÇÕES ATÔMICAS E MOLECULARES
11202232006;NAMCTD020-18SA;CONSTRUÇÕES GEOMÉTRICAS E GEOMETRIA MÉTRICA
11202321788;DB1BIR0603-15SA;CIÊNCIA, TECNOLOGIA E SOCIEDADE
11202130757;NA2ESTA004-17SA;CIRCUITOS ELÉTRICOS II
11201812352;DA1ESZT016-17SB;URBANIZAÇÃO BRASILEIRA
11202020919;NA1ESTS005-17SB;DINÂMICA E CONTROLE DE VEÍCULOS ESPACIAIS
11201811875;DA1ESZG011-17SB;PLANEJAMENTO ESTRATÉGICO EM GESTÃO DE PROJETOS
11202022081;NA2ESTA001-17SA;DISPOSITIVOS ELETRÔNICOS
11202421678;NC6BCL0307-15SA;TRANSFORMAÇÕES QUÍMICAS
11202020919;NAESHP018-14SB;POLÍTICAS SOCIAIS
11202230526;NAMCZC021-20SB;NEUROPSICOLOGIA
11202320755;NB1ESHC022-17SB;MACROECONOMIA I
11202432301;NB1BCK0103-15SA;FÍSICA QUÂNTICA
11202422049;NA1ESTU004-17SA;CARTOGRAFIA E GEOPROCESSAMENTO
11202130276;NA1MCTB023-17SA;TEORIA ARITMÉTICA DOS NÚMEROS
11201920355;DA1MCZA002-17SA;APRENDIZADO DE MÁQUINA
11202320535;DA1ESMA002-23SB;INOVAÇÕES PARA ENGENHARIA
11202310038;NB1ESHC036-21SB;ECONOMETRIA II
11202021105;DA1ESZU010-17SA;GESTÃO AMBIENTAL NA INDÚSTRIA
11202130752;DB1MCTB009-17SB;CÁLCULO NUMÉRICO
11201721172;NA3MCTB010-13SA;CÁLCULO VETORIAL E TENSORIAL
11202131281;DAMCTD022-18SA;ÁLGEBRA NA EDUCAÇÃO BÁSICA
11202212437;NA1NHI5015-22SA;LIBRAS
11202320257;NA2ESMA001-23SB;SOLUÇÕES PARA DESAFIOS EM ENGENHARIA
11201811875;DA1ESTO008-17SB;MECÂNICA DOS SÓLIDOS I
11202230825;DA1NHBQ008-22SA;FUNDAMENTOS DE REAÇÕES ORGÂNICAS
11201920193;DA1MCZA038-17SA;PRÁTICA AVANÇADA DE PROGRAMAÇÃO A
11202130095;NA1MCBM022-23SA;INTRODUÇÃO AOS PROCESSOS ESTOCÁSTICOS
11202130028;DA1MCCC009-23SA;LINGUAGENS FORMAIS E AUTÔMATOS
11202231612;NA1ESTU033-17SA;RESÍDUOS SÓLIDOS
11201921518;NA1NHLB005-23SA;PRÁTICAS DE ENSINO DE CIÊNCIAS NO ENSINO FUNDAMENTAL
11202230997;NB2BCN0404-15SA;GEOMETRIA ANALÍTICA
11202320963;DA1ESTO011-17SA;FUNDAMENTOS DE DESENHO TÉCNICO
11202320963;DA1ESTO012-17SA;PRINCÍPIOS DE ADMINISTRAÇÃO
11202230806;DA2MCTB010-13SA;CÁLCULO VETORIAL E TENSORIAL
11201720218;NB1ESTO008-17SA;MECÂNICA DOS SÓLIDOS I
11202131022;NAESHR012-21SB;POLÍTICA INTERNACIONAL DOS EUA
11202020477;DA2MCTA023-17SA;SEGURANÇA DE DADOS
11202320822;NA1MCTA023-17SA;SEGURANÇA DE DADOS
11202020229;DABHS0003-23SB;DIÁLOGOS EXTENSIONISTAS EM ECONOMIA
11202231370;DA1MCZA019-17SA;PROGRAMAÇÃO PARA WEB
11202232165;DA1ESHR026-14SB;HISTÓRIA DO TERCEIRO MUNDO
11202231823;NA2ESMA002-23SA;INOVAÇÕES PARA ENGENHARIA
11202130208;NA1ESTO001-17SB;CIRCUITOS ELÉTRICOS E FOTÔNICA
11202021000;DA1ESTO011-17SA;FUNDAMENTOS DE DESENHO TÉCNICO
11201921518;NA1ESZU010-17SA;GESTÃO AMBIENTAL NA INDÚSTRIA
11202230750;NA1ESTA011-17SA;AUTOMAÇÃO DE SISTEMAS INDUSTRIAIS
11202320238;NAMCNC001-23SB;BIOFÍSICA DE MEMBRANAS
11202020294;NANHZ3001-15SA;CONHECIMENTO E TÉCNICA: PERSPECTIVAS DA ANTIGUIDADE E PERÍODO MEDIEVAL
11202130389;DA1ESHR004-13SB;ECONOMIA POLÍTICA INTERNACIONAL DA ENERGIA
11202130483;DA1ESZS003-17SB;INSTRUMENTAÇÃO E SENSORES EM VEÍCULOS AEROESPACIAIS
11202020748;DA1ESHR903-18SB;METODOLOGIA DE PESQUISA EM RELAÇÕES INTERNACIONAIS (TCC 1)
11202320736;NA1ESTO012-17SA;PRINCÍPIOS DE ADMINISTRAÇÃO
11202320852;NA1BIR0004-15SA;BASES EPISTEMOLÓGICAS DA CIÊNCIA MODERNA
11202130744;NA1ESTO013-17SB;ENGENHARIA ECONÔMICA
11201932448;DB1ESMA002-23SB;INOVAÇÕES PARA ENGENHARIA
11202020128;DAESHP027-14SB;PODER LOCAL
11202320680;NA1MCZA014-17SA;MÉTODOS DE OTIMIZAÇÃO
11202231109;NAESHC017-17SB;FINANÇAS PÚBLICAS
11202210013;NA1NHBT005-23SA;PRÁTICAS EXTENSIONISTAS EM BIOTECNOLOGIA
11202020517;NANHT5004-15SA;EDUCAÇÃO CIENTÍFICA, SOCIEDADE E CULTURA
11202510035;DA4BCM0505-22SA;PROCESSAMENTO DA INFORMAÇÃO
11202231364;DAESHR027-21SB;ÁFRICA NAS RELAÇÕES INTERNACIONAIS
11202130490;DA1ESZU036-17SA;SAÚDE, DETERMINANTES SOCIOAMBIENTAIS E EQUIDADE
11202020730;NA1ESZU036-17SA;SAÚDE, DETERMINANTES SOCIOAMBIENTAIS E EQUIDADE
11201932556;NA1ESTU007-17SA;HABITAÇÃO E ASSENTAMENTOS HUMANOS
11201932457;DA1LIE0001-19SB;METODOLOGIAS DE PESQUISA EM EDUCAÇÃO
11202321332;NAMCZC004-15SB;DESENVOLVIMENTO E DEGENERAÇÃO DO SISTEMA NERVOSO
11201811719;DA1ESTA001-17SA;DISPOSITIVOS ELETRÔNICOS
11202421972;DA1ESTO005-17SA;INTRODUÇÃO ÀS ENGENHARIAS
11202420578;DA3BCL0308-15SA;BIOQUÍMICA: ESTRUTURA, PROPRIEDADES E FUNÇÕES DE BIOMOLÉCULAS
11202321421;DB1ESHC030-17SB;DESIGUALDADES DE RAÇA, GÊNERO E RENDA
11111209;DA1NHBT005-23SA;PRÁTICAS EXTENSIONISTAS EM BIOTECNOLOGIA
11201720260;NB1BHQ0002-15SB;ESTUDOS ÉTNICO-RACIAIS
11202432331;NB2BCL0307-15SB;TRANSFORMAÇÕES QUÍMICAS
11202021698;DA1ESTU033-17SA;RESÍDUOS SÓLIDOS
11202231183;NA1NHZ5023-18SB;PRÁTICAS ESCOLARES EM EDUCAÇÃO ESPECIAL E INCLUSIVA
11202332427;NA1BHQ0002-15SB;ESTUDOS ÉTNICO-RACIAIS
11202230794;NB1BCK0104-15SA;INTERAÇÕES ATÔMICAS E MOLECULARES
11202231228;NA1LIE0001-19SA;METODOLOGIAS DE PESQUISA EM EDUCAÇÃO
11201922383;NA5BCJ0205-15SA;FENÔMENOS TÉRMICOS
13201822595;DA1ESTO013-17SA;ENGENHARIA ECONÔMICA
11202130100;NA1NHZ4077-20SA;ESTUDOS QUEER E EDUCAÇÃO
11202130611;DA1ESZS003-17SB;INSTRUMENTAÇÃO E SENSORES EM VEÍCULOS AEROESPACIAIS
11201812215;NA1ESHT026-21SB;BIODIVERSIDADE, GEODIVERSIDADE E PAISAGEM
11202231109;NAESHP005-13SB;CONFLITOS SOCIAIS
11202420304;NB1BCK0103-15SA;FÍSICA QUÂNTICA
11112416;NA1BHS0002-22SB;DIVERSIDADE DE GÊNERO E FORMAÇÃO DE PROFESSOR
11202420191;DB1ESHC030-17SB;DESIGUALDADES DE RAÇA, GÊNERO E RENDA
11201720622;NA1NHBQ005-22SA;ESTRUTURA DA MATÉRIA AVANÇADA
11202320893;DIBCM0505-22SB;PROCESSAMENTO DA INFORMAÇÃO
11202410026;NA2BIQ0602-15SA;ESTRUTURA E DINÂMICA SOCIAL
11202230576;NB1MCTB009-17SB;CÁLCULO NUMÉRICO
11202131392;NAESTU036-17SA;SISTEMAS DE DRENAGEM URBANA
11201920346;DAMCCC008-23SB;INTELIGÊNCIA ARTIFICIAL
11202020909;DA1BHO0002-19SB;INTRODUÇÃO AO PENSAMENTO ECONÔMICO
11202020909;DAESHP018-14SB;POLÍTICAS SOCIAIS
11202212433;DA1BCN0402-15SB;FUNÇÕES DE UMA VARIÁVEL
11202212433;DA2BCN0404-15SA;GEOMETRIA ANALÍTICA
11013615;DA1ESZU036-17SA;SAÚDE, DETERMINANTES SOCIOAMBIENTAIS E EQUIDADE
11202231867;DA5BCM0505-22SA;PROCESSAMENTO DA INFORMAÇÃO
11202230602;DA1ESZU023-17SA;RECURSOS HÍDRICOS
11202421638;DA1ESTI008-17SA;TEORIA DA INFORMAÇÃO E CÓDIGOS
11202421638;DA1NHT1055-15SA;FUNDAMENTOS DE IMUNOLOGIA
11201921509;NA1NHH2017-16SB;FILOSOFIA DA EDUCAÇÃO
11201921509;NANHH2073-18SB;TEORIA DO CONHECIMENTO: EMPIRISMO E RACIONALISMO
11202020229;DA1ESHR026-14SB;HISTÓRIA DO TERCEIRO MUNDO
11202130888;DB1BCN0407-15SB;FUNÇÕES DE VÁRIAS VARIÁVEIS
11202321089;NA1BCK0103-15SA;FÍSICA QUÂNTICA
11202320625;NA1ESHC008-21SB;ECONOMIA BRASILEIRA II
11202021106;DAMCZD003-18SA;FUNDAMENTOS PSICOANTROPOLÓGICOS DA EDUCAÇÃO
11201811538;DA1BCK0103-15SA;FÍSICA QUÂNTICA
11201720668;NA1NHLB003-23SA;PRÁTICAS DE ENSINO DE BIOLOGIA E CURRÍCULO
11202021354;DA1MCZA010-13SA;LABORATÓRIO DE ENGENHARIA DE SOFTWARE
11202321191;NA1ESHT008-17SB;GOVERNANÇA PÚBLICA, DEMOCRACIA E POLÍTICAS NO TERRITÓRIO
11202320205;DA1BCN0402-15SB;FUNÇÕES DE UMA VARIÁVEL
11202320205;DA2BCN0404-15SA;GEOMETRIA ANALÍTICA
11202131529;DA1NHZ4043-15SA;SEMINÁRIOS EM QUÍMICA II
11201812124;DA1ESHR903-18SB;METODOLOGIA DE PESQUISA EM RELAÇÕES INTERNACIONAIS (TCC 1)
11202320814;DA1ESHC028-17SB;ECONOMIA POLÍTICA
11201932516;NA1ESHC016-17SB;FINANÇAS CORPORATIVAS
11202131376;NA2ESTO001-17SA;CIRCUITOS ELÉTRICOS E FOTÔNICA
11202020847;NA1MCZA002-17SA;APRENDIZADO DE MÁQUINA
11202231695;DA1ESTG021-17SB;SISTEMAS CAD/CAE
1120172129;NA1NHT4033-15SA;PRÁTICAS EM QUÍMICA VERDE
1120172129;NANHT4058-15SA;QUÍMICA ANALÍTICA E BIOANALÍTICA AVANÇADA
11202420181;DA6BCL0307-15SA;TRANSFORMAÇÕES QUÍMICAS
11202131496;NB1BCK0104-15SA;INTERAÇÕES ATÔMICAS E MOLECULARES
11201920919;NB1ESHC022-17SB;MACROECONOMIA I
11201920107;NB2MCTA022-17SA;REDES DE COMPUTADORES
11202320781;NA1LIE0001-19SA;METODOLOGIAS DE PESQUISA EM EDUCAÇÃO
11202322037;DA1MCTA022-17SA;REDES DE COMPUTADORES
11201810253;NB1NHZ1096-19SA;PRÁTICAS DISCURSIVAS DA CIÊNCIA E EDUCAÇÃO EM CIÊNCIAS
11201810253;NAMCZD008-18SA;SEMINÁRIOS DE MODALIDADES DIVERSAS EM EDUCAÇÃO MATEMÁTICA
11201920287;NA1MCZA018-17SA;PROCESSAMENTO DIGITAL DE IMAGENS
11201721357;NA1ESTU004-17SA;CARTOGRAFIA E GEOPROCESSAMENTO
11201922426;NB2BIS0003-15SB;BASES MATEMÁTICAS
11202321413;NB1NHZ1096-19SA;PRÁTICAS DISCURSIVAS DA CIÊNCIA E EDUCAÇÃO EM CIÊNCIAS
11202230301;DA1BCN0407-15SA;FUNÇÕES DE VÁRIAS VARIÁVEIS
11201921654;DA1MCZA010-13SA;LABORATÓRIO DE ENGENHARIA DE SOFTWARE
11202131428;NB2MCTA022-17SA;REDES DE COMPUTADORES
11202231008;NAMCCC008-23SB;INTELIGÊNCIA ARTIFICIAL
11202231695;NA1ESTO011-17SB;FUNDAMENTOS DE DESENHO TÉCNICO
11201721357;NA1ESTU012-17SA;POLUIÇÃO ATMOSFÉRICA
11201920570;NA1ESHR002-21SB;TEMAS DE DIREITO INTERNACIONAL PU&#769
11202321146;NA6BCL0307-15SA;TRANSFORMAÇÕES QUÍMICAS
11202310035;NA2BCN0407-15SB;FUNÇÕES DE VÁRIAS VARIÁVEIS
11201932610;DA1NHI5002-15SA;DIDÁTICA
11201932610;DA1ESTS003-17SB;INTRODUÇÃO À ASTRONÁUTICA
11201932610;DANHZ3083-15SA;INTRODUÇÃO À FÍSICA ESTELAR
11202111790;NA1LIE0001-19SA;METODOLOGIAS DE PESQUISA EM EDUCAÇÃO
11202022164;NB1ESHC022-17SB;MACROECONOMIA I
11202520858;NA1LIE0001-19SB;METODOLOGIAS DE PESQUISA EM EDUCAÇÃO
11202520858;NA1NHZ5023-18SB;PRÁTICAS ESCOLARES EM EDUCAÇÃO ESPECIAL E INCLUSIVA
11202231012;DA1ESAE001-23SB;APLICAÇÕES ESTRUTURAIS DE MATERIAIS COMPÓSITOS
11201922426;DB1BCS0002-15SB;PROJETO DIRIGIDO
11202420170;NA1BCL0306-15SA;BIODIVERSIDADE: INTERAÇÕES ENTRE ORGANISMOS E AMBIENTE
11202420170;NB1BIR0603-15SA;CIÊNCIA, TECNOLOGIA E SOCIEDADE
11202420170;NA7BCM0505-22SA;PROCESSAMENTO DA INFORMAÇÃO
11202022074;NA1BCN0404-15SA;GEOMETRIA ANALÍTICA
11202022074;NA1BCM0504-15SA;NATUREZA DA INFORMAÇÃO
11202432362;NA1ESTO011-17SB;FUNDAMENTOS DE DESENHO TÉCNICO
21062116;DANHZ1097-19SA;PRÁTICAS PEDAGÓGICAS E FORMATIVAS EM MUSEUS DE CIÊNCIAS
11201932457;NAESHP005-13SB;CONFLITOS SOCIAIS
11201812063;NA1ESTM001-17SA;ESTADO SÓLIDO
11201812063;NA1NHZ4077-20SA;ESTUDOS QUEER E EDUCAÇÃO
11202231238;DB1ESHC030-17SB;DESIGUALDADES DE RAÇA, GÊNERO E RENDA
11202130414;DB2BCS0002-15SA;PROJETO DIRIGIDO
11201810119;NA1BCN0402-15SB;FUNÇÕES DE UMA VARIÁVEL
11201810119;NANHZ2145-18SB;LÍNGUA LATINA I
11202421907;NA5BCJ0205-15SA;FENÔMENOS TÉRMICOS
11202230527;NA1MCBM022-23SA;INTRODUÇÃO AOS PROCESSOS ESTOCÁSTICOS
11202230873;DB1ESTO005-17SA;INTRODUÇÃO ÀS ENGENHARIAS
11202230607;NB2BCN0407-15SA;FUNÇÕES DE VÁRIAS VARIÁVEIS
11202321332;NAMCCC008-23SB;INTELIGÊNCIA ARTIFICIAL
11202131311;NA1ESHC018-17SB;FORMAÇÃO ECONÔMICA DO BRASIL
11202020058;NA4BCJ0204-15SA;FENÔMENOS MECÂNICOS
11202020058;NA1BCN0404-15SA;GEOMETRIA ANALÍTICA
11201810601;NA2ESTB020-17SB;MODELAGEM DE SISTEMAS DINÂMICOS I
11202230756;NB1BCK0104-15SA;INTERAÇÕES ATÔMICAS E MOLECULARES
11202420578;NB2BCL0307-15SB;TRANSFORMAÇÕES QUÍMICAS
11202320308;NA1LIE0001-19SA;METODOLOGIAS DE PESQUISA EM EDUCAÇÃO
11201921821;DA1ESTI004-17SA;PRINCÍPIOS DE COMUNICAÇÃO
11202130272;NB1ESHC022-17SB;MACROECONOMIA I
11202231705;NA1ESTU019-17SA;TEORIA DO PLANEJAMENTO URBANO E AMBIENTAL
11202432403;DA1BCL0306-15SA;BIODIVERSIDADE: INTERAÇÕES ENTRE ORGANISMOS E AMBIENTE
11202421569;NA3BCN0407-15SA;FUNÇÕES DE VÁRIAS VARIÁVEIS
11202231492;NA1ESTU019-17SA;TEORIA DO PLANEJAMENTO URBANO E AMBIENTAL
11202230873;DAMCTC011-15SA;PSICOLOGIA COGNITIVA
11202130729;NA1ESTU010-17SA;MICROBIOLOGIA AMBIENTAL
11202421224;DA2BCM0505-22SB;PROCESSAMENTO DA INFORMAÇÃO
11202210088;DALHZ0040-22SB;ENSINO DE HISTÓRIA DA ÁFRICA
11202210088;DANHH2073-18SB;TEORIA DO CONHECIMENTO: EMPIRISMO E RACIONALISMO
11202020616;NA1NHZ5023-18SB;PRÁTICAS ESCOLARES EM EDUCAÇÃO ESPECIAL E INCLUSIVA
11202230720;NA1MCBM022-23SA;INTRODUÇÃO AOS PROCESSOS ESTOCÁSTICOS
11201922113;DB1MCTB009-17SB;CÁLCULO NUMÉRICO
11201922113;DA1ESZB022-17SB;INTRODUÇÃO À BIOINFORMÁTICA
11201932608;NA2BIR0603-15SA;CIÊNCIA, TECNOLOGIA E SOCIEDADE
11202420549;NB1BCN0402-15SB;FUNÇÕES DE UMA VARIÁVEL
11202420549;NA1MCZC002-15SB;BASES NEURAIS DA MOTRICIDADE
11202230873;NA2BIR0603-15SA;CIÊNCIA, TECNOLOGIA E SOCIEDADE
11201720608;NA1LIE0001-19SB;METODOLOGIAS DE PESQUISA EM EDUCAÇÃO
11201922012;NA1ESHR002-21SB;TEMAS DE DIREITO INTERNACIONAL PU&#769
11202421277;NA1BIQ0602-15SB;ESTRUTURA E DINÂMICA SOCIAL
11202421132;NA1BCL0306-15SB;BIODIVERSIDADE: INTERAÇÕES ENTRE ORGANISMOS E AMBIENTE
11202332350;DA3BCJ0204-15SA;FENÔMENOS MECÂNICOS
11202432403;DB1ESHC030-17SB;DESIGUALDADES DE RAÇA, GÊNERO E RENDA
11201922330;NA1NHI5002-15SA;DIDÁTICA
11202131939;NA2ESMA001-23SB;SOLUÇÕES PARA DESAFIOS EM ENGENHARIA
11201722333;NA1MCZA014-17SA;MÉTODOS DE OTIMIZAÇÃO
11201811875;NA1ESTO004-17SA;INSTRUMENTAÇÃO E CONTROLE
11202231412;NB1ESHC022-17SB;MACROECONOMIA I
11115815;DA1ESZU002-17SA;COMPOSTAGEM
11201811949;DA1ESAE006-23SB;AERONAVES DIRIGÍVEIS
11202020147;DA1MCZA019-17SA;PROGRAMAÇÃO PARA WEB
11202020630;DA2BCK0104-15SA;INTERAÇÕES ATÔMICAS E MOLECULARES
11202021256;NA1MCCC013-23SA;OTIMIZAÇÃO LINEAR
11202230588;NA1MCZA002-17SA;APRENDIZADO DE MÁQUINA
11202231964;DA2MCTA006-17SA;CIRCUITOS DIGITAIS
11202421426;DA1BCL0307-15SA;TRANSFORMAÇÕES QUÍMICAS
11202420971;DA1BCM0504-15SA;NATUREZA DA INFORMAÇÃO
11202130097;NA1BHP0202-15SB;PENSAMENTO CRÍTICO
11202130097;NA1ESHC019-17SB;HISTÓRIA DO PENSAMENTO ECONÔMICO
11202021025;NIESHC035-21SB;ECONOMETRIA I
11201811873;NA1NHBT002-23SA;BIOTECNOLOGIA VEGETAL
11202321709;NA1ESHC019-17SB;HISTÓRIA DO PENSAMENTO ECONÔMICO
11202130253;NA1BCN0407-15SA;FUNÇÕES DE VÁRIAS VARIÁVEIS
11202510035;DA1BIR0004-15SA;BASES EPISTEMOLÓGICAS DA CIÊNCIA MODERNA
11202230415;NB1MCTA022-17SA;REDES DE COMPUTADORES
21022716;NA1BCM0504-15SB;NATUREZA DA INFORMAÇÃO
21022716;NB2BCM0505-22SB;PROCESSAMENTO DA INFORMAÇÃO
11202020952;NB1BCN0407-15SA;FUNÇÕES DE VÁRIAS VARIÁVEIS
11202232300;NA1BHS0002-22SB;DIVERSIDADE DE GÊNERO E FORMAÇÃO DE PROFESSOR
11202432384;DA1ESHR011-21SB;INTRODUÇÃO AO DIREITO E FUNDAMENTOS DO DIREITO INTERNACIONAL
11202232245;DA1ESAE001-23SB;APLICAÇÕES ESTRUTURAIS DE MATERIAIS COMPÓSITOS
11202320951;DAMCTC011-15SA;PSICOLOGIA COGNITIVA
11202421889;DB1BCJ0205-15SB;FENÔMENOS TÉRMICOS
11202421889;DB1BCN0407-15SB;FUNÇÕES DE VÁRIAS VARIÁVEIS
11202421889;DB1BCM0505-22SB;PROCESSAMENTO DA INFORMAÇÃO
11202321211;DB1ESHC030-17SB;DESIGUALDADES DE RAÇA, GÊNERO E RENDA
11202020043;NA1MCZA018-17SA;PROCESSAMENTO DIGITAL DE IMAGENS
11202332371;DB2BCS0002-15SA;PROJETO DIRIGIDO
11202421752;DB3BCN0407-15SA;FUNÇÕES DE VÁRIAS VARIÁVEIS
11202421752;DB1ESTO005-17SA;INTRODUÇÃO ÀS ENGENHARIAS
11202130977;NA1MCZA018-17SA;PROCESSAMENTO DIGITAL DE IMAGENS
11202321016;DA1NHLH006-24SB;INVASÃO, COLONIZAÇÃO E RESISTÊNCIAS NAS AMÉRICAS
11202322082;NB1BCM0505-22SA;PROCESSAMENTO DA INFORMAÇÃO
11202321740;DB1BCK0103-15SA;FÍSICA QUÂNTICA
11202231946;NA1BCN0404-15SA;GEOMETRIA ANALÍTICA
11202420404;DA4BCM0505-22SA;PROCESSAMENTO DA INFORMAÇÃO
11202111544;DA1ESZU010-17SA;GESTÃO AMBIENTAL NA INDÚSTRIA
11202020017;NA1ESTU019-17SA;TEORIA DO PLANEJAMENTO URBANO E AMBIENTAL
11202111781;NA1MCTB008-17SA;CÁLCULO DE PROBABILIDADE
11202022024;DIESHC035-21SB;ECONOMETRIA I
11202420904;NA1BCN0402-15SB;FUNÇÕES DE UMA VARIÁVEL
11202321571;DC1BCL0306-15SB;BIODIVERSIDADE: INTERAÇÕES ENTRE ORGANISMOS E AMBIENTE
11202321571;DA2BCM0505-22SB;PROCESSAMENTO DA INFORMAÇÃO
11202230697;NA1BCK0103-15SA;FÍSICA QUÂNTICA
11202130183;DA1ESMA002-23SB;INOVAÇÕES PARA ENGENHARIA
11202111065;DA1MCZA002-17SA;APRENDIZADO DE MÁQUINA
11202320594;NA1MCBM022-23SA;INTRODUÇÃO AOS PROCESSOS ESTOCÁSTICOS
11202232140;NA1BCK0104-15SB;INTERAÇÕES ATÔMICAS E MOLECULARES
11202230697;NA1NHT1073-15SA;ECOLOGIA VEGETAL
11202421155;DA1LIE0001-19SA;METODOLOGIAS DE PESQUISA EM EDUCAÇÃO
11202421435;NB1BCN0404-15SB;GEOMETRIA ANALÍTICA
11202320716;NA1BCL0306-15SA;BIODIVERSIDADE: INTERAÇÕES ENTRE ORGANISMOS E AMBIENTE
11201810361;DA1ESGE011-23SB;TÓPICOS EM ENGENHARIA DE PRODUÇÃO NA INDÚSTRIA TÊXTIL
11202020719;DAESHR012-21SB;POLÍTICA INTERNACIONAL DOS EUA
11202230941;NA1BCK0103-15SB;FÍSICA QUÂNTICA
11202111094;NAESZP006-13SB;PENSAMENTO LATINO-AMERICANO E POLÍTICAS DE CT&I
11202320573;DAMCTC011-15SA;PSICOLOGIA COGNITIVA
11202321793;DA1BCK0103-15SA;FÍSICA QUÂNTICA
11201922190;DA2BCK0104-15SA;INTERAÇÕES ATÔMICAS E MOLECULARES
11202232332;DA1BHP0001-15SB;ÉTICA E JUSTIÇA
11202022170;NA1ESTI004-17SA;PRINCÍPIOS DE COMUNICAÇÃO
11202130738;DIESHC035-21SB;ECONOMETRIA I
11202321861;DA1BCJ0204-15SB;FENÔMENOS MECÂNICOS
11202020868;NA1ESZT018-17SB;TÓPICOS ESPECIAIS EM PLANEJAMENTO TERRITORIAL
11202111789;NA1BCK0103-15SA;FÍSICA QUÂNTICA
11202321681;NB1ESHC022-17SB;MACROECONOMIA I
11202231236;NA1ESMA002-23SA;INOVAÇÕES PARA ENGENHARIA
11202231824;NB1BCN0404-15SB;GEOMETRIA ANALÍTICA
11202231824;DA1NHZ4081-20SB;PAULO FREIRE: EDUCAÇÃO PARA A CRITICIDADE
11202231824;DAMCTC011-15SA;PSICOLOGIA COGNITIVA
21008615;NA1ESHR022-21SB;TEORIAS CLÁSSICAS DAS RELAÇÕES INTERNACIONAIS
11202231842;NB1BIR0603-15SA;CIÊNCIA, TECNOLOGIA E SOCIEDADE
11202021418;NA2ESMA001-23SB;SOLUÇÕES PARA DESAFIOS EM ENGENHARIA
11202320454;DA1ESTO005-17SA;INTRODUÇÃO ÀS ENGENHARIAS
11202021206;NA1ESTU012-17SA;POLUIÇÃO ATMOSFÉRICA
11202020719;DAESHR014-21SB;RELAÇÕES INTERNACIONAIS CONTEMPORÂNEAS
11202020344;NB1ESHC022-17SB;MACROECONOMIA I
11201921936;DA1ESZM040-17SA;PROCESSAMENTO E CONFORMAÇÃO DE METAIS I
11202021848;NA1NHI5002-15SA;DIDÁTICA
11201811970;DB1ESHC030-17SB;DESIGUALDADES DE RAÇA, GÊNERO E RENDA
11202021328;DA1ESGE011-23SB;TÓPICOS EM ENGENHARIA DE PRODUÇÃO NA INDÚSTRIA TÊXTIL
11202020137;DA1MCZA002-17SA;APRENDIZADO DE MÁQUINA
11202131274;DA1LIE0001-19SB;METODOLOGIAS DE PESQUISA EM EDUCAÇÃO
11202130277;NA2MCTA023-17SA;SEGURANÇA DE DADOS
11202021268;NA1ESZM014-17SA;ENGENHARIA DE POLÍMEROS
11202230317;DA1MCTA023-17SA;SEGURANÇA DE DADOS
11202230484;DA1NHT1067-15SA;EVOLUÇÃO E DIVERSIDADE DE PLANTAS I
11202230630;DA1MCTA023-17SA;SEGURANÇA DE DADOS
11202420695;NA1ESTO011-17SB;FUNDAMENTOS DE DESENHO TÉCNICO
11201920399;NA1ESGE001-23SB;ENGENHARIA DE SEGURANÇA DO TRABALHO
11202231412;NA1BHO0002-19SB;INTRODUÇÃO AO PENSAMENTO ECONÔMICO
11202230955;NA1MCZA002-17SA;APRENDIZADO DE MÁQUINA
11202230683;NA1ESTO012-17SA;PRINCÍPIOS DE ADMINISTRAÇÃO
11202231425;DB1ESHC030-17SB;DESIGUALDADES DE RAÇA, GÊNERO E RENDA
11201921149;NAMCNC001-23SB;BIOFÍSICA DE MEMBRANAS
11202020203;DABHS0003-23SB;DIÁLOGOS EXTENSIONISTAS EM ECONOMIA
11202320687;DA1NHT1073-15SA;ECOLOGIA VEGETAL
11202131360;DAMCZD003-18SA;FUNDAMENTOS PSICOANTROPOLÓGICOS DA EDUCAÇÃO
11202321293;NIESHR012-21SB;POLÍTICA INTERNACIONAL DOS EUA
11201812274;NB1MCTB001-17SA;ÁLGEBRA LINEAR
11202410065;NA1NHT1067-15SA;EVOLUÇÃO E DIVERSIDADE DE PLANTAS I
11202321996;NA1ESHR007-21SB;GEOPOLÍTICA
11202421174;DA2BCL0307-15SA;TRANSFORMAÇÕES QUÍMICAS
11202021250;NA1MCTA026-13SA;SISTEMAS OPERACIONAIS
11202232252;DAMCCC008-23SB;INTELIGÊNCIA ARTIFICIAL
11202232220;DA1ESTO012-17SA;PRINCÍPIOS DE ADMINISTRAÇÃO
11201932539;NA1ESTA011-17SA;AUTOMAÇÃO DE SISTEMAS INDUSTRIAIS
11202021319;DA1ESHC028-17SB;ECONOMIA POLÍTICA
11202421281;NB1BCN0402-15SA;FUNÇÕES DE UMA VARIÁVEL
11202130750;DA2MCTB010-13SA;CÁLCULO VETORIAL E TENSORIAL
11202021941;DA1MCTA022-17SA;REDES DE COMPUTADORES
11202231740;NA1BCS0002-15SA;PROJETO DIRIGIDO
11201921218;DABHS0003-23SB;DIÁLOGOS EXTENSIONISTAS EM ECONOMIA
11202230986;NA1MCTC014-13SA;INTRODUÇÃO À INFERÊNCIA ESTATÍSTICA
11202131854;NA1ESTO012-17SA;PRINCÍPIOS DE ADMINISTRAÇÃO
11202232009;NA1BHO0002-19SB;INTRODUÇÃO AO PENSAMENTO ECONÔMICO
11202421787;NA1ESTU010-17SA;MICROBIOLOGIA AMBIENTAL
11201810382;NAESTE004-17SA;ENERGIA, MEIO AMBIENTE E SOCIEDADE
11201810382;NA1ESZE045-17SA;RESÍDUOS NUCLEARES
11202131183;NB1ESHC022-17SB;MACROECONOMIA I
11202421005;NA2BCM0504-15SA;NATUREZA DA INFORMAÇÃO
11202321851;DA1BCN0404-15SA;GEOMETRIA ANALÍTICA
11202320635;NA1ESTO013-17SB;ENGENHARIA ECONÔMICA
11201921651;NAMCNC001-23SB;BIOFÍSICA DE MEMBRANAS
11202230278;NIESHR014-21SB;RELAÇÕES INTERNACIONAIS CONTEMPORÂNEAS
11202510086;NB1ESHC022-17SB;MACROECONOMIA I
11201921301;DA2ESMA002-23SA;INOVAÇÕES PARA ENGENHARIA
11202111134;NA1ESZB029-17SB;GESTÃO DE TECNOLOGIA HOSPITALAR I
11202111674;NA1ESHR002-21SB;TEMAS DE DIREITO INTERNACIONAL PU&#769
11202020052;NA1ESTO016-17SA;FENÔMENOS DE TRANSPORTE
11202421993;NB2BCL0307-15SA;TRANSFORMAÇÕES QUÍMICAS
11201810420;NA1ESHC018-17SB;FORMAÇÃO ECONÔMICA DO BRASIL
11202131392;NA1ESZU036-17SA;SAÚDE, DETERMINANTES SOCIOAMBIENTAIS E EQUIDADE
11202231125;NA3MCTB010-13SA;CÁLCULO VETORIAL E TENSORIAL
11202231889;DA1BHQ0002-15SA;ESTUDOS ÉTNICO-RACIAIS
11202320741;NA3BCL0308-15SA;BIOQUÍMICA: ESTRUTURA, PROPRIEDADES E FUNÇÕES DE BIOMOLÉCULAS
11202332370;NABHS0004-23SB;ENCONTROS SOBRE GÊNERO E SEXUALIDADES
11202230968;DA1ESHR004-13SB;ECONOMIA POLÍTICA INTERNACIONAL DA ENERGIA
11202320588;DA1BCN0404-15SA;GEOMETRIA ANALÍTICA
11202332433;NA1BHS0002-22SB;DIVERSIDADE DE GÊNERO E FORMAÇÃO DE PROFESSOR
11202332433;NABHS0004-23SB;ENCONTROS SOBRE GÊNERO E SEXUALIDADES
11202231114;NA1ESHC018-17SB;FORMAÇÃO ECONÔMICA DO BRASIL
11202111296;NA1ESZU002-17SA;COMPOSTAGEM
11201921855;NANHZ2145-18SB;LÍNGUA LATINA I
11202510112;DA1LIE0001-19SB;METODOLOGIAS DE PESQUISA EM EDUCAÇÃO
11202230757;DAESHP005-13SB;CONFLITOS SOCIAIS
11201920624;DA1ESGE006-23SB;ENGENHARIA DE SEGURANÇA DO TRABALHO: ERGONOMIA
11202021081;NANHH2035-13SB;HISTÓRIA DA FILOSOFIA CONTEMPORÂNEA: O SÉCULO XX
11202021081;NAESZP006-13SB;PENSAMENTO LATINO-AMERICANO E POLÍTICAS DE CT&I
11202020555;DA1BCJ0204-15SA;FENÔMENOS MECÂNICOS
11202321522;DA1BCN0402-15SB;FUNÇÕES DE UMA VARIÁVEL
11202421725;DB4BCM0505-22SA;PROCESSAMENTO DA INFORMAÇÃO
11202021002;NA1ESTU007-17SA;HABITAÇÃO E ASSENTAMENTOS HUMANOS
11202212420;NA3BCL0307-15SA;TRANSFORMAÇÕES QUÍMICAS
11202321510;NA1NHZ4081-20SB;PAULO FREIRE: EDUCAÇÃO PARA A CRITICIDADE
11202321510;DIBHP0202-15SB;PENSAMENTO CRÍTICO
11202111950;DA1BHO1335-15SB;FORMAÇÃO DO SISTEMA INTERNACIONAL
11202212531;NB1BCN0407-15SA;FUNÇÕES DE VÁRIAS VARIÁVEIS
11202131856;DB1ESHC030-17SB;DESIGUALDADES DE RAÇA, GÊNERO E RENDA
11202332369;NA1ESMA002-23SB;INOVAÇÕES PARA ENGENHARIA
11202020760;DA1MCTB009-17SA;CÁLCULO NUMÉRICO
11202422206;DA1BIQ0602-15SA;ESTRUTURA E DINÂMICA SOCIAL
11202130584;NA1ESHC033-21SB;ECONOMIA BRASILEIRA CONTEMPORÂNEA
11202111124;NA1BIR0004-15SB;BASES EPISTEMOLÓGICAS DA CIÊNCIA MODERNA
11202410030;NA1ESTO005-17SB;INTRODUÇÃO ÀS ENGENHARIAS
11202410030;NA1NHBT005-23SA;PRÁTICAS EXTENSIONISTAS EM BIOTECNOLOGIA
11202021816;NB1ESHC022-17SB;MACROECONOMIA I
11202421435;NB1BCJ0204-15SA;FENÔMENOS MECÂNICOS
11202312295;NABHS0004-23SB;ENCONTROS SOBRE GÊNERO E SEXUALIDADES
11202420219;NB1NHZ1096-19SA;PRÁTICAS DISCURSIVAS DA CIÊNCIA E EDUCAÇÃO EM CIÊNCIAS
11201811292;DA1ESHC016-17SB;FINANÇAS CORPORATIVAS
11202130278;DA1ESHC030-17SB;DESIGUALDADES DE RAÇA, GÊNERO E RENDA
11202320204;NA1MCZA014-17SA;MÉTODOS DE OTIMIZAÇÃO
11202231834;NA1BHP0202-15SB;PENSAMENTO CRÍTICO
11202231842;NB2BCN0402-15SA;FUNÇÕES DE UMA VARIÁVEL
11202422161;NA1NHLB001-23SA;INSTRUMENTAÇÃO PARA O ENSINO DE CIÊNCIAS E BIOLOGIA
11201811980;NA2NHI5002-15SA;DIDÁTICA
11202320867;NA1ESHC018-17SB;FORMAÇÃO ECONÔMICA DO BRASIL
11202231729;DA1MCZA019-17SA;PROGRAMAÇÃO PARA WEB
11202231370;DA1MCTA022-17SA;REDES DE COMPUTADORES
11201912414;NA1MCZA002-17SA;APRENDIZADO DE MÁQUINA
11202422011;NA2BCN0404-15SA;GEOMETRIA ANALÍTICA
11202212497;NA1NHT1058-15SA;MORFOFISIOLOGIA HUMANA I
11202332358;DAMCTD010-18SA;HISTÓRIA DA MATEMÁTICA
11202022149;DA2ESGE002-23SB;PESQUISA OPERACIONAL
11202130460;NAMCCC008-23SB;INTELIGÊNCIA ARTIFICIAL
11202021992;NB1ESHC022-17SB;MACROECONOMIA I
11202321385;NA1ESHR007-21SB;GEOPOLÍTICA
11202231114;NB2BIS0003-15SB;BASES MATEMÁTICAS
11202130194;NA1NHZ4077-20SA;ESTUDOS QUEER E EDUCAÇÃO
11202111674;NB1BHP0001-15SB;ÉTICA E JUSTIÇA
11202130472;DA1ESTO015-17SA;MECÂNICA DOS FLUIDOS I
11202130627;NA1ESZU023-17SA;RECURSOS HÍDRICOS
11202421094;NA1ESTO005-17SA;INTRODUÇÃO ÀS ENGENHARIAS
11202020385;NAESHC022-17SB;MACROECONOMIA I
11202432364;NB1BCN0402-15SA;FUNÇÕES DE UMA VARIÁVEL
11201811159;NA1ESTU015-17SA;SAÚDE AMBIENTAL
11202111896;DB1ESHC030-17SB;DESIGUALDADES DE RAÇA, GÊNERO E RENDA
11202320584;NA1BIR0004-15SA;BASES EPISTEMOLÓGICAS DA CIÊNCIA MODERNA
11202321756;NA1ESHC030-17SB;DESIGUALDADES DE RAÇA, GÊNERO E RENDA
11202321756;NA1ESHC028-17SB;ECONOMIA POLÍTICA
11202321436;NAESHC022-17SB;MACROECONOMIA I
11202230596;NAESTE004-17SA;ENERGIA, MEIO AMBIENTE E SOCIEDADE
11202231864;NA3BCN0402-15SA;FUNÇÕES DE UMA VARIÁVEL
11202020502;NA1LIE0001-19SA;METODOLOGIAS DE PESQUISA EM EDUCAÇÃO
11202321919;DA1ESTO011-17SA;FUNDAMENTOS DE DESENHO TÉCNICO
11202020766;NA1MCTB001-17SB;ÁLGEBRA LINEAR
11202420320;DA1BCN0402-15SA;FUNÇÕES DE UMA VARIÁVEL
11202420320;DA1BCN0404-15SA;GEOMETRIA ANALÍTICA
11202130339;DA1ESZU023-17SA;RECURSOS HÍDRICOS
11202020837;DABHS0003-23SB;DIÁLOGOS EXTENSIONISTAS EM ECONOMIA
11202231021;NB1ESHC022-17SB;MACROECONOMIA I
11202321603;DA1ESHC028-17SB;ECONOMIA POLÍTICA
11202320832;DAMCTC011-15SA;PSICOLOGIA COGNITIVA
11202231855;DA1ESTO016-17SA;FENÔMENOS DE TRANSPORTE
11202321182;NA1MCBM022-23SA;INTRODUÇÃO AOS PROCESSOS ESTOCÁSTICOS
11202420573;DA1ESTO005-17SA;INTRODUÇÃO ÀS ENGENHARIAS
11202421248;NA2BCM0505-22SB;PROCESSAMENTO DA INFORMAÇÃO
11201811285;NA1ESTU021-17SA;TRANSPORTES E MOBILIDADE URBANA
11201921444;NAESHC029-21SB;MICROECONOMIA III
11202231811;DA2BCK0104-15SA;INTERAÇÕES ATÔMICAS E MOLECULARES
11202021741;NAESHC029-21SB;MICROECONOMIA III
11202231333;NA3BCN0402-15SA;FUNÇÕES DE UMA VARIÁVEL
11202131755;NA2MCTA022-17SA;REDES DE COMPUTADORES
11202231708;NA1ESHC018-17SB;FORMAÇÃO ECONÔMICA DO BRASIL
11202231708;NB1ESHC022-17SB;MACROECONOMIA I
11201720770;DA1ESGE002-23SB;PESQUISA OPERACIONAL
11202230655;NB1ESHC022-17SB;MACROECONOMIA I
11202422097;NA1BIS0003-15SB;BASES MATEMÁTICAS
11201811419;DA1ESZG040-17SB;MODELOS DE DECISÃO MULTICRITÉRIO
11202022089;NA1ESHC030-17SB;DESIGUALDADES DE RAÇA, GÊNERO E RENDA
11202022089;NA1ESTU039-17SB;REGULAÇÃO AMBIENTAL E URBANÍSTICA
11201812150;DAMCZD003-18SA;FUNDAMENTOS PSICOANTROPOLÓGICOS DA EDUCAÇÃO
21024213;NA2MCTB010-13SA;CÁLCULO VETORIAL E TENSORIAL
11201921997;NA1ESHR002-21SB;TEMAS DE DIREITO INTERNACIONAL PU&#769
11202332398;NA1BHP0001-15SB;ÉTICA E JUSTIÇA
11202231195;DA1ESHC032-17SB;MACROECONOMIA II
11202130180;NB1MCTB001-17SA;ÁLGEBRA LINEAR
11202130738;DB1ESHC030-17SB;DESIGUALDADES DE RAÇA, GÊNERO E RENDA
11095415;NA2BCN0402-15SA;FUNÇÕES DE UMA VARIÁVEL
11201723224;DA1BHO1335-15SB;FORMAÇÃO DO SISTEMA INTERNACIONAL
11201720222;DA1BCN0402-15SA;FUNÇÕES DE UMA VARIÁVEL
11202420812;DA3BCJ0204-15SA;FENÔMENOS MECÂNICOS
11202422206;DA1BCM0505-22SA;PROCESSAMENTO DA INFORMAÇÃO
11202111050;NA1BCN0407-15SA;FUNÇÕES DE VÁRIAS VARIÁVEIS
11202111050;NA9BCM0505-22SA;PROCESSAMENTO DA INFORMAÇÃO
11202421687;DB3BCN0407-15SA;FUNÇÕES DE VÁRIAS VARIÁVEIS
21037115;NA1BIR0603-15SA;CIÊNCIA, TECNOLOGIA E SOCIEDADE
11202130406;NA1ESZT018-17SB;TÓPICOS ESPECIAIS EM PLANEJAMENTO TERRITORIAL
11202230220;NA1ESAE003-23SB;DINÂMICA DE GASES
11202421092;NA1ESTO011-17SB;FUNDAMENTOS DE DESENHO TÉCNICO
11202321607;NA1ESHR011-21SB;INTRODUÇÃO AO DIREITO E FUNDAMENTOS DO DIREITO INTERNACIONAL
11202321681;NA1ESHC030-17SB;DESIGUALDADES DE RAÇA, GÊNERO E RENDA
11202130278;NC1ESTO013-17SB;ENGENHARIA ECONÔMICA
11202421604;DA1BCN0402-15SA;FUNÇÕES DE UMA VARIÁVEL
11102715;NA1NHZ4077-20SA;ESTUDOS QUEER E EDUCAÇÃO
11202022163;NA1ESTM002-17SA;TÓPICOS EXPERIMENTAIS EM MATERIAIS I
11202421658;NC2BCL0307-15SA;TRANSFORMAÇÕES QUÍMICAS
21017115;DA1BHS0005-19SB;PRÁTICAS EM CIÊNCIAS E HUMANIDADES
11201811709;NA1ESHC008-21SB;ECONOMIA BRASILEIRA II
11202422220;DA2BCM0505-22SA;PROCESSAMENTO DA INFORMAÇÃO
11202131318;DA1ESZM040-17SA;PROCESSAMENTO E CONFORMAÇÃO DE METAIS I
11202320845;NANHZ2145-18SB;LÍNGUA LATINA I
11201720540;NA1BCK0104-15SB;INTERAÇÕES ATÔMICAS E MOLECULARES
11202021250;NANHZ3001-15SA;CONHECIMENTO E TÉCNICA: PERSPECTIVAS DA ANTIGUIDADE E PERÍODO MEDIEVAL
11202320332;DA2MCTA022-17SA;REDES DE COMPUTADORES
11202231098;NA1NHH2017-16SB;FILOSOFIA DA EDUCAÇÃO
11202111160;DB1MCTB009-17SB;CÁLCULO NUMÉRICO
11201921013;NA1ESAE001-23SB;APLICAÇÕES ESTRUTURAIS DE MATERIAIS COMPÓSITOS
11202130738;NB1ESHC036-21SB;ECONOMETRIA II
11202131379;NA1ESTO012-17SA;PRINCÍPIOS DE ADMINISTRAÇÃO
11201722075;DA1NHT4002-13SB;BIOQUÍMICA EXPERIMENTAL
11201722075;DA1NHBT003-23SA;PRINCÍPIOS DE FISIOLOGIA PARA BIOTECNOLOGIA
11202322132;NA1ESHC018-17SB;FORMAÇÃO ECONÔMICA DO BRASIL
21068616;NA1MCBM022-23SA;INTRODUÇÃO AOS PROCESSOS ESTOCÁSTICOS
11201812215;NA1ESAU015-23SA;MICROSSIMULAÇÃO DE SISTEMAS DE TRANSPORTES
11202112041;DA1ESHR007-21SB;GEOPOLÍTICA
11202321459;DA1BHP0001-15SB;ÉTICA E JUSTIÇA
11201811965;DA1ESMA002-23SB;INOVAÇÕES PARA ENGENHARIA
11202021142;NANHH2086-16SB;HISTÓRIA DA FILOSOFIA MEDIEVAL: DO SÉCULO IV AO X
11201922113;NA1NHT1061-15SA;GENÉTICA I
11202232288;DB1ESZM002-17SA;NANOCIÊNCIA E NANOTECNOLOGIA
11202020225;NALHZ0010-19SB;EDUCAÇÃO NÃO FORMAL, INFORMAL E POPULAR
11202312295;NA1ESTB019-17SB;BIOESTATÍSTICA
11202131700;NA1ESTI004-17SA;PRINCÍPIOS DE COMUNICAÇÃO
11202131700;NA1ESZI041-18SA;PROGRAMAÇÃO DE SOFTWARE EMBARCADO
11201812063;NA1ESZE045-17SA;RESÍDUOS NUCLEARES
11202420989;DA9BCJ0205-15SA;FENÔMENOS TÉRMICOS
11202130395;DA2BIS0003-15SB;BASES MATEMÁTICAS
11202020225;NA1NHZ1096-19SA;PRÁTICAS DISCURSIVAS DA CIÊNCIA E EDUCAÇÃO EM CIÊNCIAS
11202021621;NA1BCN0407-15SB;FUNÇÕES DE VÁRIAS VARIÁVEIS
11202212434;NA2ESTO006-17SA;MATERIAIS E SUAS PROPRIEDADES
11202231705;NA1ESZU036-17SA;SAÚDE, DETERMINANTES SOCIOAMBIENTAIS E EQUIDADE
11201922117;NA1MCTB021-17SA;PROBABILIDADE
11202420259;DA1BHP0001-15SB;ÉTICA E JUSTIÇA
11202020881;NB3BCJ0205-15SB;FENÔMENOS TÉRMICOS
11202420784;DA1LIE0001-19SB;METODOLOGIAS DE PESQUISA EM EDUCAÇÃO
11201922330;NA1ESZU037-17SA;QUÍMICA AMBIENTAL
11202020937;NA2ESTA002-17SA;CIRCUITOS ELÉTRICOS I
11202422237;DA1BCM0504-15SA;NATUREZA DA INFORMAÇÃO
11202432372;NA1BIR0603-15SB;CIÊNCIA, TECNOLOGIA E SOCIEDADE
11202432372;DB2BCL0307-15SB;TRANSFORMAÇÕES QUÍMICAS
11201921202;DA2MCTA023-17SA;SEGURANÇA DE DADOS
11202421825;NB1BIR0603-15SA;CIÊNCIA, TECNOLOGIA E SOCIEDADE
11201811776;NA1BHS0002-22SB;DIVERSIDADE DE GÊNERO E FORMAÇÃO DE PROFESSOR
11202322053;DA2MCTB010-13SA;CÁLCULO VETORIAL E TENSORIAL
11107016;NA1BCL0308-15SB;BIOQUÍMICA: ESTRUTURA, PROPRIEDADES E FUNÇÕES DE BIOMOLÉCULAS
11202020946;NA1NHZ4077-20SA;ESTUDOS QUEER E EDUCAÇÃO
11080516;DA1ESZB003-17SB;PROCESSAMENTO E ANÁLISE DE SINAIS BIOMÉDICOS
11202232271;DA2BIS0003-15SB;BASES MATEMÁTICAS
11202421377;NB1BIR0603-15SA;CIÊNCIA, TECNOLOGIA E SOCIEDADE
11202421377;NA6BCM0505-22SA;PROCESSAMENTO DA INFORMAÇÃO
11202332423;NA1ESTO012-17SA;PRINCÍPIOS DE ADMINISTRAÇÃO
11202422237;DA1BCL0306-15SA;BIODIVERSIDADE: INTERAÇÕES ENTRE ORGANISMOS E AMBIENTE
11202422237;DA7BCM0505-22SA;PROCESSAMENTO DA INFORMAÇÃO
11201922330;NA1NHZ1016-15SA;CONSERVAÇÃO DA BIODIVERSIDADE
11202421674;NA1ESHC040-21SB;RELAÇÕES MONETÁRIAS E FINANCEIRAS INTERNACIONAIS
11202021865;NA1ESTA004-17SA;CIRCUITOS ELÉTRICOS II
21009216;NA1ESHT024-17SB;USO DO SOLO URBANO
11201922330;NANHT3037-13SA;MECÂNICA GERAL
11202421916;NAMCZD008-18SA;SEMINÁRIOS DE MODALIDADES DIVERSAS EM EDUCAÇÃO MATEMÁTICA
11202420440;NB1BCK0103-15SA;FÍSICA QUÂNTICA
11202131942;NB1BCN0402-15SB;FUNÇÕES DE UMA VARIÁVEL
11202021582;NIESHR012-21SB;POLÍTICA INTERNACIONAL DOS EUA
11202021698;DA1ESTU019-17SA;TEORIA DO PLANEJAMENTO URBANO E AMBIENTAL
11201920447;NAMCZD008-18SA;SEMINÁRIOS DE MODALIDADES DIVERSAS EM EDUCAÇÃO MATEMÁTICA
11202020197;DA1ESHR011-21SB;INTRODUÇÃO AO DIREITO E FUNDAMENTOS DO DIREITO INTERNACIONAL
11202130344;NA1ESHT025-17SB;DESENVOLVIMENTO ECONÔMICO E SOCIAL NO BRASIL
21065015;NAESHP018-14SB;POLÍTICAS SOCIAIS
11202130652;DIBHP0202-15SB;PENSAMENTO CRÍTICO
11202130663;DIESZS028-17SB;PROJETO DE AERONAVES I
11202320748;DB1BCK0103-15SA;FÍSICA QUÂNTICA
11201922317;NB1ESTA001-17SA;DISPOSITIVOS ELETRÔNICOS
11202320473;DA1BHQ0002-15SB;ESTUDOS ÉTNICO-RACIAIS
11202020560;NA1ESHC018-17SB;FORMAÇÃO ECONÔMICA DO BRASIL
11202020560;NB1ESHC022-17SB;MACROECONOMIA I
11201810185;NB1BCK0104-15SA;INTERAÇÕES ATÔMICAS E MOLECULARES
11201810185;NA1ESHC040-21SB;RELAÇÕES MONETÁRIAS E FINANCEIRAS INTERNACIONAIS
11202321570;NA1MCZA014-17SA;MÉTODOS DE OTIMIZAÇÃO
11202021354;DABHS0003-23SB;DIÁLOGOS EXTENSIONISTAS EM ECONOMIA
11202130503;NA1NHBQ008-22SA;FUNDAMENTOS DE REAÇÕES ORGÂNICAS
11202321334;NA1MCZA014-17SA;MÉTODOS DE OTIMIZAÇÃO
11202421771;DA2BCJ0204-15SA;FENÔMENOS MECÂNICOS
11202322137;NB7BCM0505-22SA;PROCESSAMENTO DA INFORMAÇÃO
11202310036;NB1ESHC022-17SB;MACROECONOMIA I
11202111778;NA1ESTB025-17SB;INSTRUMENTAÇÃO BIOMÉDICA I
11202130126;DA1ESHT025-17SB;DESENVOLVIMENTO ECONÔMICO E SOCIAL NO BRASIL
11202421655;NAESZP006-13SB;PENSAMENTO LATINO-AMERICANO E POLÍTICAS DE CT&I
11202510038;DB1BIQ0602-15SA;ESTRUTURA E DINÂMICA SOCIAL
11202130018;DAESZP006-13SB;PENSAMENTO LATINO-AMERICANO E POLÍTICAS DE CT&I
11202231037;DA1MCZA002-17SA;APRENDIZADO DE MÁQUINA
11202231037;NA1MCZA014-17SA;MÉTODOS DE OTIMIZAÇÃO
11202231037;NA1MCCC013-23SA;OTIMIZAÇÃO LINEAR
11202231037;DA1MCTB021-17SA;PROBABILIDADE
11202320300;DA4BCJ0205-15SA;FENÔMENOS TÉRMICOS
11202320300;DA2BCM0505-22SA;PROCESSAMENTO DA INFORMAÇÃO
11201811371;NA1MCCC013-23SA;OTIMIZAÇÃO LINEAR
11201922409;DB1ESHC030-17SB;DESIGUALDADES DE RAÇA, GÊNERO E RENDA
11201922409;DA1ESHC008-21SB;ECONOMIA BRASILEIRA II
11202232337;DANHZ2132-18SB;FILOSOFIA, MÚSICA E LITERATURA
11202320473;NA1ESHC018-17SB;FORMAÇÃO ECONÔMICA DO BRASIL
11201811302;NAESHR012-21SB;POLÍTICA INTERNACIONAL DOS EUA
11202131499;NA1ESTO013-17SA;ENGENHARIA ECONÔMICA
11202321583;NA1NHZ4081-20SB;PAULO FREIRE: EDUCAÇÃO PARA A CRITICIDADE
11202321571;DA1BHO1335-15SB;FORMAÇÃO DO SISTEMA INTERNACIONAL
11202131981;NAESHP027-14SB;PODER LOCAL
11202231469;NA1ESZU017-17SA;SENSORIAMENTO REMOTO
11202322106;DA1ESMA002-23SB;INOVAÇÕES PARA ENGENHARIA
11201921469;NB2BCN0402-15SA;FUNÇÕES DE UMA VARIÁVEL
11202321051;DB1BCS0002-15SB;PROJETO DIRIGIDO
11202021802;DB1BCS0002-15SA;PROJETO DIRIGIDO
11201921670;DAMCCC008-23SB;INTELIGÊNCIA ARTIFICIAL
11202410079;NB1BCN0402-15SB;FUNÇÕES DE UMA VARIÁVEL
11202020931;NA1NHT1065-15SA;ZOOLOGIA DE VERTEBRADOS
11202422157;NA1NHZ4081-20SB;PAULO FREIRE: EDUCAÇÃO PARA A CRITICIDADE
11202320221;DA1NHI5002-15SA;DIDÁTICA
11202320221;DA1ESMA002-23SA;INOVAÇÕES PARA ENGENHARIA
11201810447;DA1NHBT002-23SA;BIOTECNOLOGIA VEGETAL
11202320657;NB1BCN0407-15SB;FUNÇÕES DE VÁRIAS VARIÁVEIS
11202232145;DANHZ2132-18SB;FILOSOFIA, MÚSICA E LITERATURA
11202320189;NB2BCN0402-15SA;FUNÇÕES DE UMA VARIÁVEL
11202111184;NA3BCJ0205-15SA;FENÔMENOS TÉRMICOS
11202420971;DA2BCN0404-15SA;GEOMETRIA ANALÍTICA
21012915;NB1BCN0402-15SB;FUNÇÕES DE UMA VARIÁVEL
21012915;NB1ESHC022-17SB;MACROECONOMIA I
11202230985;DAESHP012-22SB;DIREITO ADMINISTRATIVO
11202022207;NA1ESZI041-18SA;PROGRAMAÇÃO DE SOFTWARE EMBARCADO
11201723069;DANHH2035-13SB;HISTÓRIA DA FILOSOFIA CONTEMPORÂNEA: O SÉCULO XX
11202332387;DA2BIS0003-15SB;BASES MATEMÁTICAS
11201812027;NB2BIR0603-15SA;CIÊNCIA, TECNOLOGIA E SOCIEDADE
11201812027;NB3BCJ0205-15SA;FENÔMENOS TÉRMICOS
11201812027;NB2BCN0402-15SA;FUNÇÕES DE UMA VARIÁVEL
11201812027;NA6BCM0505-22SA;PROCESSAMENTO DA INFORMAÇÃO
11202130212;NA1ESHC008-21SB;ECONOMIA BRASILEIRA II
11202321640;NAESZP006-13SB;PENSAMENTO LATINO-AMERICANO E POLÍTICAS DE CT&I
11202321640;NA1ESZR009-13SB;NEGOCIAÇÕES INTERNACIONAIS, PROPRIEDADE INTELECTUAL E TRANSFERÊNCIA TECNOLÓGICA
21008615;NANHH2033-18SB;HISTÓRIA DA FILOSOFIA ANTIGA CLÁSSICA
11201723019;DAMCTC011-15SA;PSICOLOGIA COGNITIVA
11202320741;NA1BIQ0602-15SB;ESTRUTURA E DINÂMICA SOCIAL
11202130115;NA1ESHC008-21SB;ECONOMIA BRASILEIRA II
11202321583;NA1LIE0001-19SB;METODOLOGIAS DE PESQUISA EM EDUCAÇÃO
11202021967;NAESTE004-17SA;ENERGIA, MEIO AMBIENTE E SOCIEDADE
11201812215;DA1ESTO005-17SB;INTRODUÇÃO ÀS ENGENHARIAS
11202131809;DB9BCJ0205-15SA;FENÔMENOS TÉRMICOS
11202232027;DA1ESZU002-17SA;COMPOSTAGEM
11201723019;NA1NHI5002-15SA;DIDÁTICA
11201722607;NAESAE011-23SB;INTRODUÇÃO À ENGENHARIA DE SISTEMAS AEROESPACIAIS
11202421241;DA1BCL0306-15SB;BIODIVERSIDADE: INTERAÇÕES ENTRE ORGANISMOS E AMBIENTE
11202022237;NA1ESZU036-17SA;SAÚDE, DETERMINANTES SOCIOAMBIENTAIS E EQUIDADE
11202022237;NA1ESZU018-17SA;TÓPICOS ESPECIAIS EM ENGENHARIA AMBIENTAL E URBANA
11202410022;NB2ESTA001-17SA;DISPOSITIVOS ELETRÔNICOS
11202020251;NA1MCZA002-17SA;APRENDIZADO DE MÁQUINA
11202232345;NANHT3037-13SA;MECÂNICA GERAL
11014116;NA1BCN0402-15SA;FUNÇÕES DE UMA VARIÁVEL
11202510081;NA1ESHT008-17SB;GOVERNANÇA PÚBLICA, DEMOCRACIA E POLÍTICAS NO TERRITÓRIO
11201722125;DA2BCK0104-15SA;INTERAÇÕES ATÔMICAS E MOLECULARES
11202022237;NAESTE036-17SA;ECONOMIA DA ENERGIA
11202231496;DB1BIR0603-15SA;CIÊNCIA, TECNOLOGIA E SOCIEDADE
11202231801;DA1ESZT016-17SB;URBANIZAÇÃO BRASILEIRA
11202021801;NA2BIQ0602-15SA;ESTRUTURA E DINÂMICA SOCIAL
11201921838;NB2ESTA001-17SA;DISPOSITIVOS ELETRÔNICOS
11014116;NA1ESTO016-17SA;FENÔMENOS DE TRANSPORTE
11202410022;NAMCZD008-18SA;SEMINÁRIOS DE MODALIDADES DIVERSAS EM EDUCAÇÃO MATEMÁTICA
11202232345;NA1ESTU012-17SA;POLUIÇÃO ATMOSFÉRICA
11202130404;NB1BCK0104-15SA;INTERAÇÕES ATÔMICAS E MOLECULARES
11202130404;NA1ESZU037-17SA;QUÍMICA AMBIENTAL
11202021706;NA1ESTU006-17SA;GEOTECNIA
11201922318;NA1BCK0103-15SB;FÍSICA QUÂNTICA
11202021018;NA1ESZT016-17SB;URBANIZAÇÃO BRASILEIRA
11202421759;DAESHR027-21SB;ÁFRICA NAS RELAÇÕES INTERNACIONAIS
11201811355;NA1NHBQ016-22SA;TERMODINÂMICA QUÍMICA
11201811355;NA1NHBQ017-22SA;TÓPICOS ESPECIAIS EM QUÍMICA ORGÂNICA
11202332417;NB3BCJ0205-15SA;FENÔMENOS TÉRMICOS
11202421647;DB1BIR0004-15SA;BASES EPISTEMOLÓGICAS DA CIÊNCIA MODERNA
11202421647;DA1BIQ0602-15SA;ESTRUTURA E DINÂMICA SOCIAL
11201812215;DA1NHZ4081-20SB;PAULO FREIRE: EDUCAÇÃO PARA A CRITICIDADE
11202021994;DANHH2007-13SB;ESTÉTICA
11202230783;DB1ESTO013-17SB;ENGENHARIA ECONÔMICA
11202021879;NAESAE011-23SB;INTRODUÇÃO À ENGENHARIA DE SISTEMAS AEROESPACIAIS
11201723019;NA1NHZ1027-15SA;FARMACOLOGIA
11201922168;DA2BCJ0204-15SA;FENÔMENOS MECÂNICOS
11201922168;NB5BCM0505-22SA;PROCESSAMENTO DA INFORMAÇÃO
11201922168;DB3BCL0307-15SB;TRANSFORMAÇÕES QUÍMICAS
11201921285;NA1NHT1065-15SA;ZOOLOGIA DE VERTEBRADOS
11202231422;DA1MCZA038-17SA;PRÁTICA AVANÇADA DE PROGRAMAÇÃO A
11202421377;NA1ESZM035-17SA;ADITIVAÇÃO DE POLÍMEROS
11202320973;DB1BHQ0301-15SB;TERRITÓRIO E SOCIEDADE
11202321818;DA1ESTO005-17SA;INTRODUÇÃO ÀS ENGENHARIAS
11201922168;DA1ESTO011-17SB;FUNDAMENTOS DE DESENHO TÉCNICO
11202422021;NB1ESHC022-17SB;MACROECONOMIA I
11202231111;NA1ESZI041-18SA;PROGRAMAÇÃO DE SOFTWARE EMBARCADO
11201920180;NA1NHZ1027-15SA;FARMACOLOGIA
11202321283;NB2BCM0505-22SB;PROCESSAMENTO DA INFORMAÇÃO
11202420334;DB1ESHC030-17SB;DESIGUALDADES DE RAÇA, GÊNERO E RENDA
11202420438;DB1BCS0002-15SA;PROJETO DIRIGIDO
11202421311;NA1ESHT025-17SB;DESENVOLVIMENTO ECONÔMICO E SOCIAL NO BRASIL
11202421311;NB1ESHC022-17SB;MACROECONOMIA I
11202111798;NB1BCK0104-15SA;INTERAÇÕES ATÔMICAS E MOLECULARES
11202321793;DAMCCC008-23SB;INTELIGÊNCIA ARTIFICIAL
11202420280;DB1BIQ0602-15SA;ESTRUTURA E DINÂMICA SOCIAL
11202021328;DB1ESMA002-23SB;INOVAÇÕES PARA ENGENHARIA
11202320665;DA3BCL0308-15SA;BIOQUÍMICA: ESTRUTURA, PROPRIEDADES E FUNÇÕES DE BIOMOLÉCULAS
11202020194;NAESHR012-21SB;POLÍTICA INTERNACIONAL DOS EUA
11202230937;NA1ESHT025-17SB;DESENVOLVIMENTO ECONÔMICO E SOCIAL NO BRASIL
11202130331;NA1ESTU007-17SA;HABITAÇÃO E ASSENTAMENTOS HUMANOS
11202021924;NB1ESTA001-17SA;DISPOSITIVOS ELETRÔNICOS
11202321280;DA1BCL0306-15SA;BIODIVERSIDADE: INTERAÇÕES ENTRE ORGANISMOS E AMBIENTE
11202111951;DA1BIR0603-15SA;CIÊNCIA, TECNOLOGIA E SOCIEDADE
11202131237;NB2BCN0402-15SA;FUNÇÕES DE UMA VARIÁVEL
11202021328;DA1ESZG012-17SB;PROJETOS INDUSTRIAIS
11202321283;NB1BCL0307-15SB;TRANSFORMAÇÕES QUÍMICAS
11202230741;NANHH2033-18SB;HISTÓRIA DA FILOSOFIA ANTIGA CLÁSSICA
11201811467;NA1LIE0001-19SA;METODOLOGIAS DE PESQUISA EM EDUCAÇÃO
11202231707;NA1ESTS003-17SB;INTRODUÇÃO À ASTRONÁUTICA
11068015;NA1ESZI041-18SA;PROGRAMAÇÃO DE SOFTWARE EMBARCADO
11202420476;DA1ESTO005-17SB;INTRODUÇÃO ÀS ENGENHARIAS
11202130301;NA1ESTU039-17SB;REGULAÇÃO AMBIENTAL E URBANÍSTICA
11202130301;NB1ESHC022-17SB;MACROECONOMIA I
11202320379;NB7BCM0505-22SA;PROCESSAMENTO DA INFORMAÇÃO
11201921231;NA1MCTB021-17SA;PROBABILIDADE
11202020641;NB2BCN0402-15SA;FUNÇÕES DE UMA VARIÁVEL
11202020641;DA2BCN0404-15SA;GEOMETRIA ANALÍTICA
11202130700;NA8BCJ0205-15SA;FENÔMENOS TÉRMICOS
11202131962;DA1BCL0308-15SA;BIOQUÍMICA: ESTRUTURA, PROPRIEDADES E FUNÇÕES DE BIOMOLÉCULAS
11202230400;DAMCZC004-15SB;DESENVOLVIMENTO E DEGENERAÇÃO DO SISTEMA NERVOSO
11202021974;NB1ESHC022-17SB;MACROECONOMIA I
11202231818;NA1NHT4032-15SA;PRÁTICAS DE ENSINO DE QUÍMICA III
11202321154;DAESHR027-21SB;ÁFRICA NAS RELAÇÕES INTERNACIONAIS
11202230754;NA2BCN0407-15SB;FUNÇÕES DE VÁRIAS VARIÁVEIS
11202321421;NA1LIE0001-19SB;METODOLOGIAS DE PESQUISA EM EDUCAÇÃO
11202421916;NA2ESTI004-17SA;PRINCÍPIOS DE COMUNICAÇÃO
11202231462;DA1BHP0202-15SB;PENSAMENTO CRÍTICO
11202020614;DA1ESHC018-17SB;FORMAÇÃO ECONÔMICA DO BRASIL
11202321445;NANHH2073-18SB;TEORIA DO CONHECIMENTO: EMPIRISMO E RACIONALISMO
11202421048;DA1ESTO005-17SA;INTRODUÇÃO ÀS ENGENHARIAS
11202321907;NANHH2073-18SB;TEORIA DO CONHECIMENTO: EMPIRISMO E RACIONALISMO
11202320198;DA1ESTO005-17SA;INTRODUÇÃO ÀS ENGENHARIAS
11202021324;NB1ESHC022-17SB;MACROECONOMIA I
11201920398;NAESHP019-22SB;REGIMES E FORMAS DE GOVERNO
11202131043;NA1ESZM014-17SA;ENGENHARIA DE POLÍMEROS
11201921779;DA1BCL0306-15SB;BIODIVERSIDADE: INTERAÇÕES ENTRE ORGANISMOS E AMBIENTE
11201921779;NANHT4002-13SA;BIOQUÍMICA EXPERIMENTAL
11201921779;DA1ESTO001-17SA;CIRCUITOS ELÉTRICOS E FOTÔNICA
11202020769;DAMCTD020-18SA;CONSTRUÇÕES GEOMÉTRICAS E GEOMETRIA MÉTRICA
11202131373;NAMCZC004-15SB;DESENVOLVIMENTO E DEGENERAÇÃO DO SISTEMA NERVOSO
11202111739;NAESHR014-21SB;RELAÇÕES INTERNACIONAIS CONTEMPORÂNEAS
11202130399;NA1ESHT008-17SB;GOVERNANÇA PÚBLICA, DEMOCRACIA E POLÍTICAS NO TERRITÓRIO
21075316;DA1ESZU002-17SA;COMPOSTAGEM
11202112015;NB1ESHC022-17SB;MACROECONOMIA I
11202111767;DA1ESHC030-17SB;DESIGUALDADES DE RAÇA, GÊNERO E RENDA
11202210101;DA2BIS0003-15SB;BASES MATEMÁTICAS
11202210101;DA1BHO1335-15SB;FORMAÇÃO DO SISTEMA INTERNACIONAL
11202231832;NB1BCK0103-15SA;FÍSICA QUÂNTICA
11202420761;DA1BHO0101-15SB;ESTADO E RELAÇÕES DE PODER
11202130700;NB1BCK0103-15SA;FÍSICA QUÂNTICA
11202112015;NA1ESHC018-17SB;FORMAÇÃO ECONÔMICA DO BRASIL
11202130276;NAMCZD008-18SA;SEMINÁRIOS DE MODALIDADES DIVERSAS EM EDUCAÇÃO MATEMÁTICA
11068516;NA1MCZA014-17SA;MÉTODOS DE OTIMIZAÇÃO
11202420971;DA7BCM0505-22SA;PROCESSAMENTO DA INFORMAÇÃO
11202231624;NAESHR012-21SB;POLÍTICA INTERNACIONAL DOS EUA
11201920475;NA1ESZU018-17SA;TÓPICOS ESPECIAIS EM ENGENHARIA AMBIENTAL E URBANA
11202130635;DAMCZD003-18SA;FUNDAMENTOS PSICOANTROPOLÓGICOS DA EDUCAÇÃO
11202420728;NA1ESZU036-17SA;SAÚDE, DETERMINANTES SOCIOAMBIENTAIS E EQUIDADE
11202112015;DB1ESHC030-17SB;DESIGUALDADES DE RAÇA, GÊNERO E RENDA
11202421311;NAESHP012-22SB;DIREITO ADMINISTRATIVO
11202210101;NAESHT014-22SB;OFICINA DE PLANEJAMENTO DE ÁREAS PERIURBANAS, INTERIORANAS E RURAIS
11202422161;NB1BCK0104-15SA;INTERAÇÕES ATÔMICAS E MOLECULARES
11202322164;NA7BCM0505-22SA;PROCESSAMENTO DA INFORMAÇÃO
11202421085;NA1ESHC018-17SB;FORMAÇÃO ECONÔMICA DO BRASIL
11202421085;NA1ESHT024-17SB;USO DO SOLO URBANO
11202321002;NA1MCBM022-23SA;INTRODUÇÃO AOS PROCESSOS ESTOCÁSTICOS
11202130092;NANHZ2021-11SB;FILOSOFIA DA MENTE
11202421140;NA1BIR0603-15SB;CIÊNCIA, TECNOLOGIA E SOCIEDADE
11202421262;DA1BHO0002-19SB;INTRODUÇÃO AO PENSAMENTO ECONÔMICO
11202231155;DA1ESZM002-17SA;NANOCIÊNCIA E NANOTECNOLOGIA
11202320885;NA1ESTS003-17SB;INTRODUÇÃO À ASTRONÁUTICA
11202021848;NAMCTD016-18SA;PRÁTICAS DE ENSINO DE MATEMÁTICA I
11202021848;NA1ESZI041-18SA;PROGRAMAÇÃO DE SOFTWARE EMBARCADO
11201720208;NANHZ2107-18SB;EPISTEMOLOGIA ANALÍTICA
11202321936;DA1ESTO005-17SB;INTRODUÇÃO ÀS ENGENHARIAS
11201920346;DA1ESTU005-17SA;CLIMATOLOGIA
11201922203;NA1NHZ1096-19SA;PRÁTICAS DISCURSIVAS DA CIÊNCIA E EDUCAÇÃO EM CIÊNCIAS
11202230536;NAESHP028-22SB;POLÍTICAS DIGITAIS, DADOS E GESTÃO ALGORÍTMICA
11201920287;DAESZA019-17SA;VISÃO COMPUTACIONAL
11202321330;NA2BCL0308-15SB;BIOQUÍMICA: ESTRUTURA, PROPRIEDADES E FUNÇÕES DE BIOMOLÉCULAS
11202321330;NA2ESMA001-23SB;SOLUÇÕES PARA DESAFIOS EM ENGENHARIA
11202420596;DB2BIS0003-15SB;BASES MATEMÁTICAS
11202420596;DA1ESTU039-17SB;REGULAÇÃO AMBIENTAL E URBANÍSTICA
11201921933;DA1BHO0002-19SB;INTRODUÇÃO AO PENSAMENTO ECONÔMICO
11201921933;NIESHR014-21SB;RELAÇÕES INTERNACIONAIS CONTEMPORÂNEAS
11202130924;DC1MCTB001-17SA;ÁLGEBRA LINEAR
11202130327;NA1ESTI004-17SA;PRINCÍPIOS DE COMUNICAÇÃO
11202020730;DAMCZD003-18SA;FUNDAMENTOS PSICOANTROPOLÓGICOS DA EDUCAÇÃO
11202321089;NA1NHBQ017-22SA;TÓPICOS ESPECIAIS EM QUÍMICA ORGÂNICA
11202111790;NAMCTD016-18SA;PRÁTICAS DE ENSINO DE MATEMÁTICA I
21028116;DA1BCS0002-15SB;PROJETO DIRIGIDO
11202322131;NA2BIQ0602-15SA;ESTRUTURA E DINÂMICA SOCIAL
11202230307;NA2ESMA001-23SB;SOLUÇÕES PARA DESAFIOS EM ENGENHARIA
11202020905;DA1ESHC016-17SB;FINANÇAS CORPORATIVAS
11201810943;NA1ESHT025-17SB;DESENVOLVIMENTO ECONÔMICO E SOCIAL NO BRASIL
11202321595;DA1ESHR011-21SB;INTRODUÇÃO AO DIREITO E FUNDAMENTOS DO DIREITO INTERNACIONAL
11202420420;DB6BCL0307-15SA;TRANSFORMAÇÕES QUÍMICAS
11202421306;DA1ESMA002-23SA;INOVAÇÕES PARA ENGENHARIA
11202130024;NA2ESTB004-17SB;BASES BIOLÓGICAS PARA ENGENHARIA II
11201921933;NANHH2033-18SB;HISTÓRIA DA FILOSOFIA ANTIGA CLÁSSICA
11201810451;NANHH2035-13SB;HISTÓRIA DA FILOSOFIA CONTEMPORÂNEA: O SÉCULO XX
11202021330;NB1BCN0404-15SB;GEOMETRIA ANALÍTICA
11202321825;NB1BCL0307-15SB;TRANSFORMAÇÕES QUÍMICAS
11202020924;DA1ESMA002-23SB;INOVAÇÕES PARA ENGENHARIA
11202111177;DAMCZD003-18SA;FUNDAMENTOS PSICOANTROPOLÓGICOS DA EDUCAÇÃO
11202321005;NA6BCM0505-22SA;PROCESSAMENTO DA INFORMAÇÃO
11202231741;NB1ESHC022-17SB;MACROECONOMIA I
11202130791;DANHT3072-15SA;MECÂNICA QUÂNTICA I
11201720540;NA1ESZR009-13SB;NEGOCIAÇÕES INTERNACIONAIS, PROPRIEDADE INTELECTUAL E TRANSFERÊNCIA TECNOLÓGICA
11202322207;NA2BIR0603-15SA;CIÊNCIA, TECNOLOGIA E SOCIEDADE
11202322207;NA1ESTO004-17SA;INSTRUMENTAÇÃO E CONTROLE
11202322207;NANHT3037-13SA;MECÂNICA GERAL
11202112041;NA1ESHC040-21SB;RELAÇÕES MONETÁRIAS E FINANCEIRAS INTERNACIONAIS
11202321005;NB2BCN0402-15SA;FUNÇÕES DE UMA VARIÁVEL
11202232294;NA1ESTA023-17SA;INTRODUÇÃO AOS PROCESSOS DE FABRICAÇÃO
11202321005;NA7BCJ0205-15SA;FENÔMENOS TÉRMICOS
11201811093;NA2ESTA013-17SA;FUNDAMENTOS DE ROBÓTICA
11202230680;DA1ESZU010-17SA;GESTÃO AMBIENTAL NA INDÚSTRIA
11202021288;NA1ESTA013-17SA;FUNDAMENTOS DE ROBÓTICA
11202111055;NA1ESHT008-17SB;GOVERNANÇA PÚBLICA, DEMOCRACIA E POLÍTICAS NO TERRITÓRIO
11202322219;DB1BIR0004-15SA;BASES EPISTEMOLÓGICAS DA CIÊNCIA MODERNA
11202332432;NB2BCJ0205-15SB;FENÔMENOS TÉRMICOS
11202332432;NB1BCN0402-15SB;FUNÇÕES DE UMA VARIÁVEL
11202332432;NB1BCN0404-15SB;GEOMETRIA ANALÍTICA
11202020530;DA1ESMA002-23SA;INOVAÇÕES PARA ENGENHARIA
11202410021;NB2ESTA001-17SA;DISPOSITIVOS ELETRÔNICOS
11202230921;NA1ESZT016-17SB;URBANIZAÇÃO BRASILEIRA
11202232197;NA1NHI5002-15SA;DIDÁTICA
11202321842;DB1BCS0002-15SA;PROJETO DIRIGIDO
11202321842;DAMCTD016-18SA;PRÁTICAS DE ENSINO DE MATEMÁTICA I
11202420566;NA2BCM0504-15SA;NATUREZA DA INFORMAÇÃO
11201811977;NA1MCTB021-17SA;PROBABILIDADE
11202320198;DA2MCTB009-17SA;CÁLCULO NUMÉRICO
11202131971;NANHH2086-16SB;HISTÓRIA DA FILOSOFIA MEDIEVAL: DO SÉCULO IV AO X
11202410021;NAMCZD008-18SA;SEMINÁRIOS DE MODALIDADES DIVERSAS EM EDUCAÇÃO MATEMÁTICA
11201811093;DA2BCK0104-15SA;INTERAÇÕES ATÔMICAS E MOLECULARES
11202422078;DAESHR027-21SB;ÁFRICA NAS RELAÇÕES INTERNACIONAIS
11202020407;NA1ESHC018-17SB;FORMAÇÃO ECONÔMICA DO BRASIL
11202021648;NB4BCJ0205-15SA;FENÔMENOS TÉRMICOS
11109512;NA1MCTB001-17SB;ÁLGEBRA LINEAR
11202020407;DB2BIS0003-15SB;BASES MATEMÁTICAS
11202230331;NB1ESHC022-17SB;MACROECONOMIA I
11202130115;NB1ESHC022-17SB;MACROECONOMIA I
11071616;NA2MCTB010-13SA;CÁLCULO VETORIAL E TENSORIAL
11202021900;DA2ESTB019-17SB;BIOESTATÍSTICA
11202321017;NIESHR012-21SB;POLÍTICA INTERNACIONAL DOS EUA
11202231297;DB3BCN0407-15SA;FUNÇÕES DE VÁRIAS VARIÁVEIS
11202130187;DANHT3067-15SA;ANÁLISE DE FOURIER E APLICAÇÕES
11202111579;NA1BCN0404-15SA;GEOMETRIA ANALÍTICA
11202422163;DA1ESTS003-17SB;INTRODUÇÃO À ASTRONÁUTICA
11202321226;DA1ESTO005-17SA;INTRODUÇÃO ÀS ENGENHARIAS
11202421576;DA1BIQ0602-15SA;ESTRUTURA E DINÂMICA SOCIAL
11202231674;DA1ESHC026-21SB;MICROECONOMIA II
11201920282;NA1ESTS003-17SB;INTRODUÇÃO À ASTRONÁUTICA
11201920282;NA1ESHC008-21SB;ECONOMIA BRASILEIRA II
11202421655;DB1BCL0306-15SB;BIODIVERSIDADE: INTERAÇÕES ENTRE ORGANISMOS E AMBIENTE
11202421655;DB1BHQ0002-15SB;ESTUDOS ÉTNICO-RACIAIS
11202421655;DB1BHQ0301-15SB;TERRITÓRIO E SOCIEDADE
11202231395;NAESHP005-13SB;CONFLITOS SOCIAIS
11201920562;NABHS0004-23SB;ENCONTROS SOBRE GÊNERO E SEXUALIDADES
11202021894;NAESAE011-23SB;INTRODUÇÃO À ENGENHARIA DE SISTEMAS AEROESPACIAIS
11202130992;NB6BCJ0205-15SA;FENÔMENOS TÉRMICOS
11202131428;NA1ESTU010-17SA;MICROBIOLOGIA AMBIENTAL
11202230411;DA2ESGE003-23SB;SISTEMAS CAM
11202021843;NB2BIR0603-15SA;CIÊNCIA, TECNOLOGIA E SOCIEDADE
11202021843;NB2BCN0402-15SA;FUNÇÕES DE UMA VARIÁVEL
11202130515;DA1NHT1067-15SA;EVOLUÇÃO E DIVERSIDADE DE PLANTAS I
11202420558;DA2BIS0003-15SB;BASES MATEMÁTICAS
11202420558;DA1BCJ0204-15SA;FENÔMENOS MECÂNICOS
11201721445;NB2MCTA022-17SA;REDES DE COMPUTADORES
11202421264;DA1BIR0004-15SB;BASES EPISTEMOLÓGICAS DA CIÊNCIA MODERNA
11202510035;DB1BCK0103-15SA;FÍSICA QUÂNTICA
11201921123;NA1NHT1062-15SA;EVOLUÇÃO
11202421284;DA2BIQ0602-15SA;ESTRUTURA E DINÂMICA SOCIAL
11202021210;DAESHP018-14SB;POLÍTICAS SOCIAIS
11034216;NA1ESZU036-17SA;SAÚDE, DETERMINANTES SOCIOAMBIENTAIS E EQUIDADE
11202131023;NA1ESBM004-23SB;FUNDAMENTOS DE FISIOPATOLOGIA PARA ENGENHARIAS I
11202510036;DA1ESTO005-17SA;INTRODUÇÃO ÀS ENGENHARIAS
11202210087;DA1ESHR026-14SB;HISTÓRIA DO TERCEIRO MUNDO
11202421217;NA1ESHT026-21SB;BIODIVERSIDADE, GEODIVERSIDADE E PAISAGEM
11201920398;NA1ESHT025-17SB;DESENVOLVIMENTO ECONÔMICO E SOCIAL NO BRASIL
11202421140;NB1BCL0306-15SB;BIODIVERSIDADE: INTERAÇÕES ENTRE ORGANISMOS E AMBIENTE
11201810544;NAESZP006-13SB;PENSAMENTO LATINO-AMERICANO E POLÍTICAS DE CT&I
11202111781;DA1ESTO012-17SA;PRINCÍPIOS DE ADMINISTRAÇÃO
11202020297;NA1ESZU036-17SA;SAÚDE, DETERMINANTES SOCIOAMBIENTAIS E EQUIDADE
11201920792;NA1ESHC018-17SB;FORMAÇÃO ECONÔMICA DO BRASIL
11202130374;NAMCZD008-18SA;SEMINÁRIOS DE MODALIDADES DIVERSAS EM EDUCAÇÃO MATEMÁTICA
11202232174;NA1BIR0603-15SB;CIÊNCIA, TECNOLOGIA E SOCIEDADE
11202232174;NB1BCN0402-15SB;FUNÇÕES DE UMA VARIÁVEL
11202130292;DAESHR027-21SB;ÁFRICA NAS RELAÇÕES INTERNACIONAIS
11202130665;NA1NHLB005-23SA;PRÁTICAS DE ENSINO DE CIÊNCIAS NO ENSINO FUNDAMENTAL
11202232290;NB1BCL0306-15SB;BIODIVERSIDADE: INTERAÇÕES ENTRE ORGANISMOS E AMBIENTE
11201921010;NB1ESHC022-17SB;MACROECONOMIA I
11202021863;DAMCZD003-18SA;FUNDAMENTOS PSICOANTROPOLÓGICOS DA EDUCAÇÃO
11202111688;DA1ESHR026-14SB;HISTÓRIA DO TERCEIRO MUNDO
11202111688;DA1ESHR011-21SB;INTRODUÇÃO AO DIREITO E FUNDAMENTOS DO DIREITO INTERNACIONAL
11202410041;NA1NHT1055-15SA;FUNDAMENTOS DE IMUNOLOGIA
11202332438;NANHH2035-13SB;HISTÓRIA DA FILOSOFIA CONTEMPORÂNEA: O SÉCULO XX
11202111168;NB1ESHC022-17SB;MACROECONOMIA I
11202510084;NB1ESHC022-17SB;MACROECONOMIA I
11202421368;DA1BCN0402-15SB;FUNÇÕES DE UMA VARIÁVEL
11202111953;DA1ESTO005-17SB;INTRODUÇÃO ÀS ENGENHARIAS
11202130722;NA2BCN0407-15SB;FUNÇÕES DE VÁRIAS VARIÁVEIS
11202510076;NA1LIE0001-19SB;METODOLOGIAS DE PESQUISA EM EDUCAÇÃO
11202130722;NB1ESHC022-17SB;MACROECONOMIA I
11202130383;DB1ESHC030-17SB;DESIGUALDADES DE RAÇA, GÊNERO E RENDA
11202130383;NA1ESHC008-21SB;ECONOMIA BRASILEIRA II
11202230977;NA1ESTS002-17SB;AERONÁUTICA I-A
11202130983;DB1BIR0004-15SA;BASES EPISTEMOLÓGICAS DA CIÊNCIA MODERNA
11202130983;DA1BIR0603-15SA;CIÊNCIA, TECNOLOGIA E SOCIEDADE
11202310034;DA1MCTB001-17SA;ÁLGEBRA LINEAR
11202310034;DAMCTD010-18SA;HISTÓRIA DA MATEMÁTICA
11202320505;NAESTE020-17SA;INSTALAÇÕES ELÉTRICAS II
11202320709;NA1NHBQ008-22SA;FUNDAMENTOS DE REAÇÕES ORGÂNICAS
11202021631;NA1ESTB019-17SB;BIOESTATÍSTICA
11202020773;NA1ESZT018-17SB;TÓPICOS ESPECIAIS EM PLANEJAMENTO TERRITORIAL
11202321102;NB1BCK0103-15SA;FÍSICA QUÂNTICA
11202130983;DA1BCK0103-15SA;FÍSICA QUÂNTICA
11202130983;DB5BCM0505-22SA;PROCESSAMENTO DA INFORMAÇÃO
11202021199;NA1NHT1058-15SA;MORFOFISIOLOGIA HUMANA I
11201723005;NANHZ2067-18SB;TEMAS DE FILOSOFIA CONTEMPORÂNEA I
11202432328;DB1BCK0103-15SA;FÍSICA QUÂNTICA
11202022159;NA1ESTB029-17SB;ANÁLISE E CONTROLE DE SISTEMAS MECÂNICOS
11202432388;DA1BIR0004-15SB;BASES EPISTEMOLÓGICAS DA CIÊNCIA MODERNA
11202420828;DA1BIR0603-15SB;CIÊNCIA, TECNOLOGIA E SOCIEDADE
11202420828;DB1BCS0002-15SB;PROJETO DIRIGIDO
11202111175;DA1ESHT025-17SB;DESENVOLVIMENTO ECONÔMICO E SOCIAL NO BRASIL
21007016;NAESHP012-22SB;DIREITO ADMINISTRATIVO
11202020492;DA1NHZ4043-15SA;SEMINÁRIOS EM QUÍMICA II
11202231223;NA1ESHC018-17SB;FORMAÇÃO ECONÔMICA DO BRASIL
21062013;NA1MCTB001-17SB;ÁLGEBRA LINEAR
11202232017;NA1NHT1055-15SA;FUNDAMENTOS DE IMUNOLOGIA
11202231223;NB1ESHC022-17SB;MACROECONOMIA I
11202322081;NA1ESHC018-17SB;FORMAÇÃO ECONÔMICA DO BRASIL
11202231820;NA1ESZU018-17SA;TÓPICOS ESPECIAIS EM ENGENHARIA AMBIENTAL E URBANA
11202021110;NA1MCZC002-15SB;BASES NEURAIS DA MOTRICIDADE
11202321746;DB1BHQ0002-15SB;ESTUDOS ÉTNICO-RACIAIS
11202320804;NA1BCN0404-15SB;GEOMETRIA ANALÍTICA
11201920904;DA1BCK0104-15SB;INTERAÇÕES ATÔMICAS E MOLECULARES
11202320930;DANHZ2132-18SB;FILOSOFIA, MÚSICA E LITERATURA
21009216;DA1ESTU039-17SB;REGULAÇÃO AMBIENTAL E URBANÍSTICA
11201812094;NA2BCN0407-15SB;FUNÇÕES DE VÁRIAS VARIÁVEIS
11201812094;NB1BCN0404-15SB;GEOMETRIA ANALÍTICA
11202320484;DA1ESMA002-23SB;INOVAÇÕES PARA ENGENHARIA
11202130476;DAESZA020-17SA;ROBÔS MÓVEIS AUTÔNOMOS
11202130183;NA1ESHC008-21SB;ECONOMIA BRASILEIRA II
21049916;DA1BCN0407-15SB;FUNÇÕES DE VÁRIAS VARIÁVEIS
11202422059;DA1NHI5002-15SA;DIDÁTICA
11202422059;DA1BHQ0002-15SA;ESTUDOS ÉTNICO-RACIAIS
21077314;NB2BCN0402-15SA;FUNÇÕES DE UMA VARIÁVEL
11201920739;NA1ESTU039-17SB;REGULAÇÃO AMBIENTAL E URBANÍSTICA
11201921324;NA1MCCC013-23SA;OTIMIZAÇÃO LINEAR
21041616;NA1ESHC040-21SB;RELAÇÕES MONETÁRIAS E FINANCEIRAS INTERNACIONAIS
11201811573;NA1ESHC018-17SB;FORMAÇÃO ECONÔMICA DO BRASIL
11201811573;NA1ESHC040-21SB;RELAÇÕES MONETÁRIAS E FINANCEIRAS INTERNACIONAIS
11201811573;NA1ESHT008-17SB;GOVERNANÇA PÚBLICA, DEMOCRACIA E POLÍTICAS NO TERRITÓRIO
11202420674;DB1BIR0603-15SA;CIÊNCIA, TECNOLOGIA E SOCIEDADE
11202111072;DAESHP019-22SB;REGIMES E FORMAS DE GOVERNO
11202421260;DA1BCL0306-15SA;BIODIVERSIDADE: INTERAÇÕES ENTRE ORGANISMOS E AMBIENTE
11201921689;DA1ESZG012-17SB;PROJETOS INDUSTRIAIS
11202320202;NB1ESHC022-17SB;MACROECONOMIA I
11202021108;NB2MCTA022-17SA;REDES DE COMPUTADORES
11202021633;NB1ESHC022-17SB;MACROECONOMIA I
11202321429;DA1BCM0504-15SA;NATUREZA DA INFORMAÇÃO
11115016;NA1NHT1055-15SA;FUNDAMENTOS DE IMUNOLOGIA
11202130212;NB1ESHC022-17SB;MACROECONOMIA I
11201810651;NAESTA022-17SA;TEORIA DE ACIONAMENTOS ELÉTRICOS
11202231782;DA1MCZA010-13SA;LABORATÓRIO DE ENGENHARIA DE SOFTWARE
11201721779;DAMCCC008-23SB;INTELIGÊNCIA ARTIFICIAL
11202420598;NA1ESAU013-23SA;HIDROLOGIA URBANA
11080312;DA1ESTO005-17SA;INTRODUÇÃO ÀS ENGENHARIAS
11202130714;NB1ESHC022-17SB;MACROECONOMIA I
11201921843;NB1BCK0104-15SA;INTERAÇÕES ATÔMICAS E MOLECULARES
11201921760;NC1MCTB001-17SA;ÁLGEBRA LINEAR
11202321039;NABHS0004-23SB;ENCONTROS SOBRE GÊNERO E SEXUALIDADES
11202322248;NA1NHI5002-15SA;DIDÁTICA
11202231489;DB4BCL0307-15SA;TRANSFORMAÇÕES QUÍMICAS
11202320983;NAESTE036-17SA;ECONOMIA DA ENERGIA
11202321081;NAESTE036-17SA;ECONOMIA DA ENERGIA
11202020730;NA1ESZE100-17SA;REFINO DO PETRÓLEO
11201721779;DA1MCTB010-13SB;CÁLCULO VETORIAL E TENSORIAL
11202420361;DA1BIR0603-15SA;CIÊNCIA, TECNOLOGIA E SOCIEDADE
11202421463;DA1BHQ0002-15SA;ESTUDOS ÉTNICO-RACIAIS
11202421463;DIBHP0202-15SB;PENSAMENTO CRÍTICO
11202231674;NA1ESHC040-21SB;RELAÇÕES MONETÁRIAS E FINANCEIRAS INTERNACIONAIS
11201810491;DA1ESZU023-17SA;RECURSOS HÍDRICOS
11202210018;DA1NHH2017-16SB;FILOSOFIA DA EDUCAÇÃO
11202231782;DAESZA020-17SA;ROBÔS MÓVEIS AUTÔNOMOS
11201922002;NA1BCN0404-15SB;GEOMETRIA ANALÍTICA
11202420642;DA2BCJ0204-15SA;FENÔMENOS MECÂNICOS
11202420642;DB1BCL0307-15SA;TRANSFORMAÇÕES QUÍMICAS
11202420642;DB6BCJ0205-15SA;FENÔMENOS TÉRMICOS
11202420642;DA8BCM0505-22SA;PROCESSAMENTO DA INFORMAÇÃO
11202021994;DA1ESTU021-17SA;TRANSPORTES E MOBILIDADE URBANA
11202410093;DANHZ2132-18SB;FILOSOFIA, MÚSICA E LITERATURA
11035614;NA1ESTU040-17SA;PROJETO AMBIENTAL URBANO
11202021570;NANHZ2021-11SB;FILOSOFIA DA MENTE
11201822462;NA1ESTB019-17SB;BIOESTATÍSTICA
11202420560;NA2ESTU010-17SA;MICROBIOLOGIA AMBIENTAL
21072716;NA1BCK0103-15SA;FÍSICA QUÂNTICA
21072716;NA1NHLB001-23SA;INSTRUMENTAÇÃO PARA O ENSINO DE CIÊNCIAS E BIOLOGIA
11202231155;DA2ESMA002-23SA;INOVAÇÕES PARA ENGENHARIA
11201810832;NA1ESTB025-17SB;INSTRUMENTAÇÃO BIOMÉDICA I
11202420708;NC1BCL0306-15SB;BIODIVERSIDADE: INTERAÇÕES ENTRE ORGANISMOS E AMBIENTE
11202420708;NA1BIR0603-15SB;CIÊNCIA, TECNOLOGIA E SOCIEDADE
11202420708;NA1BCM0504-15SB;NATUREZA DA INFORMAÇÃO
11202022194;NA1ESZR009-13SB;NEGOCIAÇÕES INTERNACIONAIS, PROPRIEDADE INTELECTUAL E TRANSFERÊNCIA TECNOLÓGICA
11201822462;DA1ESTU005-17SA;CLIMATOLOGIA
11201822462;DA1NHI5002-15SA;DIDÁTICA
11201822462;NAMCTC018-20SB;NEUROPSICOFARMACOLOGIA
11201822547;NA1ESTB019-17SB;BIOESTATÍSTICA
11202131490;DB1BIR0603-15SA;CIÊNCIA, TECNOLOGIA E SOCIEDADE
11202320289;DA1ESZM002-17SA;NANOCIÊNCIA E NANOTECNOLOGIA
11201822547;NA1ESBM004-23SB;FUNDAMENTOS DE FISIOPATOLOGIA PARA ENGENHARIAS I
11202021507;NA1MCBM011-23SA;TEORIA DE GRUPOS
11202131490;DA2BIQ0602-15SA;ESTRUTURA E DINÂMICA SOCIAL
11202231839;DA1NHT1066-15SA;MORFOFISIOLOGIA ANIMAL COMPARADA
11201921967;DA1ESGE011-23SB;TÓPICOS EM ENGENHARIA DE PRODUÇÃO NA INDÚSTRIA TÊXTIL
11202130720;NAMCZC004-15SB;DESENVOLVIMENTO E DEGENERAÇÃO DO SISTEMA NERVOSO
11202130576;DA1ESTO015-17SA;MECÂNICA DOS FLUIDOS I
11202131646;DAESTE027-17SA;LABORATÓRIO DE CALOR E FLUIDOS
11202410037;DA1MCZB014-17SA;INTRODUÇÃO À ANÁLISE FUNCIONAL
11201720202;DA1NHZ4081-20SB;PAULO FREIRE: EDUCAÇÃO PARA A CRITICIDADE
21071416;NAESHR012-21SB;POLÍTICA INTERNACIONAL DOS EUA
11202020499;NA1NHZ1016-15SA;CONSERVAÇÃO DA BIODIVERSIDADE
11202230295;NA1ESTI004-17SA;PRINCÍPIOS DE COMUNICAÇÃO
11202321378;NA1ESBM004-23SB;FUNDAMENTOS DE FISIOPATOLOGIA PARA ENGENHARIAS I
11202310033;NA1NHLB001-23SA;INSTRUMENTAÇÃO PARA O ENSINO DE CIÊNCIAS E BIOLOGIA
11201810970;NA1LHZ0040-22SB;ENSINO DE HISTÓRIA DA ÁFRICA
11201920273;DAESZA020-17SA;ROBÔS MÓVEIS AUTÔNOMOS
11202130772;NA1NHI5002-15SA;DIDÁTICA
11202410068;DA1NHH2017-16SB;FILOSOFIA DA EDUCAÇÃO
11202020827;DA1BHO0101-15SB;ESTADO E RELAÇÕES DE PODER
11201811194;DA1ESTO008-17SA;MECÂNICA DOS SÓLIDOS I
11202230393;DA1ESGE011-23SB;TÓPICOS EM ENGENHARIA DE PRODUÇÃO NA INDÚSTRIA TÊXTIL
11202422215;DA2ESTO006-17SA;MATERIAIS E SUAS PROPRIEDADES
11202021634;NANHZ2107-18SB;EPISTEMOLOGIA ANALÍTICA
11202021634;NA1NHH2017-16SB;FILOSOFIA DA EDUCAÇÃO
11201921112;DA1MCZA002-17SA;APRENDIZADO DE MÁQUINA
11201921112;DA1NHBQ008-22SA;FUNDAMENTOS DE REAÇÕES ORGÂNICAS
11201921112;DA1ESAU015-23SA;MICROSSIMULAÇÃO DE SISTEMAS DE TRANSPORTES
11201921112;DA1MCCC013-23SA;OTIMIZAÇÃO LINEAR
11201921112;DA1MCTB008-17SA;CÁLCULO DE PROBABILIDADE
11201921112;DAMCZD008-18SA;SEMINÁRIOS DE MODALIDADES DIVERSAS EM EDUCAÇÃO MATEMÁTICA
11202021312;DA1ESAE001-23SB;APLICAÇÕES ESTRUTURAIS DE MATERIAIS COMPÓSITOS
11202320534;DA1NHBT002-23SA;BIOTECNOLOGIA VEGETAL
11202320534;DAMCTD010-18SA;HISTÓRIA DA MATEMÁTICA
11202320534;DA1ESAU015-23SA;MICROSSIMULAÇÃO DE SISTEMAS DE TRANSPORTES
11202322161;NA1NHI5002-15SA;DIDÁTICA
11202420451;NB1BCL0306-15SB;BIODIVERSIDADE: INTERAÇÕES ENTRE ORGANISMOS E AMBIENTE
11202230301;NB1MCTA022-17SA;REDES DE COMPUTADORES
11202420221;NB1BIR0603-15SA;CIÊNCIA, TECNOLOGIA E SOCIEDADE
11116416;NA1ESZM035-17SA;ADITIVAÇÃO DE POLÍMEROS
11202021520;NA1ESZU018-17SA;TÓPICOS ESPECIAIS EM ENGENHARIA AMBIENTAL E URBANA
11202231375;NAMCTD022-18SA;ÁLGEBRA NA EDUCAÇÃO BÁSICA
11201721086;NA1ESHC018-17SB;FORMAÇÃO ECONÔMICA DO BRASIL
11202432344;DA2BIQ0602-15SA;ESTRUTURA E DINÂMICA SOCIAL
11202321823;DAMCCC008-23SB;INTELIGÊNCIA ARTIFICIAL
11202021834;DA1MCTB001-17SB;ÁLGEBRA LINEAR
11201810691;NA1MCTB023-17SA;TEORIA ARITMÉTICA DOS NÚMEROS
11202020882;DAMCZD003-18SA;FUNDAMENTOS PSICOANTROPOLÓGICOS DA EDUCAÇÃO
11201723019;NA2ESTO006-17SA;MATERIAIS E SUAS PROPRIEDADES
11202420872;NB1BCJ0204-15SA;FENÔMENOS MECÂNICOS
11202320209;NA2MCTB010-13SA;CÁLCULO VETORIAL E TENSORIAL
11201920574;NA1ESHC040-21SB;RELAÇÕES MONETÁRIAS E FINANCEIRAS INTERNACIONAIS
11202420188;DA1ESTO005-17SA;INTRODUÇÃO ÀS ENGENHARIAS
11202231819;NA1ESAU015-23SA;MICROSSIMULAÇÃO DE SISTEMAS DE TRANSPORTES
11202231819;NA1ESTU040-17SA;PROJETO AMBIENTAL URBANO
11201723002;NA1ESZI019-17SA;SISTEMAS DE MICRO-ONDAS
11201723002;DA1NHI5002-15SA;DIDÁTICA
11202421359;DA1NHZ1096-19SA;PRÁTICAS DISCURSIVAS DA CIÊNCIA E EDUCAÇÃO EM CIÊNCIAS
11202410072;DAESHP012-22SB;DIREITO ADMINISTRATIVO
11201811584;NAESZS015-17SB;PROJETO DE ELEMENTOS ESTRUTURAIS DE AERONAVES II
11201810948;DA1ESGE003-23SB;SISTEMAS CAM
11202230744;NB2BIR0603-15SA;CIÊNCIA, TECNOLOGIA E SOCIEDADE
11202421579;NB2BIR0603-15SA;CIÊNCIA, TECNOLOGIA E SOCIEDADE
21009316;NA1ESZR009-13SB;NEGOCIAÇÕES INTERNACIONAIS, PROPRIEDADE INTELECTUAL E TRANSFERÊNCIA TECNOLÓGICA
21009316;NA1ESHC040-21SB;RELAÇÕES MONETÁRIAS E FINANCEIRAS INTERNACIONAIS
11201932490;NA1ESTM015-17SA;REOLOGIA
11202022053;NAESHP018-14SB;POLÍTICAS SOCIAIS
11201722289;DA1ESMA002-23SA;INOVAÇÕES PARA ENGENHARIA
11201810495;NB1BCN0402-15SB;FUNÇÕES DE UMA VARIÁVEL
11201810495;NB1BCN0404-15SB;GEOMETRIA ANALÍTICA
11201921288;NA1MCTB001-17SA;ÁLGEBRA LINEAR
11202111065;DA1MCZA010-13SA;LABORATÓRIO DE ENGENHARIA DE SOFTWARE
11202111065;DA2ESMA002-23SA;INOVAÇÕES PARA ENGENHARIA
11202111065;DA1MCCC013-23SA;OTIMIZAÇÃO LINEAR
11202231663;NB1ESHC022-17SB;MACROECONOMIA I
11202320956;DANHZ2132-18SB;FILOSOFIA, MÚSICA E LITERATURA
11202230877;NA1ESZB007-17SB;INTRODUÇÃO À BIOFOTÔNICA E ÓPTICA BIOMÉDICA
11201811624;DA1ESTO004-17SA;INSTRUMENTAÇÃO E CONTROLE
11202421248;DABHS0003-23SB;DIÁLOGOS EXTENSIONISTAS EM ECONOMIA
11201920263;NA2ESTB020-17SB;MODELAGEM DE SISTEMAS DINÂMICOS I
11202020358;NA1ESTO016-17SA;FENÔMENOS DE TRANSPORTE
11202020556;DA1ESHR007-21SB;GEOPOLÍTICA
11201723048;NA1ESZR009-13SB;NEGOCIAÇÕES INTERNACIONAIS, PROPRIEDADE INTELECTUAL E TRANSFERÊNCIA TECNOLÓGICA
11201723048;NAESHR012-21SB;POLÍTICA INTERNACIONAL DOS EUA
11201723048;NIESHR014-21SB;RELAÇÕES INTERNACIONAIS CONTEMPORÂNEAS
11201723048;NA1ESHC040-21SB;RELAÇÕES MONETÁRIAS E FINANCEIRAS INTERNACIONAIS
11202310047;NIESHR014-21SB;RELAÇÕES INTERNACIONAIS CONTEMPORÂNEAS
11202310047;NB1ESHC022-17SB;MACROECONOMIA I
11202212527;NA9BCJ0205-15SA;FENÔMENOS TÉRMICOS
11201921033;DA1NHZ1096-19SA;PRÁTICAS DISCURSIVAS DA CIÊNCIA E EDUCAÇÃO EM CIÊNCIAS
11201811747;NA2ESTU010-17SA;MICROBIOLOGIA AMBIENTAL
11202231011;NC1MCTB001-17SA;ÁLGEBRA LINEAR
11202231011;NA2MCTB010-13SA;CÁLCULO VETORIAL E TENSORIAL
11202232265;DB1BIR0004-15SA;BASES EPISTEMOLÓGICAS DA CIÊNCIA MODERNA
11202232265;DA1BCL0306-15SA;BIODIVERSIDADE: INTERAÇÕES ENTRE ORGANISMOS E AMBIENTE
11202232265;NB1BIR0603-15SA;CIÊNCIA, TECNOLOGIA E SOCIEDADE
11202232265;DA2BIQ0602-15SA;ESTRUTURA E DINÂMICA SOCIAL
11202232265;NB6BCM0505-22SA;PROCESSAMENTO DA INFORMAÇÃO
11202231111;NA1NHBQ017-22SA;TÓPICOS ESPECIAIS EM QUÍMICA ORGÂNICA
11201922258;NA1BCN0404-15SB;GEOMETRIA ANALÍTICA
11201922258;DB1ESHC030-17SB;DESIGUALDADES DE RAÇA, GÊNERO E RENDA
11201922258;NA1NHLB003-23SA;PRÁTICAS DE ENSINO DE BIOLOGIA E CURRÍCULO
11202232265;DA1ESMA002-23SA;INOVAÇÕES PARA ENGENHARIA
11201921007;NA1MCZC002-15SB;BASES NEURAIS DA MOTRICIDADE
11201921007;NA1NHH2017-16SB;FILOSOFIA DA EDUCAÇÃO
11201921007;NA1ESZR009-13SB;NEGOCIAÇÕES INTERNACIONAIS, PROPRIEDADE INTELECTUAL E TRANSFERÊNCIA TECNOLÓGICA
11201921007;NANHH2007-13SB;ESTÉTICA
11202321629;DA1BCK0103-15SA;FÍSICA QUÂNTICA
11029715;NA2ESTU010-17SA;MICROBIOLOGIA AMBIENTAL
11029715;NA1NHZ1016-15SA;CONSERVAÇÃO DA BIODIVERSIDADE
11201920580;DA1NHT4002-13SB;BIOQUÍMICA EXPERIMENTAL
11202421950;DA3BCL0307-15SB;TRANSFORMAÇÕES QUÍMICAS
11202420772;NB1BIR0603-15SA;CIÊNCIA, TECNOLOGIA E SOCIEDADE
11202321783;NANHZ2021-11SB;FILOSOFIA DA MENTE
11202321783;NANHH2035-13SB;HISTÓRIA DA FILOSOFIA CONTEMPORÂNEA: O SÉCULO XX
11202321783;NANHZ2145-18SB;LÍNGUA LATINA I
11202130063;NA1ESZM032-17SA;BIOMATERIAIS
11202022102;NA1BCN0404-15SA;GEOMETRIA ANALÍTICA
11202022102;NA7BCM0505-22SA;PROCESSAMENTO DA INFORMAÇÃO
21077716;DA1ESZA007-17SB;CONFIABILIDADE DE COMPONENTES E SISTEMAS
11202020434;DA1MCTB004-17SA;ANÁLISE NO RN I
11201920914;DA1BIR0603-15SB;CIÊNCIA, TECNOLOGIA E SOCIEDADE
11201920914;DAMCTC018-20SB;NEUROPSICOFARMACOLOGIA
11201920914;DAMCTC011-15SA;PSICOLOGIA COGNITIVA
11202420424;DB1ESHC030-17SB;DESIGUALDADES DE RAÇA, GÊNERO E RENDA
11202420791;DA1BIQ0602-15SA;ESTRUTURA E DINÂMICA SOCIAL
11201922000;DA1BCN0402-15SB;FUNÇÕES DE UMA VARIÁVEL
11201812379;NA1ESHC018-17SB;FORMAÇÃO ECONÔMICA DO BRASIL
11202022244;NB1ESHC022-17SB;MACROECONOMIA I
11202510043;DA3BCL0307-15SA;TRANSFORMAÇÕES QUÍMICAS
11202021054;NA1NHLB005-23SA;PRÁTICAS DE ENSINO DE CIÊNCIAS NO ENSINO FUNDAMENTAL
11201810633;NA1ESTO004-17SA;INSTRUMENTAÇÃO E CONTROLE
11202231947;DA2BCS0002-15SA;PROJETO DIRIGIDO
11202230873;DA1ESTO001-17SA;CIRCUITOS ELÉTRICOS E FOTÔNICA
11202420413;DA2BCJ0204-15SA;FENÔMENOS MECÂNICOS
11202111118;NAESTE014-17SA;SISTEMAS TÉRMICOS
11201810065;DA1BCK0104-15SB;INTERAÇÕES ATÔMICAS E MOLECULARES
11202131271;DB1ESHC030-17SB;DESIGUALDADES DE RAÇA, GÊNERO E RENDA
11201810591;DA1NHLB003-23SA;PRÁTICAS DE ENSINO DE BIOLOGIA E CURRÍCULO
11202422219;NA1BIR0603-15SB;CIÊNCIA, TECNOLOGIA E SOCIEDADE
11202422219;NA1ESHC018-17SB;FORMAÇÃO ECONÔMICA DO BRASIL
11202232364;NA7BCM0505-22SA;PROCESSAMENTO DA INFORMAÇÃO
11201810591;DAMCZD008-18SA;SEMINÁRIOS DE MODALIDADES DIVERSAS EM EDUCAÇÃO MATEMÁTICA
11202130778;DB1ESTO013-17SB;ENGENHARIA ECONÔMICA
11202232022;DC1MCTB001-17SA;ÁLGEBRA LINEAR
11202020952;NB7BCM0505-22SA;PROCESSAMENTO DA INFORMAÇÃO
11201922422;NB2BCN0407-15SA;FUNÇÕES DE VÁRIAS VARIÁVEIS
11201723057;DB1MCTB001-17SA;ÁLGEBRA LINEAR
11202130640;DB2BIS0003-15SB;BASES MATEMÁTICAS
11202130640;DA1BCL0306-15SB;BIODIVERSIDADE: INTERAÇÕES ENTRE ORGANISMOS E AMBIENTE
11202210073;NANHZ2021-11SB;FILOSOFIA DA MENTE
11201920654;NA1ESZU017-17SA;SENSORIAMENTO REMOTO
11201920398;NA1ESZR009-13SB;NEGOCIAÇÕES INTERNACIONAIS, PROPRIEDADE INTELECTUAL E TRANSFERÊNCIA TECNOLÓGICA
11202320945;NA1BCN0404-15SB;GEOMETRIA ANALÍTICA
11201921401;NA1NHBT002-23SA;BIOTECNOLOGIA VEGETAL
11201920398;NAESHP032-22SB;PODER LEGISLATIVO E PROCESSO DECISÓRIO
11201921574;NA1MCZC002-15SB;BASES NEURAIS DA MOTRICIDADE
11201921574;NA1ESAE001-23SB;APLICAÇÕES ESTRUTURAIS DE MATERIAIS COMPÓSITOS
11201920531;DA1NHLH006-24SB;INVASÃO, COLONIZAÇÃO E RESISTÊNCIAS NAS AMÉRICAS
11202020399;DANHH2086-16SB;HISTÓRIA DA FILOSOFIA MEDIEVAL: DO SÉCULO IV AO X
11202232332;DA1LIE0001-19SB;METODOLOGIAS DE PESQUISA EM EDUCAÇÃO
11202020499;DA1ESZU002-17SA;COMPOSTAGEM
11201811273;NA1ESTO004-17SA;INSTRUMENTAÇÃO E CONTROLE
11202020534;NA1ESHC040-21SB;RELAÇÕES MONETÁRIAS E FINANCEIRAS INTERNACIONAIS
21054115;DB1ESHC030-17SB;DESIGUALDADES DE RAÇA, GÊNERO E RENDA
11202420998;NA1NHBQ017-22SA;TÓPICOS ESPECIAIS EM QUÍMICA ORGÂNICA
11202320703;NB2BCN0402-15SA;FUNÇÕES DE UMA VARIÁVEL
11202421881;DA1BCN0402-15SA;FUNÇÕES DE UMA VARIÁVEL
11202020949;DANHZ2132-18SB;FILOSOFIA, MÚSICA E LITERATURA
11201932465;DB3BCL0307-15SB;TRANSFORMAÇÕES QUÍMICAS
11202420186;DA2BCJ0205-15SB;FENÔMENOS TÉRMICOS
11202111781;DA1MCCC013-23SA;OTIMIZAÇÃO LINEAR
11201721954;NA1ESZU036-17SA;SAÚDE, DETERMINANTES SOCIOAMBIENTAIS E EQUIDADE
11202310103;NA1ESHC018-17SB;FORMAÇÃO ECONÔMICA DO BRASIL
11202310103;NANHZ2145-18SB;LÍNGUA LATINA I
11201721954;NA1ESZE100-17SA;REFINO DO PETRÓLEO
11202020420;DA1MCTB008-17SA;CÁLCULO DE PROBABILIDADE
11202212409;DA1ESTO001-17SA;CIRCUITOS ELÉTRICOS E FOTÔNICA
11202321823;NB2MCTA022-17SA;REDES DE COMPUTADORES
11202510081;NAESHP018-14SB;POLÍTICAS SOCIAIS
11202021903;NAESTE036-17SA;ECONOMIA DA ENERGIA
11202321294;NALHZ0010-19SB;EDUCAÇÃO NÃO FORMAL, INFORMAL E POPULAR
11202321294;NA1NHH2089-16SB;PRÁTICA DE ENSINO DE FILOSOFIA: METODOLOGIAS
11201811301;DA1MCZA002-17SA;APRENDIZADO DE MÁQUINA
11202020869;NA1ESHC018-17SB;FORMAÇÃO ECONÔMICA DO BRASIL
11202022077;DA1ESTS003-17SB;INTRODUÇÃO À ASTRONÁUTICA
11077515;DA1ESZB003-17SB;PROCESSAMENTO E ANÁLISE DE SINAIS BIOMÉDICOS
11202320718;NA1ESZT016-17SB;URBANIZAÇÃO BRASILEIRA
11202420738;DA1BIR0004-15SB;BASES EPISTEMOLÓGICAS DA CIÊNCIA MODERNA
11202420738;DA2BCJ0205-15SB;FENÔMENOS TÉRMICOS
11202420738;DA2BCM0505-22SB;PROCESSAMENTO DA INFORMAÇÃO
11201720344;NB1ESHC022-17SB;MACROECONOMIA I
11201920403;NA1ESAU015-23SA;MICROSSIMULAÇÃO DE SISTEMAS DE TRANSPORTES
11202320780;NA2BCL0308-15SB;BIOQUÍMICA: ESTRUTURA, PROPRIEDADES E FUNÇÕES DE BIOMOLÉCULAS
11202320780;NA1BIR0603-15SB;CIÊNCIA, TECNOLOGIA E SOCIEDADE
11201921965;NB1ESHC022-17SB;MACROECONOMIA I
11202322248;NA2ESTO006-17SA;MATERIAIS E SUAS PROPRIEDADES
11202130005;DA1NHI5002-15SB;DIDÁTICA
11202420669;DA1BCL0306-15SA;BIODIVERSIDADE: INTERAÇÕES ENTRE ORGANISMOS E AMBIENTE
11202432313;NB1BCL0306-15SB;BIODIVERSIDADE: INTERAÇÕES ENTRE ORGANISMOS E AMBIENTE
11202111177;DAMCZD008-18SA;SEMINÁRIOS DE MODALIDADES DIVERSAS EM EDUCAÇÃO MATEMÁTICA
11202021344;DA1ESZU023-17SA;RECURSOS HÍDRICOS
11202322178;NB7BCM0505-22SA;PROCESSAMENTO DA INFORMAÇÃO
11202021802;NA1NHZ1016-15SA;CONSERVAÇÃO DA BIODIVERSIDADE
11202021618;DA1ESTU021-17SA;TRANSPORTES E MOBILIDADE URBANA
11201810364;DA1BCL0306-15SB;BIODIVERSIDADE: INTERAÇÕES ENTRE ORGANISMOS E AMBIENTE
11202131490;DB1BCM0505-22SB;PROCESSAMENTO DA INFORMAÇÃO
11201920471;NA2BCL0308-15SB;BIOQUÍMICA: ESTRUTURA, PROPRIEDADES E FUNÇÕES DE BIOMOLÉCULAS
11202020881;NB1BCN0402-15SB;FUNÇÕES DE UMA VARIÁVEL
11202422132;NA1NHI5002-15SA;DIDÁTICA
11202022124;NA1ESTU010-17SA;MICROBIOLOGIA AMBIENTAL
11202231921;NANHH2086-16SB;HISTÓRIA DA FILOSOFIA MEDIEVAL: DO SÉCULO IV AO X
11202111778;NA1ESBM004-23SB;FUNDAMENTOS DE FISIOPATOLOGIA PARA ENGENHARIAS I
11201721842;NA1NHBT003-23SA;PRINCÍPIOS DE FISIOLOGIA PARA BIOTECNOLOGIA
11201922175;NA1ESTI004-17SA;PRINCÍPIOS DE COMUNICAÇÃO
11201922175;NA1MCZA014-17SA;MÉTODOS DE OTIMIZAÇÃO
11201920765;DA1ESTS003-17SB;INTRODUÇÃO À ASTRONÁUTICA
11201722799;NA1ESHC018-17SB;FORMAÇÃO ECONÔMICA DO BRASIL
11202021971;NANHH2035-13SB;HISTÓRIA DA FILOSOFIA CONTEMPORÂNEA: O SÉCULO XX
11202422176;NB5BCM0505-22SA;PROCESSAMENTO DA INFORMAÇÃO
11201920471;NB1MCTA022-17SA;REDES DE COMPUTADORES
11202020769;NA1MCTB023-17SA;TEORIA ARITMÉTICA DOS NÚMEROS
11201932610;DC5BCL0307-15SA;TRANSFORMAÇÕES QUÍMICAS
11201932610;DA1NHT1067-15SA;EVOLUÇÃO E DIVERSIDADE DE PLANTAS I
11202421892;NANHH2086-16SB;HISTÓRIA DA FILOSOFIA MEDIEVAL: DO SÉCULO IV AO X
11202130694;DB1BIR0004-15SA;BASES EPISTEMOLÓGICAS DA CIÊNCIA MODERNA
11202021694;NC1MCTB001-17SA;ÁLGEBRA LINEAR
11201921231;NA1ESTU005-17SA;CLIMATOLOGIA
11201922196;NAESTE031-17SA;ENGENHARIA DE RECURSOS HÍDRICOS
11202020304;DAESHR012-21SB;POLÍTICA INTERNACIONAL DOS EUA
21000412;DAESZP006-13SB;PENSAMENTO LATINO-AMERICANO E POLÍTICAS DE CT&I
11202320300;DA1ESTS003-17SB;INTRODUÇÃO À ASTRONÁUTICA
11202020676;NANHH2007-13SB;ESTÉTICA
11202422132;NA2ESTO006-17SA;MATERIAIS E SUAS PROPRIEDADES
21026616;DAESHP028-22SB;POLÍTICAS DIGITAIS, DADOS E GESTÃO ALGORÍTMICA
11201722329;NA1ESTU040-17SA;PROJETO AMBIENTAL URBANO
11202321955;NA1ESTO004-17SA;INSTRUMENTAÇÃO E CONTROLE
11124215;NA1ESAU015-23SA;MICROSSIMULAÇÃO DE SISTEMAS DE TRANSPORTES
11202230798;DA1ESTS003-17SB;INTRODUÇÃO À ASTRONÁUTICA
11202232001;DA1BIQ0602-15SB;ESTRUTURA E DINÂMICA SOCIAL
11202232001;NB7BCM0505-22SA;PROCESSAMENTO DA INFORMAÇÃO
11202021694;NA1ESZU010-17SA;GESTÃO AMBIENTAL NA INDÚSTRIA
11201921767;NB1BCM0505-22SA;PROCESSAMENTO DA INFORMAÇÃO
11202422132;NA1ESZM032-17SA;BIOMATERIAIS
11202111150;DC1BCL0306-15SB;BIODIVERSIDADE: INTERAÇÕES ENTRE ORGANISMOS E AMBIENTE
11201921767;NANHT4058-15SA;QUÍMICA ANALÍTICA E BIOANALÍTICA AVANÇADA
11201720436;NAESHR023-21SB;TEORIAS CONTEMPORÂNEAS DAS RELAÇÕES INTERNACIONAIS
11202210069;NAESHP027-14SB;PODER LOCAL
11202022094;DALHZ0040-22SB;ENSINO DE HISTÓRIA DA ÁFRICA
11202231852;NA1BCM0504-15SB;NATUREZA DA INFORMAÇÃO
11202231852;NAESHP019-22SB;REGIMES E FORMAS DE GOVERNO
11202422072;NA1ESZM032-17SA;BIOMATERIAIS
11202320209;NA3BCN0407-15SA;FUNÇÕES DE VÁRIAS VARIÁVEIS
11201921421;NA1ESZU037-17SA;QUÍMICA AMBIENTAL
11036716;DB1ESMA002-23SB;INOVAÇÕES PARA ENGENHARIA
11202421623;NA1NHBT005-23SA;PRÁTICAS EXTENSIONISTAS EM BIOTECNOLOGIA
11201720114;NA1MCZA014-17SA;MÉTODOS DE OTIMIZAÇÃO
11201720114;NA1ESZI041-18SA;PROGRAMAÇÃO DE SOFTWARE EMBARCADO
11201811613;NAESHP027-14SB;PODER LOCAL
11202022102;DA4BCJ0205-15SA;FENÔMENOS TÉRMICOS
11201722082;NB1ESHC022-17SB;MACROECONOMIA I
21060516;DA1ESZU002-17SA;COMPOSTAGEM
11202020171;NB1ESTO014-17SA;TERMODINÂMICA APLICADA I
11201810533;NA1NHBQ016-22SA;TERMODINÂMICA QUÍMICA
11202421520;DB3BCL0307-15SB;TRANSFORMAÇÕES QUÍMICAS
11202321806;NB1ESHC022-17SB;MACROECONOMIA I
11201811265;DANHZ2067-18SB;TEMAS DE FILOSOFIA CONTEMPORÂNEA I
11202130881;NA1ESZR009-13SB;NEGOCIAÇÕES INTERNACIONAIS, PROPRIEDADE INTELECTUAL E TRANSFERÊNCIA TECNOLÓGICA
11202020964;NA1ESHC018-17SB;FORMAÇÃO ECONÔMICA DO BRASIL
11202111722;DA1ESGE006-23SB;ENGENHARIA DE SEGURANÇA DO TRABALHO: ERGONOMIA
11202232302;NA1NHBQ018-22SA;DESENHO E PROJETO EM QUÍMICA
11202111948;NB2BCN0402-15SA;FUNÇÕES DE UMA VARIÁVEL
11202130505;NA1ESHT025-17SB;DESENVOLVIMENTO ECONÔMICO E SOCIAL NO BRASIL
11202021221;DA1BIR0603-15SB;CIÊNCIA, TECNOLOGIA E SOCIEDADE
11202021221;NB1BCN0402-15SB;FUNÇÕES DE UMA VARIÁVEL
11202021221;DAMCCC008-23SB;INTELIGÊNCIA ARTIFICIAL
11202020501;NA3ESTO006-17SA;MATERIAIS E SUAS PROPRIEDADES
11111211;NA1BHO1335-15SB;FORMAÇÃO DO SISTEMA INTERNACIONAL
11201811370;NA1BCL0306-15SB;BIODIVERSIDADE: INTERAÇÕES ENTRE ORGANISMOS E AMBIENTE
11201723066;NA1MCZA019-17SA;PROGRAMAÇÃO PARA WEB
11201920396;NA1ESZR009-13SB;NEGOCIAÇÕES INTERNACIONAIS, PROPRIEDADE INTELECTUAL E TRANSFERÊNCIA TECNOLÓGICA
11201920396;NAESHR023-21SB;TEORIAS CONTEMPORÂNEAS DAS RELAÇÕES INTERNACIONAIS
11111211;NA1ESHC008-21SB;ECONOMIA BRASILEIRA II
11202130964;NANHT3012-15SA;FÍSICA DO CONTÍNUO
11201922157;NA2ESTI004-17SA;PRINCÍPIOS DE COMUNICAÇÃO
11202130964;NA3ESTO006-17SA;MATERIAIS E SUAS PROPRIEDADES
11201922219;NB1ESHC022-17SB;MACROECONOMIA I
11201921369;DA1ESTO004-17SA;INSTRUMENTAÇÃO E CONTROLE
11202111120;NA3ESTO006-17SA;MATERIAIS E SUAS PROPRIEDADES
11202210101;DA1ESHC030-17SB;DESIGUALDADES DE RAÇA, GÊNERO E RENDA
11201811419;DB1ESMA002-23SB;INOVAÇÕES PARA ENGENHARIA
11201822422;DA1ESGE003-23SB;SISTEMAS CAM
11201822418;DA1ESZM035-17SA;ADITIVAÇÃO DE POLÍMEROS
11202111997;DB2BIS0003-15SB;BASES MATEMÁTICAS
11202111997;DC1BCL0306-15SB;BIODIVERSIDADE: INTERAÇÕES ENTRE ORGANISMOS E AMBIENTE
11202111997;DA1BIR0603-15SB;CIÊNCIA, TECNOLOGIA E SOCIEDADE
11201812348;DA1ESHT025-17SB;DESENVOLVIMENTO ECONÔMICO E SOCIAL NO BRASIL
21047316;DA1ESZU002-17SA;COMPOSTAGEM
11202131450;NB2BCN0402-15SA;FUNÇÕES DE UMA VARIÁVEL
11202321203;NA8BCM0505-22SA;PROCESSAMENTO DA INFORMAÇÃO
11201720724;NA1MCBM002-23SA;ANÁLISE REAL I
11202231037;NA1MCTB009-17SA;CÁLCULO NUMÉRICO
13201812194;DB1BHQ0002-15SB;ESTUDOS ÉTNICO-RACIAIS
13201812194;DA1BHO1335-15SB;FORMAÇÃO DO SISTEMA INTERNACIONAL
13201812194;DA1BHO0002-19SB;INTRODUÇÃO AO PENSAMENTO ECONÔMICO
13201812194;DA1ESHC030-17SB;DESIGUALDADES DE RAÇA, GÊNERO E RENDA
11201722463;DA1ESMA002-23SA;INOVAÇÕES PARA ENGENHARIA
11202210025;DA1BIR0603-15SA;CIÊNCIA, TECNOLOGIA E SOCIEDADE
11202231475;DA1BIR0004-15SB;BASES EPISTEMOLÓGICAS DA CIÊNCIA MODERNA
11202322280;NB1ESTA001-17SA;DISPOSITIVOS ELETRÔNICOS
11202131791;NC1ESTO013-17SB;ENGENHARIA ECONÔMICA
11202322280;NA1NHT1055-15SA;FUNDAMENTOS DE IMUNOLOGIA
11202322280;NA1ESAU015-23SA;MICROSSIMULAÇÃO DE SISTEMAS DE TRANSPORTES
11202131791;NB1ESHC022-17SB;MACROECONOMIA I
11202231441;NA1ESHT008-17SB;GOVERNANÇA PÚBLICA, DEMOCRACIA E POLÍTICAS NO TERRITÓRIO
11202320207;NB1BCN0402-15SB;FUNÇÕES DE UMA VARIÁVEL
11202111761;NAESHR012-21SB;POLÍTICA INTERNACIONAL DOS EUA
11202111761;NA1ESHT008-17SB;GOVERNANÇA PÚBLICA, DEMOCRACIA E POLÍTICAS NO TERRITÓRIO
11202231885;NA2BCL0308-15SB;BIOQUÍMICA: ESTRUTURA, PROPRIEDADES E FUNÇÕES DE BIOMOLÉCULAS
11202231885;NA1BCN0404-15SB;GEOMETRIA ANALÍTICA
11201722717;NAESHR023-21SB;TEORIAS CONTEMPORÂNEAS DAS RELAÇÕES INTERNACIONAIS
13201910046;NA1ESHC018-17SB;FORMAÇÃO ECONÔMICA DO BRASIL
11202231893;NA1BCL0306-15SB;BIODIVERSIDADE: INTERAÇÕES ENTRE ORGANISMOS E AMBIENTE
11202231893;NA1NHI5002-15SB;DIDÁTICA
11202231893;NA1ESHC018-17SB;FORMAÇÃO ECONÔMICA DO BRASIL
11202231893;NA1ESHT008-17SB;GOVERNANÇA PÚBLICA, DEMOCRACIA E POLÍTICAS NO TERRITÓRIO
11201812264;DA1ESAE001-23SB;APLICAÇÕES ESTRUTURAIS DE MATERIAIS COMPÓSITOS
11202320204;NA1MCTB021-17SA;PROBABILIDADE
11202231112;NA1ESHT008-17SB;GOVERNANÇA PÚBLICA, DEMOCRACIA E POLÍTICAS NO TERRITÓRIO
11202320323;NA1MCTB021-17SA;PROBABILIDADE
11202230776;NA1NHLB005-23SA;PRÁTICAS DE ENSINO DE CIÊNCIAS NO ENSINO FUNDAMENTAL
11201922199;DA2MCTB009-17SA;CÁLCULO NUMÉRICO
11202320565;NAMCZC004-15SB;DESENVOLVIMENTO E DEGENERAÇÃO DO SISTEMA NERVOSO
11202320500;DA1ESTO011-17SB;FUNDAMENTOS DE DESENHO TÉCNICO
11201722529;NB1MCTB009-17SB;CÁLCULO NUMÉRICO
11202421272;DA1ESTO005-17SA;INTRODUÇÃO ÀS ENGENHARIAS
11202130272;NAESHC029-21SB;MICROECONOMIA III
11202332430;NB1ESHC022-17SB;MACROECONOMIA I
11202130183;DA1ESGE006-23SB;ENGENHARIA DE SEGURANÇA DO TRABALHO: ERGONOMIA
11201722717;DA1ESHR026-14SB;HISTÓRIA DO TERCEIRO MUNDO
11201720568;NA1ESHT008-17SB;GOVERNANÇA PÚBLICA, DEMOCRACIA E POLÍTICAS NO TERRITÓRIO
11201720090;NANHH2086-16SB;HISTÓRIA DA FILOSOFIA MEDIEVAL: DO SÉCULO IV AO X
11202320976;NANHH2033-18SB;HISTÓRIA DA FILOSOFIA ANTIGA CLÁSSICA
11202320976;NA1MCZA018-17SA;PROCESSAMENTO DIGITAL DE IMAGENS
21014715;NA1NHBT005-23SA;PRÁTICAS EXTENSIONISTAS EM BIOTECNOLOGIA
11085013;DA1NHI5002-15SA;DIDÁTICA
11085013;DA1BHQ0002-15SA;ESTUDOS ÉTNICO-RACIAIS
11085013;DA1LIE0001-19SA;METODOLOGIAS DE PESQUISA EM EDUCAÇÃO
11201921592;DB1BIR0603-15SA;CIÊNCIA, TECNOLOGIA E SOCIEDADE
11201921592;DA2BIQ0602-15SA;ESTRUTURA E DINÂMICA SOCIAL
11202420207;DA1ESTS003-17SB;INTRODUÇÃO À ASTRONÁUTICA
11202111781;DA1ESTO005-17SB;INTRODUÇÃO ÀS ENGENHARIAS
11202111781;DA1ESTU004-17SA;CARTOGRAFIA E GEOPROCESSAMENTO
11201812281;NA1ESZG005-17SB;TÉCNICAS DE TOMADAS DE DECISÃO APLICÁVEIS EM MODELOS DE INTERDEPENDÊNCIA
11201920491;NA1NHT1062-15SA;EVOLUÇÃO
11202320874;NB1BCK0103-15SA;FÍSICA QUÂNTICA
11201722360;NA1NHI5015-22SA;LIBRAS
11202130522;NA1BCK0103-15SA;FÍSICA QUÂNTICA
11202130522;NB6BCM0505-22SA;PROCESSAMENTO DA INFORMAÇÃO
11202130522;NB1ESTA001-17SA;DISPOSITIVOS ELETRÔNICOS
11202130522;NA1NHBT002-23SA;BIOTECNOLOGIA VEGETAL
11021815;NANHT3089-15SA;TRABALHO DE CONCLUSÃO DE CURSO EM FÍSICA
11016016;NA2ESMA001-23SB;SOLUÇÕES PARA DESAFIOS EM ENGENHARIA
13201910046;NAESHP019-22SB;REGIMES E FORMAS DE GOVERNO
11201722360;DA1ESZG011-17SB;PLANEJAMENTO ESTRATÉGICO EM GESTÃO DE PROJETOS
11201722360;DA1NHBQ017-22SA;TÓPICOS ESPECIAIS EM QUÍMICA ORGÂNICA
11202230776;DAMCTD022-18SA;ÁLGEBRA NA EDUCAÇÃO BÁSICA
11113714;DA1ESZU002-17SA;COMPOSTAGEM
11202421840;DANHZ2132-18SB;FILOSOFIA, MÚSICA E LITERATURA
11202131460;NA1MCZA019-17SA;PROGRAMAÇÃO PARA WEB
11201921677;NA1ESTS016-17SB;AERODINÂMICA I
11201921677;NA1ESTS007-17SB;ESTABILIDADE E CONTROLE DE AERONAVES
11120415;NAMCZC004-15SB;DESENVOLVIMENTO E DEGENERAÇÃO DO SISTEMA NERVOSO
21008816;DA1ESTO013-17SA;ENGENHARIA ECONÔMICA
11201722798;DA1ESHC016-17SB;FINANÇAS CORPORATIVAS
11202130312;NA2BCL0308-15SB;BIOQUÍMICA: ESTRUTURA, PROPRIEDADES E FUNÇÕES DE BIOMOLÉCULAS
11202131506;NANHT3012-15SA;FÍSICA DO CONTÍNUO
11202312135;DA1BCN0404-15SA;GEOMETRIA ANALÍTICA
11202332323;DB1BCM0505-22SA;PROCESSAMENTO DA INFORMAÇÃO
11202320298;DAMCTD016-18SA;PRÁTICAS DE ENSINO DE MATEMÁTICA I
11202421788;NB1BCL0306-15SB;BIODIVERSIDADE: INTERAÇÕES ENTRE ORGANISMOS E AMBIENTE
11202421788;DB1BIR0603-15SA;CIÊNCIA, TECNOLOGIA E SOCIEDADE
11202421788;DA1BIQ0602-15SA;ESTRUTURA E DINÂMICA SOCIAL
11202421788;DA2BCJ0204-15SA;FENÔMENOS MECÂNICOS
11202421788;DA1BCK0103-15SA;FÍSICA QUÂNTICA
11202421788;NB1BCN0402-15SB;FUNÇÕES DE UMA VARIÁVEL
11202421788;DA2BCN0404-15SA;GEOMETRIA ANALÍTICA
11202421788;NA1NHBT005-23SA;PRÁTICAS EXTENSIONISTAS EM BIOTECNOLOGIA
11201822497;NA8BCM0505-22SA;PROCESSAMENTO DA INFORMAÇÃO
11202320363;NA1BCL0306-15SB;BIODIVERSIDADE: INTERAÇÕES ENTRE ORGANISMOS E AMBIENTE
11202320363;NA1BCN0404-15SB;GEOMETRIA ANALÍTICA
11202320363;NA1BCM0504-15SB;NATUREZA DA INFORMAÇÃO
11202130617;NA1BCN0407-15SB;FUNÇÕES DE VÁRIAS VARIÁVEIS
11115914;NA1MCTB010-13SB;CÁLCULO VETORIAL E TENSORIAL
21056714;DA1ESHC030-17SB;DESIGUALDADES DE RAÇA, GÊNERO E RENDA
21056714;DA1NHH2017-16SB;FILOSOFIA DA EDUCAÇÃO
11201920609;DA1ESTG005-17SB;ENGENHARIA ECONÔMICA APLICADA A SISTEMAS DE GESTÃO
11202310043;NB1ESHC022-17SB;MACROECONOMIA I
11202310043;NANHH2073-18SB;TEORIA DO CONHECIMENTO: EMPIRISMO E RACIONALISMO
11202020418;NAMCZC004-15SB;DESENVOLVIMENTO E DEGENERAÇÃO DO SISTEMA NERVOSO
11202232217;DB1BCK0103-15SA;FÍSICA QUÂNTICA
11202320993;DA1NHLB005-23SA;PRÁTICAS DE ENSINO DE CIÊNCIAS NO ENSINO FUNDAMENTAL
21078616;NA1ESZE073-17SA;QUALIDADE DA ENERGIA ELÉTRICA
11201810777;NA1BCK0103-15SA;FÍSICA QUÂNTICA
11201822408;DANHZ2132-18SB;FILOSOFIA, MÚSICA E LITERATURA
11201920290;DA1ESTO004-17SA;INSTRUMENTAÇÃO E CONTROLE
11202422175;DA1ESTS003-17SB;INTRODUÇÃO À ASTRONÁUTICA
11202422175;DA7BCJ0205-15SA;FENÔMENOS TÉRMICOS
11202322058;DB1BCK0103-15SA;FÍSICA QUÂNTICA
11202230604;NAESAE011-23SB;INTRODUÇÃO À ENGENHARIA DE SISTEMAS AEROESPACIAIS
11202230559;NA1ESHC040-21SB;RELAÇÕES MONETÁRIAS E FINANCEIRAS INTERNACIONAIS
11202232273;DB1ESHC030-17SB;DESIGUALDADES DE RAÇA, GÊNERO E RENDA
11202111639;DB1ESHC030-17SB;DESIGUALDADES DE RAÇA, GÊNERO E RENDA
11202230411;NAESAE011-23SB;INTRODUÇÃO À ENGENHARIA DE SISTEMAS AEROESPACIAIS
11201920863;DA1MCZA002-17SA;APRENDIZADO DE MÁQUINA
11202230656;NA1NHBT002-23SA;BIOTECNOLOGIA VEGETAL
11201921231;NA6BCM0505-22SA;PROCESSAMENTO DA INFORMAÇÃO
11202020164;NA1ESTU021-17SA;TRANSPORTES E MOBILIDADE URBANA
11202131537;NAESHP018-14SB;POLÍTICAS SOCIAIS
11201720144;NAMCTC018-20SB;NEUROPSICOFARMACOLOGIA
11201722860;NA1MCTB004-17SA;ANÁLISE NO RN I
11201722860;NANHZ2145-18SB;LÍNGUA LATINA I
11201920290;DB1ESMA002-23SB;INOVAÇÕES PARA ENGENHARIA
11201920290;DA1BHQ0002-15SB;ESTUDOS ÉTNICO-RACIAIS
11202130985;DA1ESZT018-17SB;TÓPICOS ESPECIAIS EM PLANEJAMENTO TERRITORIAL
11202320351;DA1ESZU036-17SA;SAÚDE, DETERMINANTES SOCIOAMBIENTAIS E EQUIDADE
11202320842;NAESHP032-22SB;PODER LEGISLATIVO E PROCESSO DECISÓRIO
11202310080;NAESHP012-22SB;DIREITO ADMINISTRATIVO
11202022108;NAESHP018-14SB;POLÍTICAS SOCIAIS
11202432357;NA1ESAU015-23SA;MICROSSIMULAÇÃO DE SISTEMAS DE TRANSPORTES
11201723076;DA1LIE0001-19SA;METODOLOGIAS DE PESQUISA EM EDUCAÇÃO
11202322193;DANHZ2132-18SB;FILOSOFIA, MÚSICA E LITERATURA
11202421916;NB4BCJ0205-15SA;FENÔMENOS TÉRMICOS
11202131261;NANHH2007-13SB;ESTÉTICA
11201810174;NA1BCK0103-15SA;FÍSICA QUÂNTICA
11201810174;NANHT3012-15SA;FÍSICA DO CONTÍNUO
11202130541;NA1ESAU013-23SA;HIDROLOGIA URBANA
11115815;DA1ESTU012-17SA;POLUIÇÃO ATMOSFÉRICA
11202020841;DA1ESHC030-17SB;DESIGUALDADES DE RAÇA, GÊNERO E RENDA
11201812220;NA2BCN0407-15SA;FUNÇÕES DE VÁRIAS VARIÁVEIS
11201812220;NA1ESZM014-17SA;ENGENHARIA DE POLÍMEROS
11201812220;NB1ESTA003-17SA;SISTEMAS DE CONTROLE I
11201812220;NA1ESTM003-17SA;TÓPICOS COMPUTACIONAIS EM MATERIAIS
11201810441;DA2BIS0003-15SB;BASES MATEMÁTICAS
11201810441;DA1BHO0002-19SB;INTRODUÇÃO AO PENSAMENTO ECONÔMICO
11201810441;NABHS0004-23SB;ENCONTROS SOBRE GÊNERO E SEXUALIDADES
11202130456;DAMCCC008-23SB;INTELIGÊNCIA ARTIFICIAL
11201822506;NA1ESHT008-17SB;GOVERNANÇA PÚBLICA, DEMOCRACIA E POLÍTICAS NO TERRITÓRIO
11202231665;DA2ESMA002-23SA;INOVAÇÕES PARA ENGENHARIA
11201720330;NA1NHBT003-23SA;PRINCÍPIOS DE FISIOLOGIA PARA BIOTECNOLOGIA
11202020247;DA2ESTB019-17SB;BIOESTATÍSTICA
11202322144;DALHZ0040-22SB;ENSINO DE HISTÓRIA DA ÁFRICA
11202420894;DA2BCN0404-15SA;GEOMETRIA ANALÍTICA
11201921001;DA1ESZU002-17SA;COMPOSTAGEM
11202321180;DB5BCM0505-22SA;PROCESSAMENTO DA INFORMAÇÃO
11202020413;DA1ESTO013-17SA;ENGENHARIA ECONÔMICA
11202321145;DA2BIQ0602-15SA;ESTRUTURA E DINÂMICA SOCIAL
11202321145;DA1ESTI008-17SA;TEORIA DA INFORMAÇÃO E CÓDIGOS
11202212531;DA2ESMA002-23SA;INOVAÇÕES PARA ENGENHARIA
11202130689;DB1BHQ0301-15SB;TERRITÓRIO E SOCIEDADE
11202020413;DAMCTD010-18SA;HISTÓRIA DA MATEMÁTICA
11202322239;NA1ESTU033-17SA;RESÍDUOS SÓLIDOS
11201822506;NAESHP027-14SB;PODER LOCAL
11201812209;DA1ESHR007-21SB;GEOPOLÍTICA
11202022208;NA1ESTO016-17SA;FENÔMENOS DE TRANSPORTE
11202022208;NANHT3037-13SA;MECÂNICA GERAL
11045312;NB1ESTB025-17SB;INSTRUMENTAÇÃO BIOMÉDICA I
11201922199;NA1MCCC013-23SA;OTIMIZAÇÃO LINEAR
11201722571;NB1ESTB025-17SB;INSTRUMENTAÇÃO BIOMÉDICA I
11202131678;DA1BHO1335-15SB;FORMAÇÃO DO SISTEMA INTERNACIONAL
11202131678;DA1BHO0002-19SB;INTRODUÇÃO AO PENSAMENTO ECONÔMICO
11202320563;DA1BCK0103-15SA;FÍSICA QUÂNTICA
11202131437;NA1BCN0404-15SB;GEOMETRIA ANALÍTICA
11202131437;DA1ESTO008-17SB;MECÂNICA DOS SÓLIDOS I
11201922131;DB1BCS0002-15SA;PROJETO DIRIGIDO
11202022093;DA1ESTU012-17SA;POLUIÇÃO ATMOSFÉRICA
11202420266;NA1ESTO004-17SA;INSTRUMENTAÇÃO E CONTROLE
11202020510;NA1MCTB009-17SB;CÁLCULO NUMÉRICO
11202020510;NANHH2033-18SB;HISTÓRIA DA FILOSOFIA ANTIGA CLÁSSICA
11202131678;DB1BHQ0002-15SB;ESTUDOS ÉTNICO-RACIAIS
11202420585;DA1BIR0603-15SA;CIÊNCIA, TECNOLOGIA E SOCIEDADE
11202420585;DA3BCJ0204-15SA;FENÔMENOS MECÂNICOS
11094311;DA1NHI5002-15SA;DIDÁTICA
11202021637;DA1ESTU005-17SA;CLIMATOLOGIA
11202320780;NA1NHBQ017-22SA;TÓPICOS ESPECIAIS EM QUÍMICA ORGÂNICA
11202232000;NA1MCTB021-17SA;PROBABILIDADE
11202420892;DA2BIS0003-15SB;BASES MATEMÁTICAS
11202021158;DA2ESMA001-23SB;SOLUÇÕES PARA DESAFIOS EM ENGENHARIA
11202432403;NANHH2033-18SB;HISTÓRIA DA FILOSOFIA ANTIGA CLÁSSICA
11202020621;DA2ESMA001-23SB;SOLUÇÕES PARA DESAFIOS EM ENGENHARIA
11202022109;NB2MCTA022-17SA;REDES DE COMPUTADORES
11201921032;NAESHR023-21SB;TEORIAS CONTEMPORÂNEAS DAS RELAÇÕES INTERNACIONAIS
11202421280;DA2BCN0404-15SA;GEOMETRIA ANALÍTICA
11202022077;DA2ESMA001-23SB;SOLUÇÕES PARA DESAFIOS EM ENGENHARIA
11202020186;NB1BCN0402-15SB;FUNÇÕES DE UMA VARIÁVEL
11202020186;NANHZ2021-11SB;FILOSOFIA DA MENTE
11202020186;NA1ESHC018-17SB;FORMAÇÃO ECONÔMICA DO BRASIL
11202020186;NB1NHZ1096-19SA;PRÁTICAS DISCURSIVAS DA CIÊNCIA E EDUCAÇÃO EM CIÊNCIAS
11201921360;DA1ESZT018-17SB;TÓPICOS ESPECIAIS EM PLANEJAMENTO TERRITORIAL
11202231999;NA1MCZA018-17SA;PROCESSAMENTO DIGITAL DE IMAGENS
11201811562;DAMCLM003-23SA;TENDÊNCIAS EM EDUCAÇÃO MATEMÁTICA
11202020937;NANHT3048-15SA;PRINCÍPIOS DE MECÂNICA QUÂNTICA
11202021995;DA1ESZG012-17SB;PROJETOS INDUSTRIAIS
11202021995;DA1ESGE011-23SB;TÓPICOS EM ENGENHARIA DE PRODUÇÃO NA INDÚSTRIA TÊXTIL
11202422157;NA1NHI5002-15SB;DIDÁTICA
11201922218;DA1MCZA002-17SA;APRENDIZADO DE MÁQUINA
11201921688;DA1ESTB009-17SB;PRINCÍPIOS DE IMAGENS MÉDICAS
11202321313;NA3BCN0407-15SA;FUNÇÕES DE VÁRIAS VARIÁVEIS
11202321313;NA1ESTM015-17SA;REOLOGIA
11202130665;DA1NHT1065-15SA;ZOOLOGIA DE VERTEBRADOS
11202420467;NAESZP006-13SB;PENSAMENTO LATINO-AMERICANO E POLÍTICAS DE CT&I
11027115;DAESTE035-17SA;ENGENHARIA EÓLICA
11202231256;NA1NHT1062-15SA;EVOLUÇÃO
11202130026;NA1ESHC018-17SB;FORMAÇÃO ECONÔMICA DO BRASIL
11201920187;DA1ESZU010-17SA;GESTÃO AMBIENTAL NA INDÚSTRIA
11201721573;NA1ESTA004-17SA;CIRCUITOS ELÉTRICOS II
11201721573;NA2ESMA001-23SB;SOLUÇÕES PARA DESAFIOS EM ENGENHARIA
11201811892;NA1ESTO004-17SA;INSTRUMENTAÇÃO E CONTROLE
11202021694;DA1BCN0402-15SB;FUNÇÕES DE UMA VARIÁVEL
11201722363;DANHH2007-13SB;ESTÉTICA
11202020024;DA1NHZ1003-15SB;BIOFÍSICA
11202020024;NANHT4002-13SA;BIOQUÍMICA EXPERIMENTAL
11202021019;DA1NHBQ017-22SA;TÓPICOS ESPECIAIS EM QUÍMICA ORGÂNICA
11093616;DA1NHZ1027-15SA;FARMACOLOGIA
11121514;NA1ESZE045-17SA;RESÍDUOS NUCLEARES
11202421366;DA2BCN0407-15SA;FUNÇÕES DE VÁRIAS VARIÁVEIS
11114215;NA1MCZA014-17SA;MÉTODOS DE OTIMIZAÇÃO
11202130114;NA1ESZS034-17SB;COMBUSTÃO II
11202231654;DA1ESHR007-21SB;GEOPOLÍTICA
11202421047;DA1BIR0004-15SB;BASES EPISTEMOLÓGICAS DA CIÊNCIA MODERNA
11068514;NA1ESTU010-17SA;MICROBIOLOGIA AMBIENTAL
11068514;NA1ESHT024-17SB;USO DO SOLO URBANO
21077113;NANHT3012-15SA;FÍSICA DO CONTÍNUO
21077113;NB1BCK0103-15SA;FÍSICA QUÂNTICA
11202230256;NABHS0004-23SB;ENCONTROS SOBRE GÊNERO E SEXUALIDADES
11107513;DA1ESTB019-17SA;BIOESTATÍSTICA
11107513;NA1NHT1061-15SA;GENÉTICA I
11201722202;NANHZ2067-18SB;TEMAS DE FILOSOFIA CONTEMPORÂNEA I
11202421359;DB5BCM0505-22SA;PROCESSAMENTO DA INFORMAÇÃO
21046915;DA1BCS0002-15SB;PROJETO DIRIGIDO
21030616;DAESHR012-21SB;POLÍTICA INTERNACIONAL DOS EUA
11202111716;DA1ESHR002-21SB;TEMAS DE DIREITO INTERNACIONAL PU&#769
11202111605;NA1MCZA018-17SA;PROCESSAMENTO DIGITAL DE IMAGENS
11201721244;NANHZ2107-18SB;EPISTEMOLOGIA ANALÍTICA
11201721244;NANHZ2145-18SB;LÍNGUA LATINA I
11202021218;DA2ESTB019-17SB;BIOESTATÍSTICA
11202111902;DA1BIQ0602-15SA;ESTRUTURA E DINÂMICA SOCIAL
11202111902;DB2BCJ0204-15SA;FENÔMENOS MECÂNICOS
21072716;NA1NHT4032-15SA;PRÁTICAS DE ENSINO DE QUÍMICA III
11202310096;DANHZ2132-18SB;FILOSOFIA, MÚSICA E LITERATURA
11202310096;DA1NHZ4081-20SB;PAULO FREIRE: EDUCAÇÃO PARA A CRITICIDADE
11202332402;NA1BCL0306-15SB;BIODIVERSIDADE: INTERAÇÕES ENTRE ORGANISMOS E AMBIENTE
11202332402;NANHH2007-13SB;ESTÉTICA
11202332402;NA1ESHT008-17SB;GOVERNANÇA PÚBLICA, DEMOCRACIA E POLÍTICAS NO TERRITÓRIO
11202332402;NANHH2086-16SB;HISTÓRIA DA FILOSOFIA MEDIEVAL: DO SÉCULO IV AO X
11202332430;NA1ESHC018-17SB;FORMAÇÃO ECONÔMICA DO BRASIL
11202332430;NA1ESHT008-17SB;GOVERNANÇA PÚBLICA, DEMOCRACIA E POLÍTICAS NO TERRITÓRIO
11202310048;NB1BCN0407-15SB;FUNÇÕES DE VÁRIAS VARIÁVEIS
11202021863;NANHZ2145-18SB;LÍNGUA LATINA I
11201812352;DAESHP027-14SB;PODER LOCAL
11201812352;DA1NHZ5023-18SB;PRÁTICAS ESCOLARES EM EDUCAÇÃO ESPECIAL E INCLUSIVA
11202022195;DB1MCTB001-17SA;ÁLGEBRA LINEAR
11201722205;NAESZS015-17SB;PROJETO DE ELEMENTOS ESTRUTURAIS DE AERONAVES II
11202021735;DB1BCS0002-15SA;PROJETO DIRIGIDO
11201922232;DA1BIR0004-15SB;BASES EPISTEMOLÓGICAS DA CIÊNCIA MODERNA
11201922232;DB2BIS0003-15SB;BASES MATEMÁTICAS
11201811422;NAMCTD010-18SA;HISTÓRIA DA MATEMÁTICA
11201812009;DA1ESTO016-17SA;FENÔMENOS DE TRANSPORTE
21071515;NANHZ2021-11SB;FILOSOFIA DA MENTE
11202421767;NAESZP006-13SB;PENSAMENTO LATINO-AMERICANO E POLÍTICAS DE CT&I
11202231826;NB2ESTA003-17SA;SISTEMAS DE CONTROLE I
11202021776;NA1NHI5002-15SA;DIDÁTICA
11202021776;NA1ESZM032-17SA;BIOMATERIAIS
11202021776;NA1NHZ1016-15SA;CONSERVAÇÃO DA BIODIVERSIDADE
11202421363;NA1BCL0306-15SA;BIODIVERSIDADE: INTERAÇÕES ENTRE ORGANISMOS E AMBIENTE
11041615;DA1MCZA002-17SA;APRENDIZADO DE MÁQUINA
11201920998;DA1LIE0001-19SA;METODOLOGIAS DE PESQUISA EM EDUCAÇÃO
11202021202;DA1NHZ6010-18SA;GENÔMICA E PÓS-GENÔMICA
11202420938;DANHZ2132-18SB;FILOSOFIA, MÚSICA E LITERATURA
11202020319;NA1ESTO005-17SB;INTRODUÇÃO ÀS ENGENHARIAS
11201920904;NA1ESZU010-17SA;GESTÃO AMBIENTAL NA INDÚSTRIA
11201922318;NA1ESZE075-17SA;ANÁLISE ESTÁTICA EM SISTEMAS ELÉTRICOS DE POTÊNCIA
11201922318;NAESZE074-17SA;SISTEMAS DE POTÊNCIA I
11201922318;NB2ESTA001-17SA;DISPOSITIVOS ELETRÔNICOS
11201922318;NB2ESTA003-17SA;SISTEMAS DE CONTROLE I
11202130475;DA1ESZM040-17SA;PROCESSAMENTO E CONFORMAÇÃO DE METAIS I
11202020608;NA2ESTB020-17SB;MODELAGEM DE SISTEMAS DINÂMICOS I
11202510082;DA1NHZ4081-20SB;PAULO FREIRE: EDUCAÇÃO PARA A CRITICIDADE
11201721448;NA1BCK0103-15SA;FÍSICA QUÂNTICA
11201721134;NB1MCTA022-17SA;REDES DE COMPUTADORES
11201722280;DA1ESTO008-17SB;MECÂNICA DOS SÓLIDOS I
11202130811;NB1NHZ1096-19SA;PRÁTICAS DISCURSIVAS DA CIÊNCIA E EDUCAÇÃO EM CIÊNCIAS
11202322153;NANHZ2021-11SB;FILOSOFIA DA MENTE
11202322153;NANHH2033-18SB;HISTÓRIA DA FILOSOFIA ANTIGA CLÁSSICA
11202322153;NANHZ2067-18SB;TEMAS DE FILOSOFIA CONTEMPORÂNEA I
11201922113;DA1MCZA002-17SA;APRENDIZADO DE MÁQUINA
11202130732;DA1ESTG009-17SB;GESTÃO DE OPERAÇÕES
11201722572;NAESHP018-14SB;POLÍTICAS SOCIAIS
21027412;DB2BCJ0204-15SA;FENÔMENOS MECÂNICOS
21027412;NB1ESTO008-17SA;MECÂNICA DOS SÓLIDOS I
21027412;DA1ESZU010-17SA;GESTÃO AMBIENTAL NA INDÚSTRIA
21042216;NA1ESTU039-17SB;REGULAÇÃO AMBIENTAL E URBANÍSTICA
11202232029;DA1ESZT018-17SB;TÓPICOS ESPECIAIS EM PLANEJAMENTO TERRITORIAL
11201932614;DA1ESTO008-17SB;MECÂNICA DOS SÓLIDOS I
11202310114;DA1BHO0002-19SB;INTRODUÇÃO AO PENSAMENTO ECONÔMICO
11201921894;NB1ESHC022-17SB;MACROECONOMIA I
11202321039;NAESHP032-22SB;PODER LEGISLATIVO E PROCESSO DECISÓRIO
11201720952;NA1BCN0407-15SB;FUNÇÕES DE VÁRIAS VARIÁVEIS
11201720952;NB1BCN0404-15SB;GEOMETRIA ANALÍTICA
21085614;NB2BCM0505-22SB;PROCESSAMENTO DA INFORMAÇÃO
11202421505;DB1ESHC030-17SB;DESIGUALDADES DE RAÇA, GÊNERO E RENDA
11026615;DA1ESMA002-23SA;INOVAÇÕES PARA ENGENHARIA
11202111628;DA1BCS0002-15SB;PROJETO DIRIGIDO
11202510097;NA1ESHT026-21SB;BIODIVERSIDADE, GEODIVERSIDADE E PAISAGEM
11202021535;NAESHP027-14SB;PODER LOCAL
21057216;NA1LIE0001-19SA;METODOLOGIAS DE PESQUISA EM EDUCAÇÃO
11201922311;NB1ESHC022-17SB;MACROECONOMIA I
11201922311;NAESHR012-21SB;POLÍTICA INTERNACIONAL DOS EUA
11201922311;NIESHR014-21SB;RELAÇÕES INTERNACIONAIS CONTEMPORÂNEAS
11201932460;DB1ESHC030-17SB;DESIGUALDADES DE RAÇA, GÊNERO E RENDA
11201932460;DA1ESHC028-17SB;ECONOMIA POLÍTICA
11202232218;NA1ESZI041-18SA;PROGRAMAÇÃO DE SOFTWARE EMBARCADO
11201932605;DB2BIS0003-15SB;BASES MATEMÁTICAS
11201932605;DA1BHO0101-15SB;ESTADO E RELAÇÕES DE PODER
11104412;DA1ESTU039-17SB;REGULAÇÃO AMBIENTAL E URBANÍSTICA
11201722460;NA1ESTU006-17SA;GEOTECNIA
11202020760;DAMCCC008-23SB;INTELIGÊNCIA ARTIFICIAL
11202232332;DA1ESHT008-17SB;GOVERNANÇA PÚBLICA, DEMOCRACIA E POLÍTICAS NO TERRITÓRIO
11202420386;NANHZ2107-18SB;EPISTEMOLOGIA ANALÍTICA
11202321661;NA1BCK0103-15SA;FÍSICA QUÂNTICA
11202020760;DA1NHLH006-24SB;INVASÃO, COLONIZAÇÃO E RESISTÊNCIAS NAS AMÉRICAS
11202321661;NA1NHBT005-23SA;PRÁTICAS EXTENSIONISTAS EM BIOTECNOLOGIA
11076212;NA1MCZA014-17SA;MÉTODOS DE OTIMIZAÇÃO
11076212;NA1MCCC013-23SA;OTIMIZAÇÃO LINEAR
11202320501;DA1BIQ0602-15SB;ESTRUTURA E DINÂMICA SOCIAL
11202320431;NA1NHLB005-23SA;PRÁTICAS DE ENSINO DE CIÊNCIAS NO ENSINO FUNDAMENTAL
11202131215;NAESHT014-22SB;OFICINA DE PLANEJAMENTO DE ÁREAS PERIURBANAS, INTERIORANAS E RURAIS
11202020708;DA1BIR0603-15SA;CIÊNCIA, TECNOLOGIA E SOCIEDADE
11202020708;DA2BCN0407-15SA;FUNÇÕES DE VÁRIAS VARIÁVEIS
11202020708;DA1BCM0504-15SA;NATUREZA DA INFORMAÇÃO
11202020708;DA9BCM0505-22SA;PROCESSAMENTO DA INFORMAÇÃO
21027412;DA1ESAU015-23SA;MICROSSIMULAÇÃO DE SISTEMAS DE TRANSPORTES
11202111760;DB1ESHC030-17SB;DESIGUALDADES DE RAÇA, GÊNERO E RENDA
11202321553;DA1ESTO016-17SA;FENÔMENOS DE TRANSPORTE
11202022277;NA1ESTU021-17SA;TRANSPORTES E MOBILIDADE URBANA
11202022277;NA1ESTO016-17SA;FENÔMENOS DE TRANSPORTE
11201920691;NB1BCK0103-15SA;FÍSICA QUÂNTICA
11202021631;NA2NHI5015-22SA;LIBRAS
11202231941;NB1BCK0104-15SA;INTERAÇÕES ATÔMICAS E MOLECULARES
11201922199;NA1MCBM022-23SA;INTRODUÇÃO AOS PROCESSOS ESTOCÁSTICOS
11202320441;DA1ESTU019-17SA;TEORIA DO PLANEJAMENTO URBANO E AMBIENTAL
11202130663;DA1ESZS004-17SB;AVIÔNICA
11201921370;NA1BCK0104-15SB;INTERAÇÕES ATÔMICAS E MOLECULARES
11201921967;NA1ESZR009-13SB;NEGOCIAÇÕES INTERNACIONAIS, PROPRIEDADE INTELECTUAL E TRANSFERÊNCIA TECNOLÓGICA
11202231801;DA1ESHR004-13SB;ECONOMIA POLÍTICA INTERNACIONAL DA ENERGIA
11201920181;NA1NHT1065-15SA;ZOOLOGIA DE VERTEBRADOS
11202021840;DA1MCZA010-13SA;LABORATÓRIO DE ENGENHARIA DE SOFTWARE
11201920827;NA1ESZE100-17SA;REFINO DO PETRÓLEO
11202230311;DA1MCZA038-17SA;PRÁTICA AVANÇADA DE PROGRAMAÇÃO A
11202421311;NA1BCL0306-15SB;BIODIVERSIDADE: INTERAÇÕES ENTRE ORGANISMOS E AMBIENTE
11201932460;DAESHR027-21SB;ÁFRICA NAS RELAÇÕES INTERNACIONAIS
11201811949;NA1ESTA021-17SB;INTRODUÇÃO AO CONTROLE DISCRETO
11202422232;NA3BCN0407-15SA;FUNÇÕES DE VÁRIAS VARIÁVEIS
11202230311;NA1MCTB023-17SA;TEORIA ARITMÉTICA DOS NÚMEROS
11201922199;DA1MCTB008-17SA;CÁLCULO DE PROBABILIDADE
13201910022;NA1ESTU039-17SB;REGULAÇÃO AMBIENTAL E URBANÍSTICA
13201910022;NA1BCN0407-15SB;FUNÇÕES DE VÁRIAS VARIÁVEIS
11201921101;DA2MCTA023-17SA;SEGURANÇA DE DADOS
11202230215;NA1ESZU037-17SA;QUÍMICA AMBIENTAL
11201811437;DABHS0003-23SB;DIÁLOGOS EXTENSIONISTAS EM ECONOMIA
11202231478;DA1MCTA033-15SA;ENGENHARIA DE SOFTWARE
11201810398;NB2BIR0603-15SA;CIÊNCIA, TECNOLOGIA E SOCIEDADE
11201810398;NB1ESTO014-17SA;TERMODINÂMICA APLICADA I
11202421981;DB1ESHC030-17SB;DESIGUALDADES DE RAÇA, GÊNERO E RENDA
11201810398;NAESTE025-17SA;FUNDAMENTOS DE MÁQUINAS TÉRMICAS
11202021886;NA1ESHC018-17SB;FORMAÇÃO ECONÔMICA DO BRASIL
11202131276;DA2BCK0104-15SA;INTERAÇÕES ATÔMICAS E MOLECULARES
11202421373;NA1ESAU015-23SA;MICROSSIMULAÇÃO DE SISTEMAS DE TRANSPORTES
11202210082;NAESHP018-14SB;POLÍTICAS SOCIAIS
11202210082;NAESHP019-22SB;REGIMES E FORMAS DE GOVERNO
11202021604;NA2ESTU006-17SA;GEOTECNIA
11202210098;DA1ESHT024-17SB;USO DO SOLO URBANO
11201921211;DAESHP005-13SB;CONFLITOS SOCIAIS
11202022281;NAMCCC008-23SB;INTELIGÊNCIA ARTIFICIAL
11202231507;NA1NHI5002-15SA;DIDÁTICA
11202231507;NA1MCTB021-17SA;PROBABILIDADE
11202321112;NA1ESTI004-17SA;PRINCÍPIOS DE COMUNICAÇÃO
11202022281;DA1NHLH006-24SB;INVASÃO, COLONIZAÇÃO E RESISTÊNCIAS NAS AMÉRICAS
