RA;Código_Turma;Nome_Disciplina
11202130849;NA1MCNC002-23SA;NEUROCIÊNCIA TEÓRICA E COMPUTACIONAL
11202332427;NA1BHQ0004-19SB;ESTUDOS DE GÊNERO
11201812084;NA2MCTA024-13SA;SISTEMAS DIGITAIS
11202321633;NA1NHZ1094-19SA;ESCRITA E LEITURA NA EDUCAÇÃO EM CIÊNCIAS
11202321792;NA1ESHC012-21SB;ECONOMIA INSTITUCIONAL
11202111570;DA1MCCC005-23SA;ANÁLISE DE ALGORITMOS II
11202131851;NA1ESHR029-21SB;ANÁLISE DE POLÍTICA EXTERNA
11202532715;DA1MCTA009-13SA;COMPUTADORES, ÉTICA E SOCIEDADE
11202321567;DA1MCCC015-23SA;PROGRAMAÇÃO FUNCIONAL
11202020266;NA1NHT1071-15SA;PRÁTICAS DE ECOLOGIA
11202320900;NA1ESZA019-17SA;VISÃO COMPUTACIONAL
11202520454;NB1ESTO005-17SA;INTRODUÇÃO ÀS ENGENHARIAS
11202320491;DA1ESTA014-17SA;SISTEMAS CAD/CAM
11202021823;NA1NHZ5020-15SA;EDUCAÇÃO INCLUSIVA
11201921670;NA2MCNC002-23SA;NEUROCIÊNCIA TEÓRICA E COMPUTACIONAL
11202230254;NA1MCZA053-22SA;DESENVOLVIMENTO GUIADO POR TIPOS
11202421668;DA1MCLM001-23SA;EDUCAÇÃO ESTATÍSTICA
11202231680;NB2ESTO006-17SA;MATERIAIS E SUAS PROPRIEDADES
11202521544;DA1NHZ6001-18SA;FUNDAMENTOS DA BIOTECNOLOGIA
11202230246;NA1NHT1002-15SA;BIOÉTICA
11201920399;DA1ESTG024-17SB;SISTEMAS DE INFORMAÇÃO CORPORATIVOS
11202521448;DA1BIS0003-15SB;BASES MATEMÁTICAS
11202111737;NA1ESTU034-17SA;SISTEMAS DE ABASTECIMENTO DE ÁGUAS
11202320225;NA1ESHR029-21SB;ANÁLISE DE POLÍTICA EXTERNA
11202410035;NA1BHO0102-15SB;DESENVOLVIMENTO E SUSTENTABILIDADE
11202322111;DA2ESHC027-21SB;ECONOMIA MATEMÁTICA
11202521146;NB1BCN0405-15SA;INTRODUÇÃO ÀS EQUAÇÕES DIFERENCIAIS ORDINÁRIAS
11202421338;DA1MCCC002-23SA;ALGORITMOS E ESTRUTURAS DE DADOS II
11202322101;NA1MCZC020-20SB;INTRODUÇÃO À NEUROMODULAÇÃO INVASIVA E NÃO-INVASIVA
11202322101;NA1MCZC016-15SB;NEUROCIÊNCIA DA COGNIÇÃO MUSICAL
11202130682;DA1MCCC015-23SA;PROGRAMAÇÃO FUNCIONAL
11202421060;NA1ESTO012-17SB;PRINCÍPIOS DE ADMINISTRAÇÃO
11202410084;DB1BHP0202-19SB;TEMAS E PROBLEMAS EM FILOSOFIA
11202522263;DA1MCLM001-23SA;EDUCAÇÃO ESTATÍSTICA
11202420821;NA1ESZA019-17SA;VISÃO COMPUTACIONAL
11202130276;NB2ESMA001-23SA;SOLUÇÕES PARA DESAFIOS EM ENGENHARIA
11202520949;NA1ESHC012-21SB;ECONOMIA INSTITUCIONAL
11202232153;NA1ESTO004-17SB;INSTRUMENTAÇÃO E CONTROLE
11201922398;NA1ESZB038-17SB;MODELAGEM E SIMULAÇÃO DO MOVIMENTO HUMANO
11202130973;NA1ESTA023-17SA;INTRODUÇÃO AOS PROCESSOS DE FABRICAÇÃO
11202231577;NA1ESTA017-17SA;LABORATÓRIO DE MÁQUINAS ELÉTRICAS
11202231436;DA1ESZG036-17SB;CONCEITOS DE MARKETING
11202522235;DB1ESTO005-17SA;INTRODUÇÃO ÀS ENGENHARIAS
11202320361;NB1BIR0004-15SB;BASES EPISTEMOLÓGICAS DA CIÊNCIA MODERNA
11202320746;NA10BCJ0203-15SA;FENÔMENOS ELETROMAGNÉTICOS
11202310030;NA1NHT1069-15SA;FISIOLOGIA VEGETAL I
11202230246;NA2BCN0405-15SA;INTRODUÇÃO ÀS EQUAÇÕES DIFERENCIAIS ORDINÁRIAS
11202231020;NA1ESTO011-17SB;FUNDAMENTOS DE DESENHO TÉCNICO
11202130090;DA2BCM0506-15SA;COMUNICAÇÃO E REDES
11202230318;NAMCNC002-23SB;NEUROCIÊNCIA TEÓRICA E COMPUTACIONAL
11202130171;DA1ESHR031-21SB;ECONOMIA POLÍTICA INTERNACIONAL
11202231150;DA1ESZU017-17SA;SENSORIAMENTO REMOTO
11202421877;DA1BHO1102-19SB;INTRODUÇÃO À ECONOMIA
11201920403;NA1ESTU035-17SA;SISTEMAS DE ESGOTAMENTO SANITÁRIO
11202020590;NA2ESMA001-23SA;SOLUÇÕES PARA DESAFIOS EM ENGENHARIA
11202321616;NA1ESAE008-23SB;DINÂMICA DO VOO
11202321616;NA1ESMA002-23SB;INOVAÇÕES PARA ENGENHARIA
11202321616;NA1ESAE011-23SB;INTRODUÇÃO À ENGENHARIA DE SISTEMAS AEROESPACIAIS
11202131972;NA1NHBB001-23SA;ZOOLOGIA: ORIGEM E DIVERSIFICAÇÃO DE METAZOA
11202422124;DANHZ2112-18SB;EPISTEMOLOGIA FEMINISTA
11202521580;DB1ESTO005-17SA;INTRODUÇÃO ÀS ENGENHARIAS
11202520909;DA1BCL0307-15SA;TRANSFORMAÇÕES QUÍMICAS
11202210050;NA3NHI5001-15SA;DESENVOLVIMENTO E APRENDIZAGEM
11202421996;DA1ESTO013-17SA;ENGENHARIA ECONÔMICA
11202520693;DA1BIN0406-15SB;INTRODUÇÃO À PROBABILIDADE E À ESTATÍSTICA
11202520693;DA1BCS0004-25SB;PRÁTICAS EXTENSIONISTAS EM LETRAMENTO DIGITAL
11202020797;DA1BCJ0205-15SA;FENÔMENOS TÉRMICOS
11202231801;NA1ESHC027-21SB;ECONOMIA MATEMÁTICA
11202231096;DA1ESTG023-17SB;ORGANIZAÇÃO DO TRABALHO
11202231089;NA1ESTO013-17SB;ENGENHARIA ECONÔMICA
11202321110;DA1MCTB019-17SA;MATEMÁTICA DISCRETA
11202610103;DA1ESHC012-21SB;ECONOMIA INSTITUCIONAL
11202131972;NA1ESTU034-17SA;SISTEMAS DE ABASTECIMENTO DE ÁGUAS
11202231993;NA1BCS0002-25SA;PROJETO DIRIGIDO
11202420954;NB2BIR0004-15SB;BASES EPISTEMOLÓGICAS DA CIÊNCIA MODERNA
11202610104;DA1ESHR024-14SB;HISTÓRIA DA POLÍTICA EXTERNA BRASILEIRA
11202111146;NA1MCTB009-17SA;CÁLCULO NUMÉRICO
11202021944;NA1ESZP002-13SB;INSTITUIÇÕES JUDICIAIS E POLÍTICAS PÚBLICAS
11202021944;NA1MCZC016-15SB;NEUROCIÊNCIA DA COGNIÇÃO MUSICAL
11202021944;NA1ESZR037-21SB;TÓPICOS ESPECIAIS EM RELAÇÕES INTERNACIONAIS
11201812063;NA1ESHP026-14SB;PARTICIPAÇÃO, MOVIMENTOS SOCIAIS E POLÍTICAS PÚBLICAS
11202420989;NB1BCJ0203-15SB;FENÔMENOS ELETROMAGNÉTICOS
11202130807;NA1ESTO016-17SA;FENÔMENOS DE TRANSPORTE
11201920862;DA2MCZA018-17SA;PROCESSAMENTO DIGITAL DE IMAGENS
11202532695;NA2BCJ0205-15SA;FENÔMENOS TÉRMICOS
11201921036;DA2ESTG020-17SB;SISTEMAS E PROCESSOS DE PRODUÇÃO
11202421641;NA1ESHC018-17SB;FORMAÇÃO ECONÔMICA DO BRASIL
11202422022;NA1ESHP026-14SB;PARTICIPAÇÃO, MOVIMENTOS SOCIAIS E POLÍTICAS PÚBLICAS
11202521584;NA1ESTO011-17SB;FUNDAMENTOS DE DESENHO TÉCNICO
11202112017;NA1ESTE016-17SA;INTRODUÇÃO AOS SISTEMAS ELÉTRICOS DE POTÊNCIA
11202321345;DA1ESTO014-17SB;TERMODINÂMICA APLICADA I
11202131264;NA1NHT5013-22SA;PRÁTICAS DE ENSINO DE CIÊNCIAS E MATEMÁTICA NO ENSINO FUNDAMENTAL
11202420428;NA1ESAE002-23SA;DESENHO UNIVERSAL E TECNOLOGIA ASSISTIVA
11202420428;DB1ESTO005-17SA;INTRODUÇÃO ÀS ENGENHARIAS
11202421512;NA1MCCC010-23SA;MATEMÁTICA DISCRETA II
11201810134;DA1MCTC014-13SA;INTRODUÇÃO À INFERÊNCIA ESTATÍSTICA
11202520814;DA2BCS0004-25SA;PRÁTICAS EXTENSIONISTAS EM LETRAMENTO DIGITAL
11202020275;NA2BHQ0003-15SB;INTERPRETAÇÕES DO BRASIL
11202520880;NA1BIK0102-15SB;ESTRUTURA DA MATÉRIA
11201722799;NB2BIS0003-15SB;BASES MATEMÁTICAS
11202231809;NA1ESHC027-21SB;ECONOMIA MATEMÁTICA
11202322013;NI1ESHC018-17SB;FORMAÇÃO ECONÔMICA DO BRASIL
11202232238;NA9BCJ0203-15SA;FENÔMENOS ELETROMAGNÉTICOS
11202420620;DA1ESTA019-17SB;PROJETO ASSISTIDO POR COMPUTADOR
11202421933;NA1ESZB005-17SB;INTRODUÇÃO À BIOTECNOLOGIA
11202021048;NA1ESAE011-23SB;INTRODUÇÃO À ENGENHARIA DE SISTEMAS AEROESPACIAIS
11202232048;NA1BCM0506-15SA;COMUNICAÇÃO E REDES
11202320359;NA1ESHC012-21SB;ECONOMIA INSTITUCIONAL
11202521252;NC2ESTO006-17SA;MATERIAIS E SUAS PROPRIEDADES
11202230356;NA1ESTA016-17SA;MÁQUINAS ELÉTRICAS
11202421049;DA1ESHR019-21SB;CHINA NAS RELAÇÕES INTERNACIONAIS
11202322037;DA1MCCC015-23SA;PROGRAMAÇÃO FUNCIONAL
11202231416;DA1ESTG011-17SB;ESTATÍSTICA APLICADA A SISTEMAS DE GESTÃO
11202422086;DA2ESHC027-21SB;ECONOMIA MATEMÁTICA
11201810451;NA2ESHC027-21SB;ECONOMIA MATEMÁTICA
11202321074;DA1BCJ0203-15SB;FENÔMENOS ELETROMAGNÉTICOS
11202320431;NA1ESTO012-17SA;PRINCÍPIOS DE ADMINISTRAÇÃO
11202022033;NA1ESZR037-21SB;TÓPICOS ESPECIAIS EM RELAÇÕES INTERNACIONAIS
11202111714;DB1MCTB019-17SA;MATEMÁTICA DISCRETA
11202420623;NA1MCTD024-18SA;ANÁLISE NA EDUCAÇÃO BÁSICA
11202020625;NA1MCTB009-17SA;CÁLCULO NUMÉRICO
11202230578;DA1MCTA018-13SA;PROGRAMAÇÃO ORIENTADA A OBJETOS
11202421771;NA1ESZE105-17SA;ENERGIA DOS OCEANOS
11202210026;NA1ESTO004-17SB;INSTRUMENTAÇÃO E CONTROLE
11202232134;DA1ESTG011-17SB;ESTATÍSTICA APLICADA A SISTEMAS DE GESTÃO
11202230618;NB2ESTA007-17SA;ELETRÔNICA ANALÓGICA APLICADA
11202422002;NA1ESHR019-21SB;CHINA NAS RELAÇÕES INTERNACIONAIS
11202231652;NA1ESHT018-17SB;PLANEJAMENTO E POLÍTICA REGIONAL
11202422187;DA1BCS0004-25SB;PRÁTICAS EXTENSIONISTAS EM LETRAMENTO DIGITAL
11202130911;NA1NHT1059-15SA;MORFOFISIOLOGIA HUMANA II
11202130742;DA1MCTA009-13SA;COMPUTADORES, ÉTICA E SOCIEDADE
11202231412;NA1ESHC034-21SB;ECONOMIA DO MEIO AMBIENTE
11202610195;DA1LIZ0001-19SA;SOCIOLOGIA DA EDUCAÇÃO
11202321361;NA1ESRI001-23SB;OFICINA DE RELAÇÕES INTERNACIONAIS
11201811037;NA2BCN0405-15SA;INTRODUÇÃO ÀS EQUAÇÕES DIFERENCIAIS ORDINÁRIAS
11202130092;DANHZ2112-18SB;EPISTEMOLOGIA FEMINISTA
11202521175;DA1MCTA009-13SA;COMPUTADORES, ÉTICA E SOCIEDADE
11202421459;NA1ESZA019-17SA;VISÃO COMPUTACIONAL
11202022040;NA1ESHC034-21SB;ECONOMIA DO MEIO AMBIENTE
11202521254;NA2BCN0405-15SA;INTRODUÇÃO ÀS EQUAÇÕES DIFERENCIAIS ORDINÁRIAS
11202421512;NA2MCTA024-13SA;SISTEMAS DIGITAIS
11202230761;NB1ESTA017-17SA;LABORATÓRIO DE MÁQUINAS ELÉTRICAS
11202320474;DA1ESTG011-17SB;ESTATÍSTICA APLICADA A SISTEMAS DE GESTÃO
11202332384;DA1ESTG011-17SB;ESTATÍSTICA APLICADA A SISTEMAS DE GESTÃO
11202420943;NA1NHZ5020-15SA;EDUCAÇÃO INCLUSIVA
11202130497;NA1ESHP007-13SB;FEDERALISMO E POLÍTICAS PÚBLICAS
11201920782;DA1BHS0004-23SB;ENCONTROS SOBRE GÊNERO E SEXUALIDADES
11202130012;NA1ESTO004-17SB;INSTRUMENTAÇÃO E CONTROLE
11202230759;DA1ESZI014-17SA;SISTEMAS INTELIGENTES
11202322262;NA1ESHC031-17SB;MACROECONOMIA PÓS-KEYNESIANA
11201921651;DA1MCTC001-15SB;INTRODUÇÃO À FILOSOFIA DA MENTE
11202420452;NA1ESAE002-23SA;DESENHO UNIVERSAL E TECNOLOGIA ASSISTIVA
11202420309;DA1ESHR031-21SB;ECONOMIA POLÍTICA INTERNACIONAL
11202520697;NB2BIN0406-15SA;INTRODUÇÃO À PROBABILIDADE E À ESTATÍSTICA
11202130396;NA1ESTO004-17SA;INSTRUMENTAÇÃO E CONTROLE
11202230891;DA1MCCC006-23SA;COMPILADORES E INTERPRETADORES
11202421681;DA1ESTO013-17SB;ENGENHARIA ECONÔMICA
11202421681;DA1ESZG036-17SB;CONCEITOS DE MARKETING
11202320343;NA1ESTE030-17SA;ENGENHARIA DE PETRÓLEO E GÁS
11202231732;NA2MCNC002-23SA;NEUROCIÊNCIA TEÓRICA E COMPUTACIONAL
11202420181;DA1MCCC002-23SA;ALGORITMOS E ESTRUTURAS DE DADOS II
11202520962;NA1ESHR031-21SB;ECONOMIA POLÍTICA INTERNACIONAL
11202321485;DA1ESHC012-21SB;ECONOMIA INSTITUCIONAL
11202321046;NA1MCTD024-18SA;ANÁLISE NA EDUCAÇÃO BÁSICA
11202111555;NA1ESTM006-17SA;MATERIAIS POLIMÉRICOS
11202421487;DA2ESMA001-23SA;SOLUÇÕES PARA DESAFIOS EM ENGENHARIA
11202521339;DA1BCN0407-15SA;FUNÇÕES DE VÁRIAS VARIÁVEIS
11202020083;NA1ESTO004-17SA;INSTRUMENTAÇÃO E CONTROLE
11202021098;DA1ESHP007-13SB;FEDERALISMO E POLÍTICAS PÚBLICAS
11202130968;DA4BCJ0203-15SA;FENÔMENOS ELETROMAGNÉTICOS
11202130256;DA1ESTG023-17SB;ORGANIZAÇÃO DO TRABALHO
11202320182;DA1ESHP007-13SB;FEDERALISMO E POLÍTICAS PÚBLICAS
11202021830;NA8BCJ0203-15SA;FENÔMENOS ELETROMAGNÉTICOS
11202520314;NA1ESHC018-17SB;FORMAÇÃO ECONÔMICA DO BRASIL
11202232114;DA1MCTC001-15SB;INTRODUÇÃO À FILOSOFIA DA MENTE
11201920398;NA1BHO0102-15SB;DESENVOLVIMENTO E SUSTENTABILIDADE
11201920398;NA1ESHC018-17SB;FORMAÇÃO ECONÔMICA DO BRASIL
11202231267;NA1ESTI003-17SB;TRANSFORMADAS EM SINAIS E SISTEMAS LINEARES
11202322037;DA1MCCC005-23SA;ANÁLISE DE ALGORITMOS II
11202020052;NA1ESTG009-17SB;GESTÃO DE OPERAÇÕES
11201722797;NA1ESTU034-17SA;SISTEMAS DE ABASTECIMENTO DE ÁGUAS
11202320978;NB1ESTO017-17SA;MÉTODOS EXPERIMENTAIS EM ENGENHARIA
11201921048;DA1ESTA019-17SA;PROJETO ASSISTIDO POR COMPUTADOR
11201922317;NA1ESTO012-17SB;PRINCÍPIOS DE ADMINISTRAÇÃO
11202230798;NA1ESZB005-17SB;INTRODUÇÃO À BIOTECNOLOGIA
11202212479;DA1NHZ6001-18SA;FUNDAMENTOS DA BIOTECNOLOGIA
11202520212;DA2BCJ0205-15SA;FENÔMENOS TÉRMICOS
11202321110;DA1MCTC014-13SA;INTRODUÇÃO À INFERÊNCIA ESTATÍSTICA
11202130754;NA1NHT1072-15SA;ECOLOGIA COMPORTAMENTAL
11202420235;DA1BHS0004-23SB;ENCONTROS SOBRE GÊNERO E SEXUALIDADES
11202021416;NB1ESTU025-17SA;AVALIAÇÃO DE IMPACTOS AMBIENTAIS
11202520742;NA1MCTC002-15SA;INTRODUÇÃO À NEUROCIÊNCIA
11202522181;NA2BCJ0205-15SA;FENÔMENOS TÉRMICOS
11202421699;NA1ESTU039-17SA;REGULAÇÃO AMBIENTAL E URBANÍSTICA
11202421699;NA1ESTU036-17SA;SISTEMAS DE DRENAGEM URBANA
11202332424;DA1LHZ0006-19SB;CARTOGRAFIA ESCOLAR E INCLUSIVA
11202231853;NA1ESHT009-17SB;HISTÓRIA DA CIDADE E DO URBANISMO
11202420778;NA1ESHC018-17SB;FORMAÇÃO ECONÔMICA DO BRASIL
11201921733;NA2MCNC002-23SA;NEUROCIÊNCIA TEÓRICA E COMPUTACIONAL
11202111953;DA1ESAE002-23SA;DESENHO UNIVERSAL E TECNOLOGIA ASSISTIVA
11202231542;NA1NHLQ002-22SA;PRÁTICAS DE ENSINO DE QUÍMICA I
11202521483;NA4BCM0506-15SA;COMUNICAÇÃO E REDES
11202521423;DA1ESTA019-17SB;PROJETO ASSISTIDO POR COMPUTADOR
11202231264;DA1ESTG023-17SB;ORGANIZAÇÃO DO TRABALHO
11202321652;DA1ESTG023-17SB;ORGANIZAÇÃO DO TRABALHO
11107714;DA1MCCC005-23SA;ANÁLISE DE ALGORITMOS II
11202422050;NA2ESMA001-23SA;SOLUÇÕES PARA DESAFIOS EM ENGENHARIA
11202521867;NB4BIL0304-15SA;EVOLUÇÃO E DIVERSIFICAÇÃO DA VIDA NA TERRA
11202321201;DA2MCTA018-13SA;PROGRAMAÇÃO ORIENTADA A OBJETOS
11202232212;NA1ESZA019-17SA;VISÃO COMPUTACIONAL
11202021242;DB1MCTB019-17SA;MATEMÁTICA DISCRETA
11202322110;NA1MCTA024-13SA;SISTEMAS DIGITAIS
11202231218;NA1BIR0603-15SB;CIÊNCIA, TECNOLOGIA E SOCIEDADE
11202020640;NA2ESTO004-17SB;INSTRUMENTAÇÃO E CONTROLE
11202320279;NA1ESZA019-17SA;VISÃO COMPUTACIONAL
11202421138;NB1ESMA001-23SA;SOLUÇÕES PARA DESAFIOS EM ENGENHARIA
11202231136;NA1ESHC031-17SB;MACROECONOMIA PÓS-KEYNESIANA
11202232020;DB2BIS0003-15SB;BASES MATEMÁTICAS
11201920107;NA1NHT1071-15SA;PRÁTICAS DE ECOLOGIA
11202020344;NA1ESHC034-21SB;ECONOMIA DO MEIO AMBIENTE
11202230772;NA1MCTC002-15SA;INTRODUÇÃO À NEUROCIÊNCIA
11202322052;NA1ESRI001-23SB;OFICINA DE RELAÇÕES INTERNACIONAIS
11202521072;NA1ESTO012-17SA;PRINCÍPIOS DE ADMINISTRAÇÃO
11202522187;DA4BCM0506-15SA;COMUNICAÇÃO E REDES
11202231752;DA5BCJ0203-15SA;FENÔMENOS ELETROMAGNÉTICOS
11202130856;DA1ESTG023-17SB;ORGANIZAÇÃO DO TRABALHO
11202020432;DA1BCN0407-15SA;FUNÇÕES DE VÁRIAS VARIÁVEIS
11202020218;NA1ESZU003-17SA;CONTAMINAÇÃO E REMEDIAÇÃO DE SOLOS
11202521952;DB2BIS0005-15SB;BASES COMPUTACIONAIS DA CIÊNCIA
11202320822;NB3BCJ0203-15SA;FENÔMENOS ELETROMAGNÉTICOS
11202421591;NA1ESHR031-21SB;ECONOMIA POLÍTICA INTERNACIONAL
11202420716;NA1ESHC031-17SB;MACROECONOMIA PÓS-KEYNESIANA
11202421214;NA1ESHP007-13SB;FEDERALISMO E POLÍTICAS PÚBLICAS
11202420287;NA1ESZA019-17SA;VISÃO COMPUTACIONAL
11202320850;NA1ESGE003-23SB;SISTEMAS CAM
11202421184;DA1ESZG036-17SB;CONCEITOS DE MARKETING
11202421848;NA1ESTO011-17SA;FUNDAMENTOS DE DESENHO TÉCNICO
11202521803;DA1ESTO005-17SA;INTRODUÇÃO ÀS ENGENHARIAS
11202021092;NA2BCN0407-15SA;FUNÇÕES DE VÁRIAS VARIÁVEIS
11201921843;NA3NHI5001-15SA;DESENVOLVIMENTO E APRENDIZAGEM
11202021644;DA1ESZB022-17SA;INTRODUÇÃO À BIOINFORMÁTICA
11202231818;NA1NHZ1094-19SA;ESCRITA E LEITURA NA EDUCAÇÃO EM CIÊNCIAS
11202131191;NA1ESTS006-17SB;LABORATÓRIO DE GUIAGEM, NAVEGAÇÃO E CONTROLE
11202421427;DA1NHZ6001-18SA;FUNDAMENTOS DA BIOTECNOLOGIA
11202321374;DB1ESTA019-17SA;PROJETO ASSISTIDO POR COMPUTADOR
11202520163;NB2BIN0406-15SA;INTRODUÇÃO À PROBABILIDADE E À ESTATÍSTICA
11202432306;NB2BCM0506-15SA;COMUNICAÇÃO E REDES
11202421538;NA1MCTC001-15SB;INTRODUÇÃO À FILOSOFIA DA MENTE
11202521633;NB1ESTO005-17SA;INTRODUÇÃO ÀS ENGENHARIAS
11202321971;NA1ESAE011-23SB;INTRODUÇÃO À ENGENHARIA DE SISTEMAS AEROESPACIAIS
11121016;DA1ESZG036-17SB;CONCEITOS DE MARKETING
11202230859;NA1ESRI001-23SB;OFICINA DE RELAÇÕES INTERNACIONAIS
11201932463;NA1ESHP007-13SB;FEDERALISMO E POLÍTICAS PÚBLICAS
11202520706;NA1ESTO012-17SB;PRINCÍPIOS DE ADMINISTRAÇÃO
11202410087;NA1ESTG009-17SB;GESTÃO DE OPERAÇÕES
11202231258;NB1ESTA005-17SA;ANÁLISE DE SISTEMAS DINÂMICOS LINEARES
11202231430;NA1ESRI001-23SB;OFICINA DE RELAÇÕES INTERNACIONAIS
11202020957;NA1BHO0102-15SB;DESENVOLVIMENTO E SUSTENTABILIDADE
11202520987;DB1ESTA019-17SA;PROJETO ASSISTIDO POR COMPUTADOR
11202532641;DA1ESTA019-17SA;PROJETO ASSISTIDO POR COMPUTADOR
11202020054;DB1ESTO017-17SA;MÉTODOS EXPERIMENTAIS EM ENGENHARIA
11202322058;NA1MCCC005-23SA;ANÁLISE DE ALGORITMOS II
11201812115;NA1ESHC027-21SB;ECONOMIA MATEMÁTICA
11202320576;NA1BCM0505-22SB;PROCESSAMENTO DA INFORMAÇÃO
11202610054;NB1BCN0407-15SA;FUNÇÕES DE VÁRIAS VARIÁVEIS
11202420223;NA1BCS0002-25SB;PROJETO DIRIGIDO
11202420186;NANHZ2068-18SB;TEMAS DE FILOSOFIA MEDIEVAL I
11202230940;NB7BIS0005-15SB;BASES COMPUTACIONAIS DA CIÊNCIA
11202131854;NA1ESTE033-17SA;ENGENHARIA SOLAR FOTOVOLTAICA
11202432313;DA1ESHC018-17SB;FORMAÇÃO ECONÔMICA DO BRASIL
11202210091;NA1NHH2023-16SB;FILOSOFIA DO ENSINO DE FILOSOFIA
11202520520;NA1ESMA001-23SB;SOLUÇÕES PARA DESAFIOS EM ENGENHARIA
11202321467;NA1ESTO013-17SB;ENGENHARIA ECONÔMICA
11201920834;DA1ESHR005-13SB;ESTADO E DESENVOLVIMENTO ECONÔMICO NO BRASIL CONTEMPORÂNEO
11202320420;NA1ESZR037-21SB;TÓPICOS ESPECIAIS EM RELAÇÕES INTERNACIONAIS
11202422029;DB1ESTA016-17SA;MÁQUINAS ELÉTRICAS
11202232015;NA1ESTG014-17SB;PLANEJAMENTO E CONTROLE DA PRODUÇÃO
11202522470;DA1ESTO011-17SA;FUNDAMENTOS DE DESENHO TÉCNICO
11202522470;NC2ESTO006-17SA;MATERIAIS E SUAS PROPRIEDADES
11202020104;NA2BHQ0003-15SB;INTERPRETAÇÕES DO BRASIL
11202421274;DB2BIN0406-15SA;INTRODUÇÃO À PROBABILIDADE E À ESTATÍSTICA
11202420204;DA1MCCC002-23SA;ALGORITMOS E ESTRUTURAS DE DADOS II
11065716;NA1MCZC004-15SB;DESENVOLVIMENTO E DEGENERAÇÃO DO SISTEMA NERVOSO
11202320367;DB1MCTA009-13SA;COMPUTADORES, ÉTICA E SOCIEDADE
11202321497;NA1ESHR029-21SB;ANÁLISE DE POLÍTICA EXTERNA
11202020707;NA1MCNC002-23SA;NEUROCIÊNCIA TEÓRICA E COMPUTACIONAL
11201810651;NA1NHT1072-15SA;ECOLOGIA COMPORTAMENTAL
11202021700;NA1MCZA053-22SA;DESENVOLVIMENTO GUIADO POR TIPOS
11202420893;DA1NHT1002-15SA;BIOÉTICA
11202231489;NA10BCJ0203-15SA;FENÔMENOS ELETROMAGNÉTICOS
11202232155;NANHZ3080-15SA;LABORATÓRIO DE FÍSICA MÉDICA
11202321474;NA1ESTA019-17SA;PROJETO ASSISTIDO POR COMPUTADOR
11202521932;DB1MCTB019-17SA;MATEMÁTICA DISCRETA
11202322283;NA1ESHC037-21SB;ECONOMETRIA III
11202421966;NB1BCM0506-15SB;COMUNICAÇÃO E REDES
11202231037;NA1ESTO011-17SA;FUNDAMENTOS DE DESENHO TÉCNICO
11202231037;DA1MCTC014-13SA;INTRODUÇÃO À INFERÊNCIA ESTATÍSTICA
11202420847;NA1NHZ4075-20SA;CONCEITOS E MODELOS DA QUÍMICA MODERNA
11202320793;DA1ESZG013-17SB;EMPREENDEDORISMO
11202320793;NA1MCZC016-15SB;NEUROCIÊNCIA DA COGNIÇÃO MUSICAL
11202320793;NANHZ2068-18SB;TEMAS DE FILOSOFIA MEDIEVAL I
11202321377;DA1ESZG036-17SB;CONCEITOS DE MARKETING
11202310025;NA1BIL0304-15SB;EVOLUÇÃO E DIVERSIFICAÇÃO DA VIDA NA TERRA
11202130444;NA1ESTA018-17SA;ELETROMAGNETISMO APLICADO
11202510102;DB1BCS0002-25SB;PROJETO DIRIGIDO
11202231392;DA1ESTB013-17SB;BIOSSEGURANÇA
11202321007;DA1BHO1102-19SB;INTRODUÇÃO À ECONOMIA
11202421665;NA1ESMA002-23SB;INOVAÇÕES PARA ENGENHARIA
11202521952;DA1LHZ0004-19SB;ÁSIA: CULTURA E PROCESSOS SÓCIO-POLÍTICOS
11202322265;DA1ESHC012-21SB;ECONOMIA INSTITUCIONAL
11202321894;NA1ESTU032-17SA;REPRESENTAÇÃO GRÁFICA DE PROJETOS AMBIENTAIS E URBANOS
11202522065;NA10BCJ0203-15SA;FENÔMENOS ELETROMAGNÉTICOS
11202021723;NA2ESHC037-21SB;ECONOMETRIA III
11201721134;NA1ESTU031-17SA;RECUPERAÇÃO DE ÁREAS DEGRADADAS
11201721134;NA1ESTU036-17SA;SISTEMAS DE DRENAGEM URBANA
11202421507;NB1BCJ0205-15SB;FENÔMENOS TÉRMICOS
11202231489;NA4BCM0506-15SA;COMUNICAÇÃO E REDES
11202420384;DA1LHZ0004-19SB;ÁSIA: CULTURA E PROCESSOS SÓCIO-POLÍTICOS
11202022213;DA1MCCC010-23SA;MATEMÁTICA DISCRETA II
11202130800;NC2ESTO017-17SA;MÉTODOS EXPERIMENTAIS EM ENGENHARIA
11202420353;NA1ESAE011-23SB;INTRODUÇÃO À ENGENHARIA DE SISTEMAS AEROESPACIAIS
11202230820;NA1ESTU009-17SA;HIDROLOGIA
11202231309;DA3BCJ0203-15SA;FENÔMENOS ELETROMAGNÉTICOS
11201922312;DA2MCZA018-17SA;PROCESSAMENTO DIGITAL DE IMAGENS
11202021700;DA1ESAE002-23SA;DESENHO UNIVERSAL E TECNOLOGIA ASSISTIVA
11202420208;NB1ESMA001-23SA;SOLUÇÕES PARA DESAFIOS EM ENGENHARIA
11202422081;NA1ESMA001-23SA;SOLUÇÕES PARA DESAFIOS EM ENGENHARIA
11202532674;DA1BIL0304-15SB;EVOLUÇÃO E DIVERSIFICAÇÃO DA VIDA NA TERRA
11202521688;DA1LHZ0004-19SB;ÁSIA: CULTURA E PROCESSOS SÓCIO-POLÍTICOS
11202521688;DA1NHBB009-23SB;BIOQUÍMICA DO SISTEMA NERVOSO CENTRAL
11202520917;DA1ESZG013-17SB;EMPREENDEDORISMO
11202420705;DA1LHZ0004-19SB;ÁSIA: CULTURA E PROCESSOS SÓCIO-POLÍTICOS
11201932504;DA2ESTS012-17SB;AEROELASTICIDADE
11202522272;NA2BCN0405-15SB;INTRODUÇÃO ÀS EQUAÇÕES DIFERENCIAIS ORDINÁRIAS
11202420881;NA1ESHP007-13SB;FEDERALISMO E POLÍTICAS PÚBLICAS
11202520735;NA1ESTO013-17SB;ENGENHARIA ECONÔMICA
11202230277;NANHZ2112-18SB;EPISTEMOLOGIA FEMINISTA
11202020026;DANHBF150-22SB;OFICINA DE PESQUISA EM FILOSOFIA II
11202131490;DA2BCJ0205-15SA;FENÔMENOS TÉRMICOS
11202332417;DA1ESTG011-17SB;ESTATÍSTICA APLICADA A SISTEMAS DE GESTÃO
11202421861;DA1MCTA018-13SA;PROGRAMAÇÃO ORIENTADA A OBJETOS
11202320737;NA1ESRI001-23SB;OFICINA DE RELAÇÕES INTERNACIONAIS
11202420150;DA1BHS0004-23SB;ENCONTROS SOBRE GÊNERO E SEXUALIDADES
11202320993;NB1BCS0002-25SA;PROJETO DIRIGIDO
11202230820;NA1ESTU034-17SA;SISTEMAS DE ABASTECIMENTO DE ÁGUAS
11202320818;NA1BCS0004-25SA;PRÁTICAS EXTENSIONISTAS EM LETRAMENTO DIGITAL
11202231453;DA1MCTC014-13SA;INTRODUÇÃO À INFERÊNCIA ESTATÍSTICA
11202421736;DA1ESHR028-21SB;REGIME INTERNACIONAL DOS DIREITOS HUMANOS
11202131261;NB2BCJ0205-15SB;FENÔMENOS TÉRMICOS
11202521692;DA1BCN0407-15SA;FUNÇÕES DE VÁRIAS VARIÁVEIS
11202320316;NA1ESHR028-21SB;REGIME INTERNACIONAL DOS DIREITOS HUMANOS
11202520638;DA5BCJ0203-15SA;FENÔMENOS ELETROMAGNÉTICOS
11202130672;NA1NHBQ008-22SA;FUNDAMENTOS DE REAÇÕES ORGÂNICAS
11202422008;DA1BHS0004-23SB;ENCONTROS SOBRE GÊNERO E SEXUALIDADES
11202421981;DA1ESHR031-21SB;ECONOMIA POLÍTICA INTERNACIONAL
11202021901;NA1NHT4073-15SA;LIVROS DIDÁTICOS NO ENSINO DE QUÍMICA
11201920351;NA1ESZB005-17SB;INTRODUÇÃO À BIOTECNOLOGIA
11202131023;NA1BHO0102-15SB;DESENVOLVIMENTO E SUSTENTABILIDADE
11202521290;NB1BIQ0602-15SB;ESTRUTURA E DINÂMICA SOCIAL
11202522252;NA1BIQ0602-15SB;ESTRUTURA E DINÂMICA SOCIAL
11202320171;NA1ESHC027-21SB;ECONOMIA MATEMÁTICA
11202321377;NA1ESHC018-17SB;FORMAÇÃO ECONÔMICA DO BRASIL
11202021776;NA1NHLQ002-22SA;PRÁTICAS DE ENSINO DE QUÍMICA I
11202532581;NA2BCM0506-15SA;COMUNICAÇÃO E REDES
11202532581;NA3BCM0505-22SA;PROCESSAMENTO DA INFORMAÇÃO
11202421867;NA1ESTA019-17SA;PROJETO ASSISTIDO POR COMPUTADOR
11202321184;NANHZ2117-18SB;HISTÓRIA E FILOSOFIA DA BIOLOGIA
11202231459;NANHH2040-13SB;HISTÓRIA DA FILOSOFIA MODERNA: O ILUMINISMO E SEUS DESDOBRAMENTOS
11202520479;DA1BHO0102-15SB;DESENVOLVIMENTO E SUSTENTABILIDADE
11202521994;DB1BHO1102-19SB;INTRODUÇÃO À ECONOMIA
11202421805;DA1ESTO013-17SB;ENGENHARIA ECONÔMICA
11202421122;DA1ESZG036-17SB;CONCEITOS DE MARKETING
11202421976;DA1NHI5015-22SB;LIBRAS
11202321824;DA1MCTC014-13SB;INTRODUÇÃO À INFERÊNCIA ESTATÍSTICA
11202132048;NA1BCN0405-15SA;INTRODUÇÃO ÀS EQUAÇÕES DIFERENCIAIS ORDINÁRIAS
11202321317;DA2MCZA018-17SA;PROCESSAMENTO DIGITAL DE IMAGENS
11202522086;DA1BIN0406-15SA;INTRODUÇÃO À PROBABILIDADE E À ESTATÍSTICA
11202320728;DA1NHZ4080-20SA;HISTÓRIA DA QUÍMICA
11202420684;NB2ESTA007-17SA;ELETRÔNICA ANALÓGICA APLICADA
11202321680;NA1MCZC020-20SB;INTRODUÇÃO À NEUROMODULAÇÃO INVASIVA E NÃO-INVASIVA
11202420847;NA1NHT4073-15SA;LIVROS DIDÁTICOS NO ENSINO DE QUÍMICA
11202021487;NB1ESTU025-17SA;AVALIAÇÃO DE IMPACTOS AMBIENTAIS
11202532641;DA1ESZU022-17SA;CIÊNCIAS ATMOSFÉRICAS
11202231750;DA1BCS0004-25SB;PRÁTICAS EXTENSIONISTAS EM LETRAMENTO DIGITAL
11202421427;NA1ESTU034-17SA;SISTEMAS DE ABASTECIMENTO DE ÁGUAS
11202532700;NA1ESHP026-14SB;PARTICIPAÇÃO, MOVIMENTOS SOCIAIS E POLÍTICAS PÚBLICAS
11202532700;NANHZ2068-18SB;TEMAS DE FILOSOFIA MEDIEVAL I
11202320698;DA1NHT5013-22SA;PRÁTICAS DE ENSINO DE CIÊNCIAS E MATEMÁTICA NO ENSINO FUNDAMENTAL
11201822530;DA1ESHR015-21SB;SEGURANÇA INTERNACIONAL
11202521585;DA1ESTA014-17SA;SISTEMAS CAD/CAM
11202422081;DA1MCTC002-15SA;INTRODUÇÃO À NEUROCIÊNCIA
11201922186;NA1ESHC027-21SB;ECONOMIA MATEMÁTICA
11202420919;DA2MCZA018-17SA;PROCESSAMENTO DIGITAL DE IMAGENS
11202520631;NA9BCJ0203-15SA;FENÔMENOS ELETROMAGNÉTICOS
11202320535;DA1ESTA014-17SA;SISTEMAS CAD/CAM
11202020622;NA1ESHP026-14SB;PARTICIPAÇÃO, MOVIMENTOS SOCIAIS E POLÍTICAS PÚBLICAS
11202520673;NA9BCJ0203-15SA;FENÔMENOS ELETROMAGNÉTICOS
11202532569;NA2BIL0304-15SA;EVOLUÇÃO E DIVERSIFICAÇÃO DA VIDA NA TERRA
11202320305;NB1ESTO005-17SB;INTRODUÇÃO ÀS ENGENHARIAS
11202131261;DA1ESAE002-23SA;DESENHO UNIVERSAL E TECNOLOGIA ASSISTIVA
11202420919;DA1MCCC005-23SA;ANÁLISE DE ALGORITMOS II
11202321698;NA1ESTA005-17SA;ANÁLISE DE SISTEMAS DINÂMICOS LINEARES
11202420190;NE1LCT1001-24SA;ESTÁGIO I NO ENSINO FUNDAMENTAL
11202320280;NA1MCZC016-15SB;NEUROCIÊNCIA DA COGNIÇÃO MUSICAL
11202021715;DA1ESAE002-23SA;DESENHO UNIVERSAL E TECNOLOGIA ASSISTIVA
11202421920;NA1NHH2023-16SB;FILOSOFIA DO ENSINO DE FILOSOFIA
11202421107;NA1MCZC016-15SB;NEUROCIÊNCIA DA COGNIÇÃO MUSICAL
11202112014;NA1ESHC037-21SB;ECONOMETRIA III
11202230808;DA1ESAE002-23SA;DESENHO UNIVERSAL E TECNOLOGIA ASSISTIVA
11202421112;NC1ESTO017-17SA;MÉTODOS EXPERIMENTAIS EM ENGENHARIA
11202520337;DA2BCM0505-22SA;PROCESSAMENTO DA INFORMAÇÃO
11201922151;DANHBP010-23SA;ÓPTICA E RELATIVIDADE
11202532623;NB4BCJ0203-15SA;FENÔMENOS ELETROMAGNÉTICOS
11201920754;NA1ESZA006-17SA;TEORIA DE CONTROLE ÓTIMO
11202320448;NA1ESHT011-21SB;ANÁLISE DE DADOS PARA O PLANEJAMENTO TERRITORIAL
11202522272;DA1MCTB019-17SA;MATEMÁTICA DISCRETA
11202020304;DA1ESRI001-23SB;OFICINA DE RELAÇÕES INTERNACIONAIS
11202020304;DA1NHI5015-22SB;LIBRAS
11202130129;NA1NHZ6003-18SA;NANOBIOTECNOLOGIA
11202521936;DA1BIR0004-15SA;BASES EPISTEMOLÓGICAS DA CIÊNCIA MODERNA
11202321483;NA1ESHP026-14SB;PARTICIPAÇÃO, MOVIMENTOS SOCIAIS E POLÍTICAS PÚBLICAS
11202022253;DA1ESTG024-17SB;SISTEMAS DE INFORMAÇÃO CORPORATIVOS
11202111190;NA1MCZC018-20SB;PSICOPATOLOGIA
11201722463;NB1BCL0307-15SA;TRANSFORMAÇÕES QUÍMICAS
11202230727;DA1ESRI001-23SB;OFICINA DE RELAÇÕES INTERNACIONAIS
11202021765;DA1ESZG041-17SB;GESTÃO DA INOVAÇÃO
11202322287;NA1ESHP026-14SB;PARTICIPAÇÃO, MOVIMENTOS SOCIAIS E POLÍTICAS PÚBLICAS
11202322008;NANHZ2109-18SB;TEORIA DAS CIÊNCIAS HUMANAS
11202230904;NA1ESTG009-17SB;GESTÃO DE OPERAÇÕES
11202320869;NA1ESHP026-14SB;PARTICIPAÇÃO, MOVIMENTOS SOCIAIS E POLÍTICAS PÚBLICAS
11202320869;NANHZ2117-18SB;HISTÓRIA E FILOSOFIA DA BIOLOGIA
11202230433;NA1MCNC002-23SA;NEUROCIÊNCIA TEÓRICA E COMPUTACIONAL
11202421277;NA1BCS0004-25SA;PRÁTICAS EXTENSIONISTAS EM LETRAMENTO DIGITAL
11202420208;NA1NHZ1094-19SA;ESCRITA E LEITURA NA EDUCAÇÃO EM CIÊNCIAS
11202131496;NA1MCNC002-23SA;NEUROCIÊNCIA TEÓRICA E COMPUTACIONAL
11202021487;NA1NHZ6001-18SA;FUNDAMENTOS DA BIOTECNOLOGIA
11202230516;DA1MCTD009-18SA;GEOMETRIA PLANA AXIOMÁTICA
11202320812;NA2BCN0407-15SA;FUNÇÕES DE VÁRIAS VARIÁVEIS
11202420881;NI1ESHC018-17SB;FORMAÇÃO ECONÔMICA DO BRASIL
11202420370;DA1NHZ6002-18SA;TECNOLOGIA DE FERMENTAÇÕES
11202212394;DA1MCTC014-13SA;INTRODUÇÃO À INFERÊNCIA ESTATÍSTICA
11202521582;DB1BIN0406-15SA;INTRODUÇÃO À PROBABILIDADE E À ESTATÍSTICA
11201721265;NANHBP010-23SA;ÓPTICA E RELATIVIDADE
11202020734;NA1ESZB005-17SB;INTRODUÇÃO À BIOTECNOLOGIA
11202422081;DA1MCCC005-23SA;ANÁLISE DE ALGORITMOS II
11201721640;NA10BCJ0203-15SA;FENÔMENOS ELETROMAGNÉTICOS
11202421733;DA1ESTO011-17SA;FUNDAMENTOS DE DESENHO TÉCNICO
11202522046;NB2BIS0003-15SB;BASES MATEMÁTICAS
11202520994;DA1BHS0004-23SB;ENCONTROS SOBRE GÊNERO E SEXUALIDADES
11202020611;DA1ESTS012-17SB;AEROELASTICIDADE
11202421861;DA1ESTO011-17SA;FUNDAMENTOS DE DESENHO TÉCNICO
11202420869;DA1BHS0004-23SB;ENCONTROS SOBRE GÊNERO E SEXUALIDADES
11202520516;DA1BCS0004-25SA;PRÁTICAS EXTENSIONISTAS EM LETRAMENTO DIGITAL
11202420986;NA2ESTI015-17SA;COMUNICAÇÕES MÓVEIS
11202231695;DA1ESGE006-23SB;ENGENHARIA DE SEGURANÇA DO TRABALHO: ERGONOMIA
11202610196;NA1MCTC001-15SB;INTRODUÇÃO À FILOSOFIA DA MENTE
11202521514;DB1BHO1102-19SB;INTRODUÇÃO À ECONOMIA
11202510057;DA1MCZA014-17SA;MÉTODOS DE OTIMIZAÇÃO
11202421590;DA1BCN0407-15SA;FUNÇÕES DE VÁRIAS VARIÁVEIS
11202130715;NC2BCS0001-25SB;BASE EXPERIMENTAL DAS CIÊNCIAS NATURAIS
11202610114;NA1ESHR028-21SB;REGIME INTERNACIONAL DOS DIREITOS HUMANOS
11202420749;NA3BCM0505-22SA;PROCESSAMENTO DA INFORMAÇÃO
11202421260;NA1MCTC009-15SB;PROGRESSOS E MÉTODOS EM NEUROCIÊNCIA
11202520994;DA1NHBB006-23SA;AÇÕES EXTENSIONISTAS EM FISIOLOGIA E SAÚDE
11202130775;NB1BCM0505-22SA;PROCESSAMENTO DA INFORMAÇÃO
11202532674;DA1BIK0102-15SB;ESTRUTURA DA MATÉRIA
11202320386;NA1ESTG009-17SB;GESTÃO DE OPERAÇÕES
11202421215;NA2BCM0506-15SA;COMUNICAÇÃO E REDES
11202321400;NA1ESTO008-17SB;MECÂNICA DOS SÓLIDOS I
11202231818;NA1NHBQ007-22SA;FUNDAMENTOS DE QUÍMICA
11202130992;NA1ESZU022-17SA;CIÊNCIAS ATMOSFÉRICAS
11202522272;NA3BIN0406-15SB;INTRODUÇÃO À PROBABILIDADE E À ESTATÍSTICA
11202421590;NA1BCS0004-25SA;PRÁTICAS EXTENSIONISTAS EM LETRAMENTO DIGITAL
11202021748;NA1ESZB005-17SB;INTRODUÇÃO À BIOTECNOLOGIA
11202320542;NA1ESHC037-21SB;ECONOMETRIA III
11202131261;NA1ESAE011-23SB;INTRODUÇÃO À ENGENHARIA DE SISTEMAS AEROESPACIAIS
11202610065;NA3BIN0406-15SB;INTRODUÇÃO À PROBABILIDADE E À ESTATÍSTICA
11202420684;DB1ESTA016-17SA;MÁQUINAS ELÉTRICAS
11202321680;NA1MCZC016-15SB;NEUROCIÊNCIA DA COGNIÇÃO MUSICAL
11202022013;NI1ESHC018-17SB;FORMAÇÃO ECONÔMICA DO BRASIL
11202421797;NA1MCCC005-23SA;ANÁLISE DE ALGORITMOS II
11202420684;NA2ESTA003-17SA;SISTEMAS DE CONTROLE I
11202020481;DA1ESZG017-17SB;CLIMA E CULTURA ORGANIZACIONAL
11202321942;NA1ESTU034-17SA;SISTEMAS DE ABASTECIMENTO DE ÁGUAS
11202111658;NA1ESHC027-21SB;ECONOMIA MATEMÁTICA
11202510077;NA1NHLB002-23SA;PRÁTICAS DE ENSINO DE BIOLOGIA E APRENDIZAGEM
11202510077;NA1NHLQ002-22SA;PRÁTICAS DE ENSINO DE QUÍMICA I
11202130755;NC2BCS0001-25SB;BASE EXPERIMENTAL DAS CIÊNCIAS NATURAIS
11202522057;DA1BCL0307-15SB;TRANSFORMAÇÕES QUÍMICAS
11202332324;DA1NHBB009-23SB;BIOQUÍMICA DO SISTEMA NERVOSO CENTRAL
11202230395;DA1ESGE007-23SB;GESTÃO AMBIENTAL EMPRESARIAL
11202420682;DA1ESTA019-17SA;PROJETO ASSISTIDO POR COMPUTADOR
11202231824;DA1BIR0603-15SB;CIÊNCIA, TECNOLOGIA E SOCIEDADE
11202231824;DA1BIL0304-15SB;EVOLUÇÃO E DIVERSIFICAÇÃO DA VIDA NA TERRA
11202231824;DA2BIN0406-15SB;INTRODUÇÃO À PROBABILIDADE E À ESTATÍSTICA
11202111157;DA1ESTE036-17SA;ECONOMIA DA ENERGIA
11202130066;NA1ESTO015-17SB;MECÂNICA DOS FLUIDOS I
11202130066;NA1ESTI003-17SB;TRANSFORMADAS EM SINAIS E SISTEMAS LINEARES
11202522389;NB1ESTO005-17SA;INTRODUÇÃO ÀS ENGENHARIAS
11202521233;NA1BIN0406-15SA;INTRODUÇÃO À PROBABILIDADE E À ESTATÍSTICA
11202020054;NB1ESTA005-17SA;ANÁLISE DE SISTEMAS DINÂMICOS LINEARES
11202322133;NA1ESMA001-23SB;SOLUÇÕES PARA DESAFIOS EM ENGENHARIA
11202320852;NB2BCS0002-25SA;PROJETO DIRIGIDO
11202130800;NA1MCNC002-23SA;NEUROCIÊNCIA TEÓRICA E COMPUTACIONAL
11202420811;NA2BCN0405-15SA;INTRODUÇÃO ÀS EQUAÇÕES DIFERENCIAIS ORDINÁRIAS
11202422175;NB1BHQ0001-15SB;IDENTIDADE E CULTURA
11202421306;DB1MCTA009-13SA;COMPUTADORES, ÉTICA E SOCIEDADE
11202521529;NB1BIN0406-15SB;INTRODUÇÃO À PROBABILIDADE E À ESTATÍSTICA
11201920618;DA1ESTG020-17SB;SISTEMAS E PROCESSOS DE PRODUÇÃO
11202231695;NA1ESTO017-17SA;MÉTODOS EXPERIMENTAIS EM ENGENHARIA
11202320208;NA1ESHR015-21SB;SEGURANÇA INTERNACIONAL
11202420755;NA1ESHC018-17SB;FORMAÇÃO ECONÔMICA DO BRASIL
11202422075;NA1ESHT009-17SB;HISTÓRIA DA CIDADE E DO URBANISMO
11201920349;NA1ESHR029-21SB;ANÁLISE DE POLÍTICA EXTERNA
11202230340;NA3BCJ0203-15SA;FENÔMENOS ELETROMAGNÉTICOS
11201920351;NA1ESAE011-23SB;INTRODUÇÃO À ENGENHARIA DE SISTEMAS AEROESPACIAIS
11202130129;DA1MCCC006-23SA;COMPILADORES E INTERPRETADORES
11202421567;NA1ESTO012-17SA;PRINCÍPIOS DE ADMINISTRAÇÃO
11202421653;DA1NHBB001-23SA;ZOOLOGIA: ORIGEM E DIVERSIFICAÇÃO DE METAZOA
11202421707;DA2MCTA024-13SA;SISTEMAS DIGITAIS
11202420394;DA2ESHC027-21SB;ECONOMIA MATEMÁTICA
11202421548;DA2MCTA024-13SA;SISTEMAS DIGITAIS
21073215;DA1MCCC015-23SA;PROGRAMAÇÃO FUNCIONAL
11202320891;DA1ESHR015-21SB;SEGURANÇA INTERNACIONAL
11202020445;NA1ESHT009-17SB;HISTÓRIA DA CIDADE E DO URBANISMO
11202421925;NA1ESHR031-21SB;ECONOMIA POLÍTICA INTERNACIONAL
11202422095;DB1MCTB019-17SA;MATEMÁTICA DISCRETA
11201812281;DA1ESHP007-13SB;FEDERALISMO E POLÍTICAS PÚBLICAS
11202410052;NA1ESAE002-23SA;DESENHO UNIVERSAL E TECNOLOGIA ASSISTIVA
11202232212;NA2MCNC002-23SA;NEUROCIÊNCIA TEÓRICA E COMPUTACIONAL
11202230384;NA1MCZC018-20SB;PSICOPATOLOGIA
11202321915;NA1MCTC002-15SA;INTRODUÇÃO À NEUROCIÊNCIA
11201811417;NA1LHE0004-19SB;TEORIA DA HISTÓRIA I
11202131024;NA3BCM0505-22SA;PROCESSAMENTO DA INFORMAÇÃO
11202422015;NANHH2026-13SB;FILOSOFIA NO BRASIL E NA AMÉRICA LATINA
11202230898;DA1ESHP007-13SB;FEDERALISMO E POLÍTICAS PÚBLICAS
11202131854;NA2MCNC002-23SA;NEUROCIÊNCIA TEÓRICA E COMPUTACIONAL
11202230295;DA1ESTO013-17SA;ENGENHARIA ECONÔMICA
11202322043;DB1BIN0406-15SB;INTRODUÇÃO À PROBABILIDADE E À ESTATÍSTICA
11202421617;NANHH2026-13SB;FILOSOFIA NO BRASIL E NA AMÉRICA LATINA
11202421295;NA2ESTU036-17SA;SISTEMAS DE DRENAGEM URBANA
11202020931;DA1ESZU034-17SB;ECOLOGIA DO AMBIENTE URBANO
11202021094;NA1ESZM033-17SA;RECICLAGEM E AMBIENTE
11202232305;NA1BCJ0205-15SB;FENÔMENOS TÉRMICOS
11202522057;NA1BCN0407-15SB;FUNÇÕES DE VÁRIAS VARIÁVEIS
11202130775;NB2BCM0506-15SA;COMUNICAÇÃO E REDES
11202130876;NA1NHBQ007-22SA;FUNDAMENTOS DE QUÍMICA
11201811831;NA1ESTO013-17SB;ENGENHARIA ECONÔMICA
11201811831;NA1ESTS006-17SB;LABORATÓRIO DE GUIAGEM, NAVEGAÇÃO E CONTROLE
11202322209;NA1MCTC001-15SB;INTRODUÇÃO À FILOSOFIA DA MENTE
11202320899;NA1ESHC024-19SB;MACROECONOMIA III
11202332390;NA1NHBQ007-22SA;FUNDAMENTOS DE QUÍMICA
11202320509;NA1MCTC001-15SB;INTRODUÇÃO À FILOSOFIA DA MENTE
11085013;DA1MCTC001-15SB;INTRODUÇÃO À FILOSOFIA DA MENTE
11202232356;NA1ESTA005-17SA;ANÁLISE DE SISTEMAS DINÂMICOS LINEARES
11202422173;DB1ESTO005-17SA;INTRODUÇÃO ÀS ENGENHARIAS
11202210047;NANHLP001-22SA;PRÁTICAS DE ENSINO DE FÍSICA I
11202320842;NA1ESRI001-23SB;OFICINA DE RELAÇÕES INTERNACIONAIS
11202230768;NA1ESZU022-17SA;CIÊNCIAS ATMOSFÉRICAS
11202321648;NA1ESRI001-23SB;OFICINA DE RELAÇÕES INTERNACIONAIS
11202131034;NA1ESHC018-17SB;FORMAÇÃO ECONÔMICA DO BRASIL
11202131034;NANHZ2117-18SB;HISTÓRIA E FILOSOFIA DA BIOLOGIA
11202131034;NA1ESZB005-17SB;INTRODUÇÃO À BIOTECNOLOGIA
11202111781;NA1MCCC010-23SA;MATEMÁTICA DISCRETA II
11202421925;NA1ESRI001-23SB;OFICINA DE RELAÇÕES INTERNACIONAIS
11202232017;NA7BIS0005-15SB;BASES COMPUTACIONAIS DA CIÊNCIA
11202421021;NA3BCS0002-25SA;PROJETO DIRIGIDO
11202532707;NA1ESTA019-17SA;PROJETO ASSISTIDO POR COMPUTADOR
11202231446;DA1NHBQ007-22SA;FUNDAMENTOS DE QUÍMICA
11202321740;DA1NHBB006-23SA;AÇÕES EXTENSIONISTAS EM FISIOLOGIA E SAÚDE
11202111960;NA1ESMA001-23SA;SOLUÇÕES PARA DESAFIOS EM ENGENHARIA
11202521449;DA2MCTB019-17SA;MATEMÁTICA DISCRETA
11202130311;NA1ESTO016-17SB;FENÔMENOS DE TRANSPORTE
11202130311;NA1ESTO004-17SA;INSTRUMENTAÇÃO E CONTROLE
11202322022;NA9BCJ0203-15SA;FENÔMENOS ELETROMAGNÉTICOS
11202521330;DA1ESZG013-17SB;EMPREENDEDORISMO
11202232305;NANHZ2112-18SB;EPISTEMOLOGIA FEMINISTA
11202321153;NA1NHLQ002-22SA;PRÁTICAS DE ENSINO DE QUÍMICA I
11202422096;DA1ESTO013-17SB;ENGENHARIA ECONÔMICA
11202230970;NANHH2026-13SB;FILOSOFIA NO BRASIL E NA AMÉRICA LATINA
11202020309;NAMCTC020-15SB;PSICOLOGIA EXPERIMENTAL
11202421848;NA1ESMA001-23SA;SOLUÇÕES PARA DESAFIOS EM ENGENHARIA
11202320181;NA1ESTU034-17SA;SISTEMAS DE ABASTECIMENTO DE ÁGUAS
11202320850;DA1ESGE006-23SB;ENGENHARIA DE SEGURANÇA DO TRABALHO: ERGONOMIA
11202130096;NA1ESTO005-17SB;INTRODUÇÃO ÀS ENGENHARIAS
11202321214;NANHLP001-22SA;PRÁTICAS DE ENSINO DE FÍSICA I
11202231663;DA1ESZG013-17SB;EMPREENDEDORISMO
11201921532;NA1ESZM033-17SA;RECICLAGEM E AMBIENTE
11202521222;DA1NHZ5020-15SA;EDUCAÇÃO INCLUSIVA
11202231542;NANHLP001-22SA;PRÁTICAS DE ENSINO DE FÍSICA I
11201920298;NA1ESTO013-17SB;ENGENHARIA ECONÔMICA
11202230417;DA1ESZR037-21SB;TÓPICOS ESPECIAIS EM RELAÇÕES INTERNACIONAIS
11202321166;DA1ESTO008-17SB;MECÂNICA DOS SÓLIDOS I
11202520849;DA1ESTO011-17SA;FUNDAMENTOS DE DESENHO TÉCNICO
11202130338;NA2ESGE003-23SB;SISTEMAS CAM
11202521798;DA2MCZA018-17SA;PROCESSAMENTO DIGITAL DE IMAGENS
11202422001;DA1MCTA018-13SA;PROGRAMAÇÃO ORIENTADA A OBJETOS
11202230594;NA1MCNC002-23SA;NEUROCIÊNCIA TEÓRICA E COMPUTACIONAL
11202421638;DA1NHZ6003-18SA;NANOBIOTECNOLOGIA
11202520695;NA1BIN0406-15SB;INTRODUÇÃO À PROBABILIDADE E À ESTATÍSTICA
11202321326;NA1ESHR015-21SB;SEGURANÇA INTERNACIONAL
11201921714;NA1MCZC016-15SB;NEUROCIÊNCIA DA COGNIÇÃO MUSICAL
11202332431;NA1ESHC018-17SB;FORMAÇÃO ECONÔMICA DO BRASIL
11202521994;NB1BIN0406-15SB;INTRODUÇÃO À PROBABILIDADE E À ESTATÍSTICA
11202230523;NB1ESTO006-17SA;MATERIAIS E SUAS PROPRIEDADES
11202021889;DAMCNC002-23SB;NEUROCIÊNCIA TEÓRICA E COMPUTACIONAL
11202021889;DA1MCZC018-20SB;PSICOPATOLOGIA
11202021048;NA1BHO0102-15SB;DESENVOLVIMENTO E SUSTENTABILIDADE
11202422023;DA1MCTC014-13SB;INTRODUÇÃO À INFERÊNCIA ESTATÍSTICA
11202421146;DA2ESHC027-21SB;ECONOMIA MATEMÁTICA
11202421572;DA2MCTA018-13SA;PROGRAMAÇÃO ORIENTADA A OBJETOS
11202230783;NA1ESTO013-17SB;ENGENHARIA ECONÔMICA
11202321094;DA1ESTG023-17SB;ORGANIZAÇÃO DO TRABALHO
11202231215;DA1ESHR031-21SB;ECONOMIA POLÍTICA INTERNACIONAL
11202231215;NA1ESHR005-13SB;ESTADO E DESENVOLVIMENTO ECONÔMICO NO BRASIL CONTEMPORÂNEO
11202520573;NB2BCM0506-15SA;COMUNICAÇÃO E REDES
11202422043;NB2BIN0406-15SA;INTRODUÇÃO À PROBABILIDADE E À ESTATÍSTICA
11202230273;DA1BCN0407-15SA;FUNÇÕES DE VÁRIAS VARIÁVEIS
11202321073;NA1ESZP041-14SB;ADMINISTRAÇÃO PÚBLICA E REFORMA DO ESTADO EM PERSPECTIVA COMPARADA
11202322292;DB1BCJ0205-15SA;FENÔMENOS TÉRMICOS
11202230672;NA1ESHP007-13SB;FEDERALISMO E POLÍTICAS PÚBLICAS
11202230778;NA1ESBM009-23SB;SENSORES BIOMÉDICOS
11202130747;DA1MCZC004-15SB;DESENVOLVIMENTO E DEGENERAÇÃO DO SISTEMA NERVOSO
11202131466;NA1NHZ6001-18SA;FUNDAMENTOS DA BIOTECNOLOGIA
11202321715;DA1NHBB001-23SA;ZOOLOGIA: ORIGEM E DIVERSIFICAÇÃO DE METAZOA
11202420862;DA2MCTA024-13SA;SISTEMAS DIGITAIS
11201922368;NA2BCN0405-15SA;INTRODUÇÃO ÀS EQUAÇÕES DIFERENCIAIS ORDINÁRIAS
11202131851;NA1ESHR903-18SB;METODOLOGIA DE PESQUISA EM RELAÇÕES INTERNACIONAIS (TCC 1)
11202321371;NA1ESTU034-17SA;SISTEMAS DE ABASTECIMENTO DE ÁGUAS
11202231732;NA1ESZI030-17SA;GERENCIAMENTO E INTEROPERABILIDADE DE REDES
11202322116;NB1BCL0307-15SA;TRANSFORMAÇÕES QUÍMICAS
11202522058;DA1BIN0406-15SA;INTRODUÇÃO À PROBABILIDADE E À ESTATÍSTICA
11201932603;DA1LHZ0004-19SB;ÁSIA: CULTURA E PROCESSOS SÓCIO-POLÍTICOS
11202131392;DA1BCN0407-15SA;FUNÇÕES DE VÁRIAS VARIÁVEIS
11202231643;NA1ESAE001-23SB;APLICAÇÕES ESTRUTURAIS DE MATERIAIS COMPÓSITOS
11202421275;NA1MCCC005-23SA;ANÁLISE DE ALGORITMOS II
11202421275;NA1MCZA053-22SA;DESENVOLVIMENTO GUIADO POR TIPOS
11202111921;NA2BCN0407-15SB;FUNÇÕES DE VÁRIAS VARIÁVEIS
11202111921;NA1MCTC001-15SB;INTRODUÇÃO À FILOSOFIA DA MENTE
11202111067;DA1ESGE006-23SB;ENGENHARIA DE SEGURANÇA DO TRABALHO: ERGONOMIA
11202420656;NA2ESMA002-23SB;INOVAÇÕES PARA ENGENHARIA
11202130284;DA1NHBB001-23SA;ZOOLOGIA: ORIGEM E DIVERSIFICAÇÃO DE METAZOA
11202420764;NA1MCTB009-17SA;CÁLCULO NUMÉRICO
11201920651;NB3BCJ0203-15SA;FENÔMENOS ELETROMAGNÉTICOS
11202321587;DA1ESTA014-17SA;SISTEMAS CAD/CAM
11202521545;DA1LHZ0004-19SB;ÁSIA: CULTURA E PROCESSOS SÓCIO-POLÍTICOS
11202520348;DB1BCJ0203-15SA;FENÔMENOS ELETROMAGNÉTICOS
11202130611;DA1ESZG036-17SB;CONCEITOS DE MARKETING
11201932591;NB11BIS0005-15SA;BASES COMPUTACIONAIS DA CIÊNCIA
11202021312;DA1ESAE002-23SA;DESENHO UNIVERSAL E TECNOLOGIA ASSISTIVA
11202321702;DAMCTC020-15SB;PSICOLOGIA EXPERIMENTAL
11202320289;NA1MCZA053-22SA;DESENVOLVIMENTO GUIADO POR TIPOS
11202521702;NB2BCM0505-22SA;PROCESSAMENTO DA INFORMAÇÃO
11202322104;ND2BCS0001-25SA;BASE EXPERIMENTAL DAS CIÊNCIAS NATURAIS
11202230439;DA1NHBB006-23SA;AÇÕES EXTENSIONISTAS EM FISIOLOGIA E SAÚDE
11202521392;NA4BCM0506-15SA;COMUNICAÇÃO E REDES
11202520744;DB1ESTA019-17SA;PROJETO ASSISTIDO POR COMPUTADOR
11202231267;NA2BHQ0003-15SB;INTERPRETAÇÕES DO BRASIL
11202022189;DA2MCZA018-17SA;PROCESSAMENTO DIGITAL DE IMAGENS
11202532709;NA1BCJ0205-15SA;FENÔMENOS TÉRMICOS
11202321354;DA1ESZG013-17SB;EMPREENDEDORISMO
11202421787;DB1ESTO011-17SA;FUNDAMENTOS DE DESENHO TÉCNICO
11202421576;NA1MCCC005-23SA;ANÁLISE DE ALGORITMOS II
11202421576;NA1MCZA053-22SA;DESENVOLVIMENTO GUIADO POR TIPOS
11202231955;NA1BCJ0203-15SA;FENÔMENOS ELETROMAGNÉTICOS
11202532673;NA1ESZB005-17SB;INTRODUÇÃO À BIOTECNOLOGIA
11202232214;DA1ESTO013-17SA;ENGENHARIA ECONÔMICA
11202111055;DB1BHO1102-19SB;INTRODUÇÃO À ECONOMIA
11202522486;NA1BIL0304-15SB;EVOLUÇÃO E DIVERSIFICAÇÃO DA VIDA NA TERRA
11202231364;DA1ESZR037-21SB;TÓPICOS ESPECIAIS EM RELAÇÕES INTERNACIONAIS
11202610091;NA1ESZR037-21SB;TÓPICOS ESPECIAIS EM RELAÇÕES INTERNACIONAIS
11202131542;DA1ESTG024-17SB;SISTEMAS DE INFORMAÇÃO CORPORATIVOS
11202230839;DB1ESTO005-17SB;INTRODUÇÃO ÀS ENGENHARIAS
11202320182;NA1ESHT015-22SB;OFICINA DE PLANEJAMENTO URBANO
11202320835;DA1ESAE001-23SB;APLICAÇÕES ESTRUTURAIS DE MATERIAIS COMPÓSITOS
11202232043;DA1ESTS018-17SB;TRANSFERÊNCIA DE CALOR APLICADA A SISTEMAS AEROESPACIAIS
11202232026;DA1ESTS018-17SB;TRANSFERÊNCIA DE CALOR APLICADA A SISTEMAS AEROESPACIAIS
11202521786;DA2MCZA018-17SA;PROCESSAMENTO DIGITAL DE IMAGENS
11202021003;NA1ESZI014-17SA;SISTEMAS INTELIGENTES
11202421014;DA1BHS0004-23SB;ENCONTROS SOBRE GÊNERO E SEXUALIDADES
11201921310;NA1ESTA010-17SA;SENSORES E TRANSDUTORES
11202020102;DA1ESTG011-17SB;ESTATÍSTICA APLICADA A SISTEMAS DE GESTÃO
11202321846;NA1ESHC034-21SB;ECONOMIA DO MEIO AMBIENTE
11202321371;DA1ESTG024-17SB;SISTEMAS DE INFORMAÇÃO CORPORATIVOS
11202230857;DA1ESZB022-17SA;INTRODUÇÃO À BIOINFORMÁTICA
11202420255;DA2MCZA018-17SA;PROCESSAMENTO DIGITAL DE IMAGENS
11202321070;NA1ESZB022-17SA;INTRODUÇÃO À BIOINFORMÁTICA
11202522206;DB1MCTB019-17SA;MATEMÁTICA DISCRETA
11202521490;DA5BCJ0203-15SA;FENÔMENOS ELETROMAGNÉTICOS
11202322028;NA1MCTC001-15SB;INTRODUÇÃO À FILOSOFIA DA MENTE
11202521120;NA1BIN0406-15SB;INTRODUÇÃO À PROBABILIDADE E À ESTATÍSTICA
11202321303;NA1MCTB009-17SA;CÁLCULO NUMÉRICO
11202230507;DA1ESTG011-17SB;ESTATÍSTICA APLICADA A SISTEMAS DE GESTÃO
11202231639;DA1NHZ6001-18SA;FUNDAMENTOS DA BIOTECNOLOGIA
11202420127;NA1ESHC018-17SB;FORMAÇÃO ECONÔMICA DO BRASIL
11202321271;NA1ESTO004-17SB;INSTRUMENTAÇÃO E CONTROLE
11202230424;NA1MCTC009-15SB;PROGRESSOS E MÉTODOS EM NEUROCIÊNCIA
11202521569;DA1BCN0407-15SA;FUNÇÕES DE VÁRIAS VARIÁVEIS
11202021107;NC1ESTO017-17SA;MÉTODOS EXPERIMENTAIS EM ENGENHARIA
11202231941;NA2MCTA024-13SA;SISTEMAS DIGITAIS
11202320949;NA1ESTU034-17SA;SISTEMAS DE ABASTECIMENTO DE ÁGUAS
11202021488;DB2BCJ0205-15SA;FENÔMENOS TÉRMICOS
11201921520;NA1ESZB038-17SB;MODELAGEM E SIMULAÇÃO DO MOVIMENTO HUMANO
11202022100;NA1ESHR031-21SB;ECONOMIA POLÍTICA INTERNACIONAL
11202231663;NA1ESMA001-23SB;SOLUÇÕES PARA DESAFIOS EM ENGENHARIA
11202022110;DA1ESGE006-23SB;ENGENHARIA DE SEGURANÇA DO TRABALHO: ERGONOMIA
11202420428;DB1BCJ0205-15SA;FENÔMENOS TÉRMICOS
11202521698;NA1NHZ1094-19SA;ESCRITA E LEITURA NA EDUCAÇÃO EM CIÊNCIAS
11202420918;DA1MCTC014-13SB;INTRODUÇÃO À INFERÊNCIA ESTATÍSTICA
11202420323;NA1NHZ6002-18SA;TECNOLOGIA DE FERMENTAÇÕES
11202320331;NA1ESRI001-23SB;OFICINA DE RELAÇÕES INTERNACIONAIS
11202410072;NA1ESHR005-13SB;ESTADO E DESENVOLVIMENTO ECONÔMICO NO BRASIL CONTEMPORÂNEO
21071716;DA1ESZG013-17SB;EMPREENDEDORISMO
11202130664;NA1ESZI014-17SA;SISTEMAS INTELIGENTES
11202421878;NA1ESTO013-17SA;ENGENHARIA ECONÔMICA
11202421424;NA1ESHP009-22SB;BUROCRACIA E IMPLEMENTAÇÃO DE POLÍTICAS PÚBLICAS
11202322210;DA1MCCC005-23SA;ANÁLISE DE ALGORITMOS II
11202522233;DA1BHS0004-23SB;ENCONTROS SOBRE GÊNERO E SEXUALIDADES
11202520909;DA1NHBB001-23SA;ZOOLOGIA: ORIGEM E DIVERSIFICAÇÃO DE METAZOA
11202520724;NA1ESHC012-21SB;ECONOMIA INSTITUCIONAL
11202521774;DA1BHO1102-19SB;INTRODUÇÃO À ECONOMIA
11202421661;DA2MCTA024-13SA;SISTEMAS DIGITAIS
11202410045;DA5BCJ0203-15SA;FENÔMENOS ELETROMAGNÉTICOS
11202421480;NA1NHZ6001-18SA;FUNDAMENTOS DA BIOTECNOLOGIA
11202230278;NA1ESRI001-23SB;OFICINA DE RELAÇÕES INTERNACIONAIS
11202320575;DB1MCTB019-17SA;MATEMÁTICA DISCRETA
11202421983;DA1ESHR005-13SB;ESTADO E DESENVOLVIMENTO ECONÔMICO NO BRASIL CONTEMPORÂNEO
11202420641;DA1BCS0004-25SA;PRÁTICAS EXTENSIONISTAS EM LETRAMENTO DIGITAL
11202321841;NA2BCN0405-15SA;INTRODUÇÃO ÀS EQUAÇÕES DIFERENCIAIS ORDINÁRIAS
11202130486;NA1ESTA021-17SA;INTRODUÇÃO AO CONTROLE DISCRETO
11202521903;DA1BCL0307-15SB;TRANSFORMAÇÕES QUÍMICAS
11202432373;DA1BCS0004-25SB;PRÁTICAS EXTENSIONISTAS EM LETRAMENTO DIGITAL
11202521802;DB1ESTA019-17SA;PROJETO ASSISTIDO POR COMPUTADOR
11202332327;NA1ESHP026-14SB;PARTICIPAÇÃO, MOVIMENTOS SOCIAIS E POLÍTICAS PÚBLICAS
11202321051;DA1BHS0004-23SB;ENCONTROS SOBRE GÊNERO E SEXUALIDADES
11202231087;DA1NHZ6001-18SA;FUNDAMENTOS DA BIOTECNOLOGIA
11202320439;NA3BIS0003-15SB;BASES MATEMÁTICAS
11202422010;NA10BCJ0203-15SA;FENÔMENOS ELETROMAGNÉTICOS
11202421672;NA2MCNC002-23SA;NEUROCIÊNCIA TEÓRICA E COMPUTACIONAL
11202320893;DA3BIS0003-15SB;BASES MATEMÁTICAS
11202021359;NA1ESTS006-17SB;LABORATÓRIO DE GUIAGEM, NAVEGAÇÃO E CONTROLE
11202521224;NA1MCCC010-23SA;MATEMÁTICA DISCRETA II
11202321856;DA1BHS0004-23SB;ENCONTROS SOBRE GÊNERO E SEXUALIDADES
11202521937;NA1BCN0405-15SB;INTRODUÇÃO ÀS EQUAÇÕES DIFERENCIAIS ORDINÁRIAS
11202131961;DA1NHI5001-15SA;DESENVOLVIMENTO E APRENDIZAGEM
11202320832;DAMCTC020-15SB;PSICOLOGIA EXPERIMENTAL
11202320836;NA1ESZM033-17SA;RECICLAGEM E AMBIENTE
11201921967;DA1ESZG043-17SB;PROJETO VIRTUAL E INTEGRADO DE MANUFATURA
11202231358;NA1NHBQ007-22SA;FUNDAMENTOS DE QUÍMICA
11201920282;NA1BHO0102-15SB;DESENVOLVIMENTO E SUSTENTABILIDADE
11201920282;NA2BHQ0003-15SB;INTERPRETAÇÕES DO BRASIL
11202320736;NB2BCS0002-25SA;PROJETO DIRIGIDO
11202321354;DA1ESZG036-17SB;CONCEITOS DE MARKETING
11201920862;DA1BCS0004-25SA;PRÁTICAS EXTENSIONISTAS EM LETRAMENTO DIGITAL
11202111801;DA1ESZG036-17SB;CONCEITOS DE MARKETING
11202321328;NA1NHBQ007-22SA;FUNDAMENTOS DE QUÍMICA
11202020919;NA2ESTO017-17SB;MÉTODOS EXPERIMENTAIS EM ENGENHARIA
11202132035;DA1ESHR029-21SB;ANÁLISE DE POLÍTICA EXTERNA
11202112006;NA1BHO0102-15SB;DESENVOLVIMENTO E SUSTENTABILIDADE
11202521347;NA1ESHT009-17SB;HISTÓRIA DA CIDADE E DO URBANISMO
11202321303;NA1BCS0004-25SA;PRÁTICAS EXTENSIONISTAS EM LETRAMENTO DIGITAL
11201920417;NA1ESTU036-17SA;SISTEMAS DE DRENAGEM URBANA
11201810174;NA1BCJ0203-15SA;FENÔMENOS ELETROMAGNÉTICOS
11201810174;NA1ESTU039-17SA;REGULAÇÃO AMBIENTAL E URBANÍSTICA
11202420215;DA1BHS0004-23SB;ENCONTROS SOBRE GÊNERO E SEXUALIDADES
11202210090;DA1NHI5001-15SB;DESENVOLVIMENTO E APRENDIZAGEM
11202321879;NA1ESRI001-23SB;OFICINA DE RELAÇÕES INTERNACIONAIS
11202521204;NA1BCM0506-15SB;COMUNICAÇÃO E REDES
11202421406;DB1BCJ0205-15SA;FENÔMENOS TÉRMICOS
11202320901;NA1MCTD009-18SA;GEOMETRIA PLANA AXIOMÁTICA
11201920937;NA1ESZU003-17SA;CONTAMINAÇÃO E REMEDIAÇÃO DE SOLOS
11202420806;NA1LHE0002-22SB;LABORATÓRIO DE PRÁTICAS INTEGRADORAS I (PCC)
11202532689;NA1ESHC031-17SB;MACROECONOMIA PÓS-KEYNESIANA
11202131346;NA1ESHP007-13SB;FEDERALISMO E POLÍTICAS PÚBLICAS
11202521364;NA1ESZB022-17SA;INTRODUÇÃO À BIOINFORMÁTICA
11202610169;NA1ESMA002-23SB;INOVAÇÕES PARA ENGENHARIA
11202021314;DA1ESTG011-17SB;ESTATÍSTICA APLICADA A SISTEMAS DE GESTÃO
11202021314;DA1ESTG020-17SB;SISTEMAS E PROCESSOS DE PRODUÇÃO
11201810040;NA1ESGE003-23SB;SISTEMAS CAM
11202410106;NA1ESHR019-21SB;CHINA NAS RELAÇÕES INTERNACIONAIS
11201822402;NA1NHBQ001-22SA;CINÉTICA QUÍMICA
11202520818;NB3BCM0506-15SA;COMUNICAÇÃO E REDES
11202230758;NA1NHH2023-16SB;FILOSOFIA DO ENSINO DE FILOSOFIA
11202321429;NA3NHI5001-15SA;DESENVOLVIMENTO E APRENDIZAGEM
11202321429;NA1NHZ1094-19SA;ESCRITA E LEITURA NA EDUCAÇÃO EM CIÊNCIAS
11202230668;DA1MCTC014-13SA;INTRODUÇÃO À INFERÊNCIA ESTATÍSTICA
11202130354;NA1ESTU039-17SA;REGULAÇÃO AMBIENTAL E URBANÍSTICA
11202421105;NA1ESTO011-17SA;FUNDAMENTOS DE DESENHO TÉCNICO
11202610121;NA1ESHC018-17SB;FORMAÇÃO ECONÔMICA DO BRASIL
11202610121;NA1ESHC031-17SB;MACROECONOMIA PÓS-KEYNESIANA
11202421727;NA1NHBB001-23SA;ZOOLOGIA: ORIGEM E DIVERSIFICAÇÃO DE METAZOA
11202321179;NA1ESHT012-17SB;MOBILIZAÇÃO PRODUTIVA DOS TERRITÓRIOS E DESENVOLVIMENTO LOCAL
11202321278;NA1ESBM009-23SB;SENSORES BIOMÉDICOS
11201932455;NA1ESHT009-17SB;HISTÓRIA DA CIDADE E DO URBANISMO
11201932455;NA1ESHC024-19SB;MACROECONOMIA III
11202522075;DA1BHQ0004-19SB;ESTUDOS DE GÊNERO
11202231111;NA1MCTC009-15SB;PROGRESSOS E MÉTODOS EM NEUROCIÊNCIA
11202421988;DA1LIZ0001-19SA;SOCIOLOGIA DA EDUCAÇÃO
11201922186;NA1ESHC024-19SB;MACROECONOMIA III
11202020231;DA1NHZ2013-11SB;FILOSOFIA BRASILEIRA: HISTÓRIA E PROBLEMAS
11201921180;NA1ESTA008-17SA;SISTEMAS DE CONTROLE II
11202420773;NA2BCM0506-15SA;COMUNICAÇÃO E REDES
11201812252;NA1MCTD024-18SA;ANÁLISE NA EDUCAÇÃO BÁSICA
11202322113;NA1NHT1013-15SA;BIOQUÍMICA FUNCIONAL
11202321523;DA1ESZU017-17SA;SENSORIAMENTO REMOTO
11202321523;NA1ESTU034-17SA;SISTEMAS DE ABASTECIMENTO DE ÁGUAS
11202231624;NA1ESHR028-21SB;REGIME INTERNACIONAL DOS DIREITOS HUMANOS
11202111827;NA1ESZB005-17SB;INTRODUÇÃO À BIOTECNOLOGIA
11201722790;DA1ESTG020-17SB;SISTEMAS E PROCESSOS DE PRODUÇÃO
11202231969;NA1ESTO011-17SB;FUNDAMENTOS DE DESENHO TÉCNICO
11201721142;DA1ESZC022-17SB;TÓPICOS AVANÇADOS EM DESENVOLVIMENTO SOCIOECONÔMICO
11202522047;NA1ESHR024-14SB;HISTÓRIA DA POLÍTICA EXTERNA BRASILEIRA
11202421330;NA1BCM0506-15SB;COMUNICAÇÃO E REDES
11202131356;DA1ESTO011-17SA;FUNDAMENTOS DE DESENHO TÉCNICO
11202321660;NA1ESHT009-17SB;HISTÓRIA DA CIDADE E DO URBANISMO
11202522257;DA1BCJ0203-15SB;FENÔMENOS ELETROMAGNÉTICOS
11202322093;NA1MCTC001-15SB;INTRODUÇÃO À FILOSOFIA DA MENTE
11202320827;DA1BCM0505-22SB;PROCESSAMENTO DA INFORMAÇÃO
11202520707;DA1LHZ0004-19SB;ÁSIA: CULTURA E PROCESSOS SÓCIO-POLÍTICOS
11202532715;DA2BCJ0205-15SA;FENÔMENOS TÉRMICOS
11202230997;NA2BCJ0203-15SA;FENÔMENOS ELETROMAGNÉTICOS
11202130588;DA1NHZ1037-15SB;PARASITOLOGIA
11202230449;DA1MCTC014-13SB;INTRODUÇÃO À INFERÊNCIA ESTATÍSTICA
11202320707;NA1ESTO012-17SB;PRINCÍPIOS DE ADMINISTRAÇÃO
11202320581;DA1MCTC014-13SA;INTRODUÇÃO À INFERÊNCIA ESTATÍSTICA
11202131755;DA1ESZB022-17SA;INTRODUÇÃO À BIOINFORMÁTICA
11202421222;NA8BCJ0203-15SA;FENÔMENOS ELETROMAGNÉTICOS
11202231111;DA1ESAE002-23SA;DESENHO UNIVERSAL E TECNOLOGIA ASSISTIVA
11202520895;DB1ESTO011-17SA;FUNDAMENTOS DE DESENHO TÉCNICO
11202122022;DA1ESZB022-17SA;INTRODUÇÃO À BIOINFORMÁTICA
11202122022;DA1ESZI014-17SA;SISTEMAS INTELIGENTES
11202521829;NB1BIQ0602-15SB;ESTRUTURA E DINÂMICA SOCIAL
11202332398;ND2BCS0001-25SA;BASE EXPERIMENTAL DAS CIÊNCIAS NATURAIS
11202332398;NA1ESHC018-17SB;FORMAÇÃO ECONÔMICA DO BRASIL
11202022219;NA1ESZP041-14SB;ADMINISTRAÇÃO PÚBLICA E REFORMA DO ESTADO EM PERSPECTIVA COMPARADA
11202231832;NB4BIK0102-15SA;ESTRUTURA DA MATÉRIA
11202231114;NA1ESTO013-17SB;ENGENHARIA ECONÔMICA
11201921402;NA1ESTU031-17SA;RECUPERAÇÃO DE ÁREAS DEGRADADAS
11202421673;DA1ESTO012-17SA;PRINCÍPIOS DE ADMINISTRAÇÃO
11202230774;DA1ESHP007-13SB;FEDERALISMO E POLÍTICAS PÚBLICAS
11202020744;NA1ESTE018-17SA;FUNDAMENTOS DE SISTEMAS DINÂMICOS
11202321749;NA1BCS0004-25SA;PRÁTICAS EXTENSIONISTAS EM LETRAMENTO DIGITAL
11202532689;NA1ESAE002-23SA;DESENHO UNIVERSAL E TECNOLOGIA ASSISTIVA
11202231326;NA1ESTI006-17SA;PROCESSAMENTO DIGITAL DE SINAIS
11202420223;DA1ESTA020-17SA;MODELAGEM E CONTROLE
11201920226;NB1BCN0407-15SB;FUNÇÕES DE VÁRIAS VARIÁVEIS
11202332400;NA1ESTA006-17SA;FOTÔNICA
11202021948;DAMCNC002-23SB;NEUROCIÊNCIA TEÓRICA E COMPUTACIONAL
11202532611;DA1ESHR029-21SB;ANÁLISE DE POLÍTICA EXTERNA
11202610021;NC2BCS0001-25SB;BASE EXPERIMENTAL DAS CIÊNCIAS NATURAIS
11202022011;DB1NHI5015-22SB;LIBRAS
11202230697;DA1NHZ1037-15SB;PARASITOLOGIA
11202230944;DA1MCZC020-20SB;INTRODUÇÃO À NEUROMODULAÇÃO INVASIVA E NÃO-INVASIVA
11202230944;NAMCNC002-23SB;NEUROCIÊNCIA TEÓRICA E COMPUTACIONAL
11202321134;NB3BCM0506-15SA;COMUNICAÇÃO E REDES
11202310002;NA7BCJ0203-15SA;FENÔMENOS ELETROMAGNÉTICOS
11201920266;DA2MCZA018-17SA;PROCESSAMENTO DIGITAL DE IMAGENS
11202521762;DA1ESZG013-17SB;EMPREENDEDORISMO
11202521397;NA1BCN0407-15SA;FUNÇÕES DE VÁRIAS VARIÁVEIS
11202230697;NA2BCM0506-15SA;COMUNICAÇÃO E REDES
11202521075;NA3BCN0405-15SA;INTRODUÇÃO ÀS EQUAÇÕES DIFERENCIAIS ORDINÁRIAS
11202610124;NA1NHLH003-24SB;BRASIL: COLONIZAÇÃO E RESISTÊNCIA
11202610124;NA1NHLH008-24SB;REVOLUÇÕES E REGIMES AUTORITÁRIOS NA AMÉRICA LATINA CONTEMPORÂNEA
11202520698;DA1ESZG013-17SB;EMPREENDEDORISMO
11202021544;NA1ESTU009-17SA;HIDROLOGIA
11202321350;DA1ESHP021-13SB;TRAJETÓRIAS DAS POLÍTICAS DE CT&I NO BRASIL
11202020178;NB1BCN0407-15SB;FUNÇÕES DE VÁRIAS VARIÁVEIS
11202021391;NB1BCS0002-25SB;PROJETO DIRIGIDO
11202021616;DA2MCTA024-13SA;SISTEMAS DIGITAIS
11202020636;NB1ESTU025-17SA;AVALIAÇÃO DE IMPACTOS AMBIENTAIS
11202420671;DA1BHS0004-23SB;ENCONTROS SOBRE GÊNERO E SEXUALIDADES
11202421279;DA1ESTO005-17SA;INTRODUÇÃO ÀS ENGENHARIAS
11202532689;NA1ESHC027-21SB;ECONOMIA MATEMÁTICA
11202022270;NA1ESZU022-17SA;CIÊNCIAS ATMOSFÉRICAS
11202520652;NA3BCM0505-22SA;PROCESSAMENTO DA INFORMAÇÃO
11202522397;NB1ESTO006-17SA;MATERIAIS E SUAS PROPRIEDADES
11202320766;NB2BCS0002-25SA;PROJETO DIRIGIDO
11202610174;NA1ESRI001-23SB;OFICINA DE RELAÇÕES INTERNACIONAIS
11202130664;NA1ESTA019-17SA;PROJETO ASSISTIDO POR COMPUTADOR
11202021153;NA2ESHC037-21SB;ECONOMETRIA III
11202320863;NA1ESRI001-23SB;OFICINA DE RELAÇÕES INTERNACIONAIS
11202421506;DA1MCTB019-17SA;MATEMÁTICA DISCRETA
11202421195;NA1NHBB001-23SA;ZOOLOGIA: ORIGEM E DIVERSIFICAÇÃO DE METAZOA
11202521055;NA2BHO0102-15SB;DESENVOLVIMENTO E SUSTENTABILIDADE
11202421752;NA3BCS0002-25SA;PROJETO DIRIGIDO
11202231053;DA1ESTO012-17SA;PRINCÍPIOS DE ADMINISTRAÇÃO
11202321895;NA1ESHT020-17SB;POLÍTICA METROPOLITANA
11202520195;NA1BCN0405-15SB;INTRODUÇÃO ÀS EQUAÇÕES DIFERENCIAIS ORDINÁRIAS
11202520195;NB1ESTO005-17SB;INTRODUÇÃO ÀS ENGENHARIAS
11202022207;DA1ESGE006-23SB;ENGENHARIA DE SEGURANÇA DO TRABALHO: ERGONOMIA
11202321374;DA1ESTO013-17SA;ENGENHARIA ECONÔMICA
11202230940;NA1ESTS018-17SB;TRANSFERÊNCIA DE CALOR APLICADA A SISTEMAS AEROESPACIAIS
11202522506;DC1BIS0003-15SB;BASES MATEMÁTICAS
11202421920;NANHZ2106-18SB;FILOSOFIA DA CIÊNCIA
11202021484;NA1MCTD017-18SA;PRÁTICAS DE ENSINO DE MATEMÁTICA II
11202231655;NA1MCTD009-18SA;GEOMETRIA PLANA AXIOMÁTICA
11202521055;NANHZ2112-18SB;EPISTEMOLOGIA FEMINISTA
11202521287;DA1ESTA014-17SA;SISTEMAS CAD/CAM
11202410082;DA1ESHR019-21SB;CHINA NAS RELAÇÕES INTERNACIONAIS
11202420661;DA1MCTD024-18SA;ANÁLISE NA EDUCAÇÃO BÁSICA
11202420661;DA1MCTD017-18SA;PRÁTICAS DE ENSINO DE MATEMÁTICA II
11202231680;NA1NHZ4075-20SA;CONCEITOS E MODELOS DA QUÍMICA MODERNA
11202320488;NA1ESTU034-17SA;SISTEMAS DE ABASTECIMENTO DE ÁGUAS
11202230978;DA1ESTG023-17SB;ORGANIZAÇÃO DO TRABALHO
11202321094;DA1ESTG019-17SB;TEMPOS, MÉTODOS E ARRANJOS FÍSICOS
11202332371;DC2BCS0001-25SA;BASE EXPERIMENTAL DAS CIÊNCIAS NATURAIS
11202230719;DA1MCTC002-15SA;INTRODUÇÃO À NEUROCIÊNCIA
11202320452;NA1MCZC004-15SB;DESENVOLVIMENTO E DEGENERAÇÃO DO SISTEMA NERVOSO
11202131392;DA1ESZU034-17SB;ECOLOGIA DO AMBIENTE URBANO
11202231192;NA4BCJ0203-15SB;FENÔMENOS ELETROMAGNÉTICOS
11202321051;DA1ESTS004-17SB;DESEMPENHO DE AERONAVES
11202321879;DA1ESHP007-13SB;FEDERALISMO E POLÍTICAS PÚBLICAS
11202420623;NB1ESMA001-23SA;SOLUÇÕES PARA DESAFIOS EM ENGENHARIA
11202020028;NA2ESHC037-21SB;ECONOMETRIA III
11202422164;DA1ESTO012-17SB;PRINCÍPIOS DE ADMINISTRAÇÃO
11202020083;NA1ESTB013-17SB;BIOSSEGURANÇA
11202521720;DA1BCM0506-15SA;COMUNICAÇÃO E REDES
11202420515;NB2BIN0406-15SB;INTRODUÇÃO À PROBABILIDADE E À ESTATÍSTICA
11202421031;DA1ESZU034-17SB;ECOLOGIA DO AMBIENTE URBANO
11202520390;DA2BCN0405-15SA;INTRODUÇÃO ÀS EQUAÇÕES DIFERENCIAIS ORDINÁRIAS
11202021181;DC1ESTO017-17SA;MÉTODOS EXPERIMENTAIS EM ENGENHARIA
11202520161;DA2BIQ0602-15SB;ESTRUTURA E DINÂMICA SOCIAL
11202320612;DA4BIS0003-15SA;BASES MATEMÁTICAS
11202321673;NB8BIS0005-15SA;BASES COMPUTACIONAIS DA CIÊNCIA
11202321673;DA1ESZU034-17SB;ECOLOGIA DO AMBIENTE URBANO
11202420267;NI1ESHC018-17SB;FORMAÇÃO ECONÔMICA DO BRASIL
13201723147;DA1ESHR005-13SB;ESTADO E DESENVOLVIMENTO ECONÔMICO NO BRASIL CONTEMPORÂNEO
11202130090;NB3BCM0505-22SA;PROCESSAMENTO DA INFORMAÇÃO
11202421174;DA1MCTC002-15SA;INTRODUÇÃO À NEUROCIÊNCIA
11202021256;DA1ESZI014-17SA;SISTEMAS INTELIGENTES
11202212476;NANHZ2106-18SB;FILOSOFIA DA CIÊNCIA
11202212476;NA2BHQ0003-15SB;INTERPRETAÇÕES DO BRASIL
11202212476;NI1ESZR025-21SB;CONFLITOS, PAZ E NEGOCIAÇÃO INTERNACIONAL (PRÁTICA)
11202021498;NA1ESTB013-17SB;BIOSSEGURANÇA
11202522123;DA1BIN0406-15SA;INTRODUÇÃO À PROBABILIDADE E À ESTATÍSTICA
11202520390;DA1BIN0406-15SA;INTRODUÇÃO À PROBABILIDADE E À ESTATÍSTICA
11202232154;NA1ESTE033-17SA;ENGENHARIA SOLAR FOTOVOLTAICA
11201922345;NA1BCJ0203-15SA;FENÔMENOS ELETROMAGNÉTICOS
11201922345;NA1BCN0405-15SA;INTRODUÇÃO ÀS EQUAÇÕES DIFERENCIAIS ORDINÁRIAS
11202521911;NB10BIS0005-15SA;BASES COMPUTACIONAIS DA CIÊNCIA
11202022040;DA1ESHC024-19SB;MACROECONOMIA III
11202321641;DB1ESTI006-17SA;PROCESSAMENTO DIGITAL DE SINAIS
11202420558;NC2ESMA001-23SA;SOLUÇÕES PARA DESAFIOS EM ENGENHARIA
11202130212;NA1ESHC027-21SB;ECONOMIA MATEMÁTICA
11202020616;NA1NHLH003-24SB;BRASIL: COLONIZAÇÃO E RESISTÊNCIA
11202321088;DA1ESTS004-17SB;DESEMPENHO DE AERONAVES
11202520247;NA3BCN0405-15SA;INTRODUÇÃO ÀS EQUAÇÕES DIFERENCIAIS ORDINÁRIAS
11202112001;DA1ESTG025-17SB;PROPRIEDADE INTELECTUAL
11202532637;NA2BCM0506-15SA;COMUNICAÇÃO E REDES
11202420997;DA1ESTO012-17SB;PRINCÍPIOS DE ADMINISTRAÇÃO
11202320759;NANHT3070-15SA;ELETROMAGNETISMO I
11202320759;NA2NHBQ003-22SA;ELETROQUÍMICA
11202130179;DA1MCTC001-15SB;INTRODUÇÃO À FILOSOFIA DA MENTE
11202420438;DC1ESTO005-17SA;INTRODUÇÃO ÀS ENGENHARIAS
11202020090;NANHZ2112-18SB;EPISTEMOLOGIA FEMINISTA
21073814;DA2ESTO004-17SA;INSTRUMENTAÇÃO E CONTROLE
11202521558;DA1ESTA020-17SA;MODELAGEM E CONTROLE
11202020625;NA1NHH2023-16SB;FILOSOFIA DO ENSINO DE FILOSOFIA
11202521587;DA1ESTA019-17SB;PROJETO ASSISTIDO POR COMPUTADOR
11202421905;NA1ESHR028-21SB;REGIME INTERNACIONAL DOS DIREITOS HUMANOS
11202420154;NA1ESTG009-17SB;GESTÃO DE OPERAÇÕES
11202420393;NANHZ2106-18SB;FILOSOFIA DA CIÊNCIA
11202521558;DA2BCJ0203-15SA;FENÔMENOS ELETROMAGNÉTICOS
11202420545;DA1ESZB022-17SA;INTRODUÇÃO À BIOINFORMÁTICA
11202111792;DA2BCJ0203-15SA;FENÔMENOS ELETROMAGNÉTICOS
11202111792;DA2BCN0405-15SA;INTRODUÇÃO ÀS EQUAÇÕES DIFERENCIAIS ORDINÁRIAS
11202532630;DB2BIR0004-15SB;BASES EPISTEMOLÓGICAS DA CIÊNCIA MODERNA
11202532630;DA1BIS0003-15SB;BASES MATEMÁTICAS
11202420154;NC1ESMA001-23SA;SOLUÇÕES PARA DESAFIOS EM ENGENHARIA
11202230552;NA1ESHP026-14SB;PARTICIPAÇÃO, MOVIMENTOS SOCIAIS E POLÍTICAS PÚBLICAS
11202131751;NA1ESAE002-23SA;DESENHO UNIVERSAL E TECNOLOGIA ASSISTIVA
11202520519;DA1NHZ1009-15SA;BIOLOGIA MOLECULAR E BIOTECNOLOGIA
11202520999;DA1NHZ5020-15SA;EDUCAÇÃO INCLUSIVA
11201810753;NA1ESHT017-17SB;PLANEJAMENTO E POLÍTICA AMBIENTAL
11202521622;DA10BIS0005-15SA;BASES COMPUTACIONAIS DA CIÊNCIA
11201921990;DA1MCZA053-22SA;DESENVOLVIMENTO GUIADO POR TIPOS
11201810753;NA1NHH2023-16SB;FILOSOFIA DO ENSINO DE FILOSOFIA
11202532685;NB1ESTA007-17SA;ELETRÔNICA ANALÓGICA APLICADA
11202532685;NA1ESTA013-17SA;FUNDAMENTOS DE ROBÓTICA
11202520519;NA1ESTU031-17SA;RECUPERAÇÃO DE ÁREAS DEGRADADAS
11201812024;DA1ESTO004-17SB;INSTRUMENTAÇÃO E CONTROLE
11202421771;NA1MCTD009-18SA;GEOMETRIA PLANA AXIOMÁTICA
11202420369;NB2ESMA001-23SA;SOLUÇÕES PARA DESAFIOS EM ENGENHARIA
11202420767;NA1BHO0102-15SB;DESENVOLVIMENTO E SUSTENTABILIDADE
11202520184;NB1BIQ0602-15SB;ESTRUTURA E DINÂMICA SOCIAL
11202421660;DA1ESZB022-17SA;INTRODUÇÃO À BIOINFORMÁTICA
11202321116;DA1ESZG017-17SB;CLIMA E CULTURA ORGANIZACIONAL
11202231267;NA1ESTO015-17SB;MECÂNICA DOS FLUIDOS I
11202322292;DB1BIN0406-15SB;INTRODUÇÃO À PROBABILIDADE E À ESTATÍSTICA
11202230356;NA2ESTO004-17SA;INSTRUMENTAÇÃO E CONTROLE
11202231284;NA1ESTA019-17SA;PROJETO ASSISTIDO POR COMPUTADOR
11202020010;NA1ESAE001-23SB;APLICAÇÕES ESTRUTURAIS DE MATERIAIS COMPÓSITOS
11202130659;NA1ESZM033-17SA;RECICLAGEM E AMBIENTE
11202021359;NA1ESAE011-23SB;INTRODUÇÃO À ENGENHARIA DE SISTEMAS AEROESPACIAIS
11202422196;DA1NHBB006-23SA;AÇÕES EXTENSIONISTAS EM FISIOLOGIA E SAÚDE
11201720998;NA1ESTI006-17SA;PROCESSAMENTO DIGITAL DE SINAIS
11201720998;NA1ESZU003-17SA;CONTAMINAÇÃO E REMEDIAÇÃO DE SOLOS
11202610079;NI1ESHC018-17SB;FORMAÇÃO ECONÔMICA DO BRASIL
11202230667;DB2BCJ0205-15SA;FENÔMENOS TÉRMICOS
11202520615;NA2BCM0506-15SA;COMUNICAÇÃO E REDES
11202231162;NAMCNC002-23SB;NEUROCIÊNCIA TEÓRICA E COMPUTACIONAL
11202521724;NA1NHLB002-23SA;PRÁTICAS DE ENSINO DE BIOLOGIA E APRENDIZAGEM
11202111969;NB1BCN0405-15SB;INTRODUÇÃO ÀS EQUAÇÕES DIFERENCIAIS ORDINÁRIAS
11202421552;NA1ESHR028-21SB;REGIME INTERNACIONAL DOS DIREITOS HUMANOS
11202421304;NA1ESZB005-17SB;INTRODUÇÃO À BIOTECNOLOGIA
11202231864;NA10BCJ0203-15SA;FENÔMENOS ELETROMAGNÉTICOS
11202231864;NA1ESTE030-17SA;ENGENHARIA DE PETRÓLEO E GÁS
11202231864;NB1ESMA001-23SA;SOLUÇÕES PARA DESAFIOS EM ENGENHARIA
11202320820;NA2NHT1013-15SA;BIOQUÍMICA FUNCIONAL
11202020917;NANHZ2112-18SB;EPISTEMOLOGIA FEMINISTA
11202230699;NA2ESTO006-17SB;MATERIAIS E SUAS PROPRIEDADES
11202231466;DA1ESHR903-18SB;METODOLOGIA DE PESQUISA EM RELAÇÕES INTERNACIONAIS (TCC 1)
11202231726;NANHH2026-13SB;FILOSOFIA NO BRASIL E NA AMÉRICA LATINA
11201810449;NA1ESAE002-23SA;DESENHO UNIVERSAL E TECNOLOGIA ASSISTIVA
11201810449;NA1ESTU032-17SA;REPRESENTAÇÃO GRÁFICA DE PROJETOS AMBIENTAIS E URBANOS
11201810449;NA1ESZU003-17SA;CONTAMINAÇÃO E REMEDIAÇÃO DE SOLOS
11201920937;NB1ESTU025-17SA;AVALIAÇÃO DE IMPACTOS AMBIENTAIS
11202522497;NC1ESTO005-17SA;INTRODUÇÃO ÀS ENGENHARIAS
11202421279;DA1ESMA001-23SA;SOLUÇÕES PARA DESAFIOS EM ENGENHARIA
11202321278;DA1ESTO013-17SB;ENGENHARIA ECONÔMICA
11202322080;NA1ESHC018-17SB;FORMAÇÃO ECONÔMICA DO BRASIL
11202321961;NA1ESTO008-17SB;MECÂNICA DOS SÓLIDOS I
11201722790;DA1ESZG036-17SB;CONCEITOS DE MARKETING
21056915;DA2ESTO004-17SA;INSTRUMENTAÇÃO E CONTROLE
11202421199;DA1MCCC005-23SA;ANÁLISE DE ALGORITMOS II
11202020518;NA1ESTA005-17SA;ANÁLISE DE SISTEMAS DINÂMICOS LINEARES
11202321093;NA1MCTD024-18SA;ANÁLISE NA EDUCAÇÃO BÁSICA
11202521887;NA1BCN0405-15SA;INTRODUÇÃO ÀS EQUAÇÕES DIFERENCIAIS ORDINÁRIAS
11201922400;DA1ESAE002-23SA;DESENHO UNIVERSAL E TECNOLOGIA ASSISTIVA
11201922400;NA2BHQ0003-15SB;INTERPRETAÇÕES DO BRASIL
11201921952;DA1ESHR005-13SB;ESTADO E DESENVOLVIMENTO ECONÔMICO NO BRASIL CONTEMPORÂNEO
11202321729;NA1ESTI002-17SA;ELETRÔNICA DIGITAL
11202610166;NA1ESTU025-17SA;AVALIAÇÃO DE IMPACTOS AMBIENTAIS
11202521912;NA1ESHP009-22SB;BUROCRACIA E IMPLEMENTAÇÃO DE POLÍTICAS PÚBLICAS
11202022110;DANHZ2112-18SB;EPISTEMOLOGIA FEMINISTA
11202212472;DA1BCN0407-15SA;FUNÇÕES DE VÁRIAS VARIÁVEIS
11202321601;DB1LHT1002-19SB;ESTÁGIO SUPERVISIONADO EM CH II
11202610054;NB4BIL0304-15SA;EVOLUÇÃO E DIVERSIFICAÇÃO DA VIDA NA TERRA
11201921368;NA1ESHT009-17SB;HISTÓRIA DA CIDADE E DO URBANISMO
11201810560;DA1ESAE002-23SA;DESENHO UNIVERSAL E TECNOLOGIA ASSISTIVA
11202420272;DA1ESHR005-13SB;ESTADO E DESENVOLVIMENTO ECONÔMICO NO BRASIL CONTEMPORÂNEO
11202432306;NC1ESTO005-17SA;INTRODUÇÃO ÀS ENGENHARIAS
11202111830;NA1MCZC016-15SB;NEUROCIÊNCIA DA COGNIÇÃO MUSICAL
11202420731;NA1ESTG009-17SB;GESTÃO DE OPERAÇÕES
11202520698;DB1BIN0406-15SA;INTRODUÇÃO À PROBABILIDADE E À ESTATÍSTICA
11202231832;NC1ESTO017-17SA;MÉTODOS EXPERIMENTAIS EM ENGENHARIA
11202320625;NA1ESHC037-21SB;ECONOMETRIA III
11202231362;NA1ESTU036-17SA;SISTEMAS DE DRENAGEM URBANA
11202022281;NA1MCZA053-22SA;DESENVOLVIMENTO GUIADO POR TIPOS
11202421685;DA1MCTC014-13SA;INTRODUÇÃO À INFERÊNCIA ESTATÍSTICA
11201921191;DA1MCTC002-15SA;INTRODUÇÃO À NEUROCIÊNCIA
11202422049;NB1BCJ0205-15SB;FENÔMENOS TÉRMICOS
11202521165;NB3BCM0506-15SA;COMUNICAÇÃO E REDES
11202521165;NB1BCM0505-22SA;PROCESSAMENTO DA INFORMAÇÃO
11202521165;NA1ESTO011-17SA;FUNDAMENTOS DE DESENHO TÉCNICO
11202111302;DA1ESTU035-17SA;SISTEMAS DE ESGOTAMENTO SANITÁRIO
11202420504;DA2ESMA001-23SA;SOLUÇÕES PARA DESAFIOS EM ENGENHARIA
11202610054;NA1MCZA014-17SA;MÉTODOS DE OTIMIZAÇÃO
13201822595;NA2BCN0407-15SB;FUNÇÕES DE VÁRIAS VARIÁVEIS
11202520323;DA1ESZG017-17SB;CLIMA E CULTURA ORGANIZACIONAL
11202532643;NB10BIS0005-15SA;BASES COMPUTACIONAIS DA CIÊNCIA
11202420802;DA1ESTO013-17SA;ENGENHARIA ECONÔMICA
11202021544;NB1BCN0407-15SA;FUNÇÕES DE VÁRIAS VARIÁVEIS
11202231953;DA1ESHR029-21SB;ANÁLISE DE POLÍTICA EXTERNA
11202421222;NA2ESTU036-17SA;SISTEMAS DE DRENAGEM URBANA
11202520970;DB1ESTO005-17SA;INTRODUÇÃO ÀS ENGENHARIAS
11202130818;NA1BCN0407-15SA;FUNÇÕES DE VÁRIAS VARIÁVEIS
11202310052;DA3BCJ0203-15SB;FENÔMENOS ELETROMAGNÉTICOS
11202522348;DB1BIR0004-15SB;BASES EPISTEMOLÓGICAS DA CIÊNCIA MODERNA
11202522204;NA2BCM0506-15SA;COMUNICAÇÃO E REDES
21080113;DA1MCCC005-23SA;ANÁLISE DE ALGORITMOS II
11202520668;DA1LHZ0004-19SB;ÁSIA: CULTURA E PROCESSOS SÓCIO-POLÍTICOS
11202111790;NB1ESTO017-17SA;MÉTODOS EXPERIMENTAIS EM ENGENHARIA
11202420966;NA1BCN0405-15SA;INTRODUÇÃO ÀS EQUAÇÕES DIFERENCIAIS ORDINÁRIAS
11202130279;NANHZ2112-18SB;EPISTEMOLOGIA FEMINISTA
11202020773;NA1NHH2023-16SB;FILOSOFIA DO ENSINO DE FILOSOFIA
11202020773;NA1NHLH008-24SB;REVOLUÇÕES E REGIMES AUTORITÁRIOS NA AMÉRICA LATINA CONTEMPORÂNEA
11202420188;DA11BIS0005-15SA;BASES COMPUTACIONAIS DA CIÊNCIA
11202420188;DA1ESTO013-17SA;ENGENHARIA ECONÔMICA
11202420188;DC1ESTO017-17SA;MÉTODOS EXPERIMENTAIS EM ENGENHARIA
11202420188;DC2ESMA001-23SA;SOLUÇÕES PARA DESAFIOS EM ENGENHARIA
11202521594;NA1ESHP009-22SB;BUROCRACIA E IMPLEMENTAÇÃO DE POLÍTICAS PÚBLICAS
11202320827;DB1BCM0506-15SA;COMUNICAÇÃO E REDES
11202130184;DA1ESHT011-21SB;ANÁLISE DE DADOS PARA O PLANEJAMENTO TERRITORIAL
11202510086;NA1ESHC027-21SB;ECONOMIA MATEMÁTICA
11202321504;NA1ESHT020-17SB;POLÍTICA METROPOLITANA
11202322137;NB1BCJ0205-15SB;FENÔMENOS TÉRMICOS
11202332365;NA1BCN0405-15SA;INTRODUÇÃO ÀS EQUAÇÕES DIFERENCIAIS ORDINÁRIAS
11202022281;DA1ESTO012-17SB;PRINCÍPIOS DE ADMINISTRAÇÃO
11202520508;DB1ESTO011-17SA;FUNDAMENTOS DE DESENHO TÉCNICO
11202130340;DA1ESTG024-17SB;SISTEMAS DE INFORMAÇÃO CORPORATIVOS
11202322045;NA1ESHP021-13SB;TRAJETÓRIAS DAS POLÍTICAS DE CT&I NO BRASIL
11201722790;NA1ESTO016-17SB;FENÔMENOS DE TRANSPORTE
11202420750;DA1NHLB002-23SA;PRÁTICAS DE ENSINO DE BIOLOGIA E APRENDIZAGEM
11202421404;NA4BCM0506-15SA;COMUNICAÇÃO E REDES
11201722484;NA1NHLH005-24SB;HISTÓRIA DA DEMOCRACIA E DOS REGIMES AUTORITÁRIOS NO BRASIL CONTEMPORÂNEO
11202532614;ND3BCS0001-25SA;BASE EXPERIMENTAL DAS CIÊNCIAS NATURAIS
11202532614;NB2BCM0506-15SA;COMUNICAÇÃO E REDES
11202230884;NA1LHE0002-22SB;LABORATÓRIO DE PRÁTICAS INTEGRADORAS I (PCC)
11202230866;NA1ESBM009-23SB;SENSORES BIOMÉDICOS
11202421774;DA1ESHR015-21SB;SEGURANÇA INTERNACIONAL
11202111737;NC1ESTO005-17SA;INTRODUÇÃO ÀS ENGENHARIAS
11201921010;DA1ESHC037-21SB;ECONOMETRIA III
11201921010;DA1ESHR024-14SB;HISTÓRIA DA POLÍTICA EXTERNA BRASILEIRA
11202321124;NA1MCZC020-20SB;INTRODUÇÃO À NEUROMODULAÇÃO INVASIVA E NÃO-INVASIVA
11202232158;NA1ESTU035-17SA;SISTEMAS DE ESGOTAMENTO SANITÁRIO
11202421563;DA1MCTC001-15SB;INTRODUÇÃO À FILOSOFIA DA MENTE
11202522080;DA1BIN0406-15SA;INTRODUÇÃO À PROBABILIDADE E À ESTATÍSTICA
11202420677;NA2ESTO017-17SA;MÉTODOS EXPERIMENTAIS EM ENGENHARIA
11202521240;DA1ESTO005-17SA;INTRODUÇÃO ÀS ENGENHARIAS
11202321556;NA1MCTD024-18SA;ANÁLISE NA EDUCAÇÃO BÁSICA
11202321508;NA1ESTO012-17SB;PRINCÍPIOS DE ADMINISTRAÇÃO
11202321508;NB2ESMA001-23SA;SOLUÇÕES PARA DESAFIOS EM ENGENHARIA
11202610061;NB4BIK0102-15SA;ESTRUTURA DA MATÉRIA
11202232029;NA1ESHT009-17SB;HISTÓRIA DA CIDADE E DO URBANISMO
11202231702;DA2BCS0004-25SA;PRÁTICAS EXTENSIONISTAS EM LETRAMENTO DIGITAL
11202231702;NA1ESTU036-17SA;SISTEMAS DE DRENAGEM URBANA
11202231702;NA1NHBQ007-22SA;FUNDAMENTOS DE QUÍMICA
11202522376;NA1BCS0004-25SA;PRÁTICAS EXTENSIONISTAS EM LETRAMENTO DIGITAL
11202610132;DA1ESZG036-17SB;CONCEITOS DE MARKETING
11202020986;NA3BCM0506-15SA;COMUNICAÇÃO E REDES
11202421217;NA1ESTO013-17SB;ENGENHARIA ECONÔMICA
11202421217;NA1ESTG009-17SB;GESTÃO DE OPERAÇÕES
11202130433;NA1ESHC037-21SB;ECONOMETRIA III
11202620927;DB1BIJ0207-15SB;BASES CONCEITUAIS DA ENERGIA
11202322111;DA1MCTC014-13SB;INTRODUÇÃO À INFERÊNCIA ESTATÍSTICA
11202232345;DA1ESTU035-17SA;SISTEMAS DE ESGOTAMENTO SANITÁRIO
11202320763;DA1ESTG024-17SB;SISTEMAS DE INFORMAÇÃO CORPORATIVOS
11202610180;DB1BHQ0004-19SB;ESTUDOS DE GÊNERO
11201920567;NA1BCN0405-15SB;INTRODUÇÃO ÀS EQUAÇÕES DIFERENCIAIS ORDINÁRIAS
11202232199;NA2BCL0307-15SA;TRANSFORMAÇÕES QUÍMICAS
11202320365;DA1NHBB009-23SB;BIOQUÍMICA DO SISTEMA NERVOSO CENTRAL
11202130012;DA1ESZG036-17SB;CONCEITOS DE MARKETING
11202230485;NA1NHT1069-15SA;FISIOLOGIA VEGETAL I
11202022237;NA1ESZM033-17SA;RECICLAGEM E AMBIENTE
11202320452;NA1MCZC016-15SB;NEUROCIÊNCIA DA COGNIÇÃO MUSICAL
11202521916;DA1ESZU034-17SB;ECOLOGIA DO AMBIENTE URBANO
11202420414;DA1MCCC010-23SA;MATEMÁTICA DISCRETA II
11202230887;NA2ESTI015-17SA;COMUNICAÇÕES MÓVEIS
11202520764;NB1BCL0307-15SA;TRANSFORMAÇÕES QUÍMICAS
11201921712;NA1ESHR903-18SB;METODOLOGIA DE PESQUISA EM RELAÇÕES INTERNACIONAIS (TCC 1)
11201810750;NB1ESTA008-17SA;SISTEMAS DE CONTROLE II
11202520348;DB1BIN0406-15SA;INTRODUÇÃO À PROBABILIDADE E À ESTATÍSTICA
11202321510;NA1LHZ0038-22SB;HISTÓRIA E GÊNERO
11202321899;NA1ESMA002-23SB;INOVAÇÕES PARA ENGENHARIA
11202420265;NA1MCZC016-15SB;NEUROCIÊNCIA DA COGNIÇÃO MUSICAL
11202420265;NA1MCZC018-20SB;PSICOPATOLOGIA
11202231853;NA7BIS0005-15SB;BASES COMPUTACIONAIS DA CIÊNCIA
11201810913;NA2BCJ0205-15SA;FENÔMENOS TÉRMICOS
11202112006;NA3BIN0406-15SB;INTRODUÇÃO À PROBABILIDADE E À ESTATÍSTICA
11202321587;DA1ESTS004-17SB;DESEMPENHO DE AERONAVES
11202421696;DA1MCTB019-17SA;MATEMÁTICA DISCRETA
11202320759;NA1ESZI030-17SA;GERENCIAMENTO E INTEROPERABILIDADE DE REDES
11202130486;DB1ESTA016-17SA;MÁQUINAS ELÉTRICAS
11202421211;NA1BCS0002-25SB;PROJETO DIRIGIDO
11202321043;NB2BCJ0205-15SB;FENÔMENOS TÉRMICOS
11202321043;DA1BIN0406-15SA;INTRODUÇÃO À PROBABILIDADE E À ESTATÍSTICA
11202332331;DA1NHT1071-15SA;PRÁTICAS DE ECOLOGIA
11202231125;NA1ESTO015-17SA;MECÂNICA DOS FLUIDOS I
11202231125;NA1NHT5013-22SA;PRÁTICAS DE ENSINO DE CIÊNCIAS E MATEMÁTICA NO ENSINO FUNDAMENTAL
11202020861;NA1NHZ6002-18SA;TECNOLOGIA DE FERMENTAÇÕES
11202420489;NB4BIK0102-15SA;ESTRUTURA DA MATÉRIA
11202322253;DA1NHLB002-23SA;PRÁTICAS DE ENSINO DE BIOLOGIA E APRENDIZAGEM
11202421177;DI1ESHC018-17SB;FORMAÇÃO ECONÔMICA DO BRASIL
11202420718;DI1ESHC018-17SB;FORMAÇÃO ECONÔMICA DO BRASIL
11202321975;NA7BIS0005-15SB;BASES COMPUTACIONAIS DA CIÊNCIA
11202321280;DA1ESZI041-18SA;PROGRAMAÇÃO DE SOFTWARE EMBARCADO
11202422026;DA1NHZ6001-18SA;FUNDAMENTOS DA BIOTECNOLOGIA
11202230833;NA1ESZA011-17SA;ELETRÔNICA DE POTÊNCIA I
11202520802;DA1BIR0004-15SB;BASES EPISTEMOLÓGICAS DA CIÊNCIA MODERNA
11202422164;DA1NHZ1009-15SA;BIOLOGIA MOLECULAR E BIOTECNOLOGIA
11202131751;NA1ESMA001-23SA;SOLUÇÕES PARA DESAFIOS EM ENGENHARIA
11202520023;NA1ESTO015-17SB;MECÂNICA DOS FLUIDOS I
11202231558;DA1NHZ6001-18SA;FUNDAMENTOS DA BIOTECNOLOGIA
11202420660;NC1ESTO005-17SA;INTRODUÇÃO ÀS ENGENHARIAS
11202021520;NA1ESTE034-17SA;ENGENHARIA DE BIOCOMBUSTÍVEIS
11202112053;NC1ESTO005-17SA;INTRODUÇÃO ÀS ENGENHARIAS
11202231645;DAMCTC020-15SB;PSICOLOGIA EXPERIMENTAL
11202111178;NA1ESZM033-17SA;RECICLAGEM E AMBIENTE
11202521720;NA1ESAE002-23SA;DESENHO UNIVERSAL E TECNOLOGIA ASSISTIVA
11202230908;NA1NHZ6003-18SA;NANOBIOTECNOLOGIA
11202130445;NA1ESTE034-17SA;ENGENHARIA DE BIOCOMBUSTÍVEIS
11202421211;DA1ESTO014-17SB;TERMODINÂMICA APLICADA I
11202131437;DB1ESTA016-17SA;MÁQUINAS ELÉTRICAS
11202410067;DB1LCT1001-24SA;ESTÁGIO I NO ENSINO FUNDAMENTAL
11202521911;NB4BIL0304-15SA;EVOLUÇÃO E DIVERSIFICAÇÃO DA VIDA NA TERRA
11202521539;DB1ESTO011-17SA;FUNDAMENTOS DE DESENHO TÉCNICO
11202432368;NA1ESTB005-17SB;CIÊNCIA DOS MATERIAIS BIOCOMPATÍVEIS
11202520907;NC1ESTO005-17SA;INTRODUÇÃO ÀS ENGENHARIAS
11202130179;DA1MCTC002-15SA;INTRODUÇÃO À NEUROCIÊNCIA
11202521012;NA7BCJ0203-15SA;FENÔMENOS ELETROMAGNÉTICOS
11202130798;NA1ESHC027-21SB;ECONOMIA MATEMÁTICA
11202520394;DA1NHZ4080-20SA;HISTÓRIA DA QUÍMICA
11202421891;NA1ESHR028-21SB;REGIME INTERNACIONAL DOS DIREITOS HUMANOS
11202420489;NB4BIL0304-15SA;EVOLUÇÃO E DIVERSIFICAÇÃO DA VIDA NA TERRA
11202332434;DA1NHBQ007-22SA;FUNDAMENTOS DE QUÍMICA
11202532618;NA2BIR0004-15SB;BASES EPISTEMOLÓGICAS DA CIÊNCIA MODERNA
11202131444;NA1ESAE002-23SA;DESENHO UNIVERSAL E TECNOLOGIA ASSISTIVA
11202321069;NA1ESZU003-17SA;CONTAMINAÇÃO E REMEDIAÇÃO DE SOLOS
11202521782;NB1ESTA005-17SA;ANÁLISE DE SISTEMAS DINÂMICOS LINEARES
11202130218;DA1ESHC027-21SB;ECONOMIA MATEMÁTICA
11201921074;NA2ESHC037-21SB;ECONOMETRIA III
11202421664;DA1ESZG041-17SB;GESTÃO DA INOVAÇÃO
11201811037;NA1ESTO017-17SA;MÉTODOS EXPERIMENTAIS EM ENGENHARIA
11202231492;NB2BCN0405-15SA;INTRODUÇÃO ÀS EQUAÇÕES DIFERENCIAIS ORDINÁRIAS
11202422043;NA1ESTE033-17SA;ENGENHARIA SOLAR FOTOVOLTAICA
11202421666;DB1BCJ0205-15SA;FENÔMENOS TÉRMICOS
11202230820;NB1ESMA001-23SA;SOLUÇÕES PARA DESAFIOS EM ENGENHARIA
11202610239;NA1ESTU035-17SA;SISTEMAS DE ESGOTAMENTO SANITÁRIO
11202420767;DA1MCLM001-23SA;EDUCAÇÃO ESTATÍSTICA
11202230839;NA1NHT3066-15SA;VARIÁVEIS COMPLEXAS E APLICAÇÕES
11202320174;DA1NHLQ001-22SA;EXPERIMENTAÇÃO E ENSINO DE QUÍMICA
11202130338;DA1ESZG013-17SB;EMPREENDEDORISMO
11202522152;DA1LHZ0004-19SB;ÁSIA: CULTURA E PROCESSOS SÓCIO-POLÍTICOS
11201922329;NB1ESMA001-23SA;SOLUÇÕES PARA DESAFIOS EM ENGENHARIA
11202130926;NA1ESZB038-17SB;MODELAGEM E SIMULAÇÃO DO MOVIMENTO HUMANO
11202422079;NA2BCN0405-15SB;INTRODUÇÃO ÀS EQUAÇÕES DIFERENCIAIS ORDINÁRIAS
11202320388;DB1ESTA016-17SA;MÁQUINAS ELÉTRICAS
11201810550;NA1ESZU003-17SA;CONTAMINAÇÃO E REMEDIAÇÃO DE SOLOS
11202321525;NA1NHZ6003-18SA;NANOBIOTECNOLOGIA
11202522014;NA2BCJ0205-15SA;FENÔMENOS TÉRMICOS
11202021499;NA1ESTM005-17SA;MATERIAIS METÁLICOS
11202021499;NA1ESTM013-17SA;SELEÇÃO DE MATERIAIS
11202421806;NA1ESHP026-14SB;PARTICIPAÇÃO, MOVIMENTOS SOCIAIS E POLÍTICAS PÚBLICAS
11201810261;NA1ESTO011-17SB;FUNDAMENTOS DE DESENHO TÉCNICO
11202320715;NA1ESHT015-22SB;OFICINA DE PLANEJAMENTO URBANO
11202231003;DA1ESZP002-13SB;INSTITUIÇÕES JUDICIAIS E POLÍTICAS PÚBLICAS
11202421346;NA2ESTI015-17SA;COMUNICAÇÕES MÓVEIS
11202410045;DA1ESTO011-17SA;FUNDAMENTOS DE DESENHO TÉCNICO
11202021359;NA1ESZS028-17SB;PROJETO DE AERONAVES I
11202421020;DA1LHZ0004-19SB;ÁSIA: CULTURA E PROCESSOS SÓCIO-POLÍTICOS
11146909;DA1NHZ6001-18SA;FUNDAMENTOS DA BIOTECNOLOGIA
11202130973;NA1ESZA011-17SA;ELETRÔNICA DE POTÊNCIA I
11202520991;DA1NHT1072-15SA;ECOLOGIA COMPORTAMENTAL
11202231178;NA1ESZU022-17SA;CIÊNCIAS ATMOSFÉRICAS
11202332433;NA1ESAE002-23SA;DESENHO UNIVERSAL E TECNOLOGIA ASSISTIVA
11202522468;NB2BIS0003-15SB;BASES MATEMÁTICAS
11202422083;DA1NHT5013-22SA;PRÁTICAS DE ENSINO DE CIÊNCIAS E MATEMÁTICA NO ENSINO FUNDAMENTAL
11202322145;DA1MCTB019-17SA;MATEMÁTICA DISCRETA
11201922407;NA1ESTG009-17SB;GESTÃO DE OPERAÇÕES
11202421783;NA1ESHP026-14SB;PARTICIPAÇÃO, MOVIMENTOS SOCIAIS E POLÍTICAS PÚBLICAS
11201922339;DA1ESZP002-13SB;INSTITUIÇÕES JUDICIAIS E POLÍTICAS PÚBLICAS
11202021129;NC1ESTO006-17SA;MATERIAIS E SUAS PROPRIEDADES
11202520939;DA1LHE0004-19SB;TEORIA DA HISTÓRIA I
11202610096;DA1ESHC018-17SB;FORMAÇÃO ECONÔMICA DO BRASIL
11202522014;NA1BCN0407-15SA;FUNÇÕES DE VÁRIAS VARIÁVEIS
11202421248;DA1ESHR019-21SB;CHINA NAS RELAÇÕES INTERNACIONAIS
11202420428;DC2ESMA001-23SA;SOLUÇÕES PARA DESAFIOS EM ENGENHARIA
11202610018;NA1NHBQ007-22SA;FUNDAMENTOS DE QUÍMICA
11202321522;DA2BCM0505-22SA;PROCESSAMENTO DA INFORMAÇÃO
11202421530;NA2ESTO017-17SA;MÉTODOS EXPERIMENTAIS EM ENGENHARIA
11202232271;NB1BCN0407-15SB;FUNÇÕES DE VÁRIAS VARIÁVEIS
11202131236;DA1BCJ0205-15SA;FENÔMENOS TÉRMICOS
11202420870;NA1ESTG009-17SB;GESTÃO DE OPERAÇÕES
11201812379;NA1ESHP021-13SB;TRAJETÓRIAS DAS POLÍTICAS DE CT&I NO BRASIL
11202321074;DA1ESTS004-17SB;DESEMPENHO DE AERONAVES
11202021755;DA1ESTO013-17SA;ENGENHARIA ECONÔMICA
11202021755;DA1ESTO011-17SB;FUNDAMENTOS DE DESENHO TÉCNICO
11202410028;NA1BCN0407-15SA;FUNÇÕES DE VÁRIAS VARIÁVEIS
11202521077;NA3BCN0405-15SA;INTRODUÇÃO ÀS EQUAÇÕES DIFERENCIAIS ORDINÁRIAS
11201810261;NA1ESTG009-17SB;GESTÃO DE OPERAÇÕES
11202321243;DA1BIR0603-15SB;CIÊNCIA, TECNOLOGIA E SOCIEDADE
11202321243;DB1BCM0506-15SB;COMUNICAÇÃO E REDES
11202321243;DB1BIN0406-15SB;INTRODUÇÃO À PROBABILIDADE E À ESTATÍSTICA
11202321243;DA1MCZC004-15SB;DESENVOLVIMENTO E DEGENERAÇÃO DO SISTEMA NERVOSO
11201723015;DA1NHT1072-15SA;ECOLOGIA COMPORTAMENTAL
11202521502;NC1ESTO005-17SA;INTRODUÇÃO ÀS ENGENHARIAS
11202131236;NB2BCL0307-15SA;TRANSFORMAÇÕES QUÍMICAS
11202421629;DA1ESHR019-21SB;CHINA NAS RELAÇÕES INTERNACIONAIS
11202231178;NA1NHT5013-22SA;PRÁTICAS DE ENSINO DE CIÊNCIAS E MATEMÁTICA NO ENSINO FUNDAMENTAL
11202321305;NA1ESHT020-17SB;POLÍTICA METROPOLITANA
11201922326;NA1MCZA053-22SA;DESENVOLVIMENTO GUIADO POR TIPOS
11202532663;DC1BIS0003-15SB;BASES MATEMÁTICAS
11202522310;NA4BCM0506-15SA;COMUNICAÇÃO E REDES
11202320289;NA1ESZI030-17SA;GERENCIAMENTO E INTEROPERABILIDADE DE REDES
11202532663;DB1BHO0102-15SB;DESENVOLVIMENTO E SUSTENTABILIDADE
11202321032;NI1ESZR025-21SB;CONFLITOS, PAZ E NEGOCIAÇÃO INTERNACIONAL (PRÁTICA)
11202321032;NA1ESHR028-21SB;REGIME INTERNACIONAL DOS DIREITOS HUMANOS
11202021365;DA1ESZG017-17SB;CLIMA E CULTURA ORGANIZACIONAL
11202021365;DA1ESGE007-23SB;GESTÃO AMBIENTAL EMPRESARIAL
11202021365;DA1ESZG043-17SB;PROJETO VIRTUAL E INTEGRADO DE MANUFATURA
11202321566;NA1LHZ0038-22SB;HISTÓRIA E GÊNERO
11202321566;NA1LHZ0023-19SB;METODOLOGIA EM HISTÓRIA
11202532660;DA1BCS0002-25SB;PROJETO DIRIGIDO
11201921960;NA1NHLH003-24SB;BRASIL: COLONIZAÇÃO E RESISTÊNCIA
11202230636;NA1MCZC004-15SB;DESENVOLVIMENTO E DEGENERAÇÃO DO SISTEMA NERVOSO
11202522264;NA1BCN0405-15SA;INTRODUÇÃO ÀS EQUAÇÕES DIFERENCIAIS ORDINÁRIAS
11202022170;NA1ESTE037-17SA;ANÁLISE ECONÔMICA DE PROJETOS ENERGÉTICOS
11202321525;NA1ESAE002-23SA;DESENHO UNIVERSAL E TECNOLOGIA ASSISTIVA
11202322038;NANHZ2106-18SB;FILOSOFIA DA CIÊNCIA
11202322038;NA1ESHP009-22SB;BUROCRACIA E IMPLEMENTAÇÃO DE POLÍTICAS PÚBLICAS
11202322038;NA1LHZ0038-22SB;HISTÓRIA E GÊNERO
11201922407;DA1ESZG017-17SB;CLIMA E CULTURA ORGANIZACIONAL
11202230803;NB1BCN0405-15SA;INTRODUÇÃO ÀS EQUAÇÕES DIFERENCIAIS ORDINÁRIAS
11202021054;NA1NHLH005-24SB;HISTÓRIA DA DEMOCRACIA E DOS REGIMES AUTORITÁRIOS NO BRASIL CONTEMPORÂNEO
11202322013;NA1ESZP002-13SB;INSTITUIÇÕES JUDICIAIS E POLÍTICAS PÚBLICAS
11202130606;DA2MCZA018-17SA;PROCESSAMENTO DIGITAL DE IMAGENS
11202130152;DA1ESTB005-17SB;CIÊNCIA DOS MATERIAIS BIOCOMPATÍVEIS
11202131437;NB1ESTA005-17SA;ANÁLISE DE SISTEMAS DINÂMICOS LINEARES
11202520573;NB6BCJ0203-15SA;FENÔMENOS ELETROMAGNÉTICOS
11202130954;NA1ESTO013-17SB;ENGENHARIA ECONÔMICA
11202231558;DA1ESZB021-17SB;INTRODUÇÃO À ENGENHARIA BIOMÉDICA
11202420465;DA1ESTO008-17SB;MECÂNICA DOS SÓLIDOS I
11202321761;NA1ESHR903-18SB;METODOLOGIA DE PESQUISA EM RELAÇÕES INTERNACIONAIS (TCC 1)
11202130090;DB1BIN0406-15SA;INTRODUÇÃO À PROBABILIDADE E À ESTATÍSTICA
11202020607;DA1ESZB022-17SA;INTRODUÇÃO À BIOINFORMÁTICA
11202520390;DA2BCJ0203-15SA;FENÔMENOS ELETROMAGNÉTICOS
11202320268;NA2ESTO006-17SB;MATERIAIS E SUAS PROPRIEDADES
11202022149;DA1ESZG036-17SB;CONCEITOS DE MARKETING
11202321480;NA1ESTA019-17SA;PROJETO ASSISTIDO POR COMPUTADOR
11202321480;NC1ESMA001-23SA;SOLUÇÕES PARA DESAFIOS EM ENGENHARIA
11202520777;DA1BCS0004-25SA;PRÁTICAS EXTENSIONISTAS EM LETRAMENTO DIGITAL
11202230861;NA1ESTA003-17SA;SISTEMAS DE CONTROLE I
11202231585;NB3BCJ0203-15SA;FENÔMENOS ELETROMAGNÉTICOS
11202320488;NA1ESTU032-17SA;REPRESENTAÇÃO GRÁFICA DE PROJETOS AMBIENTAIS E URBANOS
11202232375;NA1BCN0405-15SA;INTRODUÇÃO ÀS EQUAÇÕES DIFERENCIAIS ORDINÁRIAS
11202130380;NA1ESHT012-17SB;MOBILIZAÇÃO PRODUTIVA DOS TERRITÓRIOS E DESENVOLVIMENTO LOCAL
11202420943;NA1NHBQ007-22SA;FUNDAMENTOS DE QUÍMICA
11202420355;NA2BCJ0203-15SA;FENÔMENOS ELETROMAGNÉTICOS
11202322018;NA3BIS0003-15SB;BASES MATEMÁTICAS
11202322018;NA3BIN0406-15SB;INTRODUÇÃO À PROBABILIDADE E À ESTATÍSTICA
11202332359;NB1BCN0407-15SB;FUNÇÕES DE VÁRIAS VARIÁVEIS
11202332359;DA1ESZU034-17SB;ECOLOGIA DO AMBIENTE URBANO
11202532677;NAMCNC002-23SB;NEUROCIÊNCIA TEÓRICA E COMPUTACIONAL
11202421234;DA1ESTG023-17SB;ORGANIZAÇÃO DO TRABALHO
11202111787;DB1ESTI016-17SA;FUNDAMENTOS DE FOTÔNICA
11202111787;NA2ESMA002-23SB;INOVAÇÕES PARA ENGENHARIA
11202420304;NB1BCL0307-15SA;TRANSFORMAÇÕES QUÍMICAS
11202521878;DA1NHLH003-24SB;BRASIL: COLONIZAÇÃO E RESISTÊNCIA
11202521878;DB1NHI5015-22SB;LIBRAS
11202320986;DA1LHZ0006-19SB;CARTOGRAFIA ESCOLAR E INCLUSIVA
11202421796;NA1ESHR024-14SB;HISTÓRIA DA POLÍTICA EXTERNA BRASILEIRA
11202421796;NA1ESHR028-21SB;REGIME INTERNACIONAL DOS DIREITOS HUMANOS
11202421796;NA1ESZR037-21SB;TÓPICOS ESPECIAIS EM RELAÇÕES INTERNACIONAIS
11202332329;NA1ESZR037-21SB;TÓPICOS ESPECIAIS EM RELAÇÕES INTERNACIONAIS
11202421058;NA1NHT5013-22SA;PRÁTICAS DE ENSINO DE CIÊNCIAS E MATEMÁTICA NO ENSINO FUNDAMENTAL
11202020868;NA1NHLH005-24SB;HISTÓRIA DA DEMOCRACIA E DOS REGIMES AUTORITÁRIOS NO BRASIL CONTEMPORÂNEO
11202320493;NA1ESTO001-17SB;CIRCUITOS ELÉTRICOS E FOTÔNICA
11202320493;NA1ESMA002-23SB;INOVAÇÕES PARA ENGENHARIA
11202421670;NI1ESZR025-21SB;CONFLITOS, PAZ E NEGOCIAÇÃO INTERNACIONAL (PRÁTICA)
11202610073;NB1BCN0407-15SA;FUNÇÕES DE VÁRIAS VARIÁVEIS
11201810261;NA1BCJ0205-15SB;FENÔMENOS TÉRMICOS
11202230667;NA2BCN0407-15SB;FUNÇÕES DE VÁRIAS VARIÁVEIS
11202230667;NA3BCM0505-22SA;PROCESSAMENTO DA INFORMAÇÃO
11202231077;DA1ESZG036-17SB;CONCEITOS DE MARKETING
11202230989;DA1NHT1054-15SA;HISTOLOGIA E EMBRIOLOGIA
11202522096;DC1ESTO005-17SA;INTRODUÇÃO ÀS ENGENHARIAS
11202230623;NB1ESMA001-23SA;SOLUÇÕES PARA DESAFIOS EM ENGENHARIA
11202230884;NA2ESMA002-23SB;INOVAÇÕES PARA ENGENHARIA
11202020864;NA1ESTU025-17SA;AVALIAÇÃO DE IMPACTOS AMBIENTAIS
11202230564;NA1ESHR903-18SB;METODOLOGIA DE PESQUISA EM RELAÇÕES INTERNACIONAIS (TCC 1)
11202230564;NA1ESZR037-21SB;TÓPICOS ESPECIAIS EM RELAÇÕES INTERNACIONAIS
11202420826;NA3BCS0002-25SA;PROJETO DIRIGIDO
11202410045;DA1MCTC002-15SA;INTRODUÇÃO À NEUROCIÊNCIA
11202320939;DA1ESHR005-13SB;ESTADO E DESENVOLVIMENTO ECONÔMICO NO BRASIL CONTEMPORÂNEO
11202320939;NA1ESZP041-14SB;ADMINISTRAÇÃO PÚBLICA E REFORMA DO ESTADO EM PERSPECTIVA COMPARADA
11201720608;NB1BCN0407-15SB;FUNÇÕES DE VÁRIAS VARIÁVEIS
11202230356;NA1ESTA023-17SA;INTRODUÇÃO AOS PROCESSOS DE FABRICAÇÃO
11202520606;DA1BIN0406-15SA;INTRODUÇÃO À PROBABILIDADE E À ESTATÍSTICA
11202322065;DA1NHLB002-23SA;PRÁTICAS DE ENSINO DE BIOLOGIA E APRENDIZAGEM
11202230919;NA1ESZE006-17SA;SUBESTAÇÃO E EQUIPAMENTOS
11202521297;DA1NHZ6001-18SA;FUNDAMENTOS DA BIOTECNOLOGIA
11202510041;NB1BCM0506-15SB;COMUNICAÇÃO E REDES
11202510041;NA1NHLH008-24SB;REVOLUÇÕES E REGIMES AUTORITÁRIOS NA AMÉRICA LATINA CONTEMPORÂNEA
11202420918;DA1ESHC031-17SB;MACROECONOMIA PÓS-KEYNESIANA
11202321165;NA1ESZP041-14SB;ADMINISTRAÇÃO PÚBLICA E REFORMA DO ESTADO EM PERSPECTIVA COMPARADA
11202420954;NA1ESZB005-17SB;INTRODUÇÃO À BIOTECNOLOGIA
11202022190;DB1ESTA016-17SA;MÁQUINAS ELÉTRICAS
11202322104;NB1NHT5013-22SA;PRÁTICAS DE ENSINO DE CIÊNCIAS E MATEMÁTICA NO ENSINO FUNDAMENTAL
11202422085;DA1ESTO011-17SA;FUNDAMENTOS DE DESENHO TÉCNICO
11202131964;NB1BCM0505-22SA;PROCESSAMENTO DA INFORMAÇÃO
11202231622;DA1MCTD009-18SA;GEOMETRIA PLANA AXIOMÁTICA
11202111558;NA1ESHT009-17SB;HISTÓRIA DA CIDADE E DO URBANISMO
11202322028;DA1NHBB009-23SB;BIOQUÍMICA DO SISTEMA NERVOSO CENTRAL
11202321955;NA1BCS0004-25SA;PRÁTICAS EXTENSIONISTAS EM LETRAMENTO DIGITAL
11202421336;DA1ESZU034-17SB;ECOLOGIA DO AMBIENTE URBANO
11202231993;NAMCNC002-23SB;NEUROCIÊNCIA TEÓRICA E COMPUTACIONAL
11202321074;DB1ESTO005-17SB;INTRODUÇÃO ÀS ENGENHARIAS
11202310109;NA1ESHP009-22SB;BUROCRACIA E IMPLEMENTAÇÃO DE POLÍTICAS PÚBLICAS
11202321536;DA1NHZ6008-18SA;ENGENHARIA METABÓLICA
11202321536;DANHBP010-23SA;ÓPTICA E RELATIVIDADE
11201810550;NA1ESTU028-17SA;HIDRÁULICA DE CONDUTOS FORÇADOS
11201920415;NC1ESMA001-23SA;SOLUÇÕES PARA DESAFIOS EM ENGENHARIA
11202610078;NA1ESHR024-14SB;HISTÓRIA DA POLÍTICA EXTERNA BRASILEIRA
11201920282;NA1NHZ6003-18SA;NANOBIOTECNOLOGIA
11202610048;NA4BCM0506-15SA;COMUNICAÇÃO E REDES
11202610048;NB6BCJ0203-15SA;FENÔMENOS ELETROMAGNÉTICOS
11202320205;DANHZ2106-18SB;FILOSOFIA DA CIÊNCIA
11202320588;DA1NHT1072-15SA;ECOLOGIA COMPORTAMENTAL
11045915;NA1ESTE016-17SA;INTRODUÇÃO AOS SISTEMAS ELÉTRICOS DE POTÊNCIA
11045915;NA1ESTE023-17SA;TRANSFERÊNCIA DE CALOR II
11202522142;DA1BIQ0602-15SB;ESTRUTURA E DINÂMICA SOCIAL
11202131213;DA1NHZ1037-15SB;PARASITOLOGIA
11202420232;NA1ESAE002-23SA;DESENHO UNIVERSAL E TECNOLOGIA ASSISTIVA
11202521153;NC1ESMA001-23SA;SOLUÇÕES PARA DESAFIOS EM ENGENHARIA
11202021040;DA1MCCC005-23SA;ANÁLISE DE ALGORITMOS II
11202420428;DA1NHZ5020-15SA;EDUCAÇÃO INCLUSIVA
11202332426;NI1ESZR025-21SB;CONFLITOS, PAZ E NEGOCIAÇÃO INTERNACIONAL (PRÁTICA)
11202522076;DA1ESHT020-17SB;POLÍTICA METROPOLITANA
11202231652;DA1ESAE002-23SA;DESENHO UNIVERSAL E TECNOLOGIA ASSISTIVA
11202230549;NAMCNC002-23SB;NEUROCIÊNCIA TEÓRICA E COMPUTACIONAL
11202111987;DA10BIS0005-15SA;BASES COMPUTACIONAIS DA CIÊNCIA
11202111987;DA3BIS0003-15SB;BASES MATEMÁTICAS
11202111987;DA2BCM0505-22SA;PROCESSAMENTO DA INFORMAÇÃO
11202610172;DA1ESHR019-21SB;CHINA NAS RELAÇÕES INTERNACIONAIS
11202021910;DA1ESTG008-17SB;GERÊNCIA DE ATIVOS
11202420907;DA1MCLM001-23SA;EDUCAÇÃO ESTATÍSTICA
11202421564;NA1MCZC016-15SB;NEUROCIÊNCIA DA COGNIÇÃO MUSICAL
11202022189;DB1BCS0002-25SB;PROJETO DIRIGIDO
11202320885;NA1NHT5013-22SA;PRÁTICAS DE ENSINO DE CIÊNCIAS E MATEMÁTICA NO ENSINO FUNDAMENTAL
11202230623;NA1ESTU034-17SA;SISTEMAS DE ABASTECIMENTO DE ÁGUAS
11202320480;NA1ESTE033-17SA;ENGENHARIA SOLAR FOTOVOLTAICA
11202131213;DA1MCBM026-23SA;MODELAGEM MATEMÁTICA EM ECOLOGIA E EVOLUÇÃO
11202322160;NA2BIR0004-15SB;BASES EPISTEMOLÓGICAS DA CIÊNCIA MODERNA
11202130015;DA1NHLQ001-22SA;EXPERIMENTAÇÃO E ENSINO DE QUÍMICA
11202130015;DA1NHLB002-23SA;PRÁTICAS DE ENSINO DE BIOLOGIA E APRENDIZAGEM
11202610088;DA1BCS0004-25SB;PRÁTICAS EXTENSIONISTAS EM LETRAMENTO DIGITAL
11202421783;DA1ESHR005-13SB;ESTADO E DESENVOLVIMENTO ECONÔMICO NO BRASIL CONTEMPORÂNEO
11202111163;NA1ESTE037-17SA;ANÁLISE ECONÔMICA DE PROJETOS ENERGÉTICOS
11202111163;NANHZ2109-18SB;TEORIA DAS CIÊNCIAS HUMANAS
11202022170;NA2ESTI015-17SA;COMUNICAÇÕES MÓVEIS
11201811733;NC2ESMA001-23SA;SOLUÇÕES PARA DESAFIOS EM ENGENHARIA
11202130590;NA1ESHC027-21SB;ECONOMIA MATEMÁTICA
11201810382;NA1ESZU022-17SA;CIÊNCIAS ATMOSFÉRICAS
11202232107;NB1ESTO017-17SA;MÉTODOS EXPERIMENTAIS EM ENGENHARIA
11202130357;DANHZ2117-18SB;HISTÓRIA E FILOSOFIA DA BIOLOGIA
11201810095;NANHBP010-23SA;ÓPTICA E RELATIVIDADE
11202131851;DI1ESZR025-21SB;CONFLITOS, PAZ E NEGOCIAÇÃO INTERNACIONAL (PRÁTICA)
11201812049;NA2BCM0506-15SA;COMUNICAÇÃO E REDES
11202320668;DA1ESZG013-17SB;EMPREENDEDORISMO
11202111950;NA1ESHR024-14SB;HISTÓRIA DA POLÍTICA EXTERNA BRASILEIRA
11202232192;DC1BIS0003-15SB;BASES MATEMÁTICAS
11202111778;DA1ESHR028-21SB;REGIME INTERNACIONAL DOS DIREITOS HUMANOS
11202231043;NA1NHT1054-15SA;HISTOLOGIA E EMBRIOLOGIA
11202320716;NA3BIS0003-15SB;BASES MATEMÁTICAS
11202020707;NA1ESHT018-17SB;PLANEJAMENTO E POLÍTICA REGIONAL
11202420711;NB2BIR0004-15SB;BASES EPISTEMOLÓGICAS DA CIÊNCIA MODERNA
11202230926;NA1MCTB009-17SA;CÁLCULO NUMÉRICO
11202231826;NB1ESTA017-17SA;LABORATÓRIO DE MÁQUINAS ELÉTRICAS
11201920326;DA1ESZU017-17SA;SENSORIAMENTO REMOTO
11202130800;NA1MCZC016-15SB;NEUROCIÊNCIA DA COGNIÇÃO MUSICAL
11202420896;NA2ESMA002-23SB;INOVAÇÕES PARA ENGENHARIA
11202231392;DA1NHZ1009-15SA;BIOLOGIA MOLECULAR E BIOTECNOLOGIA
11202320822;DA3BIS0003-15SB;BASES MATEMÁTICAS
11202321718;DA1ESEN002-23SA;ENERGIA, MEIO AMBIENTE E SOCIEDADE
11202320527;NA1ESHR028-21SB;REGIME INTERNACIONAL DOS DIREITOS HUMANOS
11202421112;NA1ESTO016-17SA;FENÔMENOS DE TRANSPORTE
11202332383;ND2BCS0001-25SA;BASE EXPERIMENTAL DAS CIÊNCIAS NATURAIS
11202332383;NA1ESMA001-23SA;SOLUÇÕES PARA DESAFIOS EM ENGENHARIA
11202610047;ND2BCS0001-25SA;BASE EXPERIMENTAL DAS CIÊNCIAS NATURAIS
11202020611;NA1ESTS004-17SB;DESEMPENHO DE AERONAVES
11202020611;NA1ESAE008-23SB;DINÂMICA DO VOO
11202020611;DA1ESZS029-17SB;DINÂMICA ORBITAL
11202020611;NA1ESZS028-17SB;PROJETO DE AERONAVES I
11202131490;DB1ESTO005-17SA;INTRODUÇÃO ÀS ENGENHARIAS
11202020059;NA1MCTC009-15SB;PROGRESSOS E MÉTODOS EM NEUROCIÊNCIA
11202421976;DB2BCJ0205-15SA;FENÔMENOS TÉRMICOS
11202521614;DA4BIK0102-15SA;ESTRUTURA DA MATÉRIA
11202421867;NC2ESMA001-23SA;SOLUÇÕES PARA DESAFIOS EM ENGENHARIA
11202522140;DB2ESTO006-17SA;MATERIAIS E SUAS PROPRIEDADES
11202020481;NC2BCS0001-25SB;BASE EXPERIMENTAL DAS CIÊNCIAS NATURAIS
11021816;NA2ESTO004-17SA;INSTRUMENTAÇÃO E CONTROLE
11202522422;NA1ESTU031-17SA;RECUPERAÇÃO DE ÁREAS DEGRADADAS
11202421590;NA5BCJ0203-15SA;FENÔMENOS ELETROMAGNÉTICOS
11202321306;NA1MCTD009-18SA;GEOMETRIA PLANA AXIOMÁTICA
11202210073;NA1ESZR037-21SB;TÓPICOS ESPECIAIS EM RELAÇÕES INTERNACIONAIS
11202321720;DB1BHQ0004-19SB;ESTUDOS DE GÊNERO
11202021776;NA1NHT4025-15SA;MÉTODOS DE ANÁLISE EM QUÍMICA ORGÂNICA
11202130096;NB2BIN0406-15SB;INTRODUÇÃO À PROBABILIDADE E À ESTATÍSTICA
11202022157;NB2BIN0406-15SB;INTRODUÇÃO À PROBABILIDADE E À ESTATÍSTICA
11202130412;NA1ESZU003-17SA;CONTAMINAÇÃO E REMEDIAÇÃO DE SOLOS
11202131001;NANHZ2106-18SB;FILOSOFIA DA CIÊNCIA
11202532712;DB1BHO1102-19SB;INTRODUÇÃO À ECONOMIA
11202130138;DA1ESZC022-17SB;TÓPICOS AVANÇADOS EM DESENVOLVIMENTO SOCIOECONÔMICO
11202111574;DA1NHT5013-22SA;PRÁTICAS DE ENSINO DE CIÊNCIAS E MATEMÁTICA NO ENSINO FUNDAMENTAL
11202321483;NA1ESZP041-14SB;ADMINISTRAÇÃO PÚBLICA E REFORMA DO ESTADO EM PERSPECTIVA COMPARADA
11202320548;DB1BHQ0004-19SB;ESTUDOS DE GÊNERO
11202520896;DB2BIS0003-15SB;BASES MATEMÁTICAS
11202321822;NANHZ2109-18SB;TEORIA DAS CIÊNCIAS HUMANAS
11202210012;NA1ESZB005-17SB;INTRODUÇÃO À BIOTECNOLOGIA
11202321699;NA2BCJ0203-15SA;FENÔMENOS ELETROMAGNÉTICOS
11202321699;NB1BCN0407-15SA;FUNÇÕES DE VÁRIAS VARIÁVEIS
11202022156;DA1BCJ0203-15SA;FENÔMENOS ELETROMAGNÉTICOS
11202022156;DA1BIN0406-15SA;INTRODUÇÃO À PROBABILIDADE E À ESTATÍSTICA
11202132036;DA1MCTD024-18SA;ANÁLISE NA EDUCAÇÃO BÁSICA
11202420619;DA1ESTO013-17SA;ENGENHARIA ECONÔMICA
11202610015;NB8BIS0005-15SA;BASES COMPUTACIONAIS DA CIÊNCIA
11202230448;NA2ESTA003-17SA;SISTEMAS DE CONTROLE I
11202321704;DA1ESHR028-21SB;REGIME INTERNACIONAL DOS DIREITOS HUMANOS
11202321704;DA1ESHR015-21SB;SEGURANÇA INTERNACIONAL
11202230449;NB7BIS0005-15SB;BASES COMPUTACIONAIS DA CIÊNCIA
11202320291;NA1NHLH005-24SB;HISTÓRIA DA DEMOCRACIA E DOS REGIMES AUTORITÁRIOS NO BRASIL CONTEMPORÂNEO
11201920728;NA1ESTM018-17SA;TERMODINÂMICA DE MATERIAIS
11202320208;NA1ESZP002-13SB;INSTITUIÇÕES JUDICIAIS E POLÍTICAS PÚBLICAS
11202521551;NA1NHT4025-15SA;MÉTODOS DE ANÁLISE EM QUÍMICA ORGÂNICA
11202420860;NA1NHH2023-16SB;FILOSOFIA DO ENSINO DE FILOSOFIA
11202420860;NA1LHZ0023-19SB;METODOLOGIA EM HISTÓRIA
11202420860;NANHZ2068-18SB;TEMAS DE FILOSOFIA MEDIEVAL I
11202420860;NA1ESHP021-13SB;TRAJETÓRIAS DAS POLÍTICAS DE CT&I NO BRASIL
11202532712;DA1BIQ0602-15SB;ESTRUTURA E DINÂMICA SOCIAL
11202420185;DB1BIN0406-15SB;INTRODUÇÃO À PROBABILIDADE E À ESTATÍSTICA
11202022151;NA1BCN0407-15SA;FUNÇÕES DE VÁRIAS VARIÁVEIS
11202022151;NA1ESAE002-23SA;DESENHO UNIVERSAL E TECNOLOGIA ASSISTIVA
11201811597;DA1MCTC014-13SB;INTRODUÇÃO À INFERÊNCIA ESTATÍSTICA
11202231281;DA1ESRI001-23SB;OFICINA DE RELAÇÕES INTERNACIONAIS
11202021700;NA1ESTO016-17SA;FENÔMENOS DE TRANSPORTE
11202322183;DA1NHLH005-24SB;HISTÓRIA DA DEMOCRACIA E DOS REGIMES AUTORITÁRIOS NO BRASIL CONTEMPORÂNEO
11202320896;NB2ESTA007-17SA;ELETRÔNICA ANALÓGICA APLICADA
11202210046;NANHH2019-13SB;FILOSOFIA DA LINGUAGEM
11201822530;DA1ESHR028-21SB;REGIME INTERNACIONAL DOS DIREITOS HUMANOS
11202022156;DA1NHBQ007-22SA;FUNDAMENTOS DE QUÍMICA
11201721142;NA1NHLH005-24SB;HISTÓRIA DA DEMOCRACIA E DOS REGIMES AUTORITÁRIOS NO BRASIL CONTEMPORÂNEO
11202421988;DA1MCCC005-23SA;ANÁLISE DE ALGORITMOS II
11202021765;DA1ESTO016-17SB;FENÔMENOS DE TRANSPORTE
11202432333;DA1BIK0102-15SB;ESTRUTURA DA MATÉRIA
11202432333;DA2BIN0406-15SB;INTRODUÇÃO À PROBABILIDADE E À ESTATÍSTICA
11202232159;NA1BCN0407-15SB;FUNÇÕES DE VÁRIAS VARIÁVEIS
11085013;DA1MCTC002-15SA;INTRODUÇÃO À NEUROCIÊNCIA
11202212468;DA1ESZG017-17SB;CLIMA E CULTURA ORGANIZACIONAL
11202421748;NA1BCN0405-15SB;INTRODUÇÃO ÀS EQUAÇÕES DIFERENCIAIS ORDINÁRIAS
11201921394;NA1LHZ0038-22SB;HISTÓRIA E GÊNERO
11202520599;NA1ESZP041-14SB;ADMINISTRAÇÃO PÚBLICA E REFORMA DO ESTADO EM PERSPECTIVA COMPARADA
11202522255;NA3BCN0405-15SA;INTRODUÇÃO ÀS EQUAÇÕES DIFERENCIAIS ORDINÁRIAS
11202522255;NA1BCM0505-22SB;PROCESSAMENTO DA INFORMAÇÃO
11202131263;NA2BIR0004-15SB;BASES EPISTEMOLÓGICAS DA CIÊNCIA MODERNA
11202322005;NA1LHE0002-22SB;LABORATÓRIO DE PRÁTICAS INTEGRADORAS I (PCC)
11202322005;NA2ESMA002-23SB;INOVAÇÕES PARA ENGENHARIA
11202322005;NA2ESMA001-23SB;SOLUÇÕES PARA DESAFIOS EM ENGENHARIA
11202522135;NA2BCJ0205-15SA;FENÔMENOS TÉRMICOS
11202421548;DA2MCZA018-17SA;PROCESSAMENTO DIGITAL DE IMAGENS
11202421548;DA1MCCC005-23SA;ANÁLISE DE ALGORITMOS II
11202421548;DA1ESZI041-18SA;PROGRAMAÇÃO DE SOFTWARE EMBARCADO
11202020809;NA1NHBQ012-22SA;QUÍMICA DE MACROMOLÉCULAS BIOLÓGICAS
11202021488;NA3BCN0405-15SA;INTRODUÇÃO ÀS EQUAÇÕES DIFERENCIAIS ORDINÁRIAS
11201932460;NA1ESHR903-18SB;METODOLOGIA DE PESQUISA EM RELAÇÕES INTERNACIONAIS (TCC 1)
11202321364;DB1ESTO005-17SA;INTRODUÇÃO ÀS ENGENHARIAS
11202522239;DA1MCTC001-15SB;INTRODUÇÃO À FILOSOFIA DA MENTE
11202421222;NB1ESTO017-17SA;MÉTODOS EXPERIMENTAIS EM ENGENHARIA
11202310052;NA1MCCC010-23SA;MATEMÁTICA DISCRETA II
11202231213;NA1NHZ2052-11SB;PENSAMENTO KANTIANO E SEUS DESDOBRAMENTOS CONTEMPORÂNEOS
11202420750;DA1ESEN002-23SA;ENERGIA, MEIO AMBIENTE E SOCIEDADE
11202521829;DA1ESTO012-17SB;PRINCÍPIOS DE ADMINISTRAÇÃO
11202021347;NA1ESZI030-17SA;GERENCIAMENTO E INTEROPERABILIDADE DE REDES
11202522082;DA1BIQ0602-15SB;ESTRUTURA E DINÂMICA SOCIAL
11201810259;NB1ESTO006-17SB;MATERIAIS E SUAS PROPRIEDADES
11202021935;DA1ESTA014-17SA;SISTEMAS CAD/CAM
11202421056;DA1ESZB021-17SB;INTRODUÇÃO À ENGENHARIA BIOMÉDICA
11202021106;NA1ESTU036-17SA;SISTEMAS DE DRENAGEM URBANA
11202420750;DA1NHBB006-23SA;AÇÕES EXTENSIONISTAS EM FISIOLOGIA E SAÚDE
11202422095;DA1MCTC001-15SB;INTRODUÇÃO À FILOSOFIA DA MENTE
11202021063;NA1ESZU003-17SA;CONTAMINAÇÃO E REMEDIAÇÃO DE SOLOS
11202130456;ND3BCS0001-25SA;BASE EXPERIMENTAL DAS CIÊNCIAS NATURAIS
11202421109;DA1BIK0102-15SB;ESTRUTURA DA MATÉRIA
11202421109;DA1NHI5015-22SB;LIBRAS
11202421109;NB2BIN0406-15SB;INTRODUÇÃO À PROBABILIDADE E À ESTATÍSTICA
11201812036;NA1ESZR037-21SB;TÓPICOS ESPECIAIS EM RELAÇÕES INTERNACIONAIS
11201811289;NA1NHLH003-24SB;BRASIL: COLONIZAÇÃO E RESISTÊNCIA
11202230974;DA1NHT1071-15SA;PRÁTICAS DE ECOLOGIA
11202432375;DA8BCJ0203-15SA;FENÔMENOS ELETROMAGNÉTICOS
11202131453;DB2BIS0003-15SB;BASES MATEMÁTICAS
11202521179;NA3BIN0406-15SB;INTRODUÇÃO À PROBABILIDADE E À ESTATÍSTICA
11068516;NA1MCCC005-23SA;ANÁLISE DE ALGORITMOS II
11202422195;NA1ESHP026-14SB;PARTICIPAÇÃO, MOVIMENTOS SOCIAIS E POLÍTICAS PÚBLICAS
11202422195;NA1ESZP002-13SB;INSTITUIÇÕES JUDICIAIS E POLÍTICAS PÚBLICAS
11202231993;NA2ESMA001-23SB;SOLUÇÕES PARA DESAFIOS EM ENGENHARIA
11202421173;DA2BCS0004-25SA;PRÁTICAS EXTENSIONISTAS EM LETRAMENTO DIGITAL
11202420880;NA1ESZI039-17SA;PROPAGAÇÃO E ANTENAS
11202232332;NA1NHLH005-24SB;HISTÓRIA DA DEMOCRACIA E DOS REGIMES AUTORITÁRIOS NO BRASIL CONTEMPORÂNEO
11202111725;NA1ESHR028-21SB;REGIME INTERNACIONAL DOS DIREITOS HUMANOS
11202321351;DA1ESHC031-17SB;MACROECONOMIA PÓS-KEYNESIANA
11202321351;DA1ESHC024-19SB;MACROECONOMIA III
11068516;NA1MCZA053-22SA;DESENVOLVIMENTO GUIADO POR TIPOS
11202231674;DA1MCTC014-13SA;INTRODUÇÃO À INFERÊNCIA ESTATÍSTICA
11202610137;DA1ESHR005-13SB;ESTADO E DESENVOLVIMENTO ECONÔMICO NO BRASIL CONTEMPORÂNEO
11202510102;DB1ESTO005-17SB;INTRODUÇÃO ÀS ENGENHARIAS
11202021900;NA1NHH2023-16SB;FILOSOFIA DO ENSINO DE FILOSOFIA
11201921060;NA1ESHC029-21SB;MICROECONOMIA III
11202420884;DB1ESTO006-17SA;MATERIAIS E SUAS PROPRIEDADES
11202420884;DA1MCCC010-23SA;MATEMÁTICA DISCRETA II
11202321112;NB2BCM0506-15SA;COMUNICAÇÃO E REDES
11202321112;NB1BCN0407-15SA;FUNÇÕES DE VÁRIAS VARIÁVEIS
11202321112;NA1MCZA014-17SA;MÉTODOS DE OTIMIZAÇÃO
11202321112;NA1ESTA005-17SA;ANÁLISE DE SISTEMAS DINÂMICOS LINEARES
11202421697;NA1ESTO016-17SA;FENÔMENOS DE TRANSPORTE
11201921752;NA1ESTM005-17SA;MATERIAIS METÁLICOS
11201921752;NA1MCBM010-23SA;TEORIA DE CORPOS
11202521558;DB1ESTA016-17SA;MÁQUINAS ELÉTRICAS
11202111829;NA1NHZ6003-18SA;NANOBIOTECNOLOGIA
11201932608;NA1MCCC005-23SA;ANÁLISE DE ALGORITMOS II
11202231705;DA1ESGE006-23SB;ENGENHARIA DE SEGURANÇA DO TRABALHO: ERGONOMIA
11202410036;NA1ESTO016-17SA;FENÔMENOS DE TRANSPORTE
11202522378;DA7BCJ0203-15SA;FENÔMENOS ELETROMAGNÉTICOS
11202522138;DB1ESTO011-17SA;FUNDAMENTOS DE DESENHO TÉCNICO
11201810261;DA1ESZG041-17SB;GESTÃO DA INOVAÇÃO
11202532695;NA2BCM0506-15SA;COMUNICAÇÃO E REDES
11202521204;NB2BIN0406-15SB;INTRODUÇÃO À PROBABILIDADE E À ESTATÍSTICA
11202310105;NA1NHLH008-24SB;REVOLUÇÕES E REGIMES AUTORITÁRIOS NA AMÉRICA LATINA CONTEMPORÂNEA
11202521873;DB1BIR0004-15SB;BASES EPISTEMOLÓGICAS DA CIÊNCIA MODERNA
11202521873;NA1BCN0407-15SA;FUNÇÕES DE VÁRIAS VARIÁVEIS
11201932591;NB1BCN0407-15SB;FUNÇÕES DE VÁRIAS VARIÁVEIS
11202130590;NA2ESHC037-21SB;ECONOMETRIA III
11202521881;DC1BIS0003-15SB;BASES MATEMÁTICAS
11202421390;DA1ESHC018-17SB;FORMAÇÃO ECONÔMICA DO BRASIL
11202421390;DA1ESHC027-21SB;ECONOMIA MATEMÁTICA
11202230225;NA1ESTA004-17SA;CIRCUITOS ELÉTRICOS II
11202610089;NA1ESHR903-18SB;METODOLOGIA DE PESQUISA EM RELAÇÕES INTERNACIONAIS (TCC 1)
11202231851;DA1ESHR019-21SB;CHINA NAS RELAÇÕES INTERNACIONAIS
11202131961;DA1NHT5013-22SA;PRÁTICAS DE ENSINO DE CIÊNCIAS E MATEMÁTICA NO ENSINO FUNDAMENTAL
11202520224;NA2BIR0004-15SB;BASES EPISTEMOLÓGICAS DA CIÊNCIA MODERNA
11202520224;DA1NHZ5020-15SA;EDUCAÇÃO INCLUSIVA
11202522293;DA1NHZ4080-20SA;HISTÓRIA DA QUÍMICA
11202422094;NA1ESHP026-14SB;PARTICIPAÇÃO, MOVIMENTOS SOCIAIS E POLÍTICAS PÚBLICAS
11202210007;NB4BCJ0203-15SA;FENÔMENOS ELETROMAGNÉTICOS
11202610073;DA1ESHC027-21SB;ECONOMIA MATEMÁTICA
11202320618;NA1ESAE002-23SA;DESENHO UNIVERSAL E TECNOLOGIA ASSISTIVA
11201810753;NA1ESZP002-13SB;INSTITUIÇÕES JUDICIAIS E POLÍTICAS PÚBLICAS
11202131961;DA1MCTD024-18SA;ANÁLISE NA EDUCAÇÃO BÁSICA
11202231486;NB1BCN0407-15SB;FUNÇÕES DE VÁRIAS VARIÁVEIS
11202021790;DA1BIR0603-15SB;CIÊNCIA, TECNOLOGIA E SOCIEDADE
11202021790;NA1BCN0407-15SB;FUNÇÕES DE VÁRIAS VARIÁVEIS
11202231788;DA8BCJ0203-15SA;FENÔMENOS ELETROMAGNÉTICOS
11202232029;DA1ESHR005-13SB;ESTADO E DESENVOLVIMENTO ECONÔMICO NO BRASIL CONTEMPORÂNEO
11202521720;DA1ESTU040-17SA;PROJETO AMBIENTAL URBANO
11201922325;NA1BCS0002-25SB;PROJETO DIRIGIDO
11202421632;DB1NHI5015-22SB;LIBRAS
11201921310;NA1ESZA011-17SA;ELETRÔNICA DE POTÊNCIA I
11201810629;NANHZ3080-15SA;LABORATÓRIO DE FÍSICA MÉDICA
11202422131;DA1ESHT009-17SB;HISTÓRIA DA CIDADE E DO URBANISMO
11202111801;NA2ESMA001-23SB;SOLUÇÕES PARA DESAFIOS EM ENGENHARIA
11202231585;DANHZ2112-18SB;EPISTEMOLOGIA FEMINISTA
11202521704;NA1NHBB001-23SA;ZOOLOGIA: ORIGEM E DIVERSIFICAÇÃO DE METAZOA
11202321788;DB1BIN0406-15SA;INTRODUÇÃO À PROBABILIDADE E À ESTATÍSTICA
11202111133;NA1ESBM009-23SB;SENSORES BIOMÉDICOS
11202420932;DA1ESTO012-17SB;PRINCÍPIOS DE ADMINISTRAÇÃO
11202520122;DANHZ2112-18SB;EPISTEMOLOGIA FEMINISTA
11202232199;NA1ESAE002-23SA;DESENHO UNIVERSAL E TECNOLOGIA ASSISTIVA
11202522362;NA1ESHT012-17SB;MOBILIZAÇÃO PRODUTIVA DOS TERRITÓRIOS E DESENVOLVIMENTO LOCAL
11202230959;DA1ESZG041-17SB;GESTÃO DA INOVAÇÃO
11202320245;NA1ESMA002-23SB;INOVAÇÕES PARA ENGENHARIA
11202230519;NAMCTC020-15SB;PSICOLOGIA EXPERIMENTAL
11202521704;NB2BCM0506-15SA;COMUNICAÇÃO E REDES
21021716;NANHT3070-15SA;ELETROMAGNETISMO I
21021716;NANHBP005-23SA;MECÂNICA ESTATÍSTICA I
11202421127;NB2BIN0406-15SB;INTRODUÇÃO À PROBABILIDADE E À ESTATÍSTICA
11202131368;NA1LHZ0006-19SB;CARTOGRAFIA ESCOLAR E INCLUSIVA
11202021416;NA1NHLH003-24SB;BRASIL: COLONIZAÇÃO E RESISTÊNCIA
11202321111;NC1ESMA001-23SA;SOLUÇÕES PARA DESAFIOS EM ENGENHARIA
11202232256;NB1BCS0002-25SB;PROJETO DIRIGIDO
11202420201;DI1ESHC018-17SB;FORMAÇÃO ECONÔMICA DO BRASIL
11202520924;DAMCNC002-23SB;NEUROCIÊNCIA TEÓRICA E COMPUTACIONAL
11202320903;NB1ESTE026-17SA;LABORATÓRIO DE MÁQUINAS TÉRMICAS E HIDRÁULICAS
11202420382;DANHBP003-23SA;FÍSICA EXPERIMENTAL III
11202130968;DB2BIS0003-15SB;BASES MATEMÁTICAS
11202321300;NA1NHLH005-24SB;HISTÓRIA DA DEMOCRACIA E DOS REGIMES AUTORITÁRIOS NO BRASIL CONTEMPORÂNEO
11202321547;NA1NHT1054-15SA;HISTOLOGIA E EMBRIOLOGIA
11202432327;NA4BCM0506-15SA;COMUNICAÇÃO E REDES
11202432327;NA1NHBQ009-22SA;LIGAÇÕES QUÍMICAS
11202522492;DA1NHZ5020-15SA;EDUCAÇÃO INCLUSIVA
11202232176;NA1ESTO015-17SA;MECÂNICA DOS FLUIDOS I
11202112001;DA1ESZG013-17SB;EMPREENDEDORISMO
11202521953;DA1BCL0307-15SB;TRANSFORMAÇÕES QUÍMICAS
11202420680;DA1BCL0307-15SA;TRANSFORMAÇÕES QUÍMICAS
11202420536;NA1ESZP041-14SB;ADMINISTRAÇÃO PÚBLICA E REFORMA DO ESTADO EM PERSPECTIVA COMPARADA
11202420536;NA1ESAE004-23SB;MÉTODOS COMPUTACIONAIS PARA ANÁLISE ESTRUTURAL
11202420536;NA1ESTA003-17SB;SISTEMAS DE CONTROLE I
11202310017;NB1BCN0405-15SA;INTRODUÇÃO ÀS EQUAÇÕES DIFERENCIAIS ORDINÁRIAS
11202131452;NA1BCN0407-15SB;FUNÇÕES DE VÁRIAS VARIÁVEIS
11202020389;NANHZ2109-18SB;TEORIA DAS CIÊNCIAS HUMANAS
11202130118;NA2ESTU036-17SA;SISTEMAS DE DRENAGEM URBANA
11202021840;NA1NHT1013-15SA;BIOQUÍMICA FUNCIONAL
11202422000;DA10BIS0005-15SA;BASES COMPUTACIONAIS DA CIÊNCIA
11202422000;DB1BIN0406-15SA;INTRODUÇÃO À PROBABILIDADE E À ESTATÍSTICA
11202131961;DA1MCTD017-18SA;PRÁTICAS DE ENSINO DE MATEMÁTICA II
11202521704;DA1NHZ5020-15SA;EDUCAÇÃO INCLUSIVA
11202230348;NA1BCM0505-22SB;PROCESSAMENTO DA INFORMAÇÃO
11202231620;DANHH2019-13SB;FILOSOFIA DA LINGUAGEM
11202231620;DA1NHH2023-16SB;FILOSOFIA DO ENSINO DE FILOSOFIA
11202320493;NA1BCN0407-15SB;FUNÇÕES DE VÁRIAS VARIÁVEIS
11202310020;NB1BCN0405-15SB;INTRODUÇÃO ÀS EQUAÇÕES DIFERENCIAIS ORDINÁRIAS
11202321571;NA1BCM0505-22SB;PROCESSAMENTO DA INFORMAÇÃO
11202421185;DB1ESTO017-17SA;MÉTODOS EXPERIMENTAIS EM ENGENHARIA
11202610157;NA1ESHT017-17SB;PLANEJAMENTO E POLÍTICA AMBIENTAL
11202021190;DA1ESTG008-17SB;GERÊNCIA DE ATIVOS
11202021190;NANHZ2117-18SB;HISTÓRIA E FILOSOFIA DA BIOLOGIA
11202521120;NA2BIR0004-15SB;BASES EPISTEMOLÓGICAS DA CIÊNCIA MODERNA
11201920509;DA1ESAE001-23SB;APLICAÇÕES ESTRUTURAIS DE MATERIAIS COMPÓSITOS
11202232380;NB2BCM0506-15SA;COMUNICAÇÃO E REDES
11202232380;NA1ESTI016-17SA;FUNDAMENTOS DE FOTÔNICA
11202422044;NA1NHZ1026-15SA;EVOLUÇÃO MOLECULAR
11202520161;NB4BCJ0203-15SA;FENÔMENOS ELETROMAGNÉTICOS
11202432407;NA1ESZE006-17SA;SUBESTAÇÃO E EQUIPAMENTOS
11202231065;NA1NHBQ008-22SA;FUNDAMENTOS DE REAÇÕES ORGÂNICAS
11202021501;NA1ESAE008-23SB;DINÂMICA DO VOO
11202021501;NA1ESZS028-17SB;PROJETO DE AERONAVES I
11202131176;NA2ESTU009-17SA;HIDROLOGIA
11202131176;NA1NHZ6008-18SA;ENGENHARIA METABÓLICA
11202522414;NA2BIR0004-15SB;BASES EPISTEMOLÓGICAS DA CIÊNCIA MODERNA
11202131453;DB3BIS0005-15SB;BASES COMPUTACIONAIS DA CIÊNCIA
11202231999;NA1ESZU022-17SA;CIÊNCIAS ATMOSFÉRICAS
11202231999;NA1ESZM034-17SA;DESIGN DE DISPOSITIVOS
11202230873;NA1ESZU022-17SA;CIÊNCIAS ATMOSFÉRICAS
11202332349;DB3BIS0005-15SB;BASES COMPUTACIONAIS DA CIÊNCIA
11202332349;DA2BIN0406-15SB;INTRODUÇÃO À PROBABILIDADE E À ESTATÍSTICA
11202332349;DA1NHLH003-24SB;BRASIL: COLONIZAÇÃO E RESISTÊNCIA
11202020054;DA1ESAE002-23SA;DESENHO UNIVERSAL E TECNOLOGIA ASSISTIVA
11202332434;DA1NHBB006-23SA;AÇÕES EXTENSIONISTAS EM FISIOLOGIA E SAÚDE
11202421959;DA1NHZ6001-18SA;FUNDAMENTOS DA BIOTECNOLOGIA
11201811620;DA1MCLM001-23SA;EDUCAÇÃO ESTATÍSTICA
11202320605;NA2BCN0405-15SB;INTRODUÇÃO ÀS EQUAÇÕES DIFERENCIAIS ORDINÁRIAS
11202320605;NA1ESMA002-23SB;INOVAÇÕES PARA ENGENHARIA
11202522192;DA1ESTA020-17SA;MODELAGEM E CONTROLE
11202420496;DA1ESTA002-17SA;CIRCUITOS ELÉTRICOS I
11202522286;DA1ESHR024-14SB;HISTÓRIA DA POLÍTICA EXTERNA BRASILEIRA
11202421896;NA2BIK0102-15SB;ESTRUTURA DA MATÉRIA
11202130664;NA1ESTU036-17SA;SISTEMAS DE DRENAGEM URBANA
11202532632;NC2BCS0001-25SB;BASE EXPERIMENTAL DAS CIÊNCIAS NATURAIS
11202420674;DA1MCCC010-23SA;MATEMÁTICA DISCRETA II
11202432375;NB2BCJ0205-15SB;FENÔMENOS TÉRMICOS
11202020499;NA7BCJ0203-15SA;FENÔMENOS ELETROMAGNÉTICOS
11202130186;NB1BCN0407-15SB;FUNÇÕES DE VÁRIAS VARIÁVEIS
11202130186;NA2ESMA002-23SB;INOVAÇÕES PARA ENGENHARIA
11202231953;NA1NHLH005-24SB;HISTÓRIA DA DEMOCRACIA E DOS REGIMES AUTORITÁRIOS NO BRASIL CONTEMPORÂNEO
11202422197;DB2BIN0406-15SB;INTRODUÇÃO À PROBABILIDADE E À ESTATÍSTICA
11202320694;NA1NHLH005-24SB;HISTÓRIA DA DEMOCRACIA E DOS REGIMES AUTORITÁRIOS NO BRASIL CONTEMPORÂNEO
11202230855;DA1ESTA019-17SA;PROJETO ASSISTIDO POR COMPUTADOR
11202130664;NA1MCTD017-18SA;PRÁTICAS DE ENSINO DE MATEMÁTICA II
11202420938;NB1LHT1002-19SB;ESTÁGIO SUPERVISIONADO EM CH II
11202410027;DA1NHT5013-22SA;PRÁTICAS DE ENSINO DE CIÊNCIAS E MATEMÁTICA NO ENSINO FUNDAMENTAL
11202320759;DA1ESZI041-18SA;PROGRAMAÇÃO DE SOFTWARE EMBARCADO
11202231655;NA1ESZU022-17SA;CIÊNCIAS ATMOSFÉRICAS
11202610137;DA1ESHR029-21SB;ANÁLISE DE POLÍTICA EXTERNA
11202522471;DA1LHZ0004-19SB;ÁSIA: CULTURA E PROCESSOS SÓCIO-POLÍTICOS
11201812084;NA2ESTI020-17SA;TEORIA DE FILAS E ANÁLISE DE DESEMPENHO
11202521928;DB2BIS0003-15SB;BASES MATEMÁTICAS
11202231759;NA1NHH2023-16SB;FILOSOFIA DO ENSINO DE FILOSOFIA
11202421889;NB1BCN0407-15SB;FUNÇÕES DE VÁRIAS VARIÁVEIS
11202130340;NA1ESTE034-17SA;ENGENHARIA DE BIOCOMBUSTÍVEIS
11202231635;NI1ESZR025-21SB;CONFLITOS, PAZ E NEGOCIAÇÃO INTERNACIONAL (PRÁTICA)
11202130664;NA1ESZM034-17SA;DESIGN DE DISPOSITIVOS
11202212447;NB1BCN0407-15SA;FUNÇÕES DE VÁRIAS VARIÁVEIS
11202521842;DA9BCJ0203-15SA;FENÔMENOS ELETROMAGNÉTICOS
11202420352;DC1ESTO005-17SA;INTRODUÇÃO ÀS ENGENHARIAS
11202421657;NA1ESTU036-17SA;SISTEMAS DE DRENAGEM URBANA
11063015;DA1NHT1071-15SA;PRÁTICAS DE ECOLOGIA
11202130960;NA2ESTI020-17SA;TEORIA DE FILAS E ANÁLISE DE DESEMPENHO
11202020319;NA1ESHT017-17SB;PLANEJAMENTO E POLÍTICA AMBIENTAL
11202532691;NA1ESHT020-17SB;POLÍTICA METROPOLITANA
11202322029;NA1NHLH003-24SB;BRASIL: COLONIZAÇÃO E RESISTÊNCIA
11202322029;NI1ESZR025-21SB;CONFLITOS, PAZ E NEGOCIAÇÃO INTERNACIONAL (PRÁTICA)
11202420165;DA2MCZA018-17SA;PROCESSAMENTO DIGITAL DE IMAGENS
11202131516;DB1BCM0506-15SA;COMUNICAÇÃO E REDES
11202321104;DA1MCTC002-15SA;INTRODUÇÃO À NEUROCIÊNCIA
11202322137;NB1BCN0407-15SB;FUNÇÕES DE VÁRIAS VARIÁVEIS
11202532592;NA1ESZP041-14SB;ADMINISTRAÇÃO PÚBLICA E REFORMA DO ESTADO EM PERSPECTIVA COMPARADA
11202020499;NA2ESTU009-17SA;HIDROLOGIA
11202021633;NANHH2040-13SB;HISTÓRIA DA FILOSOFIA MODERNA: O ILUMINISMO E SEUS DESDOBRAMENTOS
11202420828;NB1BCN0405-15SB;INTRODUÇÃO ÀS EQUAÇÕES DIFERENCIAIS ORDINÁRIAS
11202231320;DA1BCS0002-25SB;PROJETO DIRIGIDO
11202322251;NA4BCM0506-15SA;COMUNICAÇÃO E REDES
11202320171;DA1ESHC024-19SB;MACROECONOMIA III
11202130856;NA1ESTU031-17SA;RECUPERAÇÃO DE ÁREAS DEGRADADAS
11202432375;NA1ESTU028-17SA;HIDRÁULICA DE CONDUTOS FORÇADOS
11202420496;DA1ESMA001-23SA;SOLUÇÕES PARA DESAFIOS EM ENGENHARIA
11202210075;DA1ESHR029-21SB;ANÁLISE DE POLÍTICA EXTERNA
11202432393;NA1ESHP021-13SB;TRAJETÓRIAS DAS POLÍTICAS DE CT&I NO BRASIL
11202130960;NA1MCCC005-23SA;ANÁLISE DE ALGORITMOS II
11202421199;NA1NHT5013-22SA;PRÁTICAS DE ENSINO DE CIÊNCIAS E MATEMÁTICA NO ENSINO FUNDAMENTAL
11202210127;NANHZ2109-18SB;TEORIA DAS CIÊNCIAS HUMANAS
11202022246;DA1ESTO015-17SA;MECÂNICA DOS FLUIDOS I
11202231546;DA1ESTG024-17SB;SISTEMAS DE INFORMAÇÃO CORPORATIVOS
11202021633;NA4BCM0506-15SA;COMUNICAÇÃO E REDES
11202131730;NA1MCZC018-20SB;PSICOPATOLOGIA
11202320668;NA1ESTG009-17SB;GESTÃO DE OPERAÇÕES
11202320668;DA1ESZG043-17SB;PROJETO VIRTUAL E INTEGRADO DE MANUFATURA
11202522014;NA1MCCC010-23SA;MATEMÁTICA DISCRETA II
11202421194;NA1ESAE002-23SA;DESENHO UNIVERSAL E TECNOLOGIA ASSISTIVA
11202522237;DANHZ2112-18SB;EPISTEMOLOGIA FEMINISTA
11202231777;NA1ESTA005-17SA;ANÁLISE DE SISTEMAS DINÂMICOS LINEARES
11202320796;DA1ESHR029-21SB;ANÁLISE DE POLÍTICA EXTERNA
11202320796;DA1ESHT009-17SB;HISTÓRIA DA CIDADE E DO URBANISMO
11202320796;NA1ESHT017-17SB;PLANEJAMENTO E POLÍTICA AMBIENTAL
11202320796;DA1ESRI001-23SB;OFICINA DE RELAÇÕES INTERNACIONAIS
11202320670;DA1MCZA018-17SA;PROCESSAMENTO DIGITAL DE IMAGENS
11202231431;DA1ESHR019-21SB;CHINA NAS RELAÇÕES INTERNACIONAIS
11202421554;NI1ESZR025-21SB;CONFLITOS, PAZ E NEGOCIAÇÃO INTERNACIONAL (PRÁTICA)
11202420456;NA1BCN0407-15SB;FUNÇÕES DE VÁRIAS VARIÁVEIS
11202321288;NA1ESTM003-17SA;TÓPICOS COMPUTACIONAIS EM MATERIAIS
11202231282;NA1ESTB023-17SB;FÍSICA MÉDICA I
11202321372;NANHH2019-13SB;FILOSOFIA DA LINGUAGEM
11202321372;NANHZ2106-18SB;FILOSOFIA DA CIÊNCIA
11202021667;NA1ESTO015-17SA;MECÂNICA DOS FLUIDOS I
11202230839;DA1NHBB006-23SA;AÇÕES EXTENSIONISTAS EM FISIOLOGIA E SAÚDE
11202520278;NB2BCM0506-15SA;COMUNICAÇÃO E REDES
11202322113;DA1MCCC010-23SA;MATEMÁTICA DISCRETA II
11202320350;NAMCTC020-15SB;PSICOLOGIA EXPERIMENTAL
11202320887;DA1ESTA002-17SA;CIRCUITOS ELÉTRICOS I
11202320887;DA1ESTA019-17SA;PROJETO ASSISTIDO POR COMPUTADOR
11202231132;NANHZ2106-18SB;FILOSOFIA DA CIÊNCIA
11201722436;NA2ESMA001-23SB;SOLUÇÕES PARA DESAFIOS EM ENGENHARIA
11202111055;NI1ESZR025-21SB;CONFLITOS, PAZ E NEGOCIAÇÃO INTERNACIONAL (PRÁTICA)
11202212475;DA1ESHC024-19SB;MACROECONOMIA III
11202420211;DA1ESZC022-17SB;TÓPICOS AVANÇADOS EM DESENVOLVIMENTO SOCIOECONÔMICO
11202420744;NA1NHT1054-15SA;HISTOLOGIA E EMBRIOLOGIA
11202230658;DA1ESGE006-23SB;ENGENHARIA DE SEGURANÇA DO TRABALHO: ERGONOMIA
11202111163;NA1NHH2023-16SB;FILOSOFIA DO ENSINO DE FILOSOFIA
11202132035;DA1ESBM009-23SB;SENSORES BIOMÉDICOS
11202532678;DA1BCJ0203-15SA;FENÔMENOS ELETROMAGNÉTICOS
11202532678;DA2BCN0405-15SA;INTRODUÇÃO ÀS EQUAÇÕES DIFERENCIAIS ORDINÁRIAS
11201810177;DA1ESZG017-17SB;CLIMA E CULTURA ORGANIZACIONAL
11202322013;NANHH2040-13SB;HISTÓRIA DA FILOSOFIA MODERNA: O ILUMINISMO E SEUS DESDOBRAMENTOS
11201722461;NA1ESTA006-17SA;FOTÔNICA
11202111799;NA1LHZ0038-22SB;HISTÓRIA E GÊNERO
11202131753;NANHH2019-13SB;FILOSOFIA DA LINGUAGEM
11202521093;DA1ESMA001-23SA;SOLUÇÕES PARA DESAFIOS EM ENGENHARIA
11202521138;DA2BIK0102-15SB;ESTRUTURA DA MATÉRIA
11202231316;DA2BHQ0003-15SB;INTERPRETAÇÕES DO BRASIL
11202231316;DB1BIN0406-15SB;INTRODUÇÃO À PROBABILIDADE E À ESTATÍSTICA
11202231316;DA1ESHR029-21SB;ANÁLISE DE POLÍTICA EXTERNA
11202522411;DC1ESTO005-17SA;INTRODUÇÃO ÀS ENGENHARIAS
11202321250;NB1BCN0407-15SA;FUNÇÕES DE VÁRIAS VARIÁVEIS
11202521873;DC1BIS0003-15SB;BASES MATEMÁTICAS
11202020178;NB1BCN0405-15SA;INTRODUÇÃO ÀS EQUAÇÕES DIFERENCIAIS ORDINÁRIAS
11202532661;DA1NHZ6002-18SA;TECNOLOGIA DE FERMENTAÇÕES
11202532639;NB1BCN0407-15SA;FUNÇÕES DE VÁRIAS VARIÁVEIS
11202130516;NA1ESAE002-23SA;DESENHO UNIVERSAL E TECNOLOGIA ASSISTIVA
11202230694;NB2BCM0506-15SA;COMUNICAÇÃO E REDES
11202230694;NB1BCN0407-15SA;FUNÇÕES DE VÁRIAS VARIÁVEIS
11202210051;NA1ESAE002-23SA;DESENHO UNIVERSAL E TECNOLOGIA ASSISTIVA
11202210051;NA1NHLQ001-22SA;EXPERIMENTAÇÃO E ENSINO DE QUÍMICA
11202320939;DA1ESTO012-17SB;PRINCÍPIOS DE ADMINISTRAÇÃO
11201921277;DA1ESTG024-17SB;SISTEMAS DE INFORMAÇÃO CORPORATIVOS
11202231604;DA1ESTU035-17SA;SISTEMAS DE ESGOTAMENTO SANITÁRIO
11202230549;NA1ESTB023-17SB;FÍSICA MÉDICA I
11202231277;DA2BHQ0003-15SB;INTERPRETAÇÕES DO BRASIL
11202130699;NA1ESTI020-17SA;TEORIA DE FILAS E ANÁLISE DE DESEMPENHO
11201921697;DB1ESTO005-17SB;INTRODUÇÃO ÀS ENGENHARIAS
11202322013;NA1ESHT017-17SB;PLANEJAMENTO E POLÍTICA AMBIENTAL
11202520599;NA1ESHP009-22SB;BUROCRACIA E IMPLEMENTAÇÃO DE POLÍTICAS PÚBLICAS
11202321842;DA1MCTC014-13SA;INTRODUÇÃO À INFERÊNCIA ESTATÍSTICA
11202020909;DA1BIR0603-15SB;CIÊNCIA, TECNOLOGIA E SOCIEDADE
11202610089;NANHZ2109-18SB;TEORIA DAS CIÊNCIAS HUMANAS
11202230667;NA2BCN0405-15SB;INTRODUÇÃO ÀS EQUAÇÕES DIFERENCIAIS ORDINÁRIAS
11202421891;NA1ESHT017-17SB;PLANEJAMENTO E POLÍTICA AMBIENTAL
11202532654;NA2BIR0004-15SB;BASES EPISTEMOLÓGICAS DA CIÊNCIA MODERNA
11202532654;NA1ESZP041-14SB;ADMINISTRAÇÃO PÚBLICA E REFORMA DO ESTADO EM PERSPECTIVA COMPARADA
11202420301;NA1LHZ0006-19SB;CARTOGRAFIA ESCOLAR E INCLUSIVA
11202320548;NA1ESZP002-13SB;INSTITUIÇÕES JUDICIAIS E POLÍTICAS PÚBLICAS
11202320263;NI1ESZR025-21SB;CONFLITOS, PAZ E NEGOCIAÇÃO INTERNACIONAL (PRÁTICA)
11202130699;NA1BCN0407-15SA;FUNÇÕES DE VÁRIAS VARIÁVEIS
11202421407;DB1ESTO017-17SA;MÉTODOS EXPERIMENTAIS EM ENGENHARIA
11202520905;DA1ESTO011-17SB;FUNDAMENTOS DE DESENHO TÉCNICO
11202232185;NA1MCZC018-20SB;PSICOPATOLOGIA
11202321842;DA1NHZ4080-20SA;HISTÓRIA DA QUÍMICA
11202420428;DA1NHZ4080-20SA;HISTÓRIA DA QUÍMICA
11202332387;NA1ESTB023-17SB;FÍSICA MÉDICA I
11202321409;DA1NHBB006-23SA;AÇÕES EXTENSIONISTAS EM FISIOLOGIA E SAÚDE
11017916;NA1MCZA053-22SA;DESENVOLVIMENTO GUIADO POR TIPOS
11202020909;DC1BIS0003-15SB;BASES MATEMÁTICAS
11202020909;DB2BIN0406-15SB;INTRODUÇÃO À PROBABILIDADE E À ESTATÍSTICA
11202320280;NA1BCN0405-15SB;INTRODUÇÃO ÀS EQUAÇÕES DIFERENCIAIS ORDINÁRIAS
11201920754;NB1ESTA007-17SA;ELETRÔNICA ANALÓGICA APLICADA
11202421729;DA1ESHR029-21SB;ANÁLISE DE POLÍTICA EXTERNA
11202320522;DA1ESHT018-17SB;PLANEJAMENTO E POLÍTICA REGIONAL
11202320191;NA2ESHC037-21SB;ECONOMETRIA III
11201920662;NC2ESMA001-23SA;SOLUÇÕES PARA DESAFIOS EM ENGENHARIA
11202520596;NA1BCM0505-22SB;PROCESSAMENTO DA INFORMAÇÃO
11202230917;DANHZ2068-18SB;TEMAS DE FILOSOFIA MEDIEVAL I
11202521991;DANHH2026-13SB;FILOSOFIA NO BRASIL E NA AMÉRICA LATINA
11202111535;NA1ESHC027-21SB;ECONOMIA MATEMÁTICA
11202111119;NA1MCZC018-20SB;PSICOPATOLOGIA
11202532714;NA2BIL0304-15SB;EVOLUÇÃO E DIVERSIFICAÇÃO DA VIDA NA TERRA
11201810592;DA1ESTO014-17SB;TERMODINÂMICA APLICADA I
11202532623;DA1BIR0603-15SB;CIÊNCIA, TECNOLOGIA E SOCIEDADE
11202320208;DA1ESRI001-23SB;OFICINA DE RELAÇÕES INTERNACIONAIS
11201920885;NA1NHLQ002-22SA;PRÁTICAS DE ENSINO DE QUÍMICA I
11202020213;NA1ESHT015-22SB;OFICINA DE PLANEJAMENTO URBANO
11202130412;DA1ESTU040-17SA;PROJETO AMBIENTAL URBANO
11202521889;DA2BCN0405-15SA;INTRODUÇÃO ÀS EQUAÇÕES DIFERENCIAIS ORDINÁRIAS
11202131001;NA1NHT3066-15SA;VARIÁVEIS COMPLEXAS E APLICAÇÕES
11202020760;NA1ESZP041-14SB;ADMINISTRAÇÃO PÚBLICA E REFORMA DO ESTADO EM PERSPECTIVA COMPARADA
11202230575;NA1MCZC018-20SB;PSICOPATOLOGIA
11202521026;NA1ESAE002-23SA;DESENHO UNIVERSAL E TECNOLOGIA ASSISTIVA
11202521026;NC2ESMA001-23SA;SOLUÇÕES PARA DESAFIOS EM ENGENHARIA
11202432351;DA1ESZU022-17SA;CIÊNCIAS ATMOSFÉRICAS
11202432351;DA1NHT5013-22SA;PRÁTICAS DE ENSINO DE CIÊNCIAS E MATEMÁTICA NO ENSINO FUNDAMENTAL
11202520596;NA2ESMA001-23SB;SOLUÇÕES PARA DESAFIOS EM ENGENHARIA
11202521326;DA1NHBQ007-22SA;FUNDAMENTOS DE QUÍMICA
11202321387;NANHZ3080-15SA;LABORATÓRIO DE FÍSICA MÉDICA
11202521708;NA1NHBQ008-22SA;FUNDAMENTOS DE REAÇÕES ORGÂNICAS
11202111969;NANHZ2106-18SB;FILOSOFIA DA CIÊNCIA
11202521549;NB2BCJ0205-15SB;FENÔMENOS TÉRMICOS
11202322123;NA2ESTU036-17SA;SISTEMAS DE DRENAGEM URBANA
11202520393;DA2BCJ0203-15SA;FENÔMENOS ELETROMAGNÉTICOS
11202520393;DB1BIN0406-15SA;INTRODUÇÃO À PROBABILIDADE E À ESTATÍSTICA
11202432311;DA1ESZG013-17SB;EMPREENDEDORISMO
11202320284;NA1ESZU022-17SA;CIÊNCIAS ATMOSFÉRICAS
11202231184;NA1ESTU036-17SA;SISTEMAS DE DRENAGEM URBANA
11202522377;NC2ESMA001-23SA;SOLUÇÕES PARA DESAFIOS EM ENGENHARIA
11202610127;NA1NHLH003-24SB;BRASIL: COLONIZAÇÃO E RESISTÊNCIA
11202320881;NA1NHBQ001-22SA;CINÉTICA QUÍMICA
11202130584;NA1ESHT012-17SB;MOBILIZAÇÃO PRODUTIVA DOS TERRITÓRIOS E DESENVOLVIMENTO LOCAL
11202130584;NA1ESHT020-17SB;POLÍTICA METROPOLITANA
11202130584;NA1BCM0505-22SB;PROCESSAMENTO DA INFORMAÇÃO
11201932504;DA1ESTS001-17SB;DINÂMICA I
11201932504;DA1ESTS006-17SB;LABORATÓRIO DE GUIAGEM, NAVEGAÇÃO E CONTROLE
11202232121;DA1NHZ2013-11SB;FILOSOFIA BRASILEIRA: HISTÓRIA E PROBLEMAS
11202020158;NA1ESTO015-17SA;MECÂNICA DOS FLUIDOS I
11202610131;NA1ESHT012-17SB;MOBILIZAÇÃO PRODUTIVA DOS TERRITÓRIOS E DESENVOLVIMENTO LOCAL
11202610131;NA1ESHT020-17SB;POLÍTICA METROPOLITANA
11201920525;NA1ESTM013-17SA;SELEÇÃO DE MATERIAIS
11202321483;NA1ESHT020-17SB;POLÍTICA METROPOLITANA
11202532715;DA1NHZ5020-15SA;EDUCAÇÃO INCLUSIVA
11202532623;DA1BCM0505-22SB;PROCESSAMENTO DA INFORMAÇÃO
11202021776;DA1NHZ4080-20SA;HISTÓRIA DA QUÍMICA
11202420855;NB9BIS0005-15SA;BASES COMPUTACIONAIS DA CIÊNCIA
11202321538;NA1MCTB009-17SA;CÁLCULO NUMÉRICO
11085013;DA1MCZC018-20SB;PSICOPATOLOGIA
11202230528;DA1ESHT009-17SB;HISTÓRIA DA CIDADE E DO URBANISMO
11202422074;DC1BIS0003-15SB;BASES MATEMÁTICAS
11202230659;DA1ESGE006-23SB;ENGENHARIA DE SEGURANÇA DO TRABALHO: ERGONOMIA
11202021498;NANHZ2117-18SB;HISTÓRIA E FILOSOFIA DA BIOLOGIA
11201921421;NA1ESTU031-17SA;RECUPERAÇÃO DE ÁREAS DEGRADADAS
11201920525;NA1ESZM034-17SA;DESIGN DE DISPOSITIVOS
11202022112;NB2BCM0506-15SA;COMUNICAÇÃO E REDES
11202022192;NA1BCN0407-15SB;FUNÇÕES DE VÁRIAS VARIÁVEIS
11202321606;NA1NHLH003-24SB;BRASIL: COLONIZAÇÃO E RESISTÊNCIA
11202321606;NI1ESZR025-21SB;CONFLITOS, PAZ E NEGOCIAÇÃO INTERNACIONAL (PRÁTICA)
11202522309;DB1BHO0102-15SB;DESENVOLVIMENTO E SUSTENTABILIDADE
11202522309;DB2BIN0406-15SB;INTRODUÇÃO À PROBABILIDADE E À ESTATÍSTICA
11202522384;DA1ESHT020-17SB;POLÍTICA METROPOLITANA
11202522384;DA1MCZC016-15SB;NEUROCIÊNCIA DA COGNIÇÃO MUSICAL
11202321778;DA1ESTG025-17SB;PROPRIEDADE INTELECTUAL
11202320993;NA1ESZE006-17SA;SUBESTAÇÃO E EQUIPAMENTOS
11202111134;NA1ESTE030-17SA;ENGENHARIA DE PETRÓLEO E GÁS
11202320442;NA1ESTI006-17SA;PROCESSAMENTO DIGITAL DE SINAIS
11202021765;DB1ESGE011-23SB;TÓPICOS EM ENGENHARIA DE PRODUÇÃO NA INDÚSTRIA TÊXTIL
11201920458;NA1MCCC005-23SA;ANÁLISE DE ALGORITMOS II
11202521803;DA1ESMA001-23SA;SOLUÇÕES PARA DESAFIOS EM ENGENHARIA
11202321570;NA1MCCC005-23SA;ANÁLISE DE ALGORITMOS II
11202321570;NA1MCZA014-17SA;MÉTODOS DE OTIMIZAÇÃO
11202321570;NA1ESTI015-17SA;COMUNICAÇÕES MÓVEIS
11202521457;DA1ESHR029-21SB;ANÁLISE DE POLÍTICA EXTERNA
11202320442;NA1ESTO016-17SB;FENÔMENOS DE TRANSPORTE
11202521646;NA1NHBQ009-22SA;LIGAÇÕES QUÍMICAS
11202111630;NA2ESTU036-17SA;SISTEMAS DE DRENAGEM URBANA
11202320442;DA1ESEN002-23SA;ENERGIA, MEIO AMBIENTE E SOCIEDADE
11202320442;DA1ESHC018-17SB;FORMAÇÃO ECONÔMICA DO BRASIL
11201932608;NA2ESTI020-17SA;TEORIA DE FILAS E ANÁLISE DE DESEMPENHO
11202332342;NA1ESTO016-17SA;FENÔMENOS DE TRANSPORTE
11202232109;DA2BCJ0203-15SA;FENÔMENOS ELETROMAGNÉTICOS
11202232109;DC2ESTO006-17SA;MATERIAIS E SUAS PROPRIEDADES
11202422074;DA1ESTE029-17SA;ENGENHARIA DE COMBUSTÍVEIS FÓSSEIS
11202432311;DA1ESZG017-17SB;CLIMA E CULTURA ORGANIZACIONAL
11202322071;NA1ESMA002-23SB;INOVAÇÕES PARA ENGENHARIA
11202310025;NA2BIR0004-15SB;BASES EPISTEMOLÓGICAS DA CIÊNCIA MODERNA
11201920885;NA1ESZU022-17SA;CIÊNCIAS ATMOSFÉRICAS
11202111157;DA1ESEN002-23SA;ENERGIA, MEIO AMBIENTE E SOCIEDADE
11202332342;NA1ESZM031-17SA;NANOCOMPÓSITOS
11202421026;NA2ESMA002-23SB;INOVAÇÕES PARA ENGENHARIA
11202532643;NA4BCM0506-15SA;COMUNICAÇÃO E REDES
11202130755;NB1BCN0407-15SA;FUNÇÕES DE VÁRIAS VARIÁVEIS
11202020297;NA3BCN0405-15SA;INTRODUÇÃO ÀS EQUAÇÕES DIFERENCIAIS ORDINÁRIAS
11202321622;NA1ESTO001-17SB;CIRCUITOS ELÉTRICOS E FOTÔNICA
11202321622;NA1ESAE001-23SB;APLICAÇÕES ESTRUTURAIS DE MATERIAIS COMPÓSITOS
11202321622;NA1ESTA003-17SB;SISTEMAS DE CONTROLE I
11202522122;DB1ESTA019-17SA;PROJETO ASSISTIDO POR COMPUTADOR
11202610149;DA1ESHR029-21SB;ANÁLISE DE POLÍTICA EXTERNA
11202332344;DA1ESHC024-19SB;MACROECONOMIA III
11202520752;DA1NHZ6003-18SA;NANOBIOTECNOLOGIA
11202321445;DA2BIN0406-15SB;INTRODUÇÃO À PROBABILIDADE E À ESTATÍSTICA
11202522084;DB1ESTO005-17SB;INTRODUÇÃO ÀS ENGENHARIAS
11202020909;DA11BIS0005-15SA;BASES COMPUTACIONAIS DA CIÊNCIA
11202521864;NA1BCN0405-15SA;INTRODUÇÃO ÀS EQUAÇÕES DIFERENCIAIS ORDINÁRIAS
11202420279;NA2BCN0405-15SB;INTRODUÇÃO ÀS EQUAÇÕES DIFERENCIAIS ORDINÁRIAS
11202321372;NANHZ2117-18SB;HISTÓRIA E FILOSOFIA DA BIOLOGIA
11202321372;NANHZ2109-18SB;TEORIA DAS CIÊNCIAS HUMANAS
11202522383;DA1ESEN002-23SA;ENERGIA, MEIO AMBIENTE E SOCIEDADE
11202522383;DA1NHZ6008-18SA;ENGENHARIA METABÓLICA
11201810753;NANHZ2109-18SB;TEORIA DAS CIÊNCIAS HUMANAS
11202422019;NA1MCZC018-20SB;PSICOPATOLOGIA
11202610046;DA1NHZ1009-15SA;BIOLOGIA MOLECULAR E BIOTECNOLOGIA
11202521291;NANHZ2109-18SB;TEORIA DAS CIÊNCIAS HUMANAS
11202422013;NA1MCCC010-23SA;MATEMÁTICA DISCRETA II
11202610157;NA1ESHP009-22SB;BUROCRACIA E IMPLEMENTAÇÃO DE POLÍTICAS PÚBLICAS
11202131269;NA1MCCC005-23SA;ANÁLISE DE ALGORITMOS II
11202332345;NANHH2019-13SB;FILOSOFIA DA LINGUAGEM
11202332345;NA1ESZB014-17SB;INTRODUÇÃO À ROBÓTICA
11202332345;NA1MCZC018-20SB;PSICOPATOLOGIA
11202520887;DB1ESTO006-17SA;MATERIAIS E SUAS PROPRIEDADES
11202422019;NA1NHZ2052-11SB;PENSAMENTO KANTIANO E SEUS DESDOBRAMENTOS CONTEMPORÂNEOS
11202520232;DA1ESTO011-17SB;FUNDAMENTOS DE DESENHO TÉCNICO
11202610092;DB1BIQ0602-15SB;ESTRUTURA E DINÂMICA SOCIAL
11202420165;DANHBP003-23SA;FÍSICA EXPERIMENTAL III
11202320977;NB1BCM0505-22SB;PROCESSAMENTO DA INFORMAÇÃO
11202230974;DA1NHBB006-23SA;AÇÕES EXTENSIONISTAS EM FISIOLOGIA E SAÚDE
11201922339;NA1ESHT012-17SB;MOBILIZAÇÃO PRODUTIVA DOS TERRITÓRIOS E DESENVOLVIMENTO LOCAL
11202520314;NA1ESHT015-22SB;OFICINA DE PLANEJAMENTO URBANO
11202111599;DA1ESHC024-19SB;MACROECONOMIA III
11201810259;NA1LHZ0023-19SB;METODOLOGIA EM HISTÓRIA
11202421857;NA2BIR0004-15SB;BASES EPISTEMOLÓGICAS DA CIÊNCIA MODERNA
11202420731;NA1BCM0505-22SB;PROCESSAMENTO DA INFORMAÇÃO
11202320878;NB2ESTO017-17SA;MÉTODOS EXPERIMENTAIS EM ENGENHARIA
11202320263;NA1ESHT017-17SB;PLANEJAMENTO E POLÍTICA AMBIENTAL
11202520618;DB1BCM0506-15SB;COMUNICAÇÃO E REDES
11202520618;DA1BCM0505-22SB;PROCESSAMENTO DA INFORMAÇÃO
11201810428;DA1ESTU040-17SA;PROJETO AMBIENTAL URBANO
11201810428;DA1ESTU039-17SA;REGULAÇÃO AMBIENTAL E URBANÍSTICA
11202520913;DA1ESTO011-17SB;FUNDAMENTOS DE DESENHO TÉCNICO
11202130699;NA1ESTI015-17SA;COMUNICAÇÕES MÓVEIS
11202322116;NA1MCZA014-17SA;MÉTODOS DE OTIMIZAÇÃO
11202520926;NA1NHH2090-16SB;PRÁTICA DE ENSINO DE FILOSOFIA: PROGRAMAS DE ENSINO
11202520926;NA1ESHP009-22SB;BUROCRACIA E IMPLEMENTAÇÃO DE POLÍTICAS PÚBLICAS
11202231244;DA1ESZP002-13SB;INSTITUIÇÕES JUDICIAIS E POLÍTICAS PÚBLICAS
11202322090;NB2ESTO017-17SA;MÉTODOS EXPERIMENTAIS EM ENGENHARIA
11202610147;NA1ESHP009-22SB;BUROCRACIA E IMPLEMENTAÇÃO DE POLÍTICAS PÚBLICAS
11202111099;NA1ESHP021-13SB;TRAJETÓRIAS DAS POLÍTICAS DE CT&I NO BRASIL
11202321445;DB1ESTO005-17SB;INTRODUÇÃO ÀS ENGENHARIAS
11201921854;DA1NHZ5020-15SA;EDUCAÇÃO INCLUSIVA
11202321403;NA1ESHC027-21SB;ECONOMIA MATEMÁTICA
11202520226;DA1ESZC022-17SB;TÓPICOS AVANÇADOS EM DESENVOLVIMENTO SOCIOECONÔMICO
11202522132;DB1BIN0406-15SA;INTRODUÇÃO À PROBABILIDADE E À ESTATÍSTICA
11202522132;DA1ESTI016-17SA;FUNDAMENTOS DE FOTÔNICA
11202130567;NA1NHZ1026-15SA;EVOLUÇÃO MOLECULAR
11202610052;DA1ESTM015-17SA;REOLOGIA
11202310013;DC1BIS0003-15SB;BASES MATEMÁTICAS
11202610014;NA1ESHP021-13SB;TRAJETÓRIAS DAS POLÍTICAS DE CT&I NO BRASIL
11202421311;NA1ESZP002-13SB;INSTITUIÇÕES JUDICIAIS E POLÍTICAS PÚBLICAS
11202232028;DA1ESZG017-17SB;CLIMA E CULTURA ORGANIZACIONAL
11202522078;DA1ESZG013-17SB;EMPREENDEDORISMO
11202522383;DA1ESTU025-17SA;AVALIAÇÃO DE IMPACTOS AMBIENTAIS
11202520701;NA1MCTB006-13SA;ANÁLISE REAL II
11202320658;NA1NHLB002-23SA;PRÁTICAS DE ENSINO DE BIOLOGIA E APRENDIZAGEM
11202321134;NA2BIR0004-15SB;BASES EPISTEMOLÓGICAS DA CIÊNCIA MODERNA
11201720132;NA1MCCC005-23SA;ANÁLISE DE ALGORITMOS II
11201720132;NA1MCZA053-22SA;DESENVOLVIMENTO GUIADO POR TIPOS
11201921990;DB1ESTA019-17SA;PROJETO ASSISTIDO POR COMPUTADOR
11202130948;NA1NHT1054-15SA;HISTOLOGIA E EMBRIOLOGIA
11202420783;DB1BIN0406-15SA;INTRODUÇÃO À PROBABILIDADE E À ESTATÍSTICA
11202432375;DA1ESTE029-17SA;ENGENHARIA DE COMBUSTÍVEIS FÓSSEIS
11202432375;DA1ESTE032-17SA;ENGENHARIA SOLAR TÉRMICA
11202321803;NA1ESHT015-22SB;OFICINA DE PLANEJAMENTO URBANO
11201921752;NA1ESTI015-17SA;COMUNICAÇÕES MÓVEIS
11201921752;NA1ESZM031-17SA;NANOCOMPÓSITOS
11201810204;NA1ESHT015-22SB;OFICINA DE PLANEJAMENTO URBANO
11201922010;NA1ESTS004-17SB;DESEMPENHO DE AERONAVES
11201922010;NA1ESAE004-23SB;MÉTODOS COMPUTACIONAIS PARA ANÁLISE ESTRUTURAL
11202610108;DA1ESHT020-17SB;POLÍTICA METROPOLITANA
11202420880;NA1ESZE079-17SA;TÓPICOS DE OTIMIZAÇÃO EM SISTEMAS ELÉTRICOS DE POTÊNCIA E APLICAÇÕES
11202321571;NA1ESZB014-17SB;INTRODUÇÃO À ROBÓTICA
11201922330;NAMCTC020-15SB;PSICOLOGIA EXPERIMENTAL
11202020213;NA1ESHP024-22SB;MÉTODOS QUALITATIVOS E DESENHO DE PESQUISA PARA O TCC DE POLÍTICAS PÚBLICAS
11202232243;NANHZ3080-15SA;LABORATÓRIO DE FÍSICA MÉDICA
11202321151;DA1MCZC004-15SB;DESENVOLVIMENTO E DEGENERAÇÃO DO SISTEMA NERVOSO
11202321700;DA1NHZ5020-15SA;EDUCAÇÃO INCLUSIVA
11202020207;DA1ESTE025-17SA;FUNDAMENTOS DE MÁQUINAS TÉRMICAS
21075015;DA2BCN0405-15SA;INTRODUÇÃO ÀS EQUAÇÕES DIFERENCIAIS ORDINÁRIAS
11202130342;DI1ESHC018-17SB;FORMAÇÃO ECONÔMICA DO BRASIL
11202130228;NA1ESTO015-17SB;MECÂNICA DOS FLUIDOS I
11202130228;NA1ESTB005-17SB;CIÊNCIA DOS MATERIAIS BIOCOMPATÍVEIS
11202021225;NA1ESTO015-17SA;MECÂNICA DOS FLUIDOS I
11202111688;NA1ESZP002-13SB;INSTITUIÇÕES JUDICIAIS E POLÍTICAS PÚBLICAS
11202420672;NA1NHZ2052-11SB;PENSAMENTO KANTIANO E SEUS DESDOBRAMENTOS CONTEMPORÂNEOS
11202420758;NB2BCM0506-15SA;COMUNICAÇÃO E REDES
11201922372;NA1ESZB014-17SB;INTRODUÇÃO À ROBÓTICA
11202520966;NA1ESTO016-17SB;FENÔMENOS DE TRANSPORTE
11202231978;DA1BCS0004-25SA;PRÁTICAS EXTENSIONISTAS EM LETRAMENTO DIGITAL
11202521311;DB2BIR0004-15SB;BASES EPISTEMOLÓGICAS DA CIÊNCIA MODERNA
11202521658;DB2BIN0406-15SB;INTRODUÇÃO À PROBABILIDADE E À ESTATÍSTICA
11202532635;NA1MCBM009-23SA;TEORIA DE ANÉIS
11202532635;NA1ESTM003-17SA;TÓPICOS COMPUTACIONAIS EM MATERIAIS
11202422060;NA2BIR0004-15SB;BASES EPISTEMOLÓGICAS DA CIÊNCIA MODERNA
11202420609;NA1ESTO016-17SA;FENÔMENOS DE TRANSPORTE
11202310100;DB1BIN0406-15SB;INTRODUÇÃO À PROBABILIDADE E À ESTATÍSTICA
11202310100;DA1ESHR015-21SB;SEGURANÇA INTERNACIONAL
11202230776;DC1BIS0003-15SB;BASES MATEMÁTICAS
11202020097;DA1MCZC020-20SB;INTRODUÇÃO À NEUROMODULAÇÃO INVASIVA E NÃO-INVASIVA
11202130948;NA1ESTU031-17SA;RECUPERAÇÃO DE ÁREAS DEGRADADAS
11201812379;NI1ESZR025-21SB;CONFLITOS, PAZ E NEGOCIAÇÃO INTERNACIONAL (PRÁTICA)
11202111636;NA1MCCC005-23SA;ANÁLISE DE ALGORITMOS II
11202332330;NA1ESTM005-17SA;MATERIAIS METÁLICOS
11202420684;NA1ESTI006-17SA;PROCESSAMENTO DIGITAL DE SINAIS
11201920266;DA1NHZ4080-20SA;HISTÓRIA DA QUÍMICA
11202520596;NA1MCZC004-15SB;DESENVOLVIMENTO E DEGENERAÇÃO DO SISTEMA NERVOSO
11202432369;NANHH2040-13SB;HISTÓRIA DA FILOSOFIA MODERNA: O ILUMINISMO E SEUS DESDOBRAMENTOS
11202130808;NA1ESZP041-14SB;ADMINISTRAÇÃO PÚBLICA E REFORMA DO ESTADO EM PERSPECTIVA COMPARADA
11202231076;DA1ESTU035-17SA;SISTEMAS DE ESGOTAMENTO SANITÁRIO
11201922383;NA1ESTO016-17SA;FENÔMENOS DE TRANSPORTE
11202231460;NA1ESTI016-17SA;FUNDAMENTOS DE FOTÔNICA
11202521638;DA1NHT4073-15SA;LIVROS DIDÁTICOS NO ENSINO DE QUÍMICA
11202521601;NA1ESTB005-17SB;CIÊNCIA DOS MATERIAIS BIOCOMPATÍVEIS
11202420465;DA1ESZG041-17SB;GESTÃO DA INOVAÇÃO
11202020064;DA1ESTO014-17SB;TERMODINÂMICA APLICADA I
11202020064;NA1ESZS028-17SB;PROJETO DE AERONAVES I
11202532638;DB1BIN0406-15SA;INTRODUÇÃO À PROBABILIDADE E À ESTATÍSTICA
11202522086;DA1MCTB019-17SA;MATEMÁTICA DISCRETA
11202321375;NA2ESTU009-17SA;HIDROLOGIA
11202532616;NB2BCM0506-15SA;COMUNICAÇÃO E REDES
11202532616;NB1BCM0505-22SB;PROCESSAMENTO DA INFORMAÇÃO
11202532616;NA1ESTM003-17SA;TÓPICOS COMPUTACIONAIS EM MATERIAIS
11202232028;DA1ESZG041-17SB;GESTÃO DA INOVAÇÃO
11202321537;NB1ESTE026-17SA;LABORATÓRIO DE MÁQUINAS TÉRMICAS E HIDRÁULICAS
11202321537;NA1ESTA006-17SA;FOTÔNICA
11201722793;NA1NHBQ003-22SA;ELETROQUÍMICA
11201722793;NA1ESTE030-17SA;ENGENHARIA DE PETRÓLEO E GÁS
11201722793;NA1ESTI016-17SA;FUNDAMENTOS DE FOTÔNICA
11202111134;NA2ESTB005-17SB;CIÊNCIA DOS MATERIAIS BIOCOMPATÍVEIS
11202420725;NA2ESTU009-17SA;HIDROLOGIA
11202321717;NA2ESTU009-17SA;HIDROLOGIA
11201810105;NA1ESTE016-17SA;INTRODUÇÃO AOS SISTEMAS ELÉTRICOS DE POTÊNCIA
11202421307;DA1ESHR028-21SB;REGIME INTERNACIONAL DOS DIREITOS HUMANOS
11202421510;DA1BCS0004-25SA;PRÁTICAS EXTENSIONISTAS EM LETRAMENTO DIGITAL
21051215;DA1MCZC018-20SB;PSICOPATOLOGIA
11202421501;DB1BIQ0602-15SB;ESTRUTURA E DINÂMICA SOCIAL
11202022145;DANHH2026-13SB;FILOSOFIA NO BRASIL E NA AMÉRICA LATINA
11202022145;DA1ESZR037-21SB;TÓPICOS ESPECIAIS EM RELAÇÕES INTERNACIONAIS
11202420560;DA1NHZ1009-15SA;BIOLOGIA MOLECULAR E BIOTECNOLOGIA
11202521802;DA1NHT4025-15SA;MÉTODOS DE ANÁLISE EM QUÍMICA ORGÂNICA
11202421311;NA1ESHT015-22SB;OFICINA DE PLANEJAMENTO URBANO
11202520448;DA1ESHC018-17SB;FORMAÇÃO ECONÔMICA DO BRASIL
11202421307;DA2BIN0406-15SB;INTRODUÇÃO À PROBABILIDADE E À ESTATÍSTICA
11202021233;NA1NHZ1026-15SA;EVOLUÇÃO MOLECULAR
11202421501;DB1BIN0406-15SA;INTRODUÇÃO À PROBABILIDADE E À ESTATÍSTICA
11202421637;DA1NHT5013-22SA;PRÁTICAS DE ENSINO DE CIÊNCIAS E MATEMÁTICA NO ENSINO FUNDAMENTAL
11202420682;DB1ESTO006-17SA;MATERIAIS E SUAS PROPRIEDADES
11202420442;DA1ESZR037-21SB;TÓPICOS ESPECIAIS EM RELAÇÕES INTERNACIONAIS
11202021320;DA1BCN0407-15SB;FUNÇÕES DE VÁRIAS VARIÁVEIS
11202421501;DA1BCM0505-22SB;PROCESSAMENTO DA INFORMAÇÃO
11202322181;NA1LHZ0006-19SB;CARTOGRAFIA ESCOLAR E INCLUSIVA
11202420791;NA1NHT1054-15SA;HISTOLOGIA E EMBRIOLOGIA
11202420682;DA3BCM0506-15SA;COMUNICAÇÃO E REDES
11202421863;DB2BCN0405-15SA;INTRODUÇÃO ÀS EQUAÇÕES DIFERENCIAIS ORDINÁRIAS
11202231077;DA1ESZG013-17SB;EMPREENDEDORISMO
11202231077;DA1ESZG017-17SB;CLIMA E CULTURA ORGANIZACIONAL
11202021643;DA1MCTD009-18SA;GEOMETRIA PLANA AXIOMÁTICA
11202021643;DB1ESTO006-17SA;MATERIAIS E SUAS PROPRIEDADES
11202522275;NA1ESZE079-17SA;TÓPICOS DE OTIMIZAÇÃO EM SISTEMAS ELÉTRICOS DE POTÊNCIA E APLICAÇÕES
11202420402;DA1NHT4051-15SA;QUÍMICA ANALÍTICA CLÁSSICA I
11202420402;DA1NHBQ001-22SA;CINÉTICA QUÍMICA
11202321106;NA1LHE0002-22SB;LABORATÓRIO DE PRÁTICAS INTEGRADORAS I (PCC)
11202421501;DA1BCN0407-15SB;FUNÇÕES DE VÁRIAS VARIÁVEIS
11202521586;NA1ESHC029-21SB;MICROECONOMIA III
11202510082;DB1NHT5013-22SA;PRÁTICAS DE ENSINO DE CIÊNCIAS E MATEMÁTICA NO ENSINO FUNDAMENTAL
11202320490;NA2ESTU009-17SA;HIDROLOGIA
11202131617;NI1ESZR025-21SB;CONFLITOS, PAZ E NEGOCIAÇÃO INTERNACIONAL (PRÁTICA)
11202420682;DB1ESTA016-17SA;MÁQUINAS ELÉTRICAS
11202420479;DA1ESZR037-21SB;TÓPICOS ESPECIAIS EM RELAÇÕES INTERNACIONAIS
11202420263;DA1ESZG041-17SB;GESTÃO DA INOVAÇÃO
11202520365;NA1ESTO001-17SB;CIRCUITOS ELÉTRICOS E FOTÔNICA
11202520365;NA1ESTE026-17SA;LABORATÓRIO DE MÁQUINAS TÉRMICAS E HIDRÁULICAS
11202520365;NB1ESTA005-17SA;ANÁLISE DE SISTEMAS DINÂMICOS LINEARES
11201722068;DA1ESTE024-17SA;MECÂNICA DOS FLUIDOS II
11202021851;DANHZ2106-18SB;FILOSOFIA DA CIÊNCIA
11202231162;NA1ESTI006-17SA;PROCESSAMENTO DIGITAL DE SINAIS
11202422034;DA1ESTM010-17SA;PROPRIEDADES MECÂNICAS E TÉRMICAS
11202532705;NA1ESZE106-17SA;SISTEMAS FOTOVOLTAICOS CONECTADOS À REDE ELÉTRICA
11202230464;DA2BCL0307-15SA;TRANSFORMAÇÕES QUÍMICAS
11107513;NA1ESTI016-17SA;FUNDAMENTOS DE FOTÔNICA
11202130689;DANHH2019-13SB;FILOSOFIA DA LINGUAGEM
11202521716;DA1NHZ2091-16SB;ARGUMENTAÇÃO E ENSINO
11067714;DA1ESZM033-17SA;RECICLAGEM E AMBIENTE
11202321661;NA2ESTU009-17SA;HIDROLOGIA
11202420646;NA2ESTI020-17SA;TEORIA DE FILAS E ANÁLISE DE DESEMPENHO
11202321250;NA1ESTI020-17SA;TEORIA DE FILAS E ANÁLISE DE DESEMPENHO
11202610096;NA1LHZ0038-22SB;HISTÓRIA E GÊNERO
11201812327;NA1ESTE026-17SA;LABORATÓRIO DE MÁQUINAS TÉRMICAS E HIDRÁULICAS
11202422084;NA1MCCC005-23SA;ANÁLISE DE ALGORITMOS II
11201920383;DA1MCZA053-22SA;DESENVOLVIMENTO GUIADO POR TIPOS
11202230860;NA1ESTE037-17SA;ANÁLISE ECONÔMICA DE PROJETOS ENERGÉTICOS
11201920926;DA1BCM0505-22SB;PROCESSAMENTO DA INFORMAÇÃO
11202321323;DA2BIN0406-15SB;INTRODUÇÃO À PROBABILIDADE E À ESTATÍSTICA
11202321323;DA1BIL0304-15SB;EVOLUÇÃO E DIVERSIFICAÇÃO DA VIDA NA TERRA
11202321183;DA1MCTB019-17SA;MATEMÁTICA DISCRETA
11202520750;DB1BHO0102-15SB;DESENVOLVIMENTO E SUSTENTABILIDADE
11202520750;DANHH2019-13SB;FILOSOFIA DA LINGUAGEM
11202521713;DA2BHO0102-15SB;DESENVOLVIMENTO E SUSTENTABILIDADE
11202131499;NA1ESZU022-17SA;CIÊNCIAS ATMOSFÉRICAS
11202322086;NA1MCBM010-23SA;TEORIA DE CORPOS
11202421162;DA1NHZ1014-15SA;BOTÂNICA ECONÔMICA
11202212469;NANHH2019-13SB;FILOSOFIA DA LINGUAGEM
11201920932;DA1ESHT009-17SB;HISTÓRIA DA CIDADE E DO URBANISMO
11202232300;NA1ESTI015-17SA;COMUNICAÇÕES MÓVEIS
11202532578;NB1BCN0405-15SA;INTRODUÇÃO ÀS EQUAÇÕES DIFERENCIAIS ORDINÁRIAS
11202532578;NA1ESTI015-17SA;COMUNICAÇÕES MÓVEIS
11202532578;NA1MCZA053-22SA;DESENVOLVIMENTO GUIADO POR TIPOS
11202532578;NA1NHBQ003-22SA;ELETROQUÍMICA
11202532578;NA1ESZE079-17SA;TÓPICOS DE OTIMIZAÇÃO EM SISTEMAS ELÉTRICOS DE POTÊNCIA E APLICAÇÕES
11202522264;NA1MCCC010-23SA;MATEMÁTICA DISCRETA II
11202321886;NB1BCM0505-22SB;PROCESSAMENTO DA INFORMAÇÃO
11202521556;DB1BHO0102-15SB;DESENVOLVIMENTO E SUSTENTABILIDADE
11202521556;DB1BIN0406-15SA;INTRODUÇÃO À PROBABILIDADE E À ESTATÍSTICA
11202520262;NA1LHZ0023-19SB;METODOLOGIA EM HISTÓRIA
11201920932;DA1ESHT012-17SB;MOBILIZAÇÃO PRODUTIVA DOS TERRITÓRIOS E DESENVOLVIMENTO LOCAL
11202610089;NA1ESZP041-14SB;ADMINISTRAÇÃO PÚBLICA E REFORMA DO ESTADO EM PERSPECTIVA COMPARADA
11202421277;DA1ESZG013-17SB;EMPREENDEDORISMO
11202321852;DA1ESTO011-17SB;FUNDAMENTOS DE DESENHO TÉCNICO
11202021166;NB1BCS0002-25SB;PROJETO DIRIGIDO
11202420253;DA1NHZ5020-15SA;EDUCAÇÃO INCLUSIVA
11201811357;NA1ESTI015-17SA;COMUNICAÇÕES MÓVEIS
11201811357;NA1MCZA014-17SA;MÉTODOS DE OTIMIZAÇÃO
11201722527;DA1ESTA019-17SA;PROJETO ASSISTIDO POR COMPUTADOR
11202130603;NA1ESTU028-17SA;HIDRÁULICA DE CONDUTOS FORÇADOS
11202231437;DB1BHO0102-15SB;DESENVOLVIMENTO E SUSTENTABILIDADE
11202231437;DA1ESHR028-21SB;REGIME INTERNACIONAL DOS DIREITOS HUMANOS
11202112008;NB1BCN0405-15SB;INTRODUÇÃO ÀS EQUAÇÕES DIFERENCIAIS ORDINÁRIAS
11202112008;NB1BCM0505-22SB;PROCESSAMENTO DA INFORMAÇÃO
11202111953;NA1ESTO001-17SB;CIRCUITOS ELÉTRICOS E FOTÔNICA
11202111099;DI1ESHC018-17SB;FORMAÇÃO ECONÔMICA DO BRASIL
11202111099;DA1ESRI001-23SB;OFICINA DE RELAÇÕES INTERNACIONAIS
11202231178;NA1ESTI006-17SA;PROCESSAMENTO DIGITAL DE SINAIS
11202021373;NA1LHZ0006-19SB;CARTOGRAFIA ESCOLAR E INCLUSIVA
11202231275;NA1ESTB005-17SB;CIÊNCIA DOS MATERIAIS BIOCOMPATÍVEIS
11043613;DB3BCJ0203-15SB;FENÔMENOS ELETROMAGNÉTICOS
11201932591;NI1ESZR025-21SB;CONFLITOS, PAZ E NEGOCIAÇÃO INTERNACIONAL (PRÁTICA)
11202231437;DA1ESHC027-21SB;ECONOMIA MATEMÁTICA
11202521121;NA1ESTI006-17SA;PROCESSAMENTO DIGITAL DE SINAIS
11202332435;DA1ESHR028-21SB;REGIME INTERNACIONAL DOS DIREITOS HUMANOS
21051415;NB2ESTA007-17SA;ELETRÔNICA ANALÓGICA APLICADA
11202520570;DB3BCJ0203-15SB;FENÔMENOS ELETROMAGNÉTICOS
11056616;NA1ESZP041-14SB;ADMINISTRAÇÃO PÚBLICA E REFORMA DO ESTADO EM PERSPECTIVA COMPARADA
11201921602;NA1NHBQ008-22SA;FUNDAMENTOS DE REAÇÕES ORGÂNICAS
11202522533;DA2BCL0307-15SA;TRANSFORMAÇÕES QUÍMICAS
11202322252;DA1NHZ2013-11SB;FILOSOFIA BRASILEIRA: HISTÓRIA E PROBLEMAS
11202532719;DA1ESHP026-14SB;PARTICIPAÇÃO, MOVIMENTOS SOCIAIS E POLÍTICAS PÚBLICAS
11202310013;DA1ESTO011-17SB;FUNDAMENTOS DE DESENHO TÉCNICO
11202310013;DA1NHBQ007-22SA;FUNDAMENTOS DE QUÍMICA
11202610140;DA1ESHT009-17SB;HISTÓRIA DA CIDADE E DO URBANISMO
11202422004;DA1MCZC020-20SB;INTRODUÇÃO À NEUROMODULAÇÃO INVASIVA E NÃO-INVASIVA
11202610235;NA1NHT3004-13SA;ESTÁGIO SUPERVISIONADO EM FÍSICA I (NÍVEL MÉDIO)
11202421501;DA2BCL0307-15SA;TRANSFORMAÇÕES QUÍMICAS
11202321658;DA1ESRI001-23SB;OFICINA DE RELAÇÕES INTERNACIONAIS
11202420161;DD2BCS0001-25SA;BASE EXPERIMENTAL DAS CIÊNCIAS NATURAIS
11202420161;DB2BCM0506-15SA;COMUNICAÇÃO E REDES
11202420161;DA4BIL0304-15SA;EVOLUÇÃO E DIVERSIFICAÇÃO DA VIDA NA TERRA
11202131232;NA4BCM0506-15SA;COMUNICAÇÃO E REDES
11008415;NA1MCZA053-22SA;DESENVOLVIMENTO GUIADO POR TIPOS
11202421775;DA1ESHC031-17SB;MACROECONOMIA PÓS-KEYNESIANA
11202421775;DA1ESHR028-21SB;REGIME INTERNACIONAL DOS DIREITOS HUMANOS
11202420852;NA1MCCC005-23SA;ANÁLISE DE ALGORITMOS II
11202421775;NA1ESZP041-14SB;ADMINISTRAÇÃO PÚBLICA E REFORMA DO ESTADO EM PERSPECTIVA COMPARADA
11202521709;NB1ESTA007-17SA;ELETRÔNICA ANALÓGICA APLICADA
11202510071;DA1NHZ1009-15SA;BIOLOGIA MOLECULAR E BIOTECNOLOGIA
11202510071;NA1NHZ1026-15SA;EVOLUÇÃO MOLECULAR
11202020809;NA2NHT1013-15SA;BIOQUÍMICA FUNCIONAL
11201922357;NA1LHZ0023-19SB;METODOLOGIA EM HISTÓRIA
11201922357;NA1NHZ2052-11SB;PENSAMENTO KANTIANO E SEUS DESDOBRAMENTOS CONTEMPORÂNEOS
11202231537;NA1ESTE037-17SA;ANÁLISE ECONÔMICA DE PROJETOS ENERGÉTICOS
11202420996;DA1ESTE036-17SA;ECONOMIA DA ENERGIA
11202420996;NA2BCN0405-15SB;INTRODUÇÃO ÀS EQUAÇÕES DIFERENCIAIS ORDINÁRIAS
11202420996;NA1NHH2090-16SB;PRÁTICA DE ENSINO DE FILOSOFIA: PROGRAMAS DE ENSINO
11202420996;NI1ESZR025-21SB;CONFLITOS, PAZ E NEGOCIAÇÃO INTERNACIONAL (PRÁTICA)
11202521529;DA1ESHR029-21SB;ANÁLISE DE POLÍTICA EXTERNA
11202510100;NA1ESHT015-22SB;OFICINA DE PLANEJAMENTO URBANO
11024215;DB1BCM0506-15SB;COMUNICAÇÃO E REDES
11202522303;DB2BCN0405-15SA;INTRODUÇÃO ÀS EQUAÇÕES DIFERENCIAIS ORDINÁRIAS
11202131978;DB1ESTA019-17SA;PROJETO ASSISTIDO POR COMPUTADOR
11202421612;DA1ESZG013-17SB;EMPREENDEDORISMO
11202520831;DA1ESGE006-23SB;ENGENHARIA DE SEGURANÇA DO TRABALHO: ERGONOMIA
11202521104;NA2BCN0405-15SB;INTRODUÇÃO ÀS EQUAÇÕES DIFERENCIAIS ORDINÁRIAS
11202521104;NA1ESZP041-14SB;ADMINISTRAÇÃO PÚBLICA E REFORMA DO ESTADO EM PERSPECTIVA COMPARADA
11202420326;DA2BIN0406-15SB;INTRODUÇÃO À PROBABILIDADE E À ESTATÍSTICA
11202232106;DA1ESGE006-23SB;ENGENHARIA DE SEGURANÇA DO TRABALHO: ERGONOMIA
11202422011;DB1BIQ0602-15SB;ESTRUTURA E DINÂMICA SOCIAL
11202230804;DA1BCN0407-15SB;FUNÇÕES DE VÁRIAS VARIÁVEIS
11202320967;DA1ESZC022-17SB;TÓPICOS AVANÇADOS EM DESENVOLVIMENTO SOCIOECONÔMICO
11202230225;NA1ESZI039-17SA;PROPAGAÇÃO E ANTENAS
11202320302;NA1ESTI006-17SA;PROCESSAMENTO DIGITAL DE SINAIS
11202320302;NA1ESTA021-17SA;INTRODUÇÃO AO CONTROLE DISCRETO
11202522045;DA1ESTO005-17SB;INTRODUÇÃO ÀS ENGENHARIAS
11201812276;NA1ESTM017-17SA;MATERIAIS CERÂMICOS
11202020792;DA1ESZU022-17SA;CIÊNCIAS ATMOSFÉRICAS
11201921652;DA9BIS0005-15SA;BASES COMPUTACIONAIS DA CIÊNCIA
11202522496;DA1NHLH008-24SB;REVOLUÇÕES E REGIMES AUTORITÁRIOS NA AMÉRICA LATINA CONTEMPORÂNEA
11202232176;NA1MCZA014-17SA;MÉTODOS DE OTIMIZAÇÃO
11202520726;NA1ESTO016-17SB;FENÔMENOS DE TRANSPORTE
11202522161;NANHH2040-13SB;HISTÓRIA DA FILOSOFIA MODERNA: O ILUMINISMO E SEUS DESDOBRAMENTOS
11202230270;NB1BCM0505-22SB;PROCESSAMENTO DA INFORMAÇÃO
11202520939;NA1LHZ0006-19SB;CARTOGRAFIA ESCOLAR E INCLUSIVA
11202610137;DB1BIN0406-15SB;INTRODUÇÃO À PROBABILIDADE E À ESTATÍSTICA
11202522166;NA1ESZP002-13SB;INSTITUIÇÕES JUDICIAIS E POLÍTICAS PÚBLICAS
11202422034;NA1ESTO001-17SB;CIRCUITOS ELÉTRICOS E FOTÔNICA
11202610099;NA1ESHT015-22SB;OFICINA DE PLANEJAMENTO URBANO
11202521852;NA1LHZ0027-19SB;PRÁTICAS DE ENSINO DE GEOGRAFIA: CURRÍCULOS
11202520944;NA1ESZE079-17SA;TÓPICOS DE OTIMIZAÇÃO EM SISTEMAS ELÉTRICOS DE POTÊNCIA E APLICAÇÕES
11202421657;DA1NHZ5020-15SA;EDUCAÇÃO INCLUSIVA
11202521165;DA1BCL0307-15SA;TRANSFORMAÇÕES QUÍMICAS
11202610153;DA1ESHP021-13SB;TRAJETÓRIAS DAS POLÍTICAS DE CT&I NO BRASIL
11202610153;DA1ESBM009-23SB;SENSORES BIOMÉDICOS
11202610153;DA1MCTB020-17SA;TEORIA DA MEDIDA E INTEGRAÇÃO
11202610153;DA1MCBM009-23SA;TEORIA DE ANÉIS
11202610153;NA1ESTE021-17SA;TERMODINÂMICA APLICADA II
11202610153;NA1ESTS018-17SB;TRANSFERÊNCIA DE CALOR APLICADA A SISTEMAS AEROESPACIAIS
11202421678;NA1MCNC002-23SA;NEUROCIÊNCIA TEÓRICA E COMPUTACIONAL
11202230228;NA1ESZP041-14SB;ADMINISTRAÇÃO PÚBLICA E REFORMA DO ESTADO EM PERSPECTIVA COMPARADA
11202420453;DA1NHLQ002-22SA;PRÁTICAS DE ENSINO DE QUÍMICA I
11202532671;NA1ESZE006-17SA;SUBESTAÇÃO E EQUIPAMENTOS
11202230726;DB1BCM0506-15SB;COMUNICAÇÃO E REDES
11202230726;DA1BCM0505-22SB;PROCESSAMENTO DA INFORMAÇÃO
11202230726;DA1ESZG013-17SB;EMPREENDEDORISMO
11202230726;DA1ESTS003-17SB;INTRODUÇÃO À ASTRONÁUTICA
11202230726;DA1ESMA002-23SB;INOVAÇÕES PARA ENGENHARIA
11202230726;NA1ESZS028-17SB;PROJETO DE AERONAVES I
11201921854;NA1ESTB028-17SB;EQUIPAMENTOS MÉDICO-HOSPITALARES
11201720370;NANHH2019-13SB;FILOSOFIA DA LINGUAGEM
11202522267;DA1NHLH005-24SB;HISTÓRIA DA DEMOCRACIA E DOS REGIMES AUTORITÁRIOS NO BRASIL CONTEMPORÂNEO
11201811297;NA1ESTS018-17SB;TRANSFERÊNCIA DE CALOR APLICADA A SISTEMAS AEROESPACIAIS
11202321445;DA1NHLH005-24SB;HISTÓRIA DA DEMOCRACIA E DOS REGIMES AUTORITÁRIOS NO BRASIL CONTEMPORÂNEO
11202610049;DD2BCS0001-25SA;BASE EXPERIMENTAL DAS CIÊNCIAS NATURAIS
11202130449;NA1ESTE026-17SA;LABORATÓRIO DE MÁQUINAS TÉRMICAS E HIDRÁULICAS
11201810943;NANHH2019-13SB;FILOSOFIA DA LINGUAGEM
11202230772;NA2ESTU009-17SA;HIDROLOGIA
11202522555;DA1ESHP009-22SB;BUROCRACIA E IMPLEMENTAÇÃO DE POLÍTICAS PÚBLICAS
11202131318;NA1NHBQ008-22SA;FUNDAMENTOS DE REAÇÕES ORGÂNICAS
11202421481;DA1MCTC014-13SA;INTRODUÇÃO À INFERÊNCIA ESTATÍSTICA
11202231932;DB1BIN0406-15SA;INTRODUÇÃO À PROBABILIDADE E À ESTATÍSTICA
11202231515;NB1ESTE026-17SA;LABORATÓRIO DE MÁQUINAS TÉRMICAS E HIDRÁULICAS
11202510080;NA1NHZ1026-15SA;EVOLUÇÃO MOLECULAR
11202522555;DA1NHZ2091-16SB;ARGUMENTAÇÃO E ENSINO
11202111119;DA1NHZ5020-15SA;EDUCAÇÃO INCLUSIVA
11202020792;NA1NHBQ008-22SA;FUNDAMENTOS DE REAÇÕES ORGÂNICAS
11202421481;DB1NHT5013-22SA;PRÁTICAS DE ENSINO DE CIÊNCIAS E MATEMÁTICA NO ENSINO FUNDAMENTAL
11202521949;NA1NHZ2052-11SB;PENSAMENTO KANTIANO E SEUS DESDOBRAMENTOS CONTEMPORÂNEOS
11202230772;NA1NHZ6005-18SA;LABORATÓRIO DE BIOPROCESSOS
11202130385;NA1LHZ0038-22SB;HISTÓRIA E GÊNERO
11202321957;NA1ESTM003-17SA;TÓPICOS COMPUTACIONAIS EM MATERIAIS
11202520676;DA2BCL0307-15SA;TRANSFORMAÇÕES QUÍMICAS
11202610147;DA1ESZC022-17SB;TÓPICOS AVANÇADOS EM DESENVOLVIMENTO SOCIOECONÔMICO
11202321862;DA1BCS0004-25SB;PRÁTICAS EXTENSIONISTAS EM LETRAMENTO DIGITAL
11202321880;NA2ESTA003-17SA;SISTEMAS DE CONTROLE I
11202020792;NA1ESTE030-17SA;ENGENHARIA DE PETRÓLEO E GÁS
11202232299;NA1MCZA053-22SA;DESENVOLVIMENTO GUIADO POR TIPOS
11202020792;DA1MCLM001-23SA;EDUCAÇÃO ESTATÍSTICA
11202231275;DA1ESTB023-17SB;FÍSICA MÉDICA I
11202420674;DA1MCTD009-18SA;GEOMETRIA PLANA AXIOMÁTICA
11202420716;NA1ESZP041-14SB;ADMINISTRAÇÃO PÚBLICA E REFORMA DO ESTADO EM PERSPECTIVA COMPARADA
11202131400;DA1ESTE025-17SA;FUNDAMENTOS DE MÁQUINAS TÉRMICAS
11201920107;NB1ESTA017-17SA;LABORATÓRIO DE MÁQUINAS ELÉTRICAS
11202420324;DANHBP010-23SA;ÓPTICA E RELATIVIDADE
11202420465;DA1BCS0002-25SB;PROJETO DIRIGIDO
11202420152;NA1ESHT015-22SB;OFICINA DE PLANEJAMENTO URBANO
11202521805;DB1NHT5013-22SA;PRÁTICAS DE ENSINO DE CIÊNCIAS E MATEMÁTICA NO ENSINO FUNDAMENTAL
11202232135;DA1ESTU025-17SA;AVALIAÇÃO DE IMPACTOS AMBIENTAIS
11202421377;DB3BCJ0203-15SB;FENÔMENOS ELETROMAGNÉTICOS
11202421377;DA2BIN0406-15SB;INTRODUÇÃO À PROBABILIDADE E À ESTATÍSTICA
11202231082;DA1ESGE007-23SB;GESTÃO AMBIENTAL EMPRESARIAL
11202021702;DA1ESTG024-17SB;SISTEMAS DE INFORMAÇÃO CORPORATIVOS
11202212420;NI1ESZR025-21SB;CONFLITOS, PAZ E NEGOCIAÇÃO INTERNACIONAL (PRÁTICA)
11201921532;NA1ESTO015-17SA;MECÂNICA DOS FLUIDOS I
11202021143;DA1NHZ1009-15SA;BIOLOGIA MOLECULAR E BIOTECNOLOGIA
11202021143;DA1ESTU027-17SA;FUNDAMENTOS DE GEOLOGIA PARA ENGENHARIA
11202521718;NA1NHZ2052-11SB;PENSAMENTO KANTIANO E SEUS DESDOBRAMENTOS CONTEMPORÂNEOS
11202020895;DA1NHT1054-15SA;HISTOLOGIA E EMBRIOLOGIA
11202421687;NB2ESTO017-17SA;MÉTODOS EXPERIMENTAIS EM ENGENHARIA
11202321908;DA1NHZ1014-15SA;BOTÂNICA ECONÔMICA
11202610117;DA2BHQ0003-15SB;INTERPRETAÇÕES DO BRASIL
11202130798;NANHH2019-13SB;FILOSOFIA DA LINGUAGEM
11201921497;DA1ESHT009-17SB;HISTÓRIA DA CIDADE E DO URBANISMO
11202130486;NA1ESZA011-17SA;ELETRÔNICA DE POTÊNCIA I
11202610117;NANHH2019-13SB;FILOSOFIA DA LINGUAGEM
11202321619;DA1ESTO012-17SA;PRINCÍPIOS DE ADMINISTRAÇÃO
11201932584;DA1ESHC027-21SB;ECONOMIA MATEMÁTICA
11201932584;DA1ESHC024-19SB;MACROECONOMIA III
11202131379;NA1ESTE037-17SA;ANÁLISE ECONÔMICA DE PROJETOS ENERGÉTICOS
11202231155;DA1ESTO017-17SA;MÉTODOS EXPERIMENTAIS EM ENGENHARIA
11202130720;NANHH2019-13SB;FILOSOFIA DA LINGUAGEM
11202130720;NA1NHZ2052-11SB;PENSAMENTO KANTIANO E SEUS DESDOBRAMENTOS CONTEMPORÂNEOS
11202321571;NA1ESTA003-17SB;SISTEMAS DE CONTROLE I
11202420432;NA1ESTA021-17SA;INTRODUÇÃO AO CONTROLE DISCRETO
11202432369;NA1ESTO015-17SA;MECÂNICA DOS FLUIDOS I
11202522414;NI1ESZR025-21SB;CONFLITOS, PAZ E NEGOCIAÇÃO INTERNACIONAL (PRÁTICA)
11202532682;DC1ESTO006-17SA;MATERIAIS E SUAS PROPRIEDADES
11202521291;NANHH2019-13SB;FILOSOFIA DA LINGUAGEM
11202521291;NA1NHZ2052-11SB;PENSAMENTO KANTIANO E SEUS DESDOBRAMENTOS CONTEMPORÂNEOS
11201810088;NA1ESTE026-17SA;LABORATÓRIO DE MÁQUINAS TÉRMICAS E HIDRÁULICAS
11202230270;NB1BCN0405-15SA;INTRODUÇÃO ÀS EQUAÇÕES DIFERENCIAIS ORDINÁRIAS
11202320814;DA1ESZC022-17SB;TÓPICOS AVANÇADOS EM DESENVOLVIMENTO SOCIOECONÔMICO
11202020009;DA1NHZ5020-15SA;EDUCAÇÃO INCLUSIVA
11202130475;NA1ESTU028-17SA;HIDRÁULICA DE CONDUTOS FORÇADOS
11202610058;NA1MCCC005-23SA;ANÁLISE DE ALGORITMOS II
11202422098;DA1NHZ2013-11SB;FILOSOFIA BRASILEIRA: HISTÓRIA E PROBLEMAS
11202130798;NA1ESTB005-17SB;CIÊNCIA DOS MATERIAIS BIOCOMPATÍVEIS
11202421325;NA1MCCC010-23SA;MATEMÁTICA DISCRETA II
11202421656;DA9BIS0005-15SA;BASES COMPUTACIONAIS DA CIÊNCIA
11202232019;NA1ESZE006-17SA;SUBESTAÇÃO E EQUIPAMENTOS
11202230788;NA1NHZ6005-18SA;LABORATÓRIO DE BIOPROCESSOS
11202420475;DA2BCL0307-15SA;TRANSFORMAÇÕES QUÍMICAS
11202321991;NA1ESZI039-17SA;PROPAGAÇÃO E ANTENAS
11202520352;DA1ESTO005-17SB;INTRODUÇÃO ÀS ENGENHARIAS
11202610196;NA1LHZ0023-19SB;METODOLOGIA EM HISTÓRIA
11202322240;DA1ESZM033-17SA;RECICLAGEM E AMBIENTE
11202232153;DA1ESZG017-17SB;CLIMA E CULTURA ORGANIZACIONAL
11201920998;NA1NHZ2052-11SB;PENSAMENTO KANTIANO E SEUS DESDOBRAMENTOS CONTEMPORÂNEOS
11202310120;DA1NHLQ001-22SA;EXPERIMENTAÇÃO E ENSINO DE QUÍMICA
11202421834;NA4BCM0506-15SA;COMUNICAÇÃO E REDES
11202610046;DD2BCS0001-25SA;BASE EXPERIMENTAL DAS CIÊNCIAS NATURAIS
11202320628;DA1BCS0004-25SB;PRÁTICAS EXTENSIONISTAS EM LETRAMENTO DIGITAL
11202521505;DA1ESZG017-17SB;CLIMA E CULTURA ORGANIZACIONAL
11202111049;NA1ESTB028-17SB;EQUIPAMENTOS MÉDICO-HOSPITALARES
11202131279;NA1ESTE030-17SA;ENGENHARIA DE PETRÓLEO E GÁS
11201812283;DA1ESHT018-17SB;PLANEJAMENTO E POLÍTICA REGIONAL
11201812283;DA1ESHT020-17SB;POLÍTICA METROPOLITANA
11202021702;DA1ESZG041-17SB;GESTÃO DA INOVAÇÃO
11202021702;DA1ESZG017-17SB;CLIMA E CULTURA ORGANIZACIONAL
11201811499;NB1ESTA008-17SA;SISTEMAS DE CONTROLE II
11202111951;NI1ESZR025-21SB;CONFLITOS, PAZ E NEGOCIAÇÃO INTERNACIONAL (PRÁTICA)
11202021506;DA1NHLH005-24SB;HISTÓRIA DA DEMOCRACIA E DOS REGIMES AUTORITÁRIOS NO BRASIL CONTEMPORÂNEO
11202320436;DA1MCZC020-20SB;INTRODUÇÃO À NEUROMODULAÇÃO INVASIVA E NÃO-INVASIVA
11202131470;NA2BCN0405-15SB;INTRODUÇÃO ÀS EQUAÇÕES DIFERENCIAIS ORDINÁRIAS
11202332385;NA1NHH2090-16SB;PRÁTICA DE ENSINO DE FILOSOFIA: PROGRAMAS DE ENSINO
11202231124;NA1ESTI015-17SA;COMUNICAÇÕES MÓVEIS
11202022145;DANHZ2068-18SB;TEMAS DE FILOSOFIA MEDIEVAL I
21075015;DA1NHZ2091-16SB;ARGUMENTAÇÃO E ENSINO
11202610058;NANHLP004-22SA;TEORIA ELETROMAGNÉTICA
11201721697;NA1BCN0407-15SB;FUNÇÕES DE VÁRIAS VARIÁVEIS
11202230777;NA1NHZ2052-11SB;PENSAMENTO KANTIANO E SEUS DESDOBRAMENTOS CONTEMPORÂNEOS
11202522360;DA1BCM0506-15SB;COMUNICAÇÃO E REDES
11202020055;NANHH2019-13SB;FILOSOFIA DA LINGUAGEM
11202021859;NA1ESZA006-17SB;TEORIA DE CONTROLE ÓTIMO
11202610058;NA3BCN0405-15SA;INTRODUÇÃO ÀS EQUAÇÕES DIFERENCIAIS ORDINÁRIAS
11202432368;DC1ESTO017-17SA;MÉTODOS EXPERIMENTAIS EM ENGENHARIA
11202321017;DA1ESRI001-23SB;OFICINA DE RELAÇÕES INTERNACIONAIS
11202322160;NA1ESZP041-14SB;ADMINISTRAÇÃO PÚBLICA E REFORMA DO ESTADO EM PERSPECTIVA COMPARADA
11202321886;NA2BCN0405-15SB;INTRODUÇÃO ÀS EQUAÇÕES DIFERENCIAIS ORDINÁRIAS
11202320392;DA1ESTU035-17SA;SISTEMAS DE ESGOTAMENTO SANITÁRIO
11202321818;DA1ESTA007-17SB;ELETRÔNICA ANALÓGICA APLICADA
11202231666;DB1ESTA007-17SA;ELETRÔNICA ANALÓGICA APLICADA
11202422140;NI1ESZR025-21SB;CONFLITOS, PAZ E NEGOCIAÇÃO INTERNACIONAL (PRÁTICA)
11202131446;DANHZ2106-18SB;FILOSOFIA DA CIÊNCIA
21082816;DA1ESHP021-13SB;TRAJETÓRIAS DAS POLÍTICAS DE CT&I NO BRASIL
11201921509;NA1ESTI006-17SA;PROCESSAMENTO DIGITAL DE SINAIS
11202231078;NA1NHZ2052-11SB;PENSAMENTO KANTIANO E SEUS DESDOBRAMENTOS CONTEMPORÂNEOS
11202520161;DB1BCN0405-15SB;INTRODUÇÃO ÀS EQUAÇÕES DIFERENCIAIS ORDINÁRIAS
11202020543;NI1ESZR025-21SB;CONFLITOS, PAZ E NEGOCIAÇÃO INTERNACIONAL (PRÁTICA)
11202321504;DA1ESTU039-17SA;REGULAÇÃO AMBIENTAL E URBANÍSTICA
11202321504;DA1ESHP009-22SB;BUROCRACIA E IMPLEMENTAÇÃO DE POLÍTICAS PÚBLICAS
11202321504;NA1NHZ2052-11SB;PENSAMENTO KANTIANO E SEUS DESDOBRAMENTOS CONTEMPORÂNEOS
11202020201;NA1ESZA011-17SA;ELETRÔNICA DE POTÊNCIA I
11202310102;NA1NHZ2052-11SB;PENSAMENTO KANTIANO E SEUS DESDOBRAMENTOS CONTEMPORÂNEOS
11201722129;NA2ESTI020-17SA;TEORIA DE FILAS E ANÁLISE DE DESEMPENHO
11202231043;NA1NHBQ008-22SA;FUNDAMENTOS DE REAÇÕES ORGÂNICAS
11202232284;DA1NHT1059-15SA;MORFOFISIOLOGIA HUMANA II
11202021181;DA1ESZI041-18SA;PROGRAMAÇÃO DE SOFTWARE EMBARCADO
11081816;NA1MCCC005-23SA;ANÁLISE DE ALGORITMOS II
11202022145;DA1ESHR015-21SB;SEGURANÇA INTERNACIONAL
11202021909;DA1NHZ4080-20SA;HISTÓRIA DA QUÍMICA
11202320394;NANHH2019-13SB;FILOSOFIA DA LINGUAGEM
11202112006;DA1NHLH003-24SB;BRASIL: COLONIZAÇÃO E RESISTÊNCIA
11202021505;DB1ESTI016-17SA;FUNDAMENTOS DE FOTÔNICA
11202212435;NA1ESZP041-14SB;ADMINISTRAÇÃO PÚBLICA E REFORMA DO ESTADO EM PERSPECTIVA COMPARADA
11202420324;DC2ESMA001-23SA;SOLUÇÕES PARA DESAFIOS EM ENGENHARIA
11202321537;NA1ESTA004-17SA;CIRCUITOS ELÉTRICOS II
11202321537;NA1ESTU028-17SA;HIDRÁULICA DE CONDUTOS FORÇADOS
11202112023;NA2ESTA003-17SA;SISTEMAS DE CONTROLE I
11202321110;DA1NHZ1009-15SA;BIOLOGIA MOLECULAR E BIOTECNOLOGIA
11201822446;DA1NHH2090-16SB;PRÁTICA DE ENSINO DE FILOSOFIA: PROGRAMAS DE ENSINO
11202421648;DA1ESZC022-17SB;TÓPICOS AVANÇADOS EM DESENVOLVIMENTO SOCIOECONÔMICO
21077615;DA1MCZC018-20SB;PSICOPATOLOGIA
11202521026;NA1ESTE030-17SA;ENGENHARIA DE PETRÓLEO E GÁS
11201812094;NANHH2019-13SB;FILOSOFIA DA LINGUAGEM
11202522493;NB1ESTA005-17SA;ANÁLISE DE SISTEMAS DINÂMICOS LINEARES
11201922002;NA1ESTM018-17SA;TERMODINÂMICA DE MATERIAIS
11201812099;DA1ESZG013-17SB;EMPREENDEDORISMO
11202130738;NA1ESZP041-14SB;ADMINISTRAÇÃO PÚBLICA E REFORMA DO ESTADO EM PERSPECTIVA COMPARADA
11201812099;DA1ESTA019-17SB;PROJETO ASSISTIDO POR COMPUTADOR
11202420445;NA2ESTI020-17SA;TEORIA DE FILAS E ANÁLISE DE DESEMPENHO
11202320978;DA2BCS0004-25SA;PRÁTICAS EXTENSIONISTAS EM LETRAMENTO DIGITAL
11202420445;NA1LHE0002-22SB;LABORATÓRIO DE PRÁTICAS INTEGRADORAS I (PCC)
11202020983;DA1ESTE025-17SA;FUNDAMENTOS DE MÁQUINAS TÉRMICAS
11202520547;DANHZ2106-18SB;FILOSOFIA DA CIÊNCIA
11202421720;NA1MCCC005-23SA;ANÁLISE DE ALGORITMOS II
11202520841;DA1LHE0004-19SB;TEORIA DA HISTÓRIA I
11202020529;DA1NHZ1014-15SA;BOTÂNICA ECONÔMICA
11202021020;NA1BCN0407-15SA;FUNÇÕES DE VÁRIAS VARIÁVEIS
11201921472;DANHH2040-13SB;HISTÓRIA DA FILOSOFIA MODERNA: O ILUMINISMO E SEUS DESDOBRAMENTOS
11202420202;NA1BCN0407-15SB;FUNÇÕES DE VÁRIAS VARIÁVEIS
11201811505;DA1ESHP009-22SB;BUROCRACIA E IMPLEMENTAÇÃO DE POLÍTICAS PÚBLICAS
11202321903;DA1ESTA020-17SA;MODELAGEM E CONTROLE
11201812178;DA1MCTB019-17SA;MATEMÁTICA DISCRETA
11202421709;DA1NHT5013-22SA;PRÁTICAS DE ENSINO DE CIÊNCIAS E MATEMÁTICA NO ENSINO FUNDAMENTAL
11202610048;NC2ESTO006-17SA;MATERIAIS E SUAS PROPRIEDADES
11202521731;DA1BCM0506-15SB;COMUNICAÇÃO E REDES
11202521731;DANHZ2106-18SB;FILOSOFIA DA CIÊNCIA
11201932516;NA1ESHC037-21SB;ECONOMETRIA III
11202420812;DA1BCS0004-25SA;PRÁTICAS EXTENSIONISTAS EM LETRAMENTO DIGITAL
11201922407;NB1BCN0405-15SB;INTRODUÇÃO ÀS EQUAÇÕES DIFERENCIAIS ORDINÁRIAS
11202020041;DA1ESZG013-17SB;EMPREENDEDORISMO
11201922374;NA2ESTA004-17SA;CIRCUITOS ELÉTRICOS II
11201932516;DA1ESHC031-17SB;MACROECONOMIA PÓS-KEYNESIANA
11202212393;NE1LCT1001-24SA;ESTÁGIO I NO ENSINO FUNDAMENTAL
11202322240;DA1MCTB019-17SA;MATEMÁTICA DISCRETA
11202321250;NA1MCZA053-22SA;DESENVOLVIMENTO GUIADO POR TIPOS
11202522385;NA1LHE0002-22SB;LABORATÓRIO DE PRÁTICAS INTEGRADORAS I (PCC)
11201921624;NI1ESZR025-21SB;CONFLITOS, PAZ E NEGOCIAÇÃO INTERNACIONAL (PRÁTICA)
11202321844;DA1ESHC031-17SB;MACROECONOMIA PÓS-KEYNESIANA
11202111823;NA1ESZB014-17SB;INTRODUÇÃO À ROBÓTICA
11202111823;NA1LHE0002-22SB;LABORATÓRIO DE PRÁTICAS INTEGRADORAS I (PCC)
11202320975;DA1ESHR028-21SB;REGIME INTERNACIONAL DOS DIREITOS HUMANOS
11202231583;NA1ESZE006-17SA;SUBESTAÇÃO E EQUIPAMENTOS
11068516;DA1MCTB019-17SA;MATEMÁTICA DISCRETA
11202610096;NA1ESHT020-17SB;POLÍTICA METROPOLITANA
11201920898;DA1ESHT012-17SB;MOBILIZAÇÃO PRODUTIVA DOS TERRITÓRIOS E DESENVOLVIMENTO LOCAL
11202420611;DA1ESTO012-17SA;PRINCÍPIOS DE ADMINISTRAÇÃO
11202520114;NA1ESZU022-17SA;CIÊNCIAS ATMOSFÉRICAS
11202421670;DA1ESHC031-17SB;MACROECONOMIA PÓS-KEYNESIANA
13201910022;DA1ESHP021-13SB;TRAJETÓRIAS DAS POLÍTICAS DE CT&I NO BRASIL
11202610127;NA1ESZP041-14SB;ADMINISTRAÇÃO PÚBLICA E REFORMA DO ESTADO EM PERSPECTIVA COMPARADA
11202020748;DA1ESRI001-23SB;OFICINA DE RELAÇÕES INTERNACIONAIS
11202020748;DA1ESZC022-17SB;TÓPICOS AVANÇADOS EM DESENVOLVIMENTO SOCIOECONÔMICO
11202021552;DA1ESMA002-23SB;INOVAÇÕES PARA ENGENHARIA
11202420432;DA1ESZM027-17SA;MATERIAIS PARA ENERGIA E AMBIENTE
11072214;NA1NHT3004-13SA;ESTÁGIO SUPERVISIONADO EM FÍSICA I (NÍVEL MÉDIO)
11202421278;DA2ESMA002-23SB;INOVAÇÕES PARA ENGENHARIA
11202230574;DA1ESHC018-17SB;FORMAÇÃO ECONÔMICA DO BRASIL
21001317;DA1ESGE007-23SB;GESTÃO AMBIENTAL EMPRESARIAL
11202320207;NA1ESTB024-17SB;MODELAGEM DE SISTEMAS DINÂMICOS II
11202320207;NA1ESTA003-17SB;SISTEMAS DE CONTROLE I
11202420416;DA1ESZG036-17SB;CONCEITOS DE MARKETING
11201810259;NA1ESHP009-22SB;BUROCRACIA E IMPLEMENTAÇÃO DE POLÍTICAS PÚBLICAS
11202421969;NA1ESAE004-23SB;MÉTODOS COMPUTACIONAIS PARA ANÁLISE ESTRUTURAL
11202231096;DB1ESTA007-17SA;ELETRÔNICA ANALÓGICA APLICADA
11202111099;DA1ESHT020-17SB;POLÍTICA METROPOLITANA
11202131506;NA1ESTM018-17SA;TERMODINÂMICA DE MATERIAIS
11096316;NA1ESTE021-17SA;TERMODINÂMICA APLICADA II
11202131234;NA1ESZB022-17SA;INTRODUÇÃO À BIOINFORMÁTICA
11201721263;NA1ESHC029-21SB;MICROECONOMIA III
11201721263;NA1LHZ0027-19SB;PRÁTICAS DE ENSINO DE GEOGRAFIA: CURRÍCULOS
11201921497;NA1NHZ2052-11SB;PENSAMENTO KANTIANO E SEUS DESDOBRAMENTOS CONTEMPORÂNEOS
11201921497;NA1NHH2090-16SB;PRÁTICA DE ENSINO DE FILOSOFIA: PROGRAMAS DE ENSINO
11202320610;NA1ESHC031-17SB;MACROECONOMIA PÓS-KEYNESIANA
11202320610;NA1ESHT018-17SB;PLANEJAMENTO E POLÍTICA REGIONAL
21015813;NA1MCBM001-23SA;ÁLGEBRA LINEAR AVANÇADA
11202130342;DB1BCM0506-15SB;COMUNICAÇÃO E REDES
11202130342;DA1ESHR015-21SB;SEGURANÇA INTERNACIONAL
11202231029;DB3BCJ0203-15SB;FENÔMENOS ELETROMAGNÉTICOS
11202420136;NA1MCZA053-22SA;DESENVOLVIMENTO GUIADO POR TIPOS
11202022281;NA1MCCC005-23SA;ANÁLISE DE ALGORITMOS II
11202232294;DA2BIN0406-15SB;INTRODUÇÃO À PROBABILIDADE E À ESTATÍSTICA
11202232294;NB1BCN0405-15SB;INTRODUÇÃO ÀS EQUAÇÕES DIFERENCIAIS ORDINÁRIAS
11202232294;DA1BCL0307-15SA;TRANSFORMAÇÕES QUÍMICAS
11202131227;NB1ESTA007-17SA;ELETRÔNICA ANALÓGICA APLICADA
11202421805;DA1ESTA001-17SB;DISPOSITIVOS ELETRÔNICOS
11202230694;DA2BIN0406-15SB;INTRODUÇÃO À PROBABILIDADE E À ESTATÍSTICA
11202130814;NA1MCZB020-13SA;INTRODUÇÃO AOS SISTEMAS DINÂMICOS
11202130814;NA1MCZA014-17SA;MÉTODOS DE OTIMIZAÇÃO
11202232135;DA1NHZ6005-18SA;LABORATÓRIO DE BIOPROCESSOS
11202332323;NB2ESTO017-17SA;MÉTODOS EXPERIMENTAIS EM ENGENHARIA
11202230983;NA1ESTU028-17SA;HIDRÁULICA DE CONDUTOS FORÇADOS
11202332427;DA1ESZC022-17SB;TÓPICOS AVANÇADOS EM DESENVOLVIMENTO SOCIOECONÔMICO
11202522252;NB2BIN0406-15SB;INTRODUÇÃO À PROBABILIDADE E À ESTATÍSTICA
11202320608;NA1MCZB020-13SA;INTRODUÇÃO AOS SISTEMAS DINÂMICOS
11202320608;NA1MCBM009-23SA;TEORIA DE ANÉIS
11201822426;NA1ESZB038-17SB;MODELAGEM E SIMULAÇÃO DO MOVIMENTO HUMANO
11202231272;NA1ESTI016-17SA;FUNDAMENTOS DE FOTÔNICA
11201920380;DA1MCTC014-13SB;INTRODUÇÃO À INFERÊNCIA ESTATÍSTICA
11202420451;NA2BCN0405-15SB;INTRODUÇÃO ÀS EQUAÇÕES DIFERENCIAIS ORDINÁRIAS
11202420451;NB1BCM0505-22SB;PROCESSAMENTO DA INFORMAÇÃO
11201922365;DA1ESZG013-17SB;EMPREENDEDORISMO
21001214;NA1ESTA004-17SA;CIRCUITOS ELÉTRICOS II
21001214;NA1ESTE021-17SA;TERMODINÂMICA APLICADA II
11202422014;NA1MCBM010-23SA;TEORIA DE CORPOS
11202021863;NA1ESZP041-14SB;ADMINISTRAÇÃO PÚBLICA E REFORMA DO ESTADO EM PERSPECTIVA COMPARADA
11202130765;DB1ESTO017-17SA;MÉTODOS EXPERIMENTAIS EM ENGENHARIA
11202021863;DA1ESZG013-17SB;EMPREENDEDORISMO
11202131411;DA1ESHT009-17SB;HISTÓRIA DA CIDADE E DO URBANISMO
11202131411;NA1ESZP041-14SB;ADMINISTRAÇÃO PÚBLICA E REFORMA DO ESTADO EM PERSPECTIVA COMPARADA
11202131411;NI1ESZR025-21SB;CONFLITOS, PAZ E NEGOCIAÇÃO INTERNACIONAL (PRÁTICA)
11202610091;DA1ESHR015-21SB;SEGURANÇA INTERNACIONAL
11202232301;NB2ESTO017-17SA;MÉTODOS EXPERIMENTAIS EM ENGENHARIA
11201921532;NA1ESTM006-17SA;MATERIAIS POLIMÉRICOS
11202421306;DA1ESTU040-17SA;PROJETO AMBIENTAL URBANO
11202130842;NA1ESTA003-17SB;SISTEMAS DE CONTROLE I
11201920780;NA1LHZ0023-19SB;METODOLOGIA EM HISTÓRIA
11201920780;NA1ESTA003-17SB;SISTEMAS DE CONTROLE I
11202130874;NA1ESZU003-17SA;CONTAMINAÇÃO E REMEDIAÇÃO DE SOLOS
11202322111;NI1ESZR025-21SB;CONFLITOS, PAZ E NEGOCIAÇÃO INTERNACIONAL (PRÁTICA)
11202112054;NA1ESTO016-17SB;FENÔMENOS DE TRANSPORTE
11202112054;NA1MCCC005-23SA;ANÁLISE DE ALGORITMOS II
11202112054;NA1MCZA014-17SA;MÉTODOS DE OTIMIZAÇÃO
11202521440;NA2BCN0405-15SB;INTRODUÇÃO ÀS EQUAÇÕES DIFERENCIAIS ORDINÁRIAS
11202521511;NA2BCN0405-15SB;INTRODUÇÃO ÀS EQUAÇÕES DIFERENCIAIS ORDINÁRIAS
11202131408;DA1NHBB009-23SB;BIOQUÍMICA DO SISTEMA NERVOSO CENTRAL
11201810564;DA1ESTO004-17SB;INSTRUMENTAÇÃO E CONTROLE
11202230895;DA1ESZM027-17SA;MATERIAIS PARA ENERGIA E AMBIENTE
11201811335;DA1ESTA003-17SA;SISTEMAS DE CONTROLE I
11202320618;NA1ESZI014-17SA;SISTEMAS INTELIGENTES
21071316;DA1ESZT011-17SB;POLÍTICA HABITACIONAL
11202421752;DB1ESTA016-17SA;MÁQUINAS ELÉTRICAS
11202420185;DA1ESZB022-17SA;INTRODUÇÃO À BIOINFORMÁTICA
11202321804;NA2ESTU009-17SA;HIDROLOGIA
11202131529;DA1NHBQ012-22SA;QUÍMICA DE MACROMOLÉCULAS BIOLÓGICAS
11201921888;DA1BCN0407-15SB;FUNÇÕES DE VÁRIAS VARIÁVEIS
11202320635;NA1ESTB023-17SB;FÍSICA MÉDICA I
11202420712;NA2ESTA003-17SA;SISTEMAS DE CONTROLE I
11201822439;DA1NHH2023-16SB;FILOSOFIA DO ENSINO DE FILOSOFIA
11201822439;DA1NHH2090-16SB;PRÁTICA DE ENSINO DE FILOSOFIA: PROGRAMAS DE ENSINO
11201822439;DANHZ2068-18SB;TEMAS DE FILOSOFIA MEDIEVAL I
11202420692;NA1MCCC010-23SA;MATEMÁTICA DISCRETA II
21001214;NB1ESTA007-17SA;ELETRÔNICA ANALÓGICA APLICADA
11202421163;NA1NHZ1026-15SA;EVOLUÇÃO MOLECULAR
11202421163;NA1MCCC005-23SA;ANÁLISE DE ALGORITMOS II
11202021201;DANHH2026-13SB;FILOSOFIA NO BRASIL E NA AMÉRICA LATINA
11201920172;NA1ESZI039-17SA;PROPAGAÇÃO E ANTENAS
11201811368;NA1NHBQ004-22SA;ESPECTROANALÍTICA MOLECULAR E ATÔMICA
11201811368;NA1NHZ6014-18SA;TRABALHO DE CONCLUSÃO DE CURSO DE BIOTECNOLOGIA
11202420681;NA1ESHC027-21SB;ECONOMIA MATEMÁTICA
11202320490;DA1ESZM027-17SA;MATERIAIS PARA ENERGIA E AMBIENTE
11202022277;DA1ESTU025-17SA;AVALIAÇÃO DE IMPACTOS AMBIENTAIS
11202022277;DB1ESTO017-17SA;MÉTODOS EXPERIMENTAIS EM ENGENHARIA
11202020402;DA2ESTA002-17SA;CIRCUITOS ELÉTRICOS I
11202020402;DA1ESTO015-17SB;MECÂNICA DOS FLUIDOS I
11202020402;DA1ESTO008-17SA;MECÂNICA DOS SÓLIDOS I
11202421349;DA1ESTO005-17SB;INTRODUÇÃO ÀS ENGENHARIAS
11202521512;NA1MCZB020-13SA;INTRODUÇÃO AOS SISTEMAS DINÂMICOS
11201920437;NA1LHZ0023-19SB;METODOLOGIA EM HISTÓRIA
11201810613;DA1ESTI006-17SA;PROCESSAMENTO DIGITAL DE SINAIS
11202021666;NA1ESZE079-17SA;TÓPICOS DE OTIMIZAÇÃO EM SISTEMAS ELÉTRICOS DE POTÊNCIA E APLICAÇÕES
11202522418;DA1ESTI006-17SA;PROCESSAMENTO DIGITAL DE SINAIS
11202520402;DA1ESMA002-23SB;INOVAÇÕES PARA ENGENHARIA
11201921677;NA1MCTB012-13SA;EQUAÇÕES DIFERENCIAIS PARCIAIS
11201921677;NA1MCZB020-13SA;INTRODUÇÃO AOS SISTEMAS DINÂMICOS
11202320534;DA1ESZU017-17SA;SENSORIAMENTO REMOTO
11202021439;DB1BIQ0602-15SB;ESTRUTURA E DINÂMICA SOCIAL
11202230750;NA1ESTI016-17SA;FUNDAMENTOS DE FOTÔNICA
11202532706;NI1ESHC018-17SB;FORMAÇÃO ECONÔMICA DO BRASIL
11202321323;DA1NHZ2013-11SB;FILOSOFIA BRASILEIRA: HISTÓRIA E PROBLEMAS
11202532628;DB2BCM0506-15SA;COMUNICAÇÃO E REDES
11201922383;NA1ESTE037-17SA;ANÁLISE ECONÔMICA DE PROJETOS ENERGÉTICOS
11202432336;DB1ESTO005-17SB;INTRODUÇÃO ÀS ENGENHARIAS
11202432336;DA1ESTA019-17SB;PROJETO ASSISTIDO POR COMPUTADOR
11202432336;DA1BCS0002-25SB;PROJETO DIRIGIDO
11201921574;NA1ESZP041-14SB;ADMINISTRAÇÃO PÚBLICA E REFORMA DO ESTADO EM PERSPECTIVA COMPARADA
11201921574;DANHH2019-13SB;FILOSOFIA DA LINGUAGEM
11201921574;NA1ESZB038-17SB;MODELAGEM E SIMULAÇÃO DO MOVIMENTO HUMANO
11201810009;DA1MCZA014-17SA;MÉTODOS DE OTIMIZAÇÃO
11202232269;DA1ESHT009-17SB;HISTÓRIA DA CIDADE E DO URBANISMO
11202232301;NA1ESTB023-17SB;FÍSICA MÉDICA I
11202420608;DA1ESZG041-17SB;GESTÃO DA INOVAÇÃO
11201921742;NA1NHZ2052-11SB;PENSAMENTO KANTIANO E SEUS DESDOBRAMENTOS CONTEMPORÂNEOS
13201723204;NA2BCN0405-15SB;INTRODUÇÃO ÀS EQUAÇÕES DIFERENCIAIS ORDINÁRIAS
11202321351;DANHZ2068-18SB;TEMAS DE FILOSOFIA MEDIEVAL I
11202521783;NA2BCN0405-15SB;INTRODUÇÃO ÀS EQUAÇÕES DIFERENCIAIS ORDINÁRIAS
11202332414;NA1NHT4025-15SA;MÉTODOS DE ANÁLISE EM QUÍMICA ORGÂNICA
11202520666;DA1BCN0407-15SB;FUNÇÕES DE VÁRIAS VARIÁVEIS
11202111057;NA1ESTO017-17SA;MÉTODOS EXPERIMENTAIS EM ENGENHARIA
11202610198;NA1LHZ0023-19SB;METODOLOGIA EM HISTÓRIA
11202610198;NA1LHZ0027-19SB;PRÁTICAS DE ENSINO DE GEOGRAFIA: CURRÍCULOS
11202421059;NA1MCTA024-13SA;SISTEMAS DIGITAIS
11202130376;DA1ESTE036-17SA;ECONOMIA DA ENERGIA
11201932494;NA1BCN0405-15SA;INTRODUÇÃO ÀS EQUAÇÕES DIFERENCIAIS ORDINÁRIAS
21077113;NA1MCCC005-23SA;ANÁLISE DE ALGORITMOS II
11202310004;DA1MCLM001-23SA;EDUCAÇÃO ESTATÍSTICA
11202521084;DA1ESTO017-17SA;MÉTODOS EXPERIMENTAIS EM ENGENHARIA
11202231821;NA1ESTE026-17SA;LABORATÓRIO DE MÁQUINAS TÉRMICAS E HIDRÁULICAS
11202521873;DA2BIN0406-15SB;INTRODUÇÃO À PROBABILIDADE E À ESTATÍSTICA
11202532639;DB1ESTA016-17SA;MÁQUINAS ELÉTRICAS
11202231960;NA1MCCC005-23SA;ANÁLISE DE ALGORITMOS II
11202432344;DA1ESTO017-17SA;MÉTODOS EXPERIMENTAIS EM ENGENHARIA
11202410094;DANHH2040-13SB;HISTÓRIA DA FILOSOFIA MODERNA: O ILUMINISMO E SEUS DESDOBRAMENTOS
13201723219;NA1ESTU032-17SA;REPRESENTAÇÃO GRÁFICA DE PROJETOS AMBIENTAIS E URBANOS
11201720062;NA1ESZI039-17SA;PROPAGAÇÃO E ANTENAS
11201920960;NA1ESZP041-14SB;ADMINISTRAÇÃO PÚBLICA E REFORMA DO ESTADO EM PERSPECTIVA COMPARADA
11201812326;NA1MCZA014-17SA;MÉTODOS DE OTIMIZAÇÃO
11202522216;NI1ESZR025-21SB;CONFLITOS, PAZ E NEGOCIAÇÃO INTERNACIONAL (PRÁTICA)
11202130699;NB1BCN0405-15SA;INTRODUÇÃO ÀS EQUAÇÕES DIFERENCIAIS ORDINÁRIAS
11202111688;DA1ESZG013-17SB;EMPREENDEDORISMO
11202130474;NA1ESZP041-14SB;ADMINISTRAÇÃO PÚBLICA E REFORMA DO ESTADO EM PERSPECTIVA COMPARADA
11202130474;NA1NHZ2052-11SB;PENSAMENTO KANTIANO E SEUS DESDOBRAMENTOS CONTEMPORÂNEOS
11201812103;NA1MCCC005-23SA;ANÁLISE DE ALGORITMOS II
11202111996;NB1BCN0407-15SA;FUNÇÕES DE VÁRIAS VARIÁVEIS
11202111996;NB1BCN0405-15SA;INTRODUÇÃO ÀS EQUAÇÕES DIFERENCIAIS ORDINÁRIAS
11202320401;NA1MCCC010-23SA;MATEMÁTICA DISCRETA II
11202232272;DA1MCTC002-15SA;INTRODUÇÃO À NEUROCIÊNCIA
11201922258;DA1ESTB013-17SB;BIOSSEGURANÇA
11201922258;DA1ESTI003-17SB;TRANSFORMADAS EM SINAIS E SISTEMAS LINEARES
11202420179;DA1NHLQ002-22SA;PRÁTICAS DE ENSINO DE QUÍMICA I
11201722757;DA2BIN0406-15SB;INTRODUÇÃO À PROBABILIDADE E À ESTATÍSTICA
11201722757;DA2BHO0102-15SB;DESENVOLVIMENTO E SUSTENTABILIDADE
11201722757;DANHZ2106-18SB;FILOSOFIA DA CIÊNCIA
11201722463;DA2ESMA002-23SB;INOVAÇÕES PARA ENGENHARIA
11202432358;NB1BCN0405-15SB;INTRODUÇÃO ÀS EQUAÇÕES DIFERENCIAIS ORDINÁRIAS
11202432358;NA1ESTA013-17SA;FUNDAMENTOS DE ROBÓTICA
11201921997;NA1NHLH003-24SB;BRASIL: COLONIZAÇÃO E RESISTÊNCIA
11202320401;NA1ESTE026-17SA;LABORATÓRIO DE MÁQUINAS TÉRMICAS E HIDRÁULICAS
11202420692;NA1ESTE026-17SA;LABORATÓRIO DE MÁQUINAS TÉRMICAS E HIDRÁULICAS
11201722757;DA1ESHT020-17SB;POLÍTICA METROPOLITANA
11202421416;NB1BCN0405-15SB;INTRODUÇÃO ÀS EQUAÇÕES DIFERENCIAIS ORDINÁRIAS
11202421416;NA1ESZP041-14SB;ADMINISTRAÇÃO PÚBLICA E REFORMA DO ESTADO EM PERSPECTIVA COMPARADA
11202420551;DB1ESTI006-17SA;PROCESSAMENTO DIGITAL DE SINAIS
11202230245;NA1ESZE079-17SA;TÓPICOS DE OTIMIZAÇÃO EM SISTEMAS ELÉTRICOS DE POTÊNCIA E APLICAÇÕES
11202321199;NANHZ2109-18SB;TEORIA DAS CIÊNCIAS HUMANAS
11201811329;NA1ESTU009-17SA;HIDROLOGIA
11202521202;NA1ESTM018-17SA;TERMODINÂMICA DE MATERIAIS
11202130086;DB2BCN0405-15SA;INTRODUÇÃO ÀS EQUAÇÕES DIFERENCIAIS ORDINÁRIAS
11202020737;NA1ESZI039-17SA;PROPAGAÇÃO E ANTENAS
11202112041;NA1NHZ2052-11SB;PENSAMENTO KANTIANO E SEUS DESDOBRAMENTOS CONTEMPORÂNEOS
11202321226;DA1ESZM027-17SA;MATERIAIS PARA ENERGIA E AMBIENTE
21042815;NA1ESZP041-14SB;ADMINISTRAÇÃO PÚBLICA E REFORMA DO ESTADO EM PERSPECTIVA COMPARADA
21056715;NA1ESZE106-17SA;SISTEMAS FOTOVOLTAICOS CONECTADOS À REDE ELÉTRICA
21056715;DA1NHZ6002-18SA;TECNOLOGIA DE FERMENTAÇÕES
21056715;DA1ESTO014-17SA;TERMODINÂMICA APLICADA I
21056715;NA1ESTE021-17SA;TERMODINÂMICA APLICADA II
11201811848;NA1MCZA014-17SA;MÉTODOS DE OTIMIZAÇÃO
11202131516;DA1ESZB022-17SA;INTRODUÇÃO À BIOINFORMÁTICA
11202420393;NA1ESHP021-13SB;TRAJETÓRIAS DAS POLÍTICAS DE CT&I NO BRASIL
11202510085;NA1NHT1054-15SA;HISTOLOGIA E EMBRIOLOGIA
11201721452;DAMCNC002-23SB;NEUROCIÊNCIA TEÓRICA E COMPUTACIONAL
11202521347;DA1ESZU017-17SA;SENSORIAMENTO REMOTO
11202521637;DA4BIK0102-15SA;ESTRUTURA DA MATÉRIA
11202020009;NANHBP010-23SA;ÓPTICA E RELATIVIDADE
11202520831;NA1ESZE079-17SA;TÓPICOS DE OTIMIZAÇÃO EM SISTEMAS ELÉTRICOS DE POTÊNCIA E APLICAÇÕES
21046416;NA1ESZA006-17SB;TEORIA DE CONTROLE ÓTIMO
11201811247;DA2BHO0102-15SB;DESENVOLVIMENTO E SUSTENTABILIDADE
11201812074;NA1NHZ1026-15SA;EVOLUÇÃO MOLECULAR
11202020949;NB1ESTO008-17SB;MECÂNICA DOS SÓLIDOS I
11202321470;NA1ESTE034-17SA;ENGENHARIA DE BIOCOMBUSTÍVEIS
11202420313;NAMCNC002-23SB;NEUROCIÊNCIA TEÓRICA E COMPUTACIONAL
11201922365;NA1NHLB002-23SA;PRÁTICAS DE ENSINO DE BIOLOGIA E APRENDIZAGEM
11202130279;DA1ESZR037-21SB;TÓPICOS ESPECIAIS EM RELAÇÕES INTERNACIONAIS
11202020988;NA1ESZM033-17SA;RECICLAGEM E AMBIENTE
11202111099;NI1ESZR025-21SB;CONFLITOS, PAZ E NEGOCIAÇÃO INTERNACIONAL (PRÁTICA)
11202020809;NA1NHZ6003-18SA;NANOBIOTECNOLOGIA
11202230327;NA1MCBM009-23SA;TEORIA DE ANÉIS
11202522405;DA1ESZC022-17SB;TÓPICOS AVANÇADOS EM DESENVOLVIMENTO SOCIOECONÔMICO
11202130339;DB2BCM0506-15SA;COMUNICAÇÃO E REDES
11023612;NA1MCZB020-13SA;INTRODUÇÃO AOS SISTEMAS DINÂMICOS
11202021225;NA1ESTM018-17SA;TERMODINÂMICA DE MATERIAIS
11202320828;NI1ESZR025-21SB;CONFLITOS, PAZ E NEGOCIAÇÃO INTERNACIONAL (PRÁTICA)
11202320828;NA1ESAE008-23SB;DINÂMICA DO VOO
11202320828;NA1ESZA011-17SA;ELETRÔNICA DE POTÊNCIA I
11202320828;NA1NHZ1026-15SA;EVOLUÇÃO MOLECULAR
11202320828;NA2ESTA013-17SA;FUNDAMENTOS DE ROBÓTICA
11202420767;DA1ESGE007-23SB;GESTÃO AMBIENTAL EMPRESARIAL
11201922409;DA1MCTD024-18SA;ANÁLISE NA EDUCAÇÃO BÁSICA
21009116;DA1MCZC016-15SB;NEUROCIÊNCIA DA COGNIÇÃO MUSICAL
11202231893;NB1BCN0405-15SB;INTRODUÇÃO ÀS EQUAÇÕES DIFERENCIAIS ORDINÁRIAS
11202231893;NA1NHH2090-16SB;PRÁTICA DE ENSINO DE FILOSOFIA: PROGRAMAS DE ENSINO
11202231893;NA1BCM0505-22SB;PROCESSAMENTO DA INFORMAÇÃO
11202322089;NA1ESTM017-17SA;MATERIAIS CERÂMICOS
11202321017;DA1ESHR019-21SB;CHINA NAS RELAÇÕES INTERNACIONAIS
11202610235;DD1LCT1001-24SA;ESTÁGIO I NO ENSINO FUNDAMENTAL
11202421831;NB1BCN0405-15SB;INTRODUÇÃO ÀS EQUAÇÕES DIFERENCIAIS ORDINÁRIAS
11202232238;NA1ESAE008-23SB;DINÂMICA DO VOO
11202532615;DA1ESZG041-17SB;GESTÃO DA INOVAÇÃO
11202320350;DAMCNC002-23SB;NEUROCIÊNCIA TEÓRICA E COMPUTACIONAL
11202610137;DA1ESHC031-17SB;MACROECONOMIA PÓS-KEYNESIANA
11202610137;DA1ESZR037-21SB;TÓPICOS ESPECIAIS EM RELAÇÕES INTERNACIONAIS
11202421377;DA1BCS0002-25SB;PROJETO DIRIGIDO
11202230464;DA1ESTA005-17SA;ANÁLISE DE SISTEMAS DINÂMICOS LINEARES
11201932569;NA1ESTM013-17SA;SELEÇÃO DE MATERIAIS
11201811913;DA2BIN0406-15SB;INTRODUÇÃO À PROBABILIDADE E À ESTATÍSTICA
11202322145;NAMCNC002-23SB;NEUROCIÊNCIA TEÓRICA E COMPUTACIONAL
11202230933;DA1MCTB019-17SA;MATEMÁTICA DISCRETA
11201921838;NA1ESTA004-17SA;CIRCUITOS ELÉTRICOS II
11202310093;DA1ESHC018-17SB;FORMAÇÃO ECONÔMICA DO BRASIL
11202310093;DA1ESHC031-17SB;MACROECONOMIA PÓS-KEYNESIANA
11202321351;DA1ESHP021-13SB;TRAJETÓRIAS DAS POLÍTICAS DE CT&I NO BRASIL
11201722799;NA1MCZC018-20SB;PSICOPATOLOGIA
11202130847;NA2ESTA013-17SA;FUNDAMENTOS DE ROBÓTICA
11202321299;DA1MCCC005-23SA;ANÁLISE DE ALGORITMOS II
11202320732;DA1ESTA001-17SB;DISPOSITIVOS ELETRÔNICOS
11201920827;NA1ESZE079-17SA;TÓPICOS DE OTIMIZAÇÃO EM SISTEMAS ELÉTRICOS DE POTÊNCIA E APLICAÇÕES
11202321569;NA1NHH2090-16SB;PRÁTICA DE ENSINO DE FILOSOFIA: PROGRAMAS DE ENSINO
11202321611;NA1NHH2090-16SB;PRÁTICA DE ENSINO DE FILOSOFIA: PROGRAMAS DE ENSINO
11202532635;NA1ESTI016-17SA;FUNDAMENTOS DE FOTÔNICA
11202322176;NA1ESTB013-17SB;BIOSSEGURANÇA
11035416;NA1ESTA013-17SA;FUNDAMENTOS DE ROBÓTICA
11202231691;DA1ESHT012-17SB;MOBILIZAÇÃO PRODUTIVA DOS TERRITÓRIOS E DESENVOLVIMENTO LOCAL
11202421667;NA1ESHR028-21SB;REGIME INTERNACIONAL DOS DIREITOS HUMANOS
11202532723;NA1NHH2023-16SB;FILOSOFIA DO ENSINO DE FILOSOFIA
11202320234;NA1ESHR019-21SB;CHINA NAS RELAÇÕES INTERNACIONAIS
11202421896;NA1ESHT017-17SB;PLANEJAMENTO E POLÍTICA AMBIENTAL
11202130792;NA1MCCC010-23SA;MATEMÁTICA DISCRETA II
11202020446;NA1LHZ0006-19SB;CARTOGRAFIA ESCOLAR E INCLUSIVA
11202610015;DA1MCTC014-13SA;INTRODUÇÃO À INFERÊNCIA ESTATÍSTICA
11202231358;NA1ESTM006-17SA;MATERIAIS POLIMÉRICOS
11201922254;NA1NHT1071-15SA;PRÁTICAS DE ECOLOGIA
11202021882;NI1ESZR025-21SB;CONFLITOS, PAZ E NEGOCIAÇÃO INTERNACIONAL (PRÁTICA)
11201920227;NA1MCZB020-13SA;INTRODUÇÃO AOS SISTEMAS DINÂMICOS
11201920227;NB1ESTA008-17SA;SISTEMAS DE CONTROLE II
11201920227;NA1ESZE079-17SA;TÓPICOS DE OTIMIZAÇÃO EM SISTEMAS ELÉTRICOS DE POTÊNCIA E APLICAÇÕES
11202022127;DA2BIN0406-15SB;INTRODUÇÃO À PROBABILIDADE E À ESTATÍSTICA
11202230636;NA1MCZC020-20SB;INTRODUÇÃO À NEUROMODULAÇÃO INVASIVA E NÃO-INVASIVA
11202322248;DA1ESGE006-23SB;ENGENHARIA DE SEGURANÇA DO TRABALHO: ERGONOMIA
11201920365;DA1ESGE007-23SB;GESTÃO AMBIENTAL EMPRESARIAL
11202421787;DA1ESTO017-17SA;MÉTODOS EXPERIMENTAIS EM ENGENHARIA
11201920766;DA1NHH2023-16SB;FILOSOFIA DO ENSINO DE FILOSOFIA
11201920766;DANHZ2068-18SB;TEMAS DE FILOSOFIA MEDIEVAL I
11201922012;NA1ESHC027-21SB;ECONOMIA MATEMÁTICA
11202130714;DA2BIN0406-15SB;INTRODUÇÃO À PROBABILIDADE E À ESTATÍSTICA
11201920766;DANHH2040-13SB;HISTÓRIA DA FILOSOFIA MODERNA: O ILUMINISMO E SEUS DESDOBRAMENTOS
11202230536;NA1MCZC004-15SB;DESENVOLVIMENTO E DEGENERAÇÃO DO SISTEMA NERVOSO
11202130714;DA1ESTG025-17SB;PROPRIEDADE INTELECTUAL
11202420438;DB1ESTI006-17SA;PROCESSAMENTO DIGITAL DE SINAIS
11202320392;DA1ESTU034-17SA;SISTEMAS DE ABASTECIMENTO DE ÁGUAS
11202320392;DA1ESTU039-17SA;REGULAÇÃO AMBIENTAL E URBANÍSTICA
11202420306;DB1BCM0506-15SB;COMUNICAÇÃO E REDES
11202420306;DB1BIQ0602-15SB;ESTRUTURA E DINÂMICA SOCIAL
11202022067;NA1ESHC029-21SB;MICROECONOMIA III
11202022067;DA1ESZT011-17SB;POLÍTICA HABITACIONAL
11202332393;NA2NHBQ003-22SA;ELETROQUÍMICA
11202332393;NA1ESTM013-17SA;SELEÇÃO DE MATERIAIS
11202232290;NA1LHZ0038-22SB;HISTÓRIA E GÊNERO
11202230865;NA1ESTS017-17SB;SISTEMAS DE PROPULSÃO I
11202421491;NA1ESTM013-17SA;SELEÇÃO DE MATERIAIS
11202421336;NA1ESTU039-17SA;REGULAÇÃO AMBIENTAL E URBANÍSTICA
11201721489;DA1ESTE024-17SA;MECÂNICA DOS FLUIDOS II
11201722825;NA1ESTA013-17SA;FUNDAMENTOS DE ROBÓTICA
11201922218;NA2ESTU009-17SA;HIDROLOGIA
11202522472;DA2BIN0406-15SB;INTRODUÇÃO À PROBABILIDADE E À ESTATÍSTICA
11202230740;DB1BIQ0602-15SB;ESTRUTURA E DINÂMICA SOCIAL
11202021925;DA1ESHT015-22SB;OFICINA DE PLANEJAMENTO URBANO
11202510090;NA1ESHR015-21SB;SEGURANÇA INTERNACIONAL
11201922218;NA1NHZ6008-18SA;ENGENHARIA METABÓLICA
11202231741;NA1ESHC027-21SB;ECONOMIA MATEMÁTICA
11201920494;NA2NHBQ003-22SA;ELETROQUÍMICA
11202230604;DA1ESZG041-17SB;GESTÃO DA INOVAÇÃO
11202230740;DA1ESTB013-17SB;BIOSSEGURANÇA
11201720208;DA1NHZ2091-16SB;ARGUMENTAÇÃO E ENSINO
11201720208;DANHZ2106-18SB;FILOSOFIA DA CIÊNCIA
11201720208;DANHH2019-13SB;FILOSOFIA DA LINGUAGEM
11202332384;NA2ESGE003-23SB;SISTEMAS CAM
11202230740;DA1ESGE006-23SB;ENGENHARIA DE SEGURANÇA DO TRABALHO: ERGONOMIA
11202321676;DANHH2040-13SB;HISTÓRIA DA FILOSOFIA MODERNA: O ILUMINISMO E SEUS DESDOBRAMENTOS
11202021776;NA1ESZE006-17SA;SUBESTAÇÃO E EQUIPAMENTOS
11202521928;DA1LHE0002-22SB;LABORATÓRIO DE PRÁTICAS INTEGRADORAS I (PCC)
11202410060;NA1NHZ1026-15SA;EVOLUÇÃO MOLECULAR
11201922010;DA1ESAE002-23SA;DESENHO UNIVERSAL E TECNOLOGIA ASSISTIVA
11202420989;DA1MCTC002-15SA;INTRODUÇÃO À NEUROCIÊNCIA
11202212420;NA1ESTG009-17SB;GESTÃO DE OPERAÇÕES
11202420440;NA1ESTE026-17SA;LABORATÓRIO DE MÁQUINAS TÉRMICAS E HIDRÁULICAS
11202420440;NA1ESTU031-17SA;RECUPERAÇÃO DE ÁREAS DEGRADADAS
11202420440;NA1NHZ6008-18SA;ENGENHARIA METABÓLICA
11202021233;NA1NHBQ008-22SA;FUNDAMENTOS DE REAÇÕES ORGÂNICAS
11202410060;NA1NHBQ008-22SA;FUNDAMENTOS DE REAÇÕES ORGÂNICAS
11201921611;DA1ESTO016-17SB;FENÔMENOS DE TRANSPORTE
11202421363;DA2MCTA018-13SA;PROGRAMAÇÃO ORIENTADA A OBJETOS
11202420913;DA1BCJ0203-15SA;FENÔMENOS ELETROMAGNÉTICOS
11202420913;DA1ESTO006-17SA;MATERIAIS E SUAS PROPRIEDADES
11202231953;NA1NHLH008-24SB;REVOLUÇÕES E REGIMES AUTORITÁRIOS NA AMÉRICA LATINA CONTEMPORÂNEA
21065813;DA1ESZU017-17SA;SENSORIAMENTO REMOTO
11202432347;DA1NHLQ001-22SA;EXPERIMENTAÇÃO E ENSINO DE QUÍMICA
11202521189;NA4BCM0506-15SA;COMUNICAÇÃO E REDES
11202231492;NA1ESTA013-17SA;FUNDAMENTOS DE ROBÓTICA
11202510082;DA1ESZG041-17SB;GESTÃO DA INOVAÇÃO
11201722860;NA1MCTB006-13SA;ANÁLISE REAL II
11201722860;NA1MCBM001-23SA;ÁLGEBRA LINEAR AVANÇADA
11202520128;DB2BCM0506-15SA;COMUNICAÇÃO E REDES
11202610008;DA1NHLQ002-22SA;PRÁTICAS DE ENSINO DE QUÍMICA I
11202420174;DB1ESTO006-17SA;MATERIAIS E SUAS PROPRIEDADES
11202111952;NA1ESTE026-17SA;LABORATÓRIO DE MÁQUINAS TÉRMICAS E HIDRÁULICAS
11201810458;NANHT3070-15SA;ELETROMAGNETISMO I
11202020560;NA1ESTI016-17SA;FUNDAMENTOS DE FOTÔNICA
11202020560;NA1ESTE018-17SA;FUNDAMENTOS DE SISTEMAS DINÂMICOS
11201722057;NB2BCM0506-15SA;COMUNICAÇÃO E REDES
11202532662;ND2BCS0001-25SA;BASE EXPERIMENTAL DAS CIÊNCIAS NATURAIS
11202231541;NA1ESZE106-17SA;SISTEMAS FOTOVOLTAICOS CONECTADOS À REDE ELÉTRICA
11122915;NA1NHBQ012-22SA;QUÍMICA DE MACROMOLÉCULAS BIOLÓGICAS
11202421110;NANHZ2109-18SB;TEORIA DAS CIÊNCIAS HUMANAS
11202421110;NA1ESHT020-17SB;POLÍTICA METROPOLITANA
11202232265;DA1ESZG013-17SB;EMPREENDEDORISMO
11201921592;DA1ESZG013-17SB;EMPREENDEDORISMO
11201932571;DB1BCN0405-15SB;INTRODUÇÃO ÀS EQUAÇÕES DIFERENCIAIS ORDINÁRIAS
11202210027;DA1BCN0407-15SB;FUNÇÕES DE VÁRIAS VARIÁVEIS
11202111305;NA1ESTA003-17SB;SISTEMAS DE CONTROLE I
11202421059;NB1BCN0405-15SB;INTRODUÇÃO ÀS EQUAÇÕES DIFERENCIAIS ORDINÁRIAS
11202610094;DA1ESHC031-17SB;MACROECONOMIA PÓS-KEYNESIANA
11201921352;DA1NHT1069-15SA;FISIOLOGIA VEGETAL I
11202421040;DA1MCZA053-22SA;DESENVOLVIMENTO GUIADO POR TIPOS
21015416;DA1ESZR037-21SB;TÓPICOS ESPECIAIS EM RELAÇÕES INTERNACIONAIS
11202332378;NI1ESZR025-21SB;CONFLITOS, PAZ E NEGOCIAÇÃO INTERNACIONAL (PRÁTICA)
11202322003;DA1BCS0002-25SB;PROJETO DIRIGIDO
11202332378;DA1ESZG041-17SB;GESTÃO DA INOVAÇÃO
11202020022;DI1ESHC018-17SB;FORMAÇÃO ECONÔMICA DO BRASIL
11202212445;DA2BIN0406-15SB;INTRODUÇÃO À PROBABILIDADE E À ESTATÍSTICA
11202212445;DA1ESHP026-14SB;PARTICIPAÇÃO, MOVIMENTOS SOCIAIS E POLÍTICAS PÚBLICAS
11202420456;DA2ESMA002-23SB;INOVAÇÕES PARA ENGENHARIA
11202522290;DB2BCM0506-15SA;COMUNICAÇÃO E REDES
11202130088;NA1NHBQ012-22SA;QUÍMICA DE MACROMOLÉCULAS BIOLÓGICAS
11202230792;DA1NHZ1009-15SA;BIOLOGIA MOLECULAR E BIOTECNOLOGIA
11202230792;NA1NHZ6001-18SA;FUNDAMENTOS DA BIOTECNOLOGIA
11202022279;DA1NHZ2091-16SB;ARGUMENTAÇÃO E ENSINO
11201921382;NA1ESHC029-21SB;MICROECONOMIA III
11202421527;DB1LCT1001-24SA;ESTÁGIO I NO ENSINO FUNDAMENTAL
11201721924;DA2ESTS012-17SB;AEROELASTICIDADE
11202520764;DB2BCM0506-15SA;COMUNICAÇÃO E REDES
11202310043;NI1ESZR025-21SB;CONFLITOS, PAZ E NEGOCIAÇÃO INTERNACIONAL (PRÁTICA)
11202111722;NA1ESTG014-17SB;PLANEJAMENTO E CONTROLE DA PRODUÇÃO
11202130838;NA1ESTB024-17SB;MODELAGEM DE SISTEMAS DINÂMICOS II
11202111992;NA1ESTB024-17SB;MODELAGEM DE SISTEMAS DINÂMICOS II
11202232204;NB2ESTA007-17SA;ELETRÔNICA ANALÓGICA APLICADA
11202321804;NA1ESTB013-17SB;BIOSSEGURANÇA
11202111988;DA1MCTB019-17SA;MATEMÁTICA DISCRETA
11202520337;DA2ESMA001-23SA;SOLUÇÕES PARA DESAFIOS EM ENGENHARIA
11201920623;DA1MCCC005-23SA;ANÁLISE DE ALGORITMOS II
11201810600;NA1ESTO016-17SB;FENÔMENOS DE TRANSPORTE
11201810600;NA1ESAE004-23SB;MÉTODOS COMPUTACIONAIS PARA ANÁLISE ESTRUTURAL
11201810600;NA1ESTA003-17SB;SISTEMAS DE CONTROLE I
11201810600;NA1ESTE021-17SA;TERMODINÂMICA APLICADA II
11201810600;NA1ESTS018-17SB;TRANSFERÊNCIA DE CALOR APLICADA A SISTEMAS AEROESPACIAIS
11201922256;NA1ESHT017-17SB;PLANEJAMENTO E POLÍTICA AMBIENTAL
11202320665;DA1ESTU027-17SA;FUNDAMENTOS DE GEOLOGIA PARA ENGENHARIA
11202130010;NA1ESZE079-17SA;TÓPICOS DE OTIMIZAÇÃO EM SISTEMAS ELÉTRICOS DE POTÊNCIA E APLICAÇÕES
11202231154;NA1ESZA006-17SB;TEORIA DE CONTROLE ÓTIMO
21016615;NA1ESTO016-17SB;FENÔMENOS DE TRANSPORTE
21016615;NA1ESZE106-17SA;SISTEMAS FOTOVOLTAICOS CONECTADOS À REDE ELÉTRICA
21016615;NA1ESZE079-17SA;TÓPICOS DE OTIMIZAÇÃO EM SISTEMAS ELÉTRICOS DE POTÊNCIA E APLICAÇÕES
11202321804;NA1ESAE002-23SA;DESENHO UNIVERSAL E TECNOLOGIA ASSISTIVA
11202520337;DA1BCS0004-25SA;PRÁTICAS EXTENSIONISTAS EM LETRAMENTO DIGITAL
11202021781;DA1ESTU039-17SA;REGULAÇÃO AMBIENTAL E URBANÍSTICA
11202410029;NA1ESTO012-17SB;PRINCÍPIOS DE ADMINISTRAÇÃO
11202130964;DA1NHBQ001-22SA;CINÉTICA QUÍMICA
11202532603;DA1BCM0506-15SB;COMUNICAÇÃO E REDES
11202021735;NI1ESZR025-21SB;CONFLITOS, PAZ E NEGOCIAÇÃO INTERNACIONAL (PRÁTICA)
11202021225;NA1ESTO016-17SA;FENÔMENOS DE TRANSPORTE
11202231702;NA1ESZB022-17SA;INTRODUÇÃO À BIOINFORMÁTICA
11202421062;DB1ESTO006-17SB;MATERIAIS E SUAS PROPRIEDADES
11202322045;NA1ESHP024-22SB;MÉTODOS QUALITATIVOS E DESENHO DE PESQUISA PARA O TCC DE POLÍTICAS PÚBLICAS
11202131417;DB2BCM0506-15SA;COMUNICAÇÃO E REDES
11201932457;DA1ESTG025-17SB;PROPRIEDADE INTELECTUAL
11202130181;DA1ESTO015-17SB;MECÂNICA DOS FLUIDOS I
11202321597;NA1NHLQ002-22SA;PRÁTICAS DE ENSINO DE QUÍMICA I
11202321597;DA1ESZM033-17SA;RECICLAGEM E AMBIENTE
11202422070;NA2ESTI020-17SA;TEORIA DE FILAS E ANÁLISE DE DESEMPENHO
11202422070;NA1ESTM005-17SA;MATERIAIS METÁLICOS
11202521949;NA1ESZM031-17SA;NANOCOMPÓSITOS
11202421678;DA1NHZ6001-18SA;FUNDAMENTOS DA BIOTECNOLOGIA
11202232317;DB1BHQ0004-19SB;ESTUDOS DE GÊNERO
11202232317;DA1MCTC001-15SB;INTRODUÇÃO À FILOSOFIA DA MENTE
11202522541;DA2BIS0003-15SB;BASES MATEMÁTICAS
11202420728;NA1ESAE001-23SB;APLICAÇÕES ESTRUTURAIS DE MATERIAIS COMPÓSITOS
11201721357;NA1ESZE079-17SA;TÓPICOS DE OTIMIZAÇÃO EM SISTEMAS ELÉTRICOS DE POTÊNCIA E APLICAÇÕES
11202321553;DA1NHZ6008-18SA;ENGENHARIA METABÓLICA
11202321553;DB1ESTO006-17SA;MATERIAIS E SUAS PROPRIEDADES
11201811419;DA1ESTG020-17SB;SISTEMAS E PROCESSOS DE PRODUÇÃO
11202232361;NA1ESHT009-17SB;HISTÓRIA DA CIDADE E DO URBANISMO
11202232361;NA1MCZC018-20SB;PSICOPATOLOGIA
11202321288;DA1MCTC014-13SA;INTRODUÇÃO À INFERÊNCIA ESTATÍSTICA
11201811843;DA1NHBQ012-22SA;QUÍMICA DE MACROMOLÉCULAS BIOLÓGICAS
11201721713;DA1BCM0505-22SB;PROCESSAMENTO DA INFORMAÇÃO
11201932571;NA1ESTS017-17SB;SISTEMAS DE PROPULSÃO I
11201932571;DA1ESAE001-23SB;APLICAÇÕES ESTRUTURAIS DE MATERIAIS COMPÓSITOS
11202021167;NA1ESZB022-17SA;INTRODUÇÃO À BIOINFORMÁTICA
11202130537;DA1NHZ2013-11SB;FILOSOFIA BRASILEIRA: HISTÓRIA E PROBLEMAS
11202231310;DANHZ3026-15SA;INTRODUÇÃO À FÍSICA NUCLEAR
11201812123;DA1ESMA002-23SB;INOVAÇÕES PARA ENGENHARIA
11202321943;DB1ESTI006-17SA;PROCESSAMENTO DIGITAL DE SINAIS
11202521587;DA1ESAE002-23SA;DESENHO UNIVERSAL E TECNOLOGIA ASSISTIVA
11202212420;NA1ESTB013-17SB;BIOSSEGURANÇA
11202230309;DA8BCJ0203-15SA;FENÔMENOS ELETROMAGNÉTICOS
11202230309;DB2BIN0406-15SB;INTRODUÇÃO À PROBABILIDADE E À ESTATÍSTICA
11202521949;DA1ESTM013-17SA;SELEÇÃO DE MATERIAIS
11202321498;NA1ESZI030-17SA;GERENCIAMENTO E INTEROPERABILIDADE DE REDES
11202021990;DA1NHZ2013-11SB;FILOSOFIA BRASILEIRA: HISTÓRIA E PROBLEMAS
11201920662;NA1NHT4073-15SA;LIVROS DIDÁTICOS NO ENSINO DE QUÍMICA
11202321498;NA1NHBQ009-22SA;LIGAÇÕES QUÍMICAS
11202321411;NA1ESHT017-17SB;PLANEJAMENTO E POLÍTICA AMBIENTAL
11202021445;DB1ESTI006-17SA;PROCESSAMENTO DIGITAL DE SINAIS
11201920366;DA1ESZG013-17SB;EMPREENDEDORISMO
11201722438;DA1ESTA003-17SB;SISTEMAS DE CONTROLE I
11202021990;DANHZ2117-18SB;HISTÓRIA E FILOSOFIA DA BIOLOGIA
11062914;NA1ESZA006-17SB;TEORIA DE CONTROLE ÓTIMO
11202130537;NA1ESZP002-13SB;INSTITUIÇÕES JUDICIAIS E POLÍTICAS PÚBLICAS
11202420562;NA1MCZC016-15SB;NEUROCIÊNCIA DA COGNIÇÃO MUSICAL
11202320704;NA1ESHT011-21SB;ANÁLISE DE DADOS PARA O PLANEJAMENTO TERRITORIAL
11202231486;DA1ESHR029-21SB;ANÁLISE DE POLÍTICA EXTERNA
11202231486;DA1ESGE006-23SB;ENGENHARIA DE SEGURANÇA DO TRABALHO: ERGONOMIA
11202520723;NA1MCZC016-15SB;NEUROCIÊNCIA DA COGNIÇÃO MUSICAL
11202231486;DA1ESTO017-17SB;MÉTODOS EXPERIMENTAIS EM ENGENHARIA
11201810840;NA1MCCC010-23SA;MATEMÁTICA DISCRETA II
11201810840;NA1MCCC005-23SA;ANÁLISE DE ALGORITMOS II
11202321913;DA2BHO0102-15SB;DESENVOLVIMENTO E SUSTENTABILIDADE
11202231817;DB1ESTA016-17SA;MÁQUINAS ELÉTRICAS
11202320501;DANHZ2117-18SB;HISTÓRIA E FILOSOFIA DA BIOLOGIA
11202321320;NA1NHH2090-16SB;PRÁTICA DE ENSINO DE FILOSOFIA: PROGRAMAS DE ENSINO
21081416;DA1ESZG013-17SB;EMPREENDEDORISMO
11201811359;NA1MCZA053-22SA;DESENVOLVIMENTO GUIADO POR TIPOS
11201920509;DA1ESTA003-17SB;SISTEMAS DE CONTROLE I
11202231020;NC2ESTO017-17SA;MÉTODOS EXPERIMENTAIS EM ENGENHARIA
11202421527;DA1ESTU040-17SA;PROJETO AMBIENTAL URBANO
11202421527;DA1ESTU039-17SA;REGULAÇÃO AMBIENTAL E URBANÍSTICA
11202321436;NA1ESHC024-19SB;MACROECONOMIA III
11137409;DA1ESHR903-18SB;METODOLOGIA DE PESQUISA EM RELAÇÕES INTERNACIONAIS (TCC 1)
21060713;NA1ESZA006-17SB;TEORIA DE CONTROLE ÓTIMO
21060713;DA1ESTA008-17SA;SISTEMAS DE CONTROLE II
11202322092;NA1ESZP002-13SB;INSTITUIÇÕES JUDICIAIS E POLÍTICAS PÚBLICAS
11202520232;DA1ESMA002-23SB;INOVAÇÕES PARA ENGENHARIA
11202230306;NA1NHBQ008-22SA;FUNDAMENTOS DE REAÇÕES ORGÂNICAS
11202320171;DA1ESHP021-13SB;TRAJETÓRIAS DAS POLÍTICAS DE CT&I NO BRASIL
11202322252;DA1ESTB013-17SB;BIOSSEGURANÇA
11201920287;NA1MCNC002-23SA;NEUROCIÊNCIA TEÓRICA E COMPUTACIONAL
11201811747;NA1ESTI016-17SA;FUNDAMENTOS DE FOTÔNICA
11201921806;DA1ESHC027-21SB;ECONOMIA MATEMÁTICA
21065813;DA1ESHT011-21SB;ANÁLISE DE DADOS PARA O PLANEJAMENTO TERRITORIAL
11202130010;DA1ESTE024-17SA;MECÂNICA DOS FLUIDOS II
11202532609;NA1ESTS004-17SB;DESEMPENHO DE AERONAVES
11202321689;NA1NHH2090-16SB;PRÁTICA DE ENSINO DE FILOSOFIA: PROGRAMAS DE ENSINO
11202532609;NA1ESZA006-17SB;TEORIA DE CONTROLE ÓTIMO
11202021445;NA2BCN0405-15SB;INTRODUÇÃO ÀS EQUAÇÕES DIFERENCIAIS ORDINÁRIAS
11202520536;NB2BIN0406-15SB;INTRODUÇÃO À PROBABILIDADE E À ESTATÍSTICA
11202021445;NA1ESTG009-17SB;GESTÃO DE OPERAÇÕES
11202021445;NA1MCZC016-15SB;NEUROCIÊNCIA DA COGNIÇÃO MUSICAL
11202522174;DB1ESTO005-17SB;INTRODUÇÃO ÀS ENGENHARIAS
11074814;NA1ESTO016-17SB;FENÔMENOS DE TRANSPORTE
11202610108;DANHH2019-13SB;FILOSOFIA DA LINGUAGEM
11202522174;NB2ESTA007-17SA;ELETRÔNICA ANALÓGICA APLICADA
11202312272;DA1MCLM001-23SA;EDUCAÇÃO ESTATÍSTICA
11202312272;DA1MCTD024-18SA;ANÁLISE NA EDUCAÇÃO BÁSICA
11202521617;NA1ESZE106-17SA;SISTEMAS FOTOVOLTAICOS CONECTADOS À REDE ELÉTRICA
11202321369;NA1MCZC018-20SB;PSICOPATOLOGIA
11202520831;NC1ESMA001-23SA;SOLUÇÕES PARA DESAFIOS EM ENGENHARIA
11202420674;DA2MCZA018-17SA;PROCESSAMENTO DIGITAL DE IMAGENS
11080312;DA2ESTG020-17SB;SISTEMAS E PROCESSOS DE PRODUÇÃO
11202522242;NB1BIQ0602-15SB;ESTRUTURA E DINÂMICA SOCIAL
11201720374;NANHT3089-15SA;TRABALHO DE CONCLUSÃO DE CURSO EM FÍSICA
11202321332;DANHZ2117-18SB;HISTÓRIA E FILOSOFIA DA BIOLOGIA
11202130629;NANHT3069-15SA;MECÂNICA CLÁSSICA II
11202231661;NA1NHBB001-23SA;ZOOLOGIA: ORIGEM E DIVERSIFICAÇÃO DE METAZOA
11202131455;NA1ESTI016-17SA;FUNDAMENTOS DE FOTÔNICA
11202421026;NA1ESTO016-17SA;FENÔMENOS DE TRANSPORTE
11202321905;NA1ESRI001-23SB;OFICINA DE RELAÇÕES INTERNACIONAIS
11202111587;DA1ESTA019-17SB;PROJETO ASSISTIDO POR COMPUTADOR
11202111587;DANHZ2068-18SB;TEMAS DE FILOSOFIA MEDIEVAL I
11202520539;DA2BCN0405-15SA;INTRODUÇÃO ÀS EQUAÇÕES DIFERENCIAIS ORDINÁRIAS
11202432347;DA1NHLQ002-22SA;PRÁTICAS DE ENSINO DE QUÍMICA I
11202231750;NI1ESZR025-21SB;CONFLITOS, PAZ E NEGOCIAÇÃO INTERNACIONAL (PRÁTICA)
11202111072;DA1ESHP021-13SB;TRAJETÓRIAS DAS POLÍTICAS DE CT&I NO BRASIL
11202131388;NA1MCTA023-17SA;SEGURANÇA DE DADOS
11202131709;DA1BCN0407-15SA;FUNÇÕES DE VÁRIAS VARIÁVEIS
11202410074;NA1ESHR016-21SB;SISTEMA FINANCEIRO INTERNACIONAL
11202321186;NA1ESTO006-17SA;MATERIAIS E SUAS PROPRIEDADES
11202321186;DA1ESTG021-17SB;SISTEMAS CAD/CAE
11202421153;NA1NHT1002-15SB;BIOÉTICA
11202421749;NA3BCL0308-15SA;BIOQUÍMICA: ESTRUTURA, PROPRIEDADES E FUNÇÕES DE BIOMOLÉCULAS
11202421749;NA1ESTO013-17SA;ENGENHARIA ECONÔMICA
11202610091;NA1ESZR003-21SB;AMÉRICA LATINA CONTEMPORÂNEA
11201720370;NANHZ2069-18SB;TEMAS DE FILOSOFIA MODERNA I
11202520919;NA1ESHT006-17SB;ECONOMIA URBANA
11202321894;NA1ESTU015-17SA;SAÚDE AMBIENTAL
11201722543;NA1ESAU012-23SA;AVALIAÇÃO AMBIENTAL ESTRATÉGICA
11202020026;NA1ESHR007-21SB;GEOPOLÍTICA
11202321374;DA2ESZA020-17SA;ROBÔS MÓVEIS AUTÔNOMOS
11202421166;NA1ESMA002-23SA;INOVAÇÕES PARA ENGENHARIA
11202020931;NB1NHZ1094-19SA;ESCRITA E LEITURA NA EDUCAÇÃO EM CIÊNCIAS
11202421998;DA1BCN0402-15SB;FUNÇÕES DE UMA VARIÁVEL
11202232249;DB1BCK0104-15SA;INTERAÇÕES ATÔMICAS E MOLECULARES
11202420619;DA4BCJ0205-15SA;FENÔMENOS TÉRMICOS
11202130031;DA1ESZA007-17SB;CONFIABILIDADE DE COMPONENTES E SISTEMAS
11202130461;DA1ESHR023-21SB;TEORIAS CONTEMPORÂNEAS DAS RELAÇÕES INTERNACIONAIS
11202420663;DA1ESTU005-17SA;CLIMATOLOGIA
11202421287;NA1ESMA001-23SB;SOLUÇÕES PARA DESAFIOS EM ENGENHARIA
11202522239;DA1BIR0004-15SB;BASES EPISTEMOLÓGICAS DA CIÊNCIA MODERNA
11202522239;DA1BHP0001-15SB;ÉTICA E JUSTIÇA
11202322147;NA1BIQ0602-15SB;ESTRUTURA E DINÂMICA SOCIAL
11202130807;NA1NHZ1096-19SA;PRÁTICAS DISCURSIVAS DA CIÊNCIA E EDUCAÇÃO EM CIÊNCIAS
11201932596;DA1ESHC033-21SB;ECONOMIA BRASILEIRA CONTEMPORÂNEA
11202432368;DB1NHT1053-15SB;BIOLOGIA CELULAR
11202320842;NC1ESTO013-17SB;ENGENHARIA ECONÔMICA
11202230346;NA1BCK0104-15SB;INTERAÇÕES ATÔMICAS E MOLECULARES
11202020367;NA1ESZR026-21SB;DESLOCAMENTO FORÇADO, REFÚGIO E HUMANITARISMO
11046416;NA1NHZ1016-15SA;CONSERVAÇÃO DA BIODIVERSIDADE
11046416;NA1ESHP012-22SB;DIREITO ADMINISTRATIVO
11046416;NA1NHZ3023-15SA;INTRODUÇÃO À COSMOLOGIA
11202321112;NA1BIR0603-15SB;CIÊNCIA, TECNOLOGIA E SOCIEDADE
11202130802;NA1MCCC009-23SA;LINGUAGENS FORMAIS E AUTÔMATOS
11202610048;NB6BCM0505-22SA;PROCESSAMENTO DA INFORMAÇÃO
11202231316;DA1ESZR003-21SB;AMÉRICA LATINA CONTEMPORÂNEA
11202322147;NB1BCL0307-15SB;TRANSFORMAÇÕES QUÍMICAS
11202111571;DA2LCT1003-24SA;ESTÁGIO III NO ENSINO FUNDAMENTAL
11201722790;NA1BHS0002-22SB;DIVERSIDADE DE GÊNERO E FORMAÇÃO DE PROFESSOR
11202521165;NA4BCN0402-15SA;FUNÇÕES DE UMA VARIÁVEL
11202322137;NA6BCM0505-22SA;PROCESSAMENTO DA INFORMAÇÃO
11202322181;DANHBF149-22SB;OFICINA DE PESQUISA EM FILOSOFIA I
11201721433;DA2MCTB009-17SA;CÁLCULO NUMÉRICO
11202421258;DA1LIE0001-19SA;METODOLOGIAS DE PESQUISA EM EDUCAÇÃO
11202520955;NA9BCJ0205-15SA;FENÔMENOS TÉRMICOS
11202521702;NA1BIR0603-15SB;CIÊNCIA, TECNOLOGIA E SOCIEDADE
11202520305;DB1BIS0003-15SB;BASES MATEMÁTICAS
11202521165;DA3BCM0505-22SA;PROCESSAMENTO DA INFORMAÇÃO
11202610099;DA1ESHR004-13SB;ECONOMIA POLÍTICA INTERNACIONAL DA ENERGIA
11202420848;DA1NHZ2094-16SB;FILOSOFIA AFRICANA
11202130457;DA1MCTC011-15SA;PSICOLOGIA COGNITIVA
11202421278;DB2BCS0004-25SA;PRÁTICAS EXTENSIONISTAS EM LETRAMENTO DIGITAL
11201722558;DA1ESHR004-13SB;ECONOMIA POLÍTICA INTERNACIONAL DA ENERGIA
11201722558;DA1ESHR007-21SB;GEOPOLÍTICA
11201722558;DA1ESHR002-21SB;TEMAS DE DIREITO INTERNACIONAL PÚBLICO
11201722558;DI1ESHR023-21SB;TEORIAS CONTEMPORÂNEAS DAS RELAÇÕES INTERNACIONAIS
11202520880;DA1BCM0505-22SA;PROCESSAMENTO DA INFORMAÇÃO
11202131444;NA1ESHR012-21SB;POLÍTICA INTERNACIONAL DOS EUA
11202131516;DA1MCZB015-13SA;INTRODUÇÃO À CRIPTOGRAFIA
11202130247;NA1ESZG006-17SB;PESQUISA OPERACIONAL APLICADA
11201723071;NA1ESTE029-17SA;ENGENHARIA DE COMBUSTÍVEIS FÓSSEIS
11201723071;NA1ESTU012-17SA;POLUIÇÃO ATMOSFÉRICA
11202322003;NA1MCTB001-17SA;ÁLGEBRA LINEAR
11201922000;DA1BCS0002-25SA;PROJETO DIRIGIDO
11201922000;DA1MCZA002-17SA;APRENDIZADO DE MÁQUINA
11202410076;DA1BHO0101-15SB;ESTADO E RELAÇÕES DE PODER
11202410076;DB1BHQ0301-15SB;TERRITÓRIO E SOCIEDADE
11202320652;NA1ESTB019-17SA;BIOESTATÍSTICA
11202420848;DA6BCJ0205-15SA;FENÔMENOS TÉRMICOS
11202432388;NA1ESHR012-21SB;POLÍTICA INTERNACIONAL DOS EUA
13201811212;NA1ESHR012-21SB;POLÍTICA INTERNACIONAL DOS EUA
11202020367;DA1ESHR002-21SB;TEMAS DE DIREITO INTERNACIONAL PÚBLICO
11202521670;DB1BCL0307-15SB;TRANSFORMAÇÕES QUÍMICAS
11202521166;DA1ESMA001-23SB;SOLUÇÕES PARA DESAFIOS EM ENGENHARIA
21053215;DANHH2086-16SB;HISTÓRIA DA FILOSOFIA MEDIEVAL: DO SÉCULO IV AO X
11202020779;NA1ESZG006-17SB;PESQUISA OPERACIONAL APLICADA
11202421375;DA2LCT1003-24SA;ESTÁGIO III NO ENSINO FUNDAMENTAL
13201910080;DA1ESHR004-13SB;ECONOMIA POLÍTICA INTERNACIONAL DA ENERGIA
13201910080;DA1ESHR002-21SB;TEMAS DE DIREITO INTERNACIONAL PÚBLICO
11202610117;NA2ESHC036-21SB;ECONOMETRIA II
11202610117;NA1ESHC026-21SB;MICROECONOMIA II
11202610117;NA1ESHP018-14SB;POLÍTICAS SOCIAIS
11202022099;NA1ESHT024-17SB;USO DO SOLO URBANO
11201812057;DB1BCK0104-15SA;INTERAÇÕES ATÔMICAS E MOLECULARES
11202131261;NA2ESTO006-17SA;MATERIAIS E SUAS PROPRIEDADES
11202421590;NA2BCN0407-15SB;FUNÇÕES DE VÁRIAS VARIÁVEIS
11202020180;DA1ESTO013-17SA;ENGENHARIA ECONÔMICA
11202020180;NA1ESTS005-17SB;DINÂMICA E CONTROLE DE VEÍCULOS ESPACIAIS
11202420543;NB1BCN0407-15SA;FUNÇÕES DE VÁRIAS VARIÁVEIS
11201722461;NAESZA016-17SA;OPTOELETRÔNICA
11202231347;NA1ESHC030-17SB;DESIGUALDADES DE RAÇA, GÊNERO E RENDA
11202230995;NA1ESTA001-17SA;DISPOSITIVOS ELETRÔNICOS
11202320869;DA1BHS0005-19SB;PRÁTICAS EM CIÊNCIAS E HUMANIDADES
11202421219;NA1ESTI008-17SA;TEORIA DA INFORMAÇÃO E CÓDIGOS
11202520224;NA1BIR0004-15SB;BASES EPISTEMOLÓGICAS DA CIÊNCIA MODERNA
11202522140;DA5BCL0307-15SA;TRANSFORMAÇÕES QUÍMICAS
11202522147;NA1BIR0603-15SA;CIÊNCIA, TECNOLOGIA E SOCIEDADE
11202321184;NA1NHH2017-16SB;FILOSOFIA DA EDUCAÇÃO
11202020320;NA1BHS0002-23SB;ARENAS E PROBLEMAS PÚBLICOS
11202130482;DA1ESZS004-17SB;AVIÔNICA
11202421955;NA1ESTU015-17SA;SAÚDE AMBIENTAL
11202521867;NA1MCTD010-18SA;HISTÓRIA DA MATEMÁTICA
11202020971;NA1ESHC019-17SB;HISTÓRIA DO PENSAMENTO ECONÔMICO
11202421202;DA1MCTA006-17SB;CIRCUITOS DIGITAIS
11202522104;DA1BHQ0002-15SA;ESTUDOS ÉTNICO-RACIAIS
11202522104;DB1ESTO005-17SA;INTRODUÇÃO ÀS ENGENHARIAS
11202420862;DA1MCTA006-17SB;CIRCUITOS DIGITAIS
13201822582;NA1ESHT006-17SB;ECONOMIA URBANA
11202231732;NA1ESTO013-17SA;ENGENHARIA ECONÔMICA
11202321280;DA1MCCC009-23SA;LINGUAGENS FORMAIS E AUTÔMATOS
11202232345;NA1ESZM036-17SA;BLENDAS POLIMÉRICAS
11201921303;NA1ESTU005-17SA;CLIMATOLOGIA
11201920937;NA1ESTU021-17SA;TRANSPORTES E MOBILIDADE URBANA
11202420898;NA1BIR0603-15SB;CIÊNCIA, TECNOLOGIA E SOCIEDADE
11202420922;DA1ESHC040-21SB;RELAÇÕES MONETÁRIAS E FINANCEIRAS INTERNACIONAIS
11202522244;DA3BCJ0205-15SB;FENÔMENOS TÉRMICOS
11202522082;NA2BCN0407-15SA;FUNÇÕES DE VÁRIAS VARIÁVEIS
11202520618;DA2BCL0308-15SA;BIOQUÍMICA: ESTRUTURA, PROPRIEDADES E FUNÇÕES DE BIOMOLÉCULAS
11202522510;DB1BHQ0002-15SB;ESTUDOS ÉTNICO-RACIAIS
11202422086;DA1ESHR026-14SB;HISTÓRIA DO TERCEIRO MUNDO
11201920937;NA1ESAU010-23SA;CARTOGRAFIA E GEOPROCESSAMENTO
11202231909;NA1ESZR024-21SB;CAPITALISMO, IMPERIALISMO E DEPENDÊNCIA
11202610169;DA1BCS0004-25SA;PRÁTICAS EXTENSIONISTAS EM LETRAMENTO DIGITAL
11202422024;NA1MCTB009-17SA;CÁLCULO NUMÉRICO
11202421048;DA2ESTO001-17SA;CIRCUITOS ELÉTRICOS E FOTÔNICA
11202022030;NA1ESZR003-21SB;AMÉRICA LATINA CONTEMPORÂNEA
11202420204;DA1MCCC001-23SA;ALGORITMOS E ESTRUTURAS DE DADOS I
11202021025;NA1ESHC037-21SB;ECONOMETRIA III
11201720550;NA1NHT1002-15SB;BIOÉTICA
11201921781;NA4BCM0505-22SB;PROCESSAMENTO DA INFORMAÇÃO
11202421993;NB2BCM0505-22SA;PROCESSAMENTO DA INFORMAÇÃO
11202321333;NA1ESZE052-17SA;GERAÇÃO DISTRIBUÍDA
11201921712;NA1ESHR004-13SB;ECONOMIA POLÍTICA INTERNACIONAL DA ENERGIA
11202522012;DA2BCN0407-15SA;FUNÇÕES DE VÁRIAS VARIÁVEIS
11202231406;NA1NHZ1027-15SA;FARMACOLOGIA
11202231612;NA1ESTU005-17SA;CLIMATOLOGIA
11202320741;DA1MCTB010-13SA;CÁLCULO VETORIAL E TENSORIAL
11202420583;DA1ESAE006-23SB;AERONAVES DIRIGÍVEIS
11202231460;DA1BCK0104-15SA;INTERAÇÕES ATÔMICAS E MOLECULARES
11202322101;NA1BCS0002-25SB;PROJETO DIRIGIDO
11202020299;NA1ESGE001-23SB;ENGENHARIA DE SEGURANÇA DO TRABALHO
11202230308;NA1MCCC009-23SA;LINGUAGENS FORMAIS E AUTÔMATOS
11202521326;DA6BCL0307-15SA;TRANSFORMAÇÕES QUÍMICAS
11202520605;NA1BCN0407-15SA;FUNÇÕES DE VÁRIAS VARIÁVEIS
11201932498;NA1NHBT003-23SA;PRINCÍPIOS DE FISIOLOGIA PARA BIOTECNOLOGIA
11202230663;DA1ESHC037-21SB;ECONOMETRIA III
11202322071;NA1BHS0002-23SB;ARENAS E PROBLEMAS PÚBLICOS
11202231282;NA1ESTO001-17SB;CIRCUITOS ELÉTRICOS E FOTÔNICA
11202231282;NA2ESMA001-23SB;SOLUÇÕES PARA DESAFIOS EM ENGENHARIA
11202332417;DA1BCK0103-15SA;FÍSICA QUÂNTICA
11202420416;NA1ESAU010-23SA;CARTOGRAFIA E GEOPROCESSAMENTO
11202521786;DA1BCS0003-25SA;PRÁTICAS EXTENSIONISTAS EM GÊNERO, DIVERSIDADE E RAÇA
11202422169;DA1BCL0308-15SA;BIOQUÍMICA: ESTRUTURA, PROPRIEDADES E FUNÇÕES DE BIOMOLÉCULAS
11202422187;DA1MCTA006-17SB;CIRCUITOS DIGITAIS
11202420821;NA2BCN0407-15SA;FUNÇÕES DE VÁRIAS VARIÁVEIS
11202421276;NA1ESHR008-21SB;INTEGRAÇÃO REGIONAL - TEORIAS E EXPERIÊNCIAS
11202421276;NI1ESHR023-21SB;TEORIAS CONTEMPORÂNEAS DAS RELAÇÕES INTERNACIONAIS
11202520122;NA1ESHT026-21SB;BIODIVERSIDADE, GEODIVERSIDADE E PAISAGEM
11202130424;NA1ESTO005-17SB;INTRODUÇÃO ÀS ENGENHARIAS
11202130647;DA1ESAE006-23SB;AERONAVES DIRIGÍVEIS
11202230460;NA1ESTU005-17SA;CLIMATOLOGIA
11202322287;NA1ESHP012-22SB;DIREITO ADMINISTRATIVO
11202022109;NA1ESTU027-17SA;FUNDAMENTOS DE GEOLOGIA PARA ENGENHARIA
11202021877;NA1ESTA003-17SA;SISTEMAS DE CONTROLE I
11202421154;DB1BHQ0002-15SB;ESTUDOS ÉTNICO-RACIAIS
11201920273;DA2ESTA013-17SA;FUNDAMENTOS DE ROBÓTICA
11202022100;DA1ESHR016-21SB;SISTEMA FINANCEIRO INTERNACIONAL
11202320347;DA1ESTA001-17SA;DISPOSITIVOS ELETRÔNICOS
11202320347;DA1ESMA001-23SB;SOLUÇÕES PARA DESAFIOS EM ENGENHARIA
11202021225;NA1ESZU016-17SA;QUESTÕES AMBIENTAIS GLOBAIS
11202020919;DA1ESMA002-23SB;INOVAÇÕES PARA ENGENHARIA
11202521435;DA2BCN0402-15SA;FUNÇÕES DE UMA VARIÁVEL
13201910022;NA1ESHT008-17SB;GOVERNANÇA PÚBLICA, DEMOCRACIA E POLÍTICAS NO TERRITÓRIO
11202420623;NB1BCN0407-15SA;FUNÇÕES DE VÁRIAS VARIÁVEIS
11201811465;DANHZ3075-15SA;MECÂNICA CLÁSSICA III
11202420207;DB1BCK0103-15SA;FÍSICA QUÂNTICA
11202021003;DA1LIE0001-19SB;METODOLOGIAS DE PESQUISA EM EDUCAÇÃO
21060713;DA1ESTI006-17SA;PROCESSAMENTO DIGITAL DE SINAIS
21060713;DAESTA022-17SA;TEORIA DE ACIONAMENTOS ELÉTRICOS
11202520304;NA7BCJ0205-15SA;FENÔMENOS TÉRMICOS
11202212403;DA1ESHR004-13SB;ECONOMIA POLÍTICA INTERNACIONAL DA ENERGIA
11201920172;NA1MCTB001-17SA;ÁLGEBRA LINEAR
11202322207;NA2ESTO017-17SA;MÉTODOS EXPERIMENTAIS EM ENGENHARIA
11201922306;NA1BHS0002-22SB;DIVERSIDADE DE GÊNERO E FORMAÇÃO DE PROFESSOR
11202420969;NA2BCL0306-15SB;BIODIVERSIDADE: INTERAÇÕES ENTRE ORGANISMOS E AMBIENTE
11202321582;NA1MCZC010-15SB;ATENÇÃO E ESTADOS DE CONSCIÊNCIA
11202232212;NA2MCZA004-13SA;AVALIAÇÃO DE DESEMPENHO DE REDES
11202231840;NA1MCTA023-17SA;SEGURANÇA DE DADOS
11202130041;DA1ESTG009-17SB;GESTÃO DE OPERAÇÕES
11202230864;DA1MCZA006-17SA;COMPUTAÇÃO EVOLUTIVA E CONEXIONISTA
11202321641;NA1MCTA006-17SA;CIRCUITOS DIGITAIS
11202321641;DB1MCCC001-23SA;ALGORITMOS E ESTRUTURAS DE DADOS I
11201932461;NA1ESTO001-17SA;CIRCUITOS ELÉTRICOS E FOTÔNICA
11202321371;DA1BCS0004-25SA;PRÁTICAS EXTENSIONISTAS EM LETRAMENTO DIGITAL
11202230231;DA2MCTA023-17SA;SEGURANÇA DE DADOS
11202021718;NA1ESZE052-17SA;GERAÇÃO DISTRIBUÍDA
11202420186;NB1BIR0004-15SA;BASES EPISTEMOLÓGICAS DA CIÊNCIA MODERNA
11202321280;DA1MCTA026-13SA;SISTEMAS OPERACIONAIS
11202321409;NB2MCTA022-17SA;REDES DE COMPUTADORES
11202310022;NA1NHLB001-23SA;INSTRUMENTAÇÃO PARA O ENSINO DE CIÊNCIAS E BIOLOGIA
11202321677;DA1ESZR027-21SB;DIÁSPORAS AFRICANAS E AS RELAÇÕES INTERNACIONAIS
11202232028;NA1NHBQ014-22SA;QUÍMICA ORGÂNICA EXPERIMENTAL
11202322238;NA2BCM0505-22SB;PROCESSAMENTO DA INFORMAÇÃO
11202520458;DA1MCTD016-18SA;PRÁTICAS DE ENSINO DE MATEMÁTICA I
11202420511;NA1NHT1067-15SA;EVOLUÇÃO E DIVERSIDADE DE PLANTAS I
11202230754;DI1ESHR012-21SB;POLÍTICA INTERNACIONAL DOS EUA
11202231206;NA1BCK0104-15SB;INTERAÇÕES ATÔMICAS E MOLECULARES
11202231206;NANHH2073-18SB;TEORIA DO CONHECIMENTO: EMPIRISMO E RACIONALISMO
11202320350;DB1BCK0103-15SA;FÍSICA QUÂNTICA
11201811732;DA1MCZB015-13SA;INTRODUÇÃO À CRIPTOGRAFIA
11201921616;DA4BCM0505-22SB;PROCESSAMENTO DA INFORMAÇÃO
11201921616;NA1ESTA002-17SA;CIRCUITOS ELÉTRICOS I
11202520190;DB1BCN0404-15SA;GEOMETRIA ANALÍTICA
11202131942;NA1NHT1062-15SA;EVOLUÇÃO
11201811775;DA1MCBM002-23SA;ANÁLISE REAL I
11201932494;DA7BCJ0205-15SA;FENÔMENOS TÉRMICOS
11201932494;DB1BCN0407-15SB;FUNÇÕES DE VÁRIAS VARIÁVEIS
11202520380;DA1ESTO005-17SB;INTRODUÇÃO ÀS ENGENHARIAS
11202231947;NA2BCM0504-15SA;NATUREZA DA INFORMAÇÃO
11201921616;DA1ESTO005-17SB;INTRODUÇÃO ÀS ENGENHARIAS
11202231375;NB2MCTB001-17SA;ÁLGEBRA LINEAR
11202231375;NA1ESTA002-17SA;CIRCUITOS ELÉTRICOS I
11202130839;NA2ESTO001-17SA;CIRCUITOS ELÉTRICOS E FOTÔNICA
11202321571;NA1ESHP018-14SB;POLÍTICAS SOCIAIS
11202520458;DA1NHI5002-15SA;DIDÁTICA
11202321658;NA1ESHP032-22SB;PODER LEGISLATIVO E PROCESSO DECISÓRIO
11019316;NA1ESTE029-17SA;ENGENHARIA DE COMBUSTÍVEIS FÓSSEIS
11202321677;NA1ESHP032-22SB;PODER LEGISLATIVO E PROCESSO DECISÓRIO
11202432387;NA1ESHR008-21SB;INTEGRAÇÃO REGIONAL - TEORIAS E EXPERIÊNCIAS
11202322165;DA1LIE0001-19SA;METODOLOGIAS DE PESQUISA EM EDUCAÇÃO
11202421530;DA1ESTO015-17SA;MECÂNICA DOS FLUIDOS I
11202111145;DA1ESGE009-23SB;TÓPICOS EM ENGENHARIA DE PRODUÇÃO NA INDÚSTRIA DE ALIMENTOS
11202332359;NA1ESHT024-17SB;USO DO SOLO URBANO
11202332356;NA1ESAU012-23SA;AVALIAÇÃO AMBIENTAL ESTRATÉGICA
11202230970;NA1NHZ1096-19SA;PRÁTICAS DISCURSIVAS DA CIÊNCIA E EDUCAÇÃO EM CIÊNCIAS
11202021102;DB1NHT1053-15SB;BIOLOGIA CELULAR
11201920662;NA1NHZ1096-19SA;PRÁTICAS DISCURSIVAS DA CIÊNCIA E EDUCAÇÃO EM CIÊNCIAS
11202321191;NA1ESTU039-17SB;REGULAÇÃO AMBIENTAL E URBANÍSTICA
11202321043;DB2BCN0407-15SA;FUNÇÕES DE VÁRIAS VARIÁVEIS
11202021319;NA1ESHP018-14SB;POLÍTICAS SOCIAIS
11202521493;DA1BCL0306-15SA;BIODIVERSIDADE: INTERAÇÕES ENTRE ORGANISMOS E AMBIENTE
11202021840;NA1NHT4072-15SA;AVALIAÇÃO NO ENSINO DE QUÍMICA
11202111781;DA1ESTU015-17SA;SAÚDE AMBIENTAL
11202610086;NI1ESHR012-21SB;POLÍTICA INTERNACIONAL DOS EUA
11202320836;NB1ESTU010-17SA;MICROBIOLOGIA AMBIENTAL
11202422070;NA2BCN0402-15SA;FUNÇÕES DE UMA VARIÁVEL
11202521661;DB2BCS0004-25SA;PRÁTICAS EXTENSIONISTAS EM LETRAMENTO DIGITAL
11202420744;DB1BIR0004-15SA;BASES EPISTEMOLÓGICAS DA CIÊNCIA MODERNA
11202521171;DA2BCN0402-15SA;FUNÇÕES DE UMA VARIÁVEL
11202420245;DB1BCK0103-15SA;FÍSICA QUÂNTICA
11202131270;DA1NHZ1091-19SA;EDUCAÇÃO EM SAÚDE
11202422176;NA1NHZ4069-15SA;QUÍMICA DE ALIMENTOS
11202321064;DA1ESAE002-23SA;DESENHO UNIVERSAL E TECNOLOGIA ASSISTIVA
11202321043;DA1BIR0603-15SB;CIÊNCIA, TECNOLOGIA E SOCIEDADE
11202321457;DA1ESTB015-17SB;PRINCÍPIOS DE ÉTICA EM SERVIÇOS DE SAÚDE
11202522165;DA1BIR0004-15SB;BASES EPISTEMOLÓGICAS DA CIÊNCIA MODERNA
11202522165;DA1ESTO001-17SB;CIRCUITOS ELÉTRICOS E FOTÔNICA
11202522165;DA1NHH2017-16SB;FILOSOFIA DA EDUCAÇÃO
11202020137;DA1NHZ1094-19SA;ESCRITA E LEITURA NA EDUCAÇÃO EM CIÊNCIAS
11202321212;DA1MCZA024-17SA;REDES SEM FIO
11202232159;DA1ESHT006-17SB;ECONOMIA URBANA
11202130278;DA1ESHC035-21SB;ECONOMETRIA I
11202231147;DA1LIE0001-19SB;METODOLOGIAS DE PESQUISA EM EDUCAÇÃO
11202111145;NA1ESZG006-17SB;PESQUISA OPERACIONAL APLICADA
11201920403;NA1ESTI004-17SA;PRINCÍPIOS DE COMUNICAÇÃO
11202230967;NA1ESHR012-21SB;POLÍTICA INTERNACIONAL DOS EUA
11114215;DA1MCZA024-17SA;REDES SEM FIO
11202020560;DA1ESHC035-21SB;ECONOMETRIA I
11202020560;NA2BCN0407-15SB;FUNÇÕES DE VÁRIAS VARIÁVEIS
11202322304;NA3BCM0505-22SB;PROCESSAMENTO DA INFORMAÇÃO
11202322304;NA2BCL0307-15SB;TRANSFORMAÇÕES QUÍMICAS
11202422213;NA2ESHC008-21SB;ECONOMIA BRASILEIRA II
11202422213;NA1ESHR012-21SB;POLÍTICA INTERNACIONAL DOS EUA
11202322239;NA1NHZ4069-15SA;QUÍMICA DE ALIMENTOS
11202421989;NA2ESHC008-21SB;ECONOMIA BRASILEIRA II
11202230236;NA1NHT1058-15SA;MORFOFISIOLOGIA HUMANA I
11202421234;DA1BHO0101-15SB;ESTADO E RELAÇÕES DE PODER
11202421234;DB1BHP0001-15SB;ÉTICA E JUSTIÇA
11202021715;NA1LHZ0028-19SB;PRÁTICAS DE ENSINO DE GEOGRAFIA: METODOLOGIAS
11202522090;DA1BHO1335-15SB;FORMAÇÃO DO SISTEMA INTERNACIONAL
11202020825;DA1ESHR007-21SB;GEOPOLÍTICA
11201921702;DA1BCS0002-25SA;PROJETO DIRIGIDO
11202021971;NANHH2007-13SB;ESTÉTICA
11202320665;DA1BCS0002-25SA;PROJETO DIRIGIDO
11202320665;DA1ESTO013-17SA;ENGENHARIA ECONÔMICA
11201810156;NA2ESTO017-17SA;MÉTODOS EXPERIMENTAIS EM ENGENHARIA
11202532585;DA1BCS0001-25SB;BASE EXPERIMENTAL DAS CIÊNCIAS NATURAIS
11202520904;DA2BCS0002-25SA;PROJETO DIRIGIDO
11202432372;NA1NHZ4069-15SA;QUÍMICA DE ALIMENTOS
11202020560;DA1ESHC025-17SB;MICROECONOMIA I
11201932608;NB1ESTI010-17SA;COMUNICAÇÕES ÓPTICAS
11202321043;NB2MCTB001-17SA;ÁLGEBRA LINEAR
11202420198;DA1ESTO001-17SA;CIRCUITOS ELÉTRICOS E FOTÔNICA
11202332384;NA1ESTU040-17SA;PROJETO AMBIENTAL URBANO
11201722542;DA1ESHP016-22SB;MÉTODOS QUANTITATIVOS EM POLÍTICAS PÚBLICAS
11202232176;NA1MCTB021-17SA;PROBABILIDADE
11202232176;NA1MCTB023-17SA;TEORIA ARITMÉTICA DOS NÚMEROS
21085614;NA7BCM0505-22SA;PROCESSAMENTO DA INFORMAÇÃO
11046715;NA1MCTD020-18SA;CONSTRUÇÕES GEOMÉTRICAS E GEOMETRIA MÉTRICA
11046715;NA1MCTD019-18SA;PRÁTICAS DE ENSINO DE MATEMÁTICA IV
11202522445;NA2BCM0504-15SA;NATUREZA DA INFORMAÇÃO
11202230236;NB1ESTU010-17SA;MICROBIOLOGIA AMBIENTAL
11202521113;NB1ESTO005-17SA;INTRODUÇÃO ÀS ENGENHARIAS
11202021918;DA1ESHR004-13SB;ECONOMIA POLÍTICA INTERNACIONAL DA ENERGIA
11202021918;DA1ESHR016-21SB;SISTEMA FINANCEIRO INTERNACIONAL
11202310092;NA1BHO0101-15SB;ESTADO E RELAÇÕES DE PODER
11202321661;NA1ESHP028-22SB;POLÍTICAS DIGITAIS, DADOS E GESTÃO ALGORÍTMICA
11202130355;DA1BIR0603-15SA;CIÊNCIA, TECNOLOGIA E SOCIEDADE
11202610104;DA1ESHC019-17SB;HISTÓRIA DO PENSAMENTO ECONÔMICO
11202610104;DA1ESHC008-21SB;ECONOMIA BRASILEIRA II
11202610104;DA1ESHR002-21SB;TEMAS DE DIREITO INTERNACIONAL PÚBLICO
11202321429;NA1MCTD010-18SA;HISTÓRIA DA MATEMÁTICA
11202231178;NA1MCLM003-23SA;TENDÊNCIAS EM EDUCAÇÃO MATEMÁTICA
11202422001;DA1NHT1002-15SB;BIOÉTICA
11201921478;DA1BHQ0002-15SA;ESTUDOS ÉTNICO-RACIAIS
11202420167;NA1ESTU039-17SB;REGULAÇÃO AMBIENTAL E URBANÍSTICA
11202421843;NA1NHBT005-23SA;PRÁTICAS EXTENSIONISTAS EM BIOTECNOLOGIA
11201810523;DA1ESGE009-23SB;TÓPICOS EM ENGENHARIA DE PRODUÇÃO NA INDÚSTRIA DE ALIMENTOS
11202520426;NA1BCM0504-15SB;NATUREZA DA INFORMAÇÃO
11202522497;NA5BCL0307-15SA;TRANSFORMAÇÕES QUÍMICAS
11202522262;DA2MCTB009-17SA;CÁLCULO NUMÉRICO
11202520603;DA1BIR0004-15SB;BASES EPISTEMOLÓGICAS DA CIÊNCIA MODERNA
11202021549;NANHZ2069-18SB;TEMAS DE FILOSOFIA MODERNA I
11202421923;DA3BCM0505-22SB;PROCESSAMENTO DA INFORMAÇÃO
11202321441;DA1ESTU005-17SA;CLIMATOLOGIA
11202332426;DA1ESHR004-13SB;ECONOMIA POLÍTICA INTERNACIONAL DA ENERGIA
11202111903;DA1ESTU023-17SA;BIOMAS BRASILEIROS
11202130347;NA1NHI5002-15SA;DIDÁTICA
11202230731;NA1ESBM004-23SB;FUNDAMENTOS DE FISIOPATOLOGIA PARA ENGENHARIAS I
11202522272;DA1BCJ0204-15SA;FENÔMENOS MECÂNICOS
11201722164;NA1ESBM007-23SB;FUNDAMENTOS DE SINAIS E SISTEMAS DE TEMPO DISCRETO
11201811359;NA1MCTD022-18SA;ÁLGEBRA NA EDUCAÇÃO BÁSICA
11201811359;DA1ESTU032-17SA;REPRESENTAÇÃO GRÁFICA DE PROJETOS AMBIENTAIS E URBANOS
11201811359;NA1ESTU021-17SA;TRANSPORTES E MOBILIDADE URBANA
11202521018;DB1BHP0001-15SB;ÉTICA E JUSTIÇA
11202111952;NA2BCN0407-15SA;FUNÇÕES DE VÁRIAS VARIÁVEIS
11202521080;NA1MCTB023-17SA;TEORIA ARITMÉTICA DOS NÚMEROS
11202420591;NA1BCJ0205-15SA;FENÔMENOS TÉRMICOS
21078412;DA1ESZI034-17SA;JOGOS DIGITAIS: ASPECTOS TÉCNICOS E APLICAÇÕES
11202130340;NB1NHI5002-15SA;DIDÁTICA
11202130340;NAESTI013-17SA;SISTEMAS MICROPROCESSADOS
11202422164;DA1BCN0404-15SA;GEOMETRIA ANALÍTICA
11201822462;NA1BCK0103-15SB;FÍSICA QUÂNTICA
11202422001;DA1ESTO005-17SB;INTRODUÇÃO ÀS ENGENHARIAS
11202111560;DA1ESTO013-17SA;ENGENHARIA ECONÔMICA
11202021417;DB1BCK0104-15SA;INTERAÇÕES ATÔMICAS E MOLECULARES
11202321602;NA1ESTE029-17SA;ENGENHARIA DE COMBUSTÍVEIS FÓSSEIS
11202421923;DA1BCM0504-15SA;NATUREZA DA INFORMAÇÃO
11202231021;DA1ESHC002-17SB;CONTABILIDADE BÁSICA
11202021107;DA1MCZB015-13SA;INTRODUÇÃO À CRIPTOGRAFIA
11202421427;DA1ESTU021-17SA;TRANSPORTES E MOBILIDADE URBANA
11202321228;NANHZ2069-18SB;TEMAS DE FILOSOFIA MODERNA I
11202321228;NA1ESHP027-14SB;PODER LOCAL
11202320896;NA1NHI5002-15SA;DIDÁTICA
11202320896;DA1ESTO013-17SA;ENGENHARIA ECONÔMICA
11202111801;NA1ESMA001-23SB;SOLUÇÕES PARA DESAFIOS EM ENGENHARIA
11202522258;DB1ESTO005-17SA;INTRODUÇÃO ÀS ENGENHARIAS
11202520298;NA4BCL0307-15SA;TRANSFORMAÇÕES QUÍMICAS
11202320490;NB1MCTB009-17SB;CÁLCULO NUMÉRICO
11201722344;DB1BCK0103-15SA;FÍSICA QUÂNTICA
11201722344;DA2BCS0002-25SA;PROJETO DIRIGIDO
11202111171;NA1BCK0103-15SB;FÍSICA QUÂNTICA
11202111171;DB2BCN0407-15SA;FUNÇÕES DE VÁRIAS VARIÁVEIS
11202111171;DA1ESTG007-17SB;ENGENHARIA LOGÍSTICA
11202111171;NA1BCK0104-15SB;INTERAÇÕES ATÔMICAS E MOLECULARES
11202320850;DA1ESTG007-17SB;ENGENHARIA LOGÍSTICA
11202320850;NA1ESMA002-23SB;INOVAÇÕES PARA ENGENHARIA
11202321045;NA1ESTI004-17SA;PRINCÍPIOS DE COMUNICAÇÃO
11202522267;NB1BCL0306-15SB;BIODIVERSIDADE: INTERAÇÕES ENTRE ORGANISMOS E AMBIENTE
11202230873;NA1NHT1073-15SA;ECOLOGIA VEGETAL
11202231509;DA2NHT1061-15SA;GENÉTICA I
11202231509;DA1NHZ6006-18SA;PROTEÍNAS RECOMBINANTES
11202021135;NA1MCZA018-17SA;PROCESSAMENTO DIGITAL DE IMAGENS
11202522235;DA2BCL0308-15SA;BIOQUÍMICA: ESTRUTURA, PROPRIEDADES E FUNÇÕES DE BIOMOLÉCULAS
11202320887;DA2BIQ0602-15SA;ESTRUTURA E DINÂMICA SOCIAL
11202320887;DB1BCK0103-15SA;FÍSICA QUÂNTICA
11202231709;NA1ESTU021-17SA;TRANSPORTES E MOBILIDADE URBANA
11202322259;DB1BCL0307-15SA;TRANSFORMAÇÕES QUÍMICAS
11201932463;DA1ESHR004-13SB;ECONOMIA POLÍTICA INTERNACIONAL DA ENERGIA
11201932463;DA1ESHR016-21SB;SISTEMA FINANCEIRO INTERNACIONAL
11202321788;DA1MCTA026-13SA;SISTEMAS OPERACIONAIS
11202232010;NA1BCK0104-15SB;INTERAÇÕES ATÔMICAS E MOLECULARES
11202421889;DA1BCK0103-15SA;FÍSICA QUÂNTICA
11202332380;NA1BCJ0204-15SB;FENÔMENOS MECÂNICOS
11202320664;DA1LHT1003-19SB;ESTÁGIO SUPERVISIONADO EM CH III
11201720668;DA1NHZ1094-19SA;ESCRITA E LEITURA NA EDUCAÇÃO EM CIÊNCIAS
11202231961;DA1ESTU040-17SA;PROJETO AMBIENTAL URBANO
11202421861;DA1MCCC009-23SA;LINGUAGENS FORMAIS E AUTÔMATOS
11202522077;DA1ESHC033-21SB;ECONOMIA BRASILEIRA CONTEMPORÂNEA
11202131252;DA2ESTA013-17SA;FUNDAMENTOS DE ROBÓTICA
11202111767;DA1ESHC033-21SB;ECONOMIA BRASILEIRA CONTEMPORÂNEA
11202421931;NA1ESHP027-14SB;PODER LOCAL
11201932463;DA1ESTU015-17SA;SAÚDE AMBIENTAL
11202130081;DA1ESZA020-17SA;ROBÔS MÓVEIS AUTÔNOMOS
11202421127;NA1NHI5002-15SB;DIDÁTICA
11202521692;DA1ESTU012-17SA;POLUIÇÃO ATMOSFÉRICA
11202021312;NC1ESTO013-17SB;ENGENHARIA ECONÔMICA
11202320793;NANHLP003-22SA;PRÁTICAS DE ENSINO DE FÍSICA NO ENSINO FUNDAMENTAL II
11202532611;DA1BIR0603-15SB;CIÊNCIA, TECNOLOGIA E SOCIEDADE
11202230228;NC1ESTO013-17SB;ENGENHARIA ECONÔMICA
11202520875;DA1BCJ0204-15SA;FENÔMENOS MECÂNICOS
11202521250;DA1BIR0603-15SA;CIÊNCIA, TECNOLOGIA E SOCIEDADE
11202130685;NB1BCN0407-15SA;FUNÇÕES DE VÁRIAS VARIÁVEIS
11202420758;NB2BCJ0204-15SA;FENÔMENOS MECÂNICOS
11202420758;NA1BCM0505-22SA;PROCESSAMENTO DA INFORMAÇÃO
11202232128;NA1NHI5002-15SA;DIDÁTICA
11202510086;NC1ESTO013-17SB;ENGENHARIA ECONÔMICA
11202510086;NA2BCN0407-15SB;FUNÇÕES DE VÁRIAS VARIÁVEIS
11202510090;DI1ESHR012-21SB;POLÍTICA INTERNACIONAL DOS EUA
11202510082;DA1NHLB001-23SA;INSTRUMENTAÇÃO PARA O ENSINO DE CIÊNCIAS E BIOLOGIA
11202510082;DA1NHZ1096-19SA;PRÁTICAS DISCURSIVAS DA CIÊNCIA E EDUCAÇÃO EM CIÊNCIAS
11202332369;NA1NHZ1096-19SA;PRÁTICAS DISCURSIVAS DA CIÊNCIA E EDUCAÇÃO EM CIÊNCIAS
11202130614;NB1BCN0407-15SA;FUNÇÕES DE VÁRIAS VARIÁVEIS
11202130614;DB1BCK0104-15SA;INTERAÇÕES ATÔMICAS E MOLECULARES
11202321665;DA1ESTU040-17SA;PROJETO AMBIENTAL URBANO
11202521013;DA1ESMA002-23SA;INOVAÇÕES PARA ENGENHARIA
11202322038;NA1ESTM015-17SA;REOLOGIA
11202130794;DA1ESZG012-17SB;PROJETOS INDUSTRIAIS
11201723111;NA7BCM0505-22SA;PROCESSAMENTO DA INFORMAÇÃO
11201723111;DA1ESTO013-17SA;ENGENHARIA ECONÔMICA
11201723111;DA1MCTC011-15SA;PSICOLOGIA COGNITIVA
11202420253;DA1NHZ1091-19SA;EDUCAÇÃO EM SAÚDE
11202420253;DA1NHT1065-15SA;ZOOLOGIA DE VERTEBRADOS
11202111130;NA2ESHC008-21SB;ECONOMIA BRASILEIRA II
11202521423;DA2ESMA002-23SB;INOVAÇÕES PARA ENGENHARIA
11202521423;DA1ESTO013-17SB;ENGENHARIA ECONÔMICA
11202520398;DA2BCN0402-15SA;FUNÇÕES DE UMA VARIÁVEL
11202020518;NAESTA005-17SA;ANÁLISE DE SISTEMAS DINÂMICOS LINEARES
11202321903;DA1MCTD022-18SA;ÁLGEBRA NA EDUCAÇÃO BÁSICA
11202522265;NA1BHQ0301-15SB;TERRITÓRIO E SOCIEDADE
11202321352;DA1ESZT020-17SB;PRÁTICAS ESPECIAIS DO PLANEJAMENTO TERRITORIAL
11201721368;DA1ESAE002-23SA;DESENHO UNIVERSAL E TECNOLOGIA ASSISTIVA
11201721368;DA1MCTD010-18SA;HISTÓRIA DA MATEMÁTICA
11202020376;NA1NHBT002-23SA;BIOTECNOLOGIA VEGETAL
11202111740;DA1NHLB003-23SA;PRÁTICAS DE ENSINO DE BIOLOGIA E CURRÍCULO
11202310056;NA1LHZ0031-19SB;PRÁTICAS DE ENSINO DE HISTÓRIA: METODOLOGIAS
11201721313;DA1ESZI034-17SA;JOGOS DIGITAIS: ASPECTOS TÉCNICOS E APLICAÇÕES
11202421844;NA1ESHP027-14SB;PODER LOCAL
11202522074;NB1BCN0407-15SA;FUNÇÕES DE VÁRIAS VARIÁVEIS
11201722872;NAESTA005-17SA;ANÁLISE DE SISTEMAS DINÂMICOS LINEARES
11202521397;DA9BCM0505-22SA;PROCESSAMENTO DA INFORMAÇÃO
11202131516;DA1NHBT002-23SA;BIOTECNOLOGIA VEGETAL
11202111306;NA1MCCC004-23SA;ANÁLISE DE ALGORITMOS I
11202230283;DA1ESZA023-17SA;INTRODUÇÃO AO CONTROLE MODERNO
11202020608;NA1ESTA021-17SB;INTRODUÇÃO AO CONTROLE DISCRETO
11202232361;NA1MCTA022-17SA;REDES DE COMPUTADORES
11202232385;NAESZA006-17SA;TEORIA DE CONTROLE ÓTIMO
11202130039;NA1MCTB001-17SA;ÁLGEBRA LINEAR
11202520423;DA1ESZU002-17SA;COMPOSTAGEM
21082816;DA1BHS0002-22SB;DIVERSIDADE DE GÊNERO E FORMAÇÃO DE PROFESSOR
11202320414;NB2BCM0505-22SB;PROCESSAMENTO DA INFORMAÇÃO
11202521158;DB1ESTO005-17SA;INTRODUÇÃO ÀS ENGENHARIAS
11202231389;NA1MCZA004-13SA;AVALIAÇÃO DE DESEMPENHO DE REDES
11202230261;DA1NHT1002-15SB;BIOÉTICA
11202521741;DA1BHP0001-15SB;ÉTICA E JUSTIÇA
11202610003;DA3BCM0505-22SB;PROCESSAMENTO DA INFORMAÇÃO
11202321949;NA1LIE0001-19SA;METODOLOGIAS DE PESQUISA EM EDUCAÇÃO
11201811547;NA1ESTU007-17SA;HABITAÇÃO E ASSENTAMENTOS HUMANOS
11201812114;NA1NHT4033-15SA;PRÁTICAS EM QUÍMICA VERDE
11202610073;DA2BCN0402-15SA;FUNÇÕES DE UMA VARIÁVEL
11202421358;NA2ESHC008-21SB;ECONOMIA BRASILEIRA II
11202320262;DA1ESAE003-23SB;DINÂMICA DE GASES
11202130392;DA1ESMA002-23SB;INOVAÇÕES PARA ENGENHARIA
11202420966;NB1ESTO005-17SA;INTRODUÇÃO ÀS ENGENHARIAS
11202420966;NA2ESMA002-23SA;INOVAÇÕES PARA ENGENHARIA
11202521938;DA1NHT1002-15SB;BIOÉTICA
11202111872;NA9BCJ0205-15SA;FENÔMENOS TÉRMICOS
11201722360;DA1ESHC019-17SB;HISTÓRIA DO PENSAMENTO ECONÔMICO
11202521257;DA3BCL0307-15SA;TRANSFORMAÇÕES QUÍMICAS
11202510029;NA2BCN0407-15SA;FUNÇÕES DE VÁRIAS VARIÁVEIS
11202130577;DA1ESHC026-21SB;MICROECONOMIA II
11202520142;NB4BCM0505-22SA;PROCESSAMENTO DA INFORMAÇÃO
11202230703;NA1NHI5002-15SA;DIDÁTICA
11202420766;NA1ESHT008-17SB;GOVERNANÇA PÚBLICA, DEMOCRACIA E POLÍTICAS NO TERRITÓRIO
11202021063;NB2BCN0402-15SA;FUNÇÕES DE UMA VARIÁVEL
11202522110;DA2BCJ0205-15SB;FENÔMENOS TÉRMICOS
11202232257;NA1ESMA001-23SB;SOLUÇÕES PARA DESAFIOS EM ENGENHARIA
11202321949;NB2BCS0002-25SA;PROJETO DIRIGIDO
11202111047;DA1MCLM002-23SA;ENSINO DE ASTRONOMIA PARA A EDUCAÇÃO BÁSICA
11202432368;DA1BCS0001-25SB;BASE EXPERIMENTAL DAS CIÊNCIAS NATURAIS
11202520955;NA4BCL0307-15SA;TRANSFORMAÇÕES QUÍMICAS
11202420309;NB1BIR0603-15SA;CIÊNCIA, TECNOLOGIA E SOCIEDADE
11202420465;DB2BCM0505-22SB;PROCESSAMENTO DA INFORMAÇÃO
11202420465;DB1MCTB009-17SB;CÁLCULO NUMÉRICO
11202532674;NA1NHBQ017-22SA;TÓPICOS ESPECIAIS EM QUÍMICA ORGÂNICA
11202521240;DB1BCK0103-15SA;FÍSICA QUÂNTICA
11202021500;DA1ESTG005-17SB;ENGENHARIA ECONÔMICA APLICADA A SISTEMAS DE GESTÃO
11202610196;NA1NHZ1094-19SA;ESCRITA E LEITURA NA EDUCAÇÃO EM CIÊNCIAS
11202521868;DA1ESTO005-17SB;INTRODUÇÃO ÀS ENGENHARIAS
11202421329;DB1BCS0004-25SB;PRÁTICAS EXTENSIONISTAS EM LETRAMENTO DIGITAL
11202231908;NA1MCZA018-17SA;PROCESSAMENTO DIGITAL DE IMAGENS
11202522362;NA1MCZA018-17SA;PROCESSAMENTO DIGITAL DE IMAGENS
11202322147;NA1BCM0504-15SB;NATUREZA DA INFORMAÇÃO
11202420586;NA1ESMA001-23SB;SOLUÇÕES PARA DESAFIOS EM ENGENHARIA
11201810174;NA1ESTU021-17SA;TRANSPORTES E MOBILIDADE URBANA
11202520742;NAESZB033-17SB;PROJETO E DESENVOLVIMENTO DE INTERFACES CÉREBRO-MÁQUINA
11202321749;NA1ESTE029-17SA;ENGENHARIA DE COMBUSTÍVEIS FÓSSEIS
11202322193;DA1BHS0002-22SB;DIVERSIDADE DE GÊNERO E FORMAÇÃO DE PROFESSOR
11202322193;NA2LHT1003-19SB;ESTÁGIO SUPERVISIONADO EM CH III
11201920960;NA1ESHP019-22SB;REGIMES E FORMAS DE GOVERNO
11202320594;NA1NHBT005-23SA;PRÁTICAS EXTENSIONISTAS EM BIOTECNOLOGIA
11202230229;DB1BCK0103-15SA;FÍSICA QUÂNTICA
11202230741;NA1ESZR023-21SB;AS CATEGORIAS DE KARL MARX E A ANÁLISE DO CAPITALISMO CONTEMPORÂNEO
11202320420;NA1ESHT002-17SB;CARTOGRAFIA E GEOPROCESSAMENTO PARA O PLANEJAMENTO TERRITORIAL
11202111578;DA1ESTI010-17SA;COMUNICAÇÕES ÓPTICAS
11202321353;NA1ESHT008-17SB;GOVERNANÇA PÚBLICA, DEMOCRACIA E POLÍTICAS NO TERRITÓRIO
11202320879;DA1ESAE006-23SB;AERONAVES DIRIGÍVEIS
11202320879;DA1ESZS012-17SB;APLICAÇÕES DE ELEMENTOS FINITOS PARA ENGENHARIA
11202420496;DA1ESZM002-17SA;NANOCIÊNCIA E NANOTECNOLOGIA
11202321384;NA1LHZ0040-22SB;ENSINO DE HISTÓRIA DA ÁFRICA
11202410085;NA1ESZR026-21SB;DESLOCAMENTO FORÇADO, REFÚGIO E HUMANITARISMO
11202231599;NB1BCL0307-15SB;TRANSFORMAÇÕES QUÍMICAS
11202212408;NA1ESZT018-17SB;TÓPICOS ESPECIAIS EM PLANEJAMENTO TERRITORIAL
11202520789;DB4BCL0307-15SA;TRANSFORMAÇÕES QUÍMICAS
11202021312;NA1ESZG006-17SB;PESQUISA OPERACIONAL APLICADA
11202111055;DA1ESZR003-21SB;AMÉRICA LATINA CONTEMPORÂNEA
11202111055;DA1ESHR016-21SB;SISTEMA FINANCEIRO INTERNACIONAL
11202520706;NA3BCL0307-15SB;TRANSFORMAÇÕES QUÍMICAS
11202520834;NA2BCL0306-15SB;BIODIVERSIDADE: INTERAÇÕES ENTRE ORGANISMOS E AMBIENTE
11202321775;NANHH2007-13SB;ESTÉTICA
11202532658;DB1BCJ0204-15SA;FENÔMENOS MECÂNICOS
11202130186;NA1ESTS016-17SB;AERODINÂMICA I
11202521538;DA1ESZU034-17SA;ECOLOGIA DO AMBIENTE URBANO
11202021557;NA1ESTU039-17SB;REGULAÇÃO AMBIENTAL E URBANÍSTICA
11201722057;NA1BCK0103-15SB;FÍSICA QUÂNTICA
11201722057;NA1ESTA021-17SB;INTRODUÇÃO AO CONTROLE DISCRETO
11202320280;NA1ESTA002-17SA;CIRCUITOS ELÉTRICOS I
11202521922;DA1ESZM027-17SA;MATERIAIS PARA ENERGIA E AMBIENTE
11201921611;DA2ESTO001-17SA;CIRCUITOS ELÉTRICOS E FOTÔNICA
11202232337;DA1BCL0306-15SA;BIODIVERSIDADE: INTERAÇÕES ENTRE ORGANISMOS E AMBIENTE
11202522178;NA1ESTU039-17SB;REGULAÇÃO AMBIENTAL E URBANÍSTICA
11202130201;NA1ESTU012-17SA;POLUIÇÃO ATMOSFÉRICA
11202130347;DA1MCTC011-15SA;PSICOLOGIA COGNITIVA
11202520441;DA1NHBB008-23SA;AÇÕES EXTENSIONISTAS EM ZOOLOGIA
11202521673;DB1BCN0404-15SA;GEOMETRIA ANALÍTICA
11202432306;DA1ESTU005-17SA;CLIMATOLOGIA
11202021765;NA1ESTU039-17SB;REGULAÇÃO AMBIENTAL E URBANÍSTICA
11202231307;NA2ESAE004-23SB;MÉTODOS COMPUTACIONAIS PARA ANÁLISE ESTRUTURAL
11022216;DA1ESZM040-17SA;PROCESSAMENTO E CONFORMAÇÃO DE METAIS I
11202131505;NA2BCN0402-15SA;FUNÇÕES DE UMA VARIÁVEL
11202321170;DA1MCTB021-17SA;PROBABILIDADE
11202131437;DA1BCS0002-25SB;PROJETO DIRIGIDO
11202131437;DB1BCK0104-15SA;INTERAÇÕES ATÔMICAS E MOLECULARES
11202321818;DA1ESTA001-17SA;DISPOSITIVOS ELETRÔNICOS
21073814;DA1ESTA004-17SA;CIRCUITOS ELÉTRICOS II
11202610015;NA1BCN0404-15SA;GEOMETRIA ANALÍTICA
11202522178;NA2BCJ0205-15SA;FENÔMENOS TÉRMICOS
11202230659;NA1NHI5002-15SA;DIDÁTICA
11202321578;NA1ESHC017-17SB;FINANÇAS PÚBLICAS
11202020316;NA1ESTO017-17SA;MÉTODOS EXPERIMENTAIS EM ENGENHARIA
11202130924;DB1BCK0104-15SA;INTERAÇÕES ATÔMICAS E MOLECULARES
11202111134;NA1ESTU012-17SA;POLUIÇÃO ATMOSFÉRICA
11202111134;NA1ESZU036-17SA;SAÚDE, DETERMINANTES SOCIOAMBIENTAIS E EQUIDADE
11202020077;NA4BCL0307-15SA;TRANSFORMAÇÕES QUÍMICAS
11202322240;DB1BIR0603-15SA;CIÊNCIA, TECNOLOGIA E SOCIEDADE
11202521034;DA1BIQ0602-15SB;ESTRUTURA E DINÂMICA SOCIAL
11202421554;NA1BIR0603-15SB;CIÊNCIA, TECNOLOGIA E SOCIEDADE
11202421554;NANHZ2069-18SB;TEMAS DE FILOSOFIA MODERNA I
11202230856;NA1BCK0103-15SB;FÍSICA QUÂNTICA
11202230856;DB1MCTB009-17SB;CÁLCULO NUMÉRICO
11202420248;NA1NHT1062-15SA;EVOLUÇÃO
11202520950;DA2BCN0402-15SA;FUNÇÕES DE UMA VARIÁVEL
11202520950;DA1BCN0404-15SA;GEOMETRIA ANALÍTICA
11202020415;DA1ESZU002-17SA;COMPOSTAGEM
11202020415;DA1ESTU006-17SA;GEOTECNIA
11202130201;NA1ESZM036-17SA;BLENDAS POLIMÉRICAS
11202021048;NA1NHZ1003-15SB;BIOFÍSICA
11202321441;DA1NHZ1091-19SA;EDUCAÇÃO EM SAÚDE
11202522178;NA1ESTU040-17SA;PROJETO AMBIENTAL URBANO
11202021135;NA1NHZ3023-15SA;INTRODUÇÃO À COSMOLOGIA
11202521849;NA1NHT1062-15SA;EVOLUÇÃO
11201921509;NA1ESTU040-17SA;PROJETO AMBIENTAL URBANO
11202320181;NA1ESTU033-17SA;RESÍDUOS SÓLIDOS
11202421178;NB2BCN0404-15SA;GEOMETRIA ANALÍTICA
11202421178;NA2ESTI004-17SA;PRINCÍPIOS DE COMUNICAÇÃO
11202232015;NA1ESTB009-17SB;PRINCÍPIOS DE IMAGENS MÉDICAS
11202522416;NA2BCJ0204-15SB;FENÔMENOS MECÂNICOS
11202420248;NA1NHT4032-15SA;PRÁTICAS DE ENSINO DE QUÍMICA III
11202320302;NA1ESTA002-17SA;CIRCUITOS ELÉTRICOS I
11202021417;NA1MCTD020-18SA;CONSTRUÇÕES GEOMÉTRICAS E GEOMETRIA MÉTRICA
11202111820;DA1ESHT006-17SB;ECONOMIA URBANA
11202130251;NA1ESTU039-17SB;REGULAÇÃO AMBIENTAL E URBANÍSTICA
11202111180;DA1LHZ0031-19SB;PRÁTICAS DE ENSINO DE HISTÓRIA: METODOLOGIAS
11202230410;NA3ESTB019-17SB;BIOESTATÍSTICA
11202232213;NAESZA006-17SA;TEORIA DE CONTROLE ÓTIMO
11202231320;DB1BIR0004-15SA;BASES EPISTEMOLÓGICAS DA CIÊNCIA MODERNA
11202231320;NA1MCTC018-20SB;NEUROPSICOFARMACOLOGIA
11202421404;NB2BCN0404-15SA;GEOMETRIA ANALÍTICA
11202130802;NA1ESTU040-17SA;PROJETO AMBIENTAL URBANO
11202320979;DA1BIQ0602-15SB;ESTRUTURA E DINÂMICA SOCIAL
11202320979;DA1BCM0505-22SB;PROCESSAMENTO DA INFORMAÇÃO
11202021401;NB2BCN0404-15SA;GEOMETRIA ANALÍTICA
11201920214;NA1ESZR026-21SB;DESLOCAMENTO FORÇADO, REFÚGIO E HUMANITARISMO
11201920214;NA1ESTU040-17SA;PROJETO AMBIENTAL URBANO
11202421948;NA1ESHP018-14SB;POLÍTICAS SOCIAIS
11202021401;NA1BCK0103-15SB;FÍSICA QUÂNTICA
11202230908;DB1ESTO005-17SA;INTRODUÇÃO ÀS ENGENHARIAS
11202420161;DA1NHZ1016-15SA;CONSERVAÇÃO DA BIODIVERSIDADE
11202422038;NB1ESTA001-17SA;DISPOSITIVOS ELETRÔNICOS
11202231888;NA1BIR0603-15SB;CIÊNCIA, TECNOLOGIA E SOCIEDADE
11202231888;NA2BCN0407-15SB;FUNÇÕES DE VÁRIAS VARIÁVEIS
11202522555;DA1BCN0404-15SA;GEOMETRIA ANALÍTICA
11202522555;DA5BCM0505-22SA;PROCESSAMENTO DA INFORMAÇÃO
11202510041;NANHH2035-13SB;HISTÓRIA DA FILOSOFIA CONTEMPORÂNEA: O SÉCULO XX
11202231921;NA3ESTB019-17SB;BIOESTATÍSTICA
11202520418;DA1ESZR023-21SB;AS CATEGORIAS DE KARL MARX E A ANÁLISE DO CAPITALISMO CONTEMPORÂNEO
11202111055;DA1ESHR007-21SB;GEOPOLÍTICA
11202231437;DA1BHO1335-15SB;FORMAÇÃO DO SISTEMA INTERNACIONAL
11202231437;DA1BHO0002-19SB;INTRODUÇÃO AO PENSAMENTO ECONÔMICO
11202022172;NA2BCN0407-15SB;FUNÇÕES DE VÁRIAS VARIÁVEIS
11202111155;NA1ESTU010-17SA;MICROBIOLOGIA AMBIENTAL
11202231580;DA1BIR0603-15SB;CIÊNCIA, TECNOLOGIA E SOCIEDADE
11202322146;DA1BCN0404-15SA;GEOMETRIA ANALÍTICA
11202022172;NA1ESEN002-23SA;ENERGIA, MEIO AMBIENTE E SOCIEDADE
11202021614;DA1ESHC035-21SB;ECONOMETRIA I
11202021614;DA1ESHC037-21SB;ECONOMETRIA III
11202131729;NA1ESTO008-17SA;MECÂNICA DOS SÓLIDOS I
11202230425;DA1ESAU012-23SA;AVALIAÇÃO AMBIENTAL ESTRATÉGICA
11202420520;DA1MCTB010-13SA;CÁLCULO VETORIAL E TENSORIAL
11202320302;DA1ESZA020-17SA;ROBÔS MÓVEIS AUTÔNOMOS
11202021401;DA1BCL0308-15SB;BIOQUÍMICA: ESTRUTURA, PROPRIEDADES E FUNÇÕES DE BIOMOLÉCULAS
11202421670;DA1ESHC035-21SB;ECONOMETRIA I
11202321835;NA1ESEN002-23SA;ENERGIA, MEIO AMBIENTE E SOCIEDADE
11202231415;NA1ESTE036-17SA;ECONOMIA DA ENERGIA
11201922402;NA1ESTB019-17SA;BIOESTATÍSTICA
11202021401;DB1ESTO013-17SB;ENGENHARIA ECONÔMICA
11202521924;NA2BCS0002-25SA;PROJETO DIRIGIDO
11201812057;DB1BCK0103-15SA;FÍSICA QUÂNTICA
11202022172;NA1ESZE052-17SA;GERAÇÃO DISTRIBUÍDA
11202230816;DA2MCCC001-23SA;ALGORITMOS E ESTRUTURAS DE DADOS I
11201921731;DA1BCK0103-15SA;FÍSICA QUÂNTICA
11202021048;NA1ESMA001-23SB;SOLUÇÕES PARA DESAFIOS EM ENGENHARIA
11069815;NA1NHT1058-15SA;MORFOFISIOLOGIA HUMANA I
11202421891;NA1ESHT002-17SB;CARTOGRAFIA E GEOPROCESSAMENTO PARA O PLANEJAMENTO TERRITORIAL
11202421891;NA1ESHP027-14SB;PODER LOCAL
11202421891;NA1ESZR023-21SB;AS CATEGORIAS DE KARL MARX E A ANÁLISE DO CAPITALISMO CONTEMPORÂNEO
11202131324;DA1ESHR012-21SB;POLÍTICA INTERNACIONAL DOS EUA
11202410050;DA1BHO0101-15SB;ESTADO E RELAÇÕES DE PODER
11202231624;DA1ESHR014-21SB;RELAÇÕES INTERNACIONAIS CONTEMPORÂNEAS
11202020919;DA1ESAE004-23SB;MÉTODOS COMPUTACIONAIS PARA ANÁLISE ESTRUTURAL
11202020616;DA1ESHC019-17SB;HISTÓRIA DO PENSAMENTO ECONÔMICO
11202422095;DB2BCN0407-15SA;FUNÇÕES DE VÁRIAS VARIÁVEIS
11202021806;NA1ESHP005-13SB;CONFLITOS SOCIAIS
11202321665;NB1ESTO005-17SA;INTRODUÇÃO ÀS ENGENHARIAS
11202231969;NA1ESHT014-22SB;OFICINA DE PLANEJAMENTO DE ÁREAS PERIURBANAS, INTERIORANAS E RURAIS
11202210088;DANHH2033-18SB;HISTÓRIA DA FILOSOFIA ANTIGA CLÁSSICA
11202210088;NA1ESHT024-17SB;USO DO SOLO URBANO
11202320755;NA1ESHP027-14SB;PODER LOCAL
11202021117;DB1BCK0104-15SA;INTERAÇÕES ATÔMICAS E MOLECULARES
11201721054;NA1BHO1335-15SB;FORMAÇÃO DO SISTEMA INTERNACIONAL
11202231205;NA3BCJ0205-15SA;FENÔMENOS TÉRMICOS
11202522319;DA1BCS0003-25SA;PRÁTICAS EXTENSIONISTAS EM GÊNERO, DIVERSIDADE E RAÇA
11202131324;DANHH2033-18SB;HISTÓRIA DA FILOSOFIA ANTIGA CLÁSSICA
11202421707;DA1ESTU015-17SA;SAÚDE AMBIENTAL
11202321022;DA1MCCC009-23SA;LINGUAGENS FORMAIS E AUTÔMATOS
11202520941;DB4BCL0307-15SA;TRANSFORMAÇÕES QUÍMICAS
11202420416;NA1ESTU019-17SA;TEORIA DO PLANEJAMENTO URBANO E AMBIENTAL
11202432401;NC1ESTO013-17SB;ENGENHARIA ECONÔMICA
11202432401;NA1ESHC017-17SB;FINANÇAS PÚBLICAS
11202420379;DA1NHZ4081-20SB;PAULO FREIRE: EDUCAÇÃO PARA A CRITICIDADE
11202130838;DA1ESHC019-17SB;HISTÓRIA DO PENSAMENTO ECONÔMICO
11202310079;NA1BCN0402-15SA;FUNÇÕES DE UMA VARIÁVEL
11202521222;DA1ESTU023-17SA;BIOMAS BRASILEIROS
11202320171;DA1ESHC019-17SB;HISTÓRIA DO PENSAMENTO ECONÔMICO
11202320341;DA1BHO0101-15SB;ESTADO E RELAÇÕES DE PODER
11202521350;DA1BIR0603-15SA;CIÊNCIA, TECNOLOGIA E SOCIEDADE
11202522343;NC1ESTO013-17SB;ENGENHARIA ECONÔMICA
11202532594;NB5BCL0307-15SA;TRANSFORMAÇÕES QUÍMICAS
11202420652;NA1ESHP032-22SB;PODER LEGISLATIVO E PROCESSO DECISÓRIO
11202231418;NA1ESZR023-21SB;AS CATEGORIAS DE KARL MARX E A ANÁLISE DO CAPITALISMO CONTEMPORÂNEO
11202432365;NB1BIR0603-15SA;CIÊNCIA, TECNOLOGIA E SOCIEDADE
11202510102;DA1BCM0504-15SA;NATUREZA DA INFORMAÇÃO
11202020986;NA1NHZ1016-15SA;CONSERVAÇÃO DA BIODIVERSIDADE
11202421445;DA1ESHR026-14SB;HISTÓRIA DO TERCEIRO MUNDO
11201810674;DA1MCTB023-17SA;TEORIA ARITMÉTICA DOS NÚMEROS
11202231006;DA3BCN0407-15SA;FUNÇÕES DE VÁRIAS VARIÁVEIS
11202231231;NANHH2086-16SB;HISTÓRIA DA FILOSOFIA MEDIEVAL: DO SÉCULO IV AO X
11202410030;NA1BCS0001-25SA;BASE EXPERIMENTAL DAS CIÊNCIAS NATURAIS
11202610183;NA1MCTC018-20SB;NEUROPSICOFARMACOLOGIA
11202521154;NA1BHS0002-22SB;DIVERSIDADE DE GÊNERO E FORMAÇÃO DE PROFESSOR
11202521154;NA1BIQ0602-15SB;ESTRUTURA E DINÂMICA SOCIAL
11202231019;DB1NHT1053-15SB;BIOLOGIA CELULAR
11202520190;DA1BCM0504-15SA;NATUREZA DA INFORMAÇÃO
11202410093;NA1ESTU021-17SA;TRANSPORTES E MOBILIDADE URBANA
11202520393;DA7BCJ0205-15SA;FENÔMENOS TÉRMICOS
11202321525;NA1ESEN002-23SA;ENERGIA, MEIO AMBIENTE E SOCIEDADE
11202230978;DA1ESTG016-17SB;QUALIDADE EM SISTEMAS
11202521609;DA2BIQ0602-15SA;ESTRUTURA E DINÂMICA SOCIAL
11202020709;DA1ESZR027-21SB;DIÁSPORAS AFRICANAS E AS RELAÇÕES INTERNACIONAIS
11202020868;NA1ESHP027-14SB;PODER LOCAL
11202020868;NANHZ2069-18SB;TEMAS DE FILOSOFIA MODERNA I
11201921941;NA2BCN0404-15SA;GEOMETRIA ANALÍTICA
11201811320;NAESTA017-17SA;LABORATÓRIO DE MÁQUINAS ELÉTRICAS
11201922010;NA1ESZR023-21SB;AS CATEGORIAS DE KARL MARX E A ANÁLISE DO CAPITALISMO CONTEMPORÂNEO
11202231364;DA1ESHR903-18SB;METODOLOGIA DE PESQUISA EM RELAÇÕES INTERNACIONAIS (TCC 1)
11202520420;NB7BCJ0205-15SA;FENÔMENOS TÉRMICOS
11202421333;NA1MCTB001-17SA;ÁLGEBRA LINEAR
11201920632;DA1ESTG010-17SB;INOVAÇÃO TECNOLÓGICA
11202532578;DA1BCS0001-25SA;BASE EXPERIMENTAL DAS CIÊNCIAS NATURAIS
11202231418;NANHH2086-16SB;HISTÓRIA DA FILOSOFIA MEDIEVAL: DO SÉCULO IV AO X
11202230415;NA1ESHT024-17SB;USO DO SOLO URBANO
11202321744;NA1LHZ0040-22SB;ENSINO DE HISTÓRIA DA ÁFRICA
11202321815;NC1ESTO013-17SB;ENGENHARIA ECONÔMICA
11202322055;DA2ESTO006-17SA;MATERIAIS E SUAS PROPRIEDADES
11202422034;NA4BCN0402-15SA;FUNÇÕES DE UMA VARIÁVEL
11202231231;NA2MCTC023-15SB;NEUROANATOMIA
11068415;DA1ESTU021-17SA;TRANSPORTES E MOBILIDADE URBANA
11068415;DA1ESZU020-17SA;TRANSPORTES, USO E OCUPAÇÃO DO SOLO
11201812027;NB1BCN0407-15SA;FUNÇÕES DE VÁRIAS VARIÁVEIS
11201812027;NB6BCM0505-22SA;PROCESSAMENTO DA INFORMAÇÃO
11202111869;NA1ESBM004-23SB;FUNDAMENTOS DE FISIOPATOLOGIA PARA ENGENHARIAS I
11202522093;DA8BCJ0205-15SA;FENÔMENOS TÉRMICOS
11202410082;DA1ESTO013-17SA;ENGENHARIA ECONÔMICA
11202421619;NA1ESZR003-21SB;AMÉRICA LATINA CONTEMPORÂNEA
11202332401;DA1ESTB015-17SB;PRINCÍPIOS DE ÉTICA EM SERVIÇOS DE SAÚDE
11202332401;DA2ESMA001-23SB;SOLUÇÕES PARA DESAFIOS EM ENGENHARIA
11201920667;NAMCNC001-23SB;BIOFÍSICA DE MEMBRANAS
11019316;NA2ESTA001-17SA;DISPOSITIVOS ELETRÔNICOS
11201811332;NB2BCS0002-25SA;PROJETO DIRIGIDO
11202130232;DA1ESTG007-17SB;ENGENHARIA LOGÍSTICA
11202421252;NA1ESHP028-22SB;POLÍTICAS DIGITAIS, DADOS E GESTÃO ALGORÍTMICA
11202420477;NA1BCS0001-25SA;BASE EXPERIMENTAL DAS CIÊNCIAS NATURAIS
11202232262;NA1ESTE036-17SA;ECONOMIA DA ENERGIA
11202321022;DA2BCS0002-25SA;PROJETO DIRIGIDO
11202521573;DA1ESTO011-17SB;FUNDAMENTOS DE DESENHO TÉCNICO
11202521573;DA1MCZC021-20SB;NEUROPSICOLOGIA
11202420593;DA1ESTU023-17SA;BIOMAS BRASILEIROS
11202420378;NA1MCTD016-18SA;PRÁTICAS DE ENSINO DE MATEMÁTICA I
11202131219;NA1NHZ1094-19SA;ESCRITA E LEITURA NA EDUCAÇÃO EM CIÊNCIAS
11202321526;DA1ESZS004-17SB;AVIÔNICA
11202521063;NA3ESTB019-17SB;BIOESTATÍSTICA
11202231851;DA1ESHR007-21SB;GEOPOLÍTICA
11202021325;NA1NHZ3023-15SA;INTRODUÇÃO À COSMOLOGIA
11202021900;NANHH2073-18SB;TEORIA DO CONHECIMENTO: EMPIRISMO E RACIONALISMO
11201920150;NB1ESTA004-17SA;CIRCUITOS ELÉTRICOS II
11201920150;NAESTA017-17SA;LABORATÓRIO DE MÁQUINAS ELÉTRICAS
11201920150;NA1ESTA016-17SA;MÁQUINAS ELÉTRICAS
11201920150;NA1ESZA023-17SA;INTRODUÇÃO AO CONTROLE MODERNO
11202322090;DA2MCTB009-17SA;CÁLCULO NUMÉRICO
11202421999;NA1NHT1062-15SA;EVOLUÇÃO
11202421999;NA1NHT1067-15SA;EVOLUÇÃO E DIVERSIDADE DE PLANTAS I
11202521438;NA1ESHT002-17SB;CARTOGRAFIA E GEOPROCESSAMENTO PARA O PLANEJAMENTO TERRITORIAL
11202521438;NA1ESHR012-21SB;POLÍTICA INTERNACIONAL DOS EUA
11202130152;DA2ESMA001-23SB;SOLUÇÕES PARA DESAFIOS EM ENGENHARIA
11202130152;DA1ESZA007-17SB;CONFIABILIDADE DE COMPONENTES E SISTEMAS
11202520812;DA1BCM0505-22SA;PROCESSAMENTO DA INFORMAÇÃO
11201811775;DA1NHZ1091-19SA;EDUCAÇÃO EM SAÚDE
11201811680;DA1MCCC013-23SA;OTIMIZAÇÃO LINEAR
11202532582;NA1BIR0603-15SB;CIÊNCIA, TECNOLOGIA E SOCIEDADE
11202532582;NA1BCM0504-15SB;NATUREZA DA INFORMAÇÃO
11202522512;NA3ESTB019-17SB;BIOESTATÍSTICA
11202421593;DA1ESHT025-17SB;DESENVOLVIMENTO ECONÔMICO E SOCIAL NO BRASIL
11202522086;DA7BCJ0205-15SA;FENÔMENOS TÉRMICOS
11202522086;DA4BCM0505-22SA;PROCESSAMENTO DA INFORMAÇÃO
11201932494;DA1ESZG011-17SB;PLANEJAMENTO ESTRATÉGICO EM GESTÃO DE PROJETOS
11202421159;NA1BCJ0204-15SB;FENÔMENOS MECÂNICOS
11202321996;DI1ESHR012-21SB;POLÍTICA INTERNACIONAL DOS EUA
11202230215;ND2BCL0307-15SA;TRANSFORMAÇÕES QUÍMICAS
11202020041;DA2BCL0308-15SA;BIOQUÍMICA: ESTRUTURA, PROPRIEDADES E FUNÇÕES DE BIOMOLÉCULAS
11202232127;DA1ESZA023-17SA;INTRODUÇÃO AO CONTROLE MODERNO
11202320845;NA1ESTU039-17SB;REGULAÇÃO AMBIENTAL E URBANÍSTICA
21086115;DA1ESHP032-22SB;PODER LEGISLATIVO E PROCESSO DECISÓRIO
21086115;DA1ESHP027-14SB;PODER LOCAL
11202420388;NA1ESHP012-22SB;DIREITO ADMINISTRATIVO
11202522042;DA2MCTB009-17SA;CÁLCULO NUMÉRICO
11202520441;DA1NHZ1092-19SA;EDUCAÇÃO EM SEXUALIDADE
11202131699;NA1NHZ1027-15SA;FARMACOLOGIA
11202131699;NA1NHZ4069-15SA;QUÍMICA DE ALIMENTOS
11202322104;NA1ESTU039-17SB;REGULAÇÃO AMBIENTAL E URBANÍSTICA
11202332433;NA1ESEN002-23SA;ENERGIA, MEIO AMBIENTE E SOCIEDADE
11202131699;NA1NHBQ008-22SA;FUNDAMENTOS DE REAÇÕES ORGÂNICAS
11202532638;NANHH2035-13SB;HISTÓRIA DA FILOSOFIA CONTEMPORÂNEA: O SÉCULO XX
11201721907;NA1NHT4058-15SA;QUÍMICA ANALÍTICA E BIOANALÍTICA AVANÇADA
11201721907;NA1NHBQ017-22SA;TÓPICOS ESPECIAIS EM QUÍMICA ORGÂNICA
11202520427;DB2BCJ0204-15SA;FENÔMENOS MECÂNICOS
11202520427;DA1ESAE002-23SA;DESENHO UNIVERSAL E TECNOLOGIA ASSISTIVA
11202520427;DA1NHI5002-15SA;DIDÁTICA
11202520427;DA1ESZI034-17SA;JOGOS DIGITAIS: ASPECTOS TÉCNICOS E APLICAÇÕES
11202420619;DA1ESTO005-17SB;INTRODUÇÃO ÀS ENGENHARIAS
11202232284;DA1NHLB005-23SA;PRÁTICAS DE ENSINO DE CIÊNCIAS NO ENSINO FUNDAMENTAL
11201723111;DA1ESMA002-23SA;INOVAÇÕES PARA ENGENHARIA
11202522086;DB1MCTB001-17SA;ÁLGEBRA LINEAR
11201920998;NA1ESHP027-14SB;PODER LOCAL
11201723111;DA1ESZU034-17SA;ECOLOGIA DO AMBIENTE URBANO
11202231034;DA1MCZC021-20SB;NEUROPSICOLOGIA
11202421264;DB1BCS0004-25SB;PRÁTICAS EXTENSIONISTAS EM LETRAMENTO DIGITAL
11202421264;DANHZ2067-18SB;TEMAS DE FILOSOFIA CONTEMPORÂNEA I
11202521558;DA1ESTO005-17SB;INTRODUÇÃO ÀS ENGENHARIAS
11202420519;DA1BCS0001-25SA;BASE EXPERIMENTAL DAS CIÊNCIAS NATURAIS
21020016;NAMCNC002-23SB;NEUROCIÊNCIA TEÓRICA E COMPUTACIONAL
11202322104;NA1ESEN002-23SA;ENERGIA, MEIO AMBIENTE E SOCIEDADE
11202421287;NA1ESTU039-17SB;REGULAÇÃO AMBIENTAL E URBANÍSTICA
11202422002;DA1ESHP018-14SB;POLÍTICAS SOCIAIS
11202320531;DA1BCS0002-25SB;PROJETO DIRIGIDO
11202520783;NA2BCS0001-25SA;BASE EXPERIMENTAL DAS CIÊNCIAS NATURAIS
11202230963;NA1MCTB001-17SB;ÁLGEBRA LINEAR
11202421279;DA1NHZ1031-15SA;HISTÓRIA DAS IDEIAS BIOLÓGICAS
11201932519;NA3BCL0308-15SA;BIOQUÍMICA: ESTRUTURA, PROPRIEDADES E FUNÇÕES DE BIOMOLÉCULAS
11201932519;NA1LIE0001-19SA;METODOLOGIAS DE PESQUISA EM EDUCAÇÃO
11201932519;NB1NHZ1094-19SA;ESCRITA E LEITURA NA EDUCAÇÃO EM CIÊNCIAS
11202322093;NA1NHT1002-15SB;BIOÉTICA
11202020461;NA1BHP0202-15SB;PENSAMENTO CRÍTICO
11202510060;NA1BCN0404-15SA;GEOMETRIA ANALÍTICA
11202021832;DA2MCTA006-17SA;CIRCUITOS DIGITAIS
11202021832;DA2MCCC001-23SA;ALGORITMOS E ESTRUTURAS DE DADOS I
11202021048;NA1MCTB001-17SB;ÁLGEBRA LINEAR
11202230821;NA1ESHR004-13SB;ECONOMIA POLÍTICA INTERNACIONAL DA ENERGIA
11202130486;NA2ESTA001-17SA;DISPOSITIVOS ELETRÔNICOS
11202230763;NA1BCS0002-25SA;PROJETO DIRIGIDO
11202022241;NA1MCTA006-17SA;CIRCUITOS DIGITAIS
11202230887;NA1NHZ1092-19SA;EDUCAÇÃO EM SEXUALIDADE
11202321806;DA1ESHC019-17SB;HISTÓRIA DO PENSAMENTO ECONÔMICO
11202231368;DA1BIR0603-15SA;CIÊNCIA, TECNOLOGIA E SOCIEDADE
11202231368;DA1ESTO011-17SA;FUNDAMENTOS DE DESENHO TÉCNICO
11202421406;DA2BCJ0204-15SB;FENÔMENOS MECÂNICOS
11202610076;NA1BHQ0301-15SB;TERRITÓRIO E SOCIEDADE
11202230905;NA1ESTU005-17SA;CLIMATOLOGIA
11202020691;NA1ESTO013-17SB;ENGENHARIA ECONÔMICA
11202111827;NA1MCZC010-15SB;ATENÇÃO E ESTADOS DE CONSCIÊNCIA
11202231909;NA1ESZR027-21SB;DIÁSPORAS AFRICANAS E AS RELAÇÕES INTERNACIONAIS
11202231908;DA1MCCC001-23SA;ALGORITMOS E ESTRUTURAS DE DADOS I
11202321219;DA1ESTG009-17SB;GESTÃO DE OPERAÇÕES
11202321665;NA1ESEN002-23SA;ENERGIA, MEIO AMBIENTE E SOCIEDADE
11202421328;DA1ESHC040-21SB;RELAÇÕES MONETÁRIAS E FINANCEIRAS INTERNACIONAIS
11202420438;DA1ESTO012-17SA;PRINCÍPIOS DE ADMINISTRAÇÃO
11202421048;DB1BCS0002-25SA;PROJETO DIRIGIDO
11202230887;NANHZ2069-18SB;TEMAS DE FILOSOFIA MODERNA I
11202310090;DANHH2086-16SB;HISTÓRIA DA FILOSOFIA MEDIEVAL: DO SÉCULO IV AO X
11202420438;NA1MCZB015-13SA;INTRODUÇÃO À CRIPTOGRAFIA
11202421687;DA1BCS0003-25SA;PRÁTICAS EXTENSIONISTAS EM GÊNERO, DIVERSIDADE E RAÇA
11202421687;DA1MCCC009-23SA;LINGUAGENS FORMAIS E AUTÔMATOS
11202321466;DA1LIE0001-19SA;METODOLOGIAS DE PESQUISA EM EDUCAÇÃO
11201810222;NA3BCN0407-15SA;FUNÇÕES DE VÁRIAS VARIÁVEIS
11202421622;NA1BCN0407-15SB;FUNÇÕES DE VÁRIAS VARIÁVEIS
11201920471;NA2BCN0407-15SA;FUNÇÕES DE VÁRIAS VARIÁVEIS
11202230415;NA2ESHC008-21SB;ECONOMIA BRASILEIRA II
11202210022;DA1NHZ1091-19SA;EDUCAÇÃO EM SAÚDE
11202020507;DA1MCTD022-18SA;ÁLGEBRA NA EDUCAÇÃO BÁSICA
11202510085;DB2BCS0004-25SA;PRÁTICAS EXTENSIONISTAS EM LETRAMENTO DIGITAL
11202320978;NA2BCS0002-25SA;PROJETO DIRIGIDO
11202420749;NA1MCZC010-15SB;ATENÇÃO E ESTADOS DE CONSCIÊNCIA
11202421338;DA1MCZB015-13SA;INTRODUÇÃO À CRIPTOGRAFIA
11202232135;DA1ESTU015-17SA;SAÚDE AMBIENTAL
11201720134;NA1ESTU019-17SA;TEORIA DO PLANEJAMENTO URBANO E AMBIENTAL
11202320845;NA1ESHT026-21SB;BIODIVERSIDADE, GEODIVERSIDADE E PAISAGEM
11202310052;NA1MCZA004-13SA;AVALIAÇÃO DE DESEMPENHO DE REDES
11202130221;DA1ESHR026-14SB;HISTÓRIA DO TERCEIRO MUNDO
11202510062;NA1ESZE045-17SA;RESÍDUOS NUCLEARES
11202230742;NA1ESZM024-17SA;ENGENHARIA DE METAIS
11201720398;NA1NHT4032-15SA;PRÁTICAS DE ENSINO DE QUÍMICA III
11202320563;NA1NHZ1094-19SA;ESCRITA E LEITURA NA EDUCAÇÃO EM CIÊNCIAS
11202131034;NA1NHI5002-15SA;DIDÁTICA
11107113;NA1MCCC004-23SA;ANÁLISE DE ALGORITMOS I
11202021589;DA1ESZP037-22SB;POLÍTICAS DE SEGURANÇA PÚBLICA E VIOLÊNCIA
11202130436;NB2BCN0402-15SA;FUNÇÕES DE UMA VARIÁVEL
11201811849;NB1BCN0407-15SA;FUNÇÕES DE VÁRIAS VARIÁVEIS
11202332410;DB1BIS0003-15SB;BASES MATEMÁTICAS
11202332410;DA1BIR0603-15SB;CIÊNCIA, TECNOLOGIA E SOCIEDADE
11202421247;DB1MCTB009-17SB;CÁLCULO NUMÉRICO
11202230277;NA1ESTU019-17SA;TEORIA DO PLANEJAMENTO URBANO E AMBIENTAL
11202420749;NA1ESZU036-17SA;SAÚDE, DETERMINANTES SOCIOAMBIENTAIS E EQUIDADE
11202520475;DA1NHT1073-15SA;ECOLOGIA VEGETAL
11202231542;NA1MCCC013-23SA;OTIMIZAÇÃO LINEAR
11202421590;NA1ESEN002-23SA;ENERGIA, MEIO AMBIENTE E SOCIEDADE
11202521559;NA1NHI5002-15SA;DIDÁTICA
11202421973;NA1ESZE052-17SA;GERAÇÃO DISTRIBUÍDA
11202321749;NB1MCTA022-17SA;REDES DE COMPUTADORES
11202522356;ND2BCL0307-15SA;TRANSFORMAÇÕES QUÍMICAS
11202420152;NA1ESHC017-17SB;FINANÇAS PÚBLICAS
11202421555;DA1MCTD010-18SA;HISTÓRIA DA MATEMÁTICA
11202231655;NA1ESTE029-17SA;ENGENHARIA DE COMBUSTÍVEIS FÓSSEIS
11202321570;NA1MCTB001-17SA;ÁLGEBRA LINEAR
11202321570;NA1MCCC004-23SA;ANÁLISE DE ALGORITMOS I
11201921967;DA1ESZG011-17SB;PLANEJAMENTO ESTRATÉGICO EM GESTÃO DE PROJETOS
11202310009;DA1NHZ4081-20SB;PAULO FREIRE: EDUCAÇÃO PARA A CRITICIDADE
11202231096;NA1ESTU021-17SA;TRANSPORTES E MOBILIDADE URBANA
11202421673;NA1ESHC017-17SB;FINANÇAS PÚBLICAS
11202231604;NA1NHLB005-23SA;PRÁTICAS DE ENSINO DE CIÊNCIAS NO ENSINO FUNDAMENTAL
11202130457;NA1NHI5002-15SA;DIDÁTICA
11202521257;DA10BCJ0205-15SA;FENÔMENOS TÉRMICOS
11202321980;NA1ESHR012-21SB;POLÍTICA INTERNACIONAL DOS EUA
11202432351;DA1ESTU023-17SA;BIOMAS BRASILEIROS
11202432351;DA1ESZU034-17SA;ECOLOGIA DO AMBIENTE URBANO
11202432351;DA1ESTU021-17SA;TRANSPORTES E MOBILIDADE URBANA
11202332384;DA1ESTO001-17SA;CIRCUITOS ELÉTRICOS E FOTÔNICA
11202421350;DA1ESTU021-17SA;TRANSPORTES E MOBILIDADE URBANA
11202321173;DA1ESAE006-23SB;AERONAVES DIRIGÍVEIS
11202420181;DA2MCTA023-17SA;SEGURANÇA DE DADOS
11202420496;DA2BIQ0602-15SA;ESTRUTURA E DINÂMICA SOCIAL
11202130423;DA1ESTG021-17SB;SISTEMAS CAD/CAE
11202131496;NA1MCZB015-13SA;INTRODUÇÃO À CRIPTOGRAFIA
11202111992;NA1ESZB021-17SB;INTRODUÇÃO À ENGENHARIA BIOMÉDICA
11202232349;NA1ESZR024-21SB;CAPITALISMO, IMPERIALISMO E DEPENDÊNCIA
11201932455;NA1ESHC030-17SB;DESIGUALDADES DE RAÇA, GÊNERO E RENDA
11202420895;NA1ESHC017-17SB;FINANÇAS PÚBLICAS
11202521778;NA1MCZB015-13SA;INTRODUÇÃO À CRIPTOGRAFIA
11202520695;DC4BCL0307-15SA;TRANSFORMAÇÕES QUÍMICAS
11202231953;DA1BHS0005-19SB;PRÁTICAS EM CIÊNCIAS E HUMANIDADES
11202131219;NA1NHZ4062-15SA;MEIO AMBIENTE E INDÚSTRIA
11202521885;NA3BCN0402-15SA;FUNÇÕES DE UMA VARIÁVEL
11202521222;DA1ESTO005-17SA;INTRODUÇÃO ÀS ENGENHARIAS
11202231823;NA1BCN0402-15SA;FUNÇÕES DE UMA VARIÁVEL
11202421275;NB3BCN0407-15SA;FUNÇÕES DE VÁRIAS VARIÁVEIS
11202421275;DB1BCS0002-25SA;PROJETO DIRIGIDO
11202421352;NA1ESTS002-17SB;AERONÁUTICA I-A
11202421284;NA1ESZU002-17SA;COMPOSTAGEM
11202421445;NA1ESZR027-21SB;DIÁSPORAS AFRICANAS E AS RELAÇÕES INTERNACIONAIS
11202522071;DA1ESHC002-17SB;CONTABILIDADE BÁSICA
11202321699;NA2BCJ0205-15SA;FENÔMENOS TÉRMICOS
11202321699;NA1BCN0407-15SA;FUNÇÕES DE VÁRIAS VARIÁVEIS
11202321327;DA1ESHT026-21SB;BIODIVERSIDADE, GEODIVERSIDADE E PAISAGEM
11202521146;NA1NHT1062-15SA;EVOLUÇÃO
11202521349;NB2BCN0402-15SA;FUNÇÕES DE UMA VARIÁVEL
11202231423;NA1ESHT026-21SB;BIODIVERSIDADE, GEODIVERSIDADE E PAISAGEM
11202432346;DA1ESTU023-17SA;BIOMAS BRASILEIROS
11202332392;NA4BCN0402-15SA;FUNÇÕES DE UMA VARIÁVEL
11202521492;DA1NHI5002-15SA;DIDÁTICA
11202420646;NA1ESTE031-17SA;ENGENHARIA DE RECURSOS HÍDRICOS
11202310009;DB1NHT1053-15SB;BIOLOGIA CELULAR
11202520836;DB1BCN0404-15SA;GEOMETRIA ANALÍTICA
11202421842;NA1ESHP012-22SB;DIREITO ADMINISTRATIVO
11202321368;NANHH2035-13SB;HISTÓRIA DA FILOSOFIA CONTEMPORÂNEA: O SÉCULO XX
11202321368;NANHZ2129-18SB;ESTRUTURALISMO E PÓS-ESTRUTURALISMO
11202322058;NA1MCTB001-17SA;ÁLGEBRA LINEAR
11202521702;NB2BCL0307-15SB;TRANSFORMAÇÕES QUÍMICAS
11202322273;NA1NHZ3023-15SA;INTRODUÇÃO À COSMOLOGIA
11202020616;NA1ESHR012-21SB;POLÍTICA INTERNACIONAL DOS EUA
11202130798;NA2ESHC008-21SB;ECONOMIA BRASILEIRA II
11202521702;DA1BIQ0602-15SB;ESTRUTURA E DINÂMICA SOCIAL
11202111627;NANHH2035-13SB;HISTÓRIA DA FILOSOFIA CONTEMPORÂNEA: O SÉCULO XX
11202111627;NA1LHZ0031-19SB;PRÁTICAS DE ENSINO DE HISTÓRIA: METODOLOGIAS
11202421707;DA1MCTD010-18SA;HISTÓRIA DA MATEMÁTICA
11202232185;NA1ESTE036-17SA;ECONOMIA DA ENERGIA
11202320842;NA1ESZP037-22SB;POLÍTICAS DE SEGURANÇA PÚBLICA E VIOLÊNCIA
11202320457;NA1ESEN002-23SA;ENERGIA, MEIO AMBIENTE E SOCIEDADE
11202410079;NA1ESZR026-21SB;DESLOCAMENTO FORÇADO, REFÚGIO E HUMANITARISMO
11202410079;NA1ESHP019-22SB;REGIMES E FORMAS DE GOVERNO
11202321243;NAESZB033-17SB;PROJETO E DESENVOLVIMENTO DE INTERFACES CÉREBRO-MÁQUINA
11202420218;NA1ESTO014-17SA;TERMODINÂMICA APLICADA I
11202230837;NA1ESTE036-17SA;ECONOMIA DA ENERGIA
11202421433;DA1ESTM004-17SA;CIÊNCIA DOS MATERIAIS
11202421433;DB1ESTA004-17SA;CIRCUITOS ELÉTRICOS II
11202321778;DA1MCTB001-17SB;ÁLGEBRA LINEAR
11202520671;NANHH2007-13SB;ESTÉTICA
11202522143;DA1BCN0404-15SA;GEOMETRIA ANALÍTICA
11202520988;DA1ESTO005-17SB;INTRODUÇÃO ÀS ENGENHARIAS
11202112008;NA2BCM0504-15SA;NATUREZA DA INFORMAÇÃO
11202520873;NB1BCL0306-15SB;BIODIVERSIDADE: INTERAÇÕES ENTRE ORGANISMOS E AMBIENTE
11202520873;NA1BIR0603-15SB;CIÊNCIA, TECNOLOGIA E SOCIEDADE
11202520873;NA2BCN0407-15SB;FUNÇÕES DE VÁRIAS VARIÁVEIS
11202520873;NA3ESTB019-17SB;BIOESTATÍSTICA
11202421698;DA1ESHR016-21SB;SISTEMA FINANCEIRO INTERNACIONAL
11202420784;DA1ESZR023-21SB;AS CATEGORIAS DE KARL MARX E A ANÁLISE DO CAPITALISMO CONTEMPORÂNEO
11065716;NAMCNC002-23SB;NEUROCIÊNCIA TEÓRICA E COMPUTACIONAL
11202320493;DA1ESMA001-23SB;SOLUÇÕES PARA DESAFIOS EM ENGENHARIA
11202021112;NB2MCTB001-17SA;ÁLGEBRA LINEAR
11202521627;DA1ESZU034-17SA;ECOLOGIA DO AMBIENTE URBANO
11202421624;NB2BCN0404-15SA;GEOMETRIA ANALÍTICA
11202421624;NB2MCTB001-17SA;ÁLGEBRA LINEAR
11202232028;NA1ESHT002-17SB;CARTOGRAFIA E GEOPROCESSAMENTO PARA O PLANEJAMENTO TERRITORIAL
11202232028;NANHH2007-13SB;ESTÉTICA
11202130798;NA1ESZP037-22SB;POLÍTICAS DE SEGURANÇA PÚBLICA E VIOLÊNCIA
11202230226;NA2ESAE004-23SB;MÉTODOS COMPUTACIONAIS PARA ANÁLISE ESTRUTURAL
11202420852;NA1BIR0603-15SB;CIÊNCIA, TECNOLOGIA E SOCIEDADE
11201722493;NB1ESTU010-17SA;MICROBIOLOGIA AMBIENTAL
11201722493;NA1ESTU040-17SA;PROJETO AMBIENTAL URBANO
11202321363;NA1ESZA007-17SA;CONFIABILIDADE DE COMPONENTES E SISTEMAS
11201811353;NA1ESTE036-17SA;ECONOMIA DA ENERGIA
11202522430;NA1ESEN002-23SA;ENERGIA, MEIO AMBIENTE E SOCIEDADE
11202520932;NA3BCJ0205-15SA;FENÔMENOS TÉRMICOS
11202520932;DA10BCM0505-22SA;PROCESSAMENTO DA INFORMAÇÃO
11202321661;NA1NHLB001-23SA;INSTRUMENTAÇÃO PARA O ENSINO DE CIÊNCIAS E BIOLOGIA
11202522357;NA1NHT3037-13SA;MECÂNICA GERAL
11202111960;NA1ESEN002-23SA;ENERGIA, MEIO AMBIENTE E SOCIEDADE
11202232134;NA1NHT1002-15SB;BIOÉTICA
11202230693;NA1BHS0002-22SB;DIVERSIDADE DE GÊNERO E FORMAÇÃO DE PROFESSOR
11202230763;NA2MCTA023-17SA;SEGURANÇA DE DADOS
11202421945;NA1ESHC028-17SB;ECONOMIA POLÍTICA
11202310090;DANHH2033-18SB;HISTÓRIA DA FILOSOFIA ANTIGA CLÁSSICA
11202610147;NA1BHP0202-15SB;PENSAMENTO CRÍTICO
11202130424;NA1ESZG001-17SB;ANÁLISE DE REDES DE TRANSPORTE E DISTRIBUIÇÃO
11202130782;NB1ESTO014-17SA;TERMODINÂMICA APLICADA I
11202520290;DA4BCN0407-15SA;FUNÇÕES DE VÁRIAS VARIÁVEIS
11202231782;DA3BCN0407-15SA;FUNÇÕES DE VÁRIAS VARIÁVEIS
11202422140;NA1ESTO013-17SA;ENGENHARIA ECONÔMICA
11201921206;NA1ESAU012-23SA;AVALIAÇÃO AMBIENTAL ESTRATÉGICA
11201812080;NA1ESTU021-17SA;TRANSPORTES E MOBILIDADE URBANA
11202230687;DA1ESTU019-17SA;TEORIA DO PLANEJAMENTO URBANO E AMBIENTAL
11202111050;NA1NHT1002-15SA;BIOÉTICA
11202111050;NA1ESTU015-17SA;SAÚDE AMBIENTAL
11202111050;NA1ESTU019-17SA;TEORIA DO PLANEJAMENTO URBANO E AMBIENTAL
11202021245;NB1ESTO014-17SA;TERMODINÂMICA APLICADA I
11202321792;NA1ESHC019-17SB;HISTÓRIA DO PENSAMENTO ECONÔMICO
11201922293;NA1ESHP016-22SB;MÉTODOS QUANTITATIVOS EM POLÍTICAS PÚBLICAS
11202131392;NA3BCN0407-15SA;FUNÇÕES DE VÁRIAS VARIÁVEIS
11202320195;NA1BCS0002-25SA;PROJETO DIRIGIDO
11202410050;DA1BHP0202-15SB;PENSAMENTO CRÍTICO
11202520523;DA1ESTO005-17SA;INTRODUÇÃO ÀS ENGENHARIAS
11202521887;NA1BCN0402-15SA;FUNÇÕES DE UMA VARIÁVEL
11202521235;DA9BCJ0205-15SA;FENÔMENOS TÉRMICOS
11202521235;DA1BCL0307-15SA;TRANSFORMAÇÕES QUÍMICAS
11202021743;NA1ESTU015-17SA;SAÚDE AMBIENTAL
11202231966;NA1ESTO001-17SB;CIRCUITOS ELÉTRICOS E FOTÔNICA
11202231337;NA1ESTO013-17SA;ENGENHARIA ECONÔMICA
11202520758;DB1ESTO005-17SA;INTRODUÇÃO ÀS ENGENHARIAS
11202522260;NA1NHI5002-15SA;DIDÁTICA
11202522116;NA1BIQ0602-15SB;ESTRUTURA E DINÂMICA SOCIAL
11202521719;DA1BHP0001-15SB;ÉTICA E JUSTIÇA
11202421505;DA1ESHR026-14SB;HISTÓRIA DO TERCEIRO MUNDO
11202321551;NA1ESTM015-17SA;REOLOGIA
11201721904;NA1MCTD020-18SA;CONSTRUÇÕES GEOMÉTRICAS E GEOMETRIA MÉTRICA
11202321441;DA1BCL0306-15SA;BIODIVERSIDADE: INTERAÇÕES ENTRE ORGANISMOS E AMBIENTE
11202420877;NA1ESHP005-13SB;CONFLITOS SOCIAIS
11202231493;DA1ESZR027-21SB;DIÁSPORAS AFRICANAS E AS RELAÇÕES INTERNACIONAIS
11202421322;NA2BCS0002-25SA;PROJETO DIRIGIDO
11202520706;NA2BCN0407-15SA;FUNÇÕES DE VÁRIAS VARIÁVEIS
11202521040;DA1BCL0308-15SA;BIOQUÍMICA: ESTRUTURA, PROPRIEDADES E FUNÇÕES DE BIOMOLÉCULAS
11202320850;DA1ESTG010-17SB;INOVAÇÃO TECNOLÓGICA
11202320850;DA1ESGE009-23SB;TÓPICOS EM ENGENHARIA DE PRODUÇÃO NA INDÚSTRIA DE ALIMENTOS
11202421756;NA1MCTB023-17SA;TEORIA ARITMÉTICA DOS NÚMEROS
11202131673;NB1BCJ0205-15SA;FENÔMENOS TÉRMICOS
11202432306;DB1BIR0004-15SA;BASES EPISTEMOLÓGICAS DA CIÊNCIA MODERNA
11202321274;NB4BCM0505-22SA;PROCESSAMENTO DA INFORMAÇÃO
11202232047;NA1ESZR003-21SB;AMÉRICA LATINA CONTEMPORÂNEA
11202421292;NI1ESHR023-21SB;TEORIAS CONTEMPORÂNEAS DAS RELAÇÕES INTERNACIONAIS
11202020623;NA1NHH2017-16SB;FILOSOFIA DA EDUCAÇÃO
11202522258;NA2BCN0407-15SA;FUNÇÕES DE VÁRIAS VARIÁVEIS
11202420364;NB1MCTB009-17SB;CÁLCULO NUMÉRICO
11202420364;NA1ESTO011-17SB;FUNDAMENTOS DE DESENHO TÉCNICO
11202420364;DA1ESHC002-17SB;CONTABILIDADE BÁSICA
11202520757;NANHZ3008-22SA;EVOLUÇÃO DA FÍSICA I
11093616;DB2BCN0407-15SA;FUNÇÕES DE VÁRIAS VARIÁVEIS
11202421948;DA1ESHC002-17SB;CONTABILIDADE BÁSICA
11202131528;NANHZ2069-18SB;TEMAS DE FILOSOFIA MODERNA I
11201920575;NA1NHZ1096-19SA;PRÁTICAS DISCURSIVAS DA CIÊNCIA E EDUCAÇÃO EM CIÊNCIAS
11201921081;NA1MCTB010-13SB;CÁLCULO VETORIAL E TENSORIAL
11202320863;DA1ESHT006-17SB;ECONOMIA URBANA
11202520337;DA1BCS0003-25SA;PRÁTICAS EXTENSIONISTAS EM GÊNERO, DIVERSIDADE E RAÇA
11202521548;DA10BCJ0205-15SA;FENÔMENOS TÉRMICOS
11202420673;DA1ESTU040-17SA;PROJETO AMBIENTAL URBANO
11202230441;NA1MCZA018-17SA;PROCESSAMENTO DIGITAL DE IMAGENS
11202231021;NA2BCN0407-15SB;FUNÇÕES DE VÁRIAS VARIÁVEIS
11202332400;NA2ESTA004-17SA;CIRCUITOS ELÉTRICOS II
11201920662;NA1MCTD022-18SA;ÁLGEBRA NA EDUCAÇÃO BÁSICA
11201920470;NA1NHT1062-15SA;EVOLUÇÃO
11202321018;NA1ESTI004-17SA;PRINCÍPIOS DE COMUNICAÇÃO
11202520703;DB4BCL0307-15SA;TRANSFORMAÇÕES QUÍMICAS
11202520703;DA1ESZM002-17SA;NANOCIÊNCIA E NANOTECNOLOGIA
11202020584;NA1NHT4033-15SA;PRÁTICAS EM QUÍMICA VERDE
11202310080;NA1ESHP018-14SB;POLÍTICAS SOCIAIS
11202310080;NA1ESZP037-22SB;POLÍTICAS DE SEGURANÇA PÚBLICA E VIOLÊNCIA
11202231883;NC1ESTO013-17SB;ENGENHARIA ECONÔMICA
11202231883;NANHH2035-13SB;HISTÓRIA DA FILOSOFIA CONTEMPORÂNEA: O SÉCULO XX
11202231486;DA6BCJ0205-15SA;FENÔMENOS TÉRMICOS
11202131505;NA1MCTD016-18SA;PRÁTICAS DE ENSINO DE MATEMÁTICA I
11202522271;DB4BCL0307-15SA;TRANSFORMAÇÕES QUÍMICAS
11202231111;NA1LHZ0028-19SB;PRÁTICAS DE ENSINO DE GEOGRAFIA: METODOLOGIAS
21066816;NANHH2035-13SB;HISTÓRIA DA FILOSOFIA CONTEMPORÂNEA: O SÉCULO XX
11202520985;DA9BCJ0205-15SA;FENÔMENOS TÉRMICOS
11202520985;DA1BCM0505-22SA;PROCESSAMENTO DA INFORMAÇÃO
11201722361;NA1ESHP018-14SB;POLÍTICAS SOCIAIS
11202321032;DI1ESHR023-21SB;TEORIAS CONTEMPORÂNEAS DAS RELAÇÕES INTERNACIONAIS
11202521995;DB1BCK0103-15SA;FÍSICA QUÂNTICA
11202230626;NA1NHT1073-15SA;ECOLOGIA VEGETAL
11202230626;NA2MCTC023-15SB;NEUROANATOMIA
11202521702;DA1MCCC001-23SA;ALGORITMOS E ESTRUTURAS DE DADOS I
11201721134;NA1NHT1073-15SA;ECOLOGIA VEGETAL
11202520247;NA8BCM0505-22SA;PROCESSAMENTO DA INFORMAÇÃO
11202230650;NA1ESHP019-22SB;REGIMES E FORMAS DE GOVERNO
11202230630;DA1MCZA006-17SA;COMPUTAÇÃO EVOLUTIVA E CONEXIONISTA
11202321436;NA1ESHC030-17SB;DESIGUALDADES DE RAÇA, GÊNERO E RENDA
11202231886;NA1NHZ4062-15SA;MEIO AMBIENTE E INDÚSTRIA
11202130451;NA1ESTU015-17SA;SAÚDE AMBIENTAL
11202422192;DA1ESHR026-14SB;HISTÓRIA DO TERCEIRO MUNDO
11202021017;DA1NHT1062-15SA;EVOLUÇÃO
11202021642;NA1MCZB015-13SA;INTRODUÇÃO À CRIPTOGRAFIA
11202021208;NA1NHT4032-15SA;PRÁTICAS DE ENSINO DE QUÍMICA III
11201811693;NAESZB033-17SB;PROJETO E DESENVOLVIMENTO DE INTERFACES CÉREBRO-MÁQUINA
11202130638;DA1ESTG009-17SB;GESTÃO DE OPERAÇÕES
11202421580;NA1NHZ4062-15SA;MEIO AMBIENTE E INDÚSTRIA
11202230335;NA1BHS0002-23SB;ARENAS E PROBLEMAS PÚBLICOS
11202322052;NA1ESZR003-21SB;AMÉRICA LATINA CONTEMPORÂNEA
11202521811;NB1BIR0004-15SA;BASES EPISTEMOLÓGICAS DA CIÊNCIA MODERNA
11202231740;DA1BCK0103-15SA;FÍSICA QUÂNTICA
11202321835;NA1ESGE001-23SB;ENGENHARIA DE SEGURANÇA DO TRABALHO
11202111127;DA1ESTG009-17SB;GESTÃO DE OPERAÇÕES
11202421049;NA1ESHC017-17SB;FINANÇAS PÚBLICAS
11202320491;DA1ESZS012-17SB;APLICAÇÕES DE ELEMENTOS FINITOS PARA ENGENHARIA
11202020083;NA1ESZM002-17SA;NANOCIÊNCIA E NANOTECNOLOGIA
11202111133;DA1ESTG009-17SB;GESTÃO DE OPERAÇÕES
11202111133;DA1ESZG012-17SB;PROJETOS INDUSTRIAIS
11201912418;DB2MCTA022-17SA;REDES DE COMPUTADORES
11202521449;DA2BCL0307-15SA;TRANSFORMAÇÕES QUÍMICAS
11202320424;NA1ESZB021-17SB;INTRODUÇÃO À ENGENHARIA BIOMÉDICA
11202522046;NB5BCJ0205-15SA;FENÔMENOS TÉRMICOS
11202522046;NB2BCN0402-15SA;FUNÇÕES DE UMA VARIÁVEL
11202522046;NB2BCL0307-15SA;TRANSFORMAÇÕES QUÍMICAS
11202021410;NA1BCN0407-15SB;FUNÇÕES DE VÁRIAS VARIÁVEIS
11202320875;DANHBF149-22SB;OFICINA DE PESQUISA EM FILOSOFIA I
13201812300;NA1ESHT025-17SB;DESENVOLVIMENTO ECONÔMICO E SOCIAL NO BRASIL
11202231933;DA1ESHC040-21SB;RELAÇÕES MONETÁRIAS E FINANCEIRAS INTERNACIONAIS
11202231463;NA2BCN0402-15SA;FUNÇÕES DE UMA VARIÁVEL
11202521145;DA1NHT1002-15SB;BIOÉTICA
11202231853;NA1ESZR027-21SB;DIÁSPORAS AFRICANAS E AS RELAÇÕES INTERNACIONAIS
11202610041;NA1BCN0407-15SB;FUNÇÕES DE VÁRIAS VARIÁVEIS
11202111048;NA1ESTO001-17SB;CIRCUITOS ELÉTRICOS E FOTÔNICA
11202230993;NA1BCN0402-15SA;FUNÇÕES DE UMA VARIÁVEL
11202521724;NA3BCL0307-15SA;TRANSFORMAÇÕES QUÍMICAS
11202421973;DB1BCN0404-15SA;GEOMETRIA ANALÍTICA
11202321377;NA1NHZ4069-15SA;QUÍMICA DE ALIMENTOS
11201722794;NA1ESTI003-17SB;TRANSFORMADAS EM SINAIS E SISTEMAS LINEARES
11201722794;NA1ESTA003-17SB;SISTEMAS DE CONTROLE I
11202520128;DA2BIQ0602-15SA;ESTRUTURA E DINÂMICA SOCIAL
11202231604;NA1NHLB003-23SA;PRÁTICAS DE ENSINO DE BIOLOGIA E CURRÍCULO
11202420766;NC1ESTO013-17SB;ENGENHARIA ECONÔMICA
11202422019;NB5BCJ0205-15SA;FENÔMENOS TÉRMICOS
11202022170;NB1BCN0407-15SA;FUNÇÕES DE VÁRIAS VARIÁVEIS
11202610088;DA1ESHC032-17SB;MACROECONOMIA II
11202520142;NA1MCTD022-18SA;ÁLGEBRA NA EDUCAÇÃO BÁSICA
11202522395;NB1BCM0505-22SB;PROCESSAMENTO DA INFORMAÇÃO
11202532715;DA1BIR0603-15SA;CIÊNCIA, TECNOLOGIA E SOCIEDADE
11202321616;NA1ESMA001-23SB;SOLUÇÕES PARA DESAFIOS EM ENGENHARIA
11202231299;NA1ESBM007-23SB;FUNDAMENTOS DE SINAIS E SISTEMAS DE TEMPO DISCRETO
11202130757;NANHLP003-22SA;PRÁTICAS DE ENSINO DE FÍSICA NO ENSINO FUNDAMENTAL II
11202520149;NA1ESHR012-21SB;POLÍTICA INTERNACIONAL DOS EUA
11022216;DA1ESAE002-23SA;DESENHO UNIVERSAL E TECNOLOGIA ASSISTIVA
11022216;DA1ESZM025-17SA;SIDERURGIA E ENGENHARIA DOS AÇOS
11202231515;NA2BCN0407-15SA;FUNÇÕES DE VÁRIAS VARIÁVEIS
11202131511;DA1ESHC035-21SB;ECONOMETRIA I
11202422223;NA1ESHP027-14SB;PODER LOCAL
11202231777;NA2MCTB010-13SA;CÁLCULO VETORIAL E TENSORIAL
11202231777;NA1ESTA002-17SA;CIRCUITOS ELÉTRICOS I
11202421665;NA1ESEN002-23SA;ENERGIA, MEIO AMBIENTE E SOCIEDADE
11201921390;NA1ESEN002-23SA;ENERGIA, MEIO AMBIENTE E SOCIEDADE
11202422072;NB1BCL0307-15SA;TRANSFORMAÇÕES QUÍMICAS
11202521949;NA2BCS0001-25SA;BASE EXPERIMENTAL DAS CIÊNCIAS NATURAIS
11202610094;DB2BCS0004-25SA;PRÁTICAS EXTENSIONISTAS EM LETRAMENTO DIGITAL
11202320562;NA1ESHT024-17SB;USO DO SOLO URBANO
11202320302;NAESTA022-17SA;TEORIA DE ACIONAMENTOS ELÉTRICOS
11202321741;DANHBF149-22SB;OFICINA DE PESQUISA EM FILOSOFIA I
11202021410;NA1ESHP012-22SB;DIREITO ADMINISTRATIVO
11202320763;NB2MCTB001-17SA;ÁLGEBRA LINEAR
11202422064;NA2BCS0001-25SA;BASE EXPERIMENTAL DAS CIÊNCIAS NATURAIS
11202232351;DA1MCTD022-18SA;ÁLGEBRA NA EDUCAÇÃO BÁSICA
11202521729;NA2ESTA013-17SA;FUNDAMENTOS DE ROBÓTICA
11202231128;DA2BCN0402-15SA;FUNÇÕES DE UMA VARIÁVEL
11202131888;NA2BCN0407-15SB;FUNÇÕES DE VÁRIAS VARIÁVEIS
11202131511;NA1ESZP037-22SB;POLÍTICAS DE SEGURANÇA PÚBLICA E VIOLÊNCIA
11202131450;NA1ESZI041-18SA;PROGRAMAÇÃO DE SOFTWARE EMBARCADO
11202421487;DA1MCTD022-18SA;ÁLGEBRA NA EDUCAÇÃO BÁSICA
11202021896;NA1NHT4058-15SA;QUÍMICA ANALÍTICA E BIOANALÍTICA AVANÇADA
11202522123;DA1NHZ1091-19SA;EDUCAÇÃO EM SAÚDE
11202321996;DA1ESZR027-21SB;DIÁSPORAS AFRICANAS E AS RELAÇÕES INTERNACIONAIS
11202520190;DB1BCJ0204-15SA;FENÔMENOS MECÂNICOS
21065813;DA1ESHC035-21SB;ECONOMETRIA I
11202131851;NA1ESHR004-13SB;ECONOMIA POLÍTICA INTERNACIONAL DA ENERGIA
11202131362;DA1ESTU023-17SA;BIOMAS BRASILEIROS
11202022253;DA1ESTG009-17SB;GESTÃO DE OPERAÇÕES
11202230792;NA1NHZ1092-19SA;EDUCAÇÃO EM SEXUALIDADE
11202021018;DA1ESTG021-17SB;SISTEMAS CAD/CAE
11202321809;NA2ESMA002-23SB;INOVAÇÕES PARA ENGENHARIA
11202421547;NA1NHZ4062-15SA;MEIO AMBIENTE E INDÚSTRIA
11202231242;DB1MCCC001-23SA;ALGORITMOS E ESTRUTURAS DE DADOS I
11202321123;NA1MCTA023-17SA;SEGURANÇA DE DADOS
11202421709;DA1MCCC001-23SA;ALGORITMOS E ESTRUTURAS DE DADOS I
11202020569;DA1ESZA020-17SA;ROBÔS MÓVEIS AUTÔNOMOS
11201722799;NA1ESHC019-17SB;HISTÓRIA DO PENSAMENTO ECONÔMICO
11202321070;DA1BCS0004-25SA;PRÁTICAS EXTENSIONISTAS EM LETRAMENTO DIGITAL
11202320237;DA1ESHR023-21SB;TEORIAS CONTEMPORÂNEAS DAS RELAÇÕES INTERNACIONAIS
11202421116;NA1ESTB015-17SB;PRINCÍPIOS DE ÉTICA EM SERVIÇOS DE SAÚDE
11202230441;DA1MCCC001-23SA;ALGORITMOS E ESTRUTURAS DE DADOS I
11202020937;NA1ESZM032-17SA;BIOMATERIAIS
11202321240;NA1ESTS003-17SB;INTRODUÇÃO À ASTRONÁUTICA
11202421478;DA2BCL0308-15SA;BIOQUÍMICA: ESTRUTURA, PROPRIEDADES E FUNÇÕES DE BIOMOLÉCULAS
11202111630;NA1ESHR002-21SB;TEMAS DE DIREITO INTERNACIONAL PÚBLICO
11202421474;NA1ESBM004-23SB;FUNDAMENTOS DE FISIOPATOLOGIA PARA ENGENHARIAS I
11202020306;NA1ESZE052-17SA;GERAÇÃO DISTRIBUÍDA
11201721164;NA1ESHR014-21SB;RELAÇÕES INTERNACIONAIS CONTEMPORÂNEAS
11202131851;NA1ESZR003-21SB;AMÉRICA LATINA CONTEMPORÂNEA
11202522137;NA2BCJ0204-15SB;FENÔMENOS MECÂNICOS
11202320392;NA1ESZU002-17SA;COMPOSTAGEM
11202420402;NB2BCN0402-15SA;FUNÇÕES DE UMA VARIÁVEL
11202421805;NA1ESTO001-17SA;CIRCUITOS ELÉTRICOS E FOTÔNICA
11202521113;NB2BCJ0205-15SA;FENÔMENOS TÉRMICOS
11202321954;DA1ESHR002-21SB;TEMAS DE DIREITO INTERNACIONAL PÚBLICO
11202321435;NA1MCTC023-15SB;NEUROANATOMIA
11202130628;NA1ESHR903-18SB;METODOLOGIA DE PESQUISA EM RELAÇÕES INTERNACIONAIS (TCC 1)
11202231147;NA1ESZB021-17SB;INTRODUÇÃO À ENGENHARIA BIOMÉDICA
11202520615;NA5BCL0307-15SA;TRANSFORMAÇÕES QUÍMICAS
11202321327;NA1ESHP018-14SB;POLÍTICAS SOCIAIS
11202432356;NA1BCK0104-15SB;INTERAÇÕES ATÔMICAS E MOLECULARES
11202521121;NB4BCM0505-22SA;PROCESSAMENTO DA INFORMAÇÃO
11202130715;NA1ESZE076-17SA;PROTEÇÃO DE SISTEMAS ELÉTRICOS DE POTÊNCIA
11201810271;NA1ESZE100-17SA;REFINO DO PETRÓLEO
11202020054;NB1ESTA003-17SA;SISTEMAS DE CONTROLE I
21012312;NA1ESZP037-22SB;POLÍTICAS DE SEGURANÇA PÚBLICA E VIOLÊNCIA
11202421184;DA1NHZ1097-19SA;PRÁTICAS PEDAGÓGICAS E FORMATIVAS EM MUSEUS DE CIÊNCIAS
11202321049;DANHZ2067-18SB;TEMAS DE FILOSOFIA CONTEMPORÂNEA I
11202522148;NA1ESHP027-14SB;PODER LOCAL
11202421654;NA1NHBQ014-22SA;QUÍMICA ORGÂNICA EXPERIMENTAL
11202321380;DA1NHZ1091-19SA;EDUCAÇÃO EM SAÚDE
11201920731;NA1ESTI006-17SA;PROCESSAMENTO DIGITAL DE SINAIS
11201920731;NB1ESTA003-17SA;SISTEMAS DE CONTROLE I
11202420270;NA1ESTB015-17SB;PRINCÍPIOS DE ÉTICA EM SERVIÇOS DE SAÚDE
11201922391;DA2BCN0402-15SA;FUNÇÕES DE UMA VARIÁVEL
11202321547;NA1ESHT002-17SB;CARTOGRAFIA E GEOPROCESSAMENTO PARA O PLANEJAMENTO TERRITORIAL
11202521928;DA1ESZC034-21SB;ECONOMIA COMPORTAMENTAL
11202522195;NA3ESTB019-17SB;BIOESTATÍSTICA
11202021610;NC1ESTA003-17SA;SISTEMAS DE CONTROLE I
11202432370;NAMCNC002-23SB;NEUROCIÊNCIA TEÓRICA E COMPUTACIONAL
11201822497;NA1ESZE052-17SA;GERAÇÃO DISTRIBUÍDA
11202420167;NA1ESZP037-22SB;POLÍTICAS DE SEGURANÇA PÚBLICA E VIOLÊNCIA
11202231011;NB1ESTA004-17SA;CIRCUITOS ELÉTRICOS II
11202231011;NA1ESTE025-17SA;FUNDAMENTOS DE MÁQUINAS TÉRMICAS
11202231011;NA1ESZR026-21SB;DESLOCAMENTO FORÇADO, REFÚGIO E HUMANITARISMO
11202231011;NANHH2035-13SB;HISTÓRIA DA FILOSOFIA CONTEMPORÂNEA: O SÉCULO XX
11202130260;NA1ESZM007-17SA;ELEMENTOS FINITOS APLICADOS EM MATERIAIS
11202320559;NA2ESHC008-21SB;ECONOMIA BRASILEIRA II
11202230851;DA1ESZC034-21SB;ECONOMIA COMPORTAMENTAL
11202610242;DA1ESTE028-17SA;ENGENHARIA NUCLEAR
11201920892;DB1MCTB001-17SA;ÁLGEBRA LINEAR
11092616;NA2ESTA002-17SA;CIRCUITOS ELÉTRICOS I
11202321705;NA1ESTM015-17SA;REOLOGIA
11202321977;NA1ESHP027-14SB;PODER LOCAL
11201921182;DA1ESHR004-13SB;ECONOMIA POLÍTICA INTERNACIONAL DA ENERGIA
11202022279;NA1ESZB007-17SB;INTRODUÇÃO À BIOFOTÔNICA E ÓPTICA BIOMÉDICA
11202522377;NA1ESTE032-17SA;ENGENHARIA SOLAR TÉRMICA
11202231423;DA1BCL0306-15SB;BIODIVERSIDADE: INTERAÇÕES ENTRE ORGANISMOS E AMBIENTE
11202420167;NAESTA017-17SA;LABORATÓRIO DE MÁQUINAS ELÉTRICAS
11201920868;DA1BHO1335-15SB;FORMAÇÃO DO SISTEMA INTERNACIONAL
11201920868;DA1BHO0002-19SB;INTRODUÇÃO AO PENSAMENTO ECONÔMICO
11202212451;NA1ESTO008-17SA;MECÂNICA DOS SÓLIDOS I
11202020707;NA1ESZP037-22SB;POLÍTICAS DE SEGURANÇA PÚBLICA E VIOLÊNCIA
11202212451;NA1ESTA016-17SA;MÁQUINAS ELÉTRICAS
11202520663;NA2ESAE004-23SB;MÉTODOS COMPUTACIONAIS PARA ANÁLISE ESTRUTURAL
11202520663;NAMCNC002-23SB;NEUROCIÊNCIA TEÓRICA E COMPUTACIONAL
11202322249;NA1MCLM005-23SA;ESTÁGIO II NO ENSINO MÉDIO EM MATEMÁTICA
11202421735;NAESZB033-17SB;PROJETO E DESENVOLVIMENTO DE INTERFACES CÉREBRO-MÁQUINA
11202520149;NA1ESZR026-21SB;DESLOCAMENTO FORÇADO, REFÚGIO E HUMANITARISMO
11202522377;NA1MCTB001-17SA;ÁLGEBRA LINEAR
11202321184;DA1MCLM002-23SA;ENSINO DE ASTRONOMIA PARA A EDUCAÇÃO BÁSICA
11202421355;NA2MCTB010-13SA;CÁLCULO VETORIAL E TENSORIAL
13201910026;NA2ESHC008-21SB;ECONOMIA BRASILEIRA II
13201910026;NA1ESHC026-21SB;MICROECONOMIA II
11201722682;NA1ESAE001-23SB;APLICAÇÕES ESTRUTURAIS DE MATERIAIS COMPÓSITOS
11201722682;DA1ESAE002-23SA;DESENHO UNIVERSAL E TECNOLOGIA ASSISTIVA
11202130437;NB2BCN0404-15SA;GEOMETRIA ANALÍTICA
11202130560;DA1NHBQ008-22SA;FUNDAMENTOS DE REAÇÕES ORGÂNICAS
11201812366;DA1ESGE002-23SB;PESQUISA OPERACIONAL
11202320350;NAMCNC002-23SB;NEUROCIÊNCIA TEÓRICA E COMPUTACIONAL
21021515;NA1NHT1055-15SA;FUNDAMENTOS DE IMUNOLOGIA
11202020376;NA1NHT1058-15SA;MORFOFISIOLOGIA HUMANA I
11201922376;DA1ESHC037-21SB;ECONOMETRIA III
11202421861;DA1MCCC001-23SA;ALGORITMOS E ESTRUTURAS DE DADOS I
11202230835;NA1MCCC001-23SA;ALGORITMOS E ESTRUTURAS DE DADOS I
11202232128;NA3BCN0407-15SA;FUNÇÕES DE VÁRIAS VARIÁVEIS
11202321326;NA1ESHR026-14SB;HISTÓRIA DO TERCEIRO MUNDO
11202210026;NA1ESTO016-17SA;FENÔMENOS DE TRANSPORTE
11202421465;DA1ESTO011-17SA;FUNDAMENTOS DE DESENHO TÉCNICO
11202522511;NB1BCJ0204-15SA;FENÔMENOS MECÂNICOS
11201722756;NAESTI013-17SA;SISTEMAS MICROPROCESSADOS
11202320705;DA1ESHC002-17SB;CONTABILIDADE BÁSICA
11202230698;DB1NHT1053-15SB;BIOLOGIA CELULAR
11202320680;NA1ESTM015-17SA;REOLOGIA
11201812022;DA3BCM0505-22SB;PROCESSAMENTO DA INFORMAÇÃO
11202421695;DB1BIR0004-15SA;BASES EPISTEMOLÓGICAS DA CIÊNCIA MODERNA
11202130441;NA1NHZ4081-20SB;PAULO FREIRE: EDUCAÇÃO PARA A CRITICIDADE
11202410073;NB2BHQ0002-15SB;ESTUDOS ÉTNICO-RACIAIS
11202421298;DA1MCZC021-20SB;NEUROPSICOLOGIA
11201921642;DA1ESZG012-17SB;PROJETOS INDUSTRIAIS
11202232116;NA1BHS0002-23SB;ARENAS E PROBLEMAS PÚBLICOS
11201810449;NA2ESTO017-17SA;MÉTODOS EXPERIMENTAIS EM ENGENHARIA
11202111605;NANHH2033-18SB;HISTÓRIA DA FILOSOFIA ANTIGA CLÁSSICA
11202230834;NA1ESHR014-21SB;RELAÇÕES INTERNACIONAIS CONTEMPORÂNEAS
11202321094;NA1ESTO005-17SB;INTRODUÇÃO ÀS ENGENHARIAS
11202420229;NA1ESTU019-17SA;TEORIA DO PLANEJAMENTO URBANO E AMBIENTAL
11202130469;NA1BHQ0002-15SA;ESTUDOS ÉTNICO-RACIAIS
11202130459;NA1MCCC004-23SA;ANÁLISE DE ALGORITMOS I
11202230991;DA1ESHC030-17SB;DESIGUALDADES DE RAÇA, GÊNERO E RENDA
11201922409;NA1ESHP018-14SB;POLÍTICAS SOCIAIS
11202522240;DC4BCL0307-15SA;TRANSFORMAÇÕES QUÍMICAS
11202320906;DA1NHZ1003-15SA;BIOFÍSICA
11202420641;NA1ESTU021-17SA;TRANSPORTES E MOBILIDADE URBANA
11202232233;NA1ESTU033-17SA;RESÍDUOS SÓLIDOS
11202520658;NA3BCN0402-15SA;FUNÇÕES DE UMA VARIÁVEL
11202321408;DA1BCN0402-15SB;FUNÇÕES DE UMA VARIÁVEL
11202020683;NA1ESMA002-23SB;INOVAÇÕES PARA ENGENHARIA
11202212475;DA1ESHC030-17SB;DESIGUALDADES DE RAÇA, GÊNERO E RENDA
11202321706;DA1ESTO001-17SA;CIRCUITOS ELÉTRICOS E FOTÔNICA
11202520315;NB3BCJ0205-15SB;FENÔMENOS TÉRMICOS
11202332332;DA1NHZ1091-19SA;EDUCAÇÃO EM SAÚDE
11202522273;DA2BCN0407-15SA;FUNÇÕES DE VÁRIAS VARIÁVEIS
11202130078;NA2BCN0404-15SA;GEOMETRIA ANALÍTICA
11202520376;DA2BCN0407-15SA;FUNÇÕES DE VÁRIAS VARIÁVEIS
11202021715;NANHH2033-18SB;HISTÓRIA DA FILOSOFIA ANTIGA CLÁSSICA
11202320562;DA1BCS0003-25SA;PRÁTICAS EXTENSIONISTAS EM GÊNERO, DIVERSIDADE E RAÇA
11202020683;NA1MCTD020-18SA;CONSTRUÇÕES GEOMÉTRICAS E GEOMETRIA MÉTRICA
11202320716;NB2MCTB001-17SA;ÁLGEBRA LINEAR
11202320776;DA1ESHC028-17SB;ECONOMIA POLÍTICA
11202321371;NA1ESTU007-17SA;HABITAÇÃO E ASSENTAMENTOS HUMANOS
11202021105;DA1ESAU010-23SA;CARTOGRAFIA E GEOPROCESSAMENTO
11201812281;DA1ESHC008-21SB;ECONOMIA BRASILEIRA II
11202321457;DA1ESGE002-23SB;PESQUISA OPERACIONAL
11202420964;NA1ESAU010-23SA;CARTOGRAFIA E GEOPROCESSAMENTO
11202321844;NA1ESZR023-21SB;AS CATEGORIAS DE KARL MARX E A ANÁLISE DO CAPITALISMO CONTEMPORÂNEO
11202321844;NA2ESHC008-21SB;ECONOMIA BRASILEIRA II
11202520989;NA1BCN0402-15SA;FUNÇÕES DE UMA VARIÁVEL
11202432358;NA4BCL0307-15SA;TRANSFORMAÇÕES QUÍMICAS
11202421118;DA1ESTO012-17SA;PRINCÍPIOS DE ADMINISTRAÇÃO
11202421336;DB1BCJ0204-15SA;FENÔMENOS MECÂNICOS
11202420381;DA2BCJ0204-15SB;FENÔMENOS MECÂNICOS
11202111725;NA1ESHP005-13SB;CONFLITOS SOCIAIS
11202111725;NA1ESHP018-14SB;POLÍTICAS SOCIAIS
11202321602;NA1NHT4072-15SA;AVALIAÇÃO NO ENSINO DE QUÍMICA
11202321017;DA1ESHR016-21SB;SISTEMA FINANCEIRO INTERNACIONAL
11202231151;DA1MCZA006-17SA;COMPUTAÇÃO EVOLUTIVA E CONEXIONISTA
11202521656;NA1ESZB021-17SB;INTRODUÇÃO À ENGENHARIA BIOMÉDICA
11202130973;DA1ESZA020-17SA;ROBÔS MÓVEIS AUTÔNOMOS
11202320542;NA1LHZ0040-22SB;ENSINO DE HISTÓRIA DA ÁFRICA
11202130201;DA1ESTU019-17SA;TEORIA DO PLANEJAMENTO URBANO E AMBIENTAL
11202421455;DA1ESTO001-17SA;CIRCUITOS ELÉTRICOS E FOTÔNICA
11202321274;NB1BCN0407-15SA;FUNÇÕES DE VÁRIAS VARIÁVEIS
11201810476;DA1ESHC030-17SB;DESIGUALDADES DE RAÇA, GÊNERO E RENDA
11201810476;DA1ESHR004-13SB;ECONOMIA POLÍTICA INTERNACIONAL DA ENERGIA
11202310048;DA1ESHC019-17SB;HISTÓRIA DO PENSAMENTO ECONÔMICO
11202521913;DB5BCM0505-22SA;PROCESSAMENTO DA INFORMAÇÃO
11202522262;DA8BCJ0205-15SA;FENÔMENOS TÉRMICOS
11202231268;NA1ESTU012-17SA;POLUIÇÃO ATMOSFÉRICA
11201920470;NA1ESTE036-17SA;ECONOMIA DA ENERGIA
11202230691;NANHZ3020-15SA;FUNDAMENTOS DA RELATIVIDADE GERAL
11202230691;NA2ESAE004-23SB;MÉTODOS COMPUTACIONAIS PARA ANÁLISE ESTRUTURAL
11202230691;NA1ESHT014-22SB;OFICINA DE PLANEJAMENTO DE ÁREAS PERIURBANAS, INTERIORANAS E RURAIS
11202020297;NA1ESTE036-17SA;ECONOMIA DA ENERGIA
11202321175;NA1ESHT024-17SB;USO DO SOLO URBANO
11202021305;NA1ESHP018-14SB;POLÍTICAS SOCIAIS
11202521885;DA1BCS0003-25SA;PRÁTICAS EXTENSIONISTAS EM GÊNERO, DIVERSIDADE E RAÇA
11202021863;DA1ESZG012-17SB;PROJETOS INDUSTRIAIS
11202421196;DA1ESHR002-21SB;TEMAS DE DIREITO INTERNACIONAL PÚBLICO
11202020041;NA1MCCC009-23SA;LINGUAGENS FORMAIS E AUTÔMATOS
11202421287;NA1ESHT024-17SB;USO DO SOLO URBANO
11202321840;NA1ESEN002-23SA;ENERGIA, MEIO AMBIENTE E SOCIEDADE
11202420551;DA1ESZI034-17SA;JOGOS DIGITAIS: ASPECTOS TÉCNICOS E APLICAÇÕES
11202421594;NAMCZC017-20SB;PRÁTICAS EM NEUROBIOLOGIA MOLECULAR
11202421196;DEESZR025-21SB;CONFLITOS, PAZ E NEGOCIAÇÃO INTERNACIONAL (PRÁTICA)
11202320257;NA1ESTU010-17SA;MICROBIOLOGIA AMBIENTAL
11202320257;NA1ESZA007-17SA;CONFIABILIDADE DE COMPONENTES E SISTEMAS
11202420535;NA1NHZ4062-15SA;MEIO AMBIENTE E INDÚSTRIA
11202021706;NA1ESTI010-17SA;COMUNICAÇÕES ÓPTICAS
11202230356;NB1BIR0603-15SA;CIÊNCIA, TECNOLOGIA E SOCIEDADE
11202420215;DA2MCTA026-13SA;SISTEMAS OPERACIONAIS
11202520390;DA4BCN0407-15SA;FUNÇÕES DE VÁRIAS VARIÁVEIS
11202520172;DA1BCN0407-15SA;FUNÇÕES DE VÁRIAS VARIÁVEIS
11202320497;DA1BHS0005-19SB;PRÁTICAS EM CIÊNCIAS E HUMANIDADES
11202020622;NA1ESHR016-21SB;SISTEMA FINANCEIRO INTERNACIONAL
11202610164;DA1ESHC002-17SB;CONTABILIDADE BÁSICA
11201922158;DA1ESTG021-17SB;SISTEMAS CAD/CAE
11202130671;NA1ESTU005-17SA;CLIMATOLOGIA
11202610013;NA1NHBT005-23SA;PRÁTICAS EXTENSIONISTAS EM BIOTECNOLOGIA
11202230655;NA1ESHR002-21SB;TEMAS DE DIREITO INTERNACIONAL PÚBLICO
11201922400;NA1ESTB019-17SB;BIOESTATÍSTICA
11201922400;DA1ESTU040-17SA;PROJETO AMBIENTAL URBANO
11202130029;DA1ESGE009-23SB;TÓPICOS EM ENGENHARIA DE PRODUÇÃO NA INDÚSTRIA DE ALIMENTOS
11202521321;DA1ESTO005-17SA;INTRODUÇÃO ÀS ENGENHARIAS
11202322304;NA1BCN0404-15SB;GEOMETRIA ANALÍTICA
11201922363;NA1NHZ4062-15SA;MEIO AMBIENTE E INDÚSTRIA
11202510090;NA1ESHR016-21SB;SISTEMA FINANCEIRO INTERNACIONAL
11202320894;NA1ESHT006-17SB;ECONOMIA URBANA
11202332427;NA1ESHC019-17SB;HISTÓRIA DO PENSAMENTO ECONÔMICO
11202420717;NB1BIR0603-15SA;CIÊNCIA, TECNOLOGIA E SOCIEDADE
11202320889;NA2ESTB019-17SB;BIOESTATÍSTICA
11202520517;NA1ESHC017-17SB;FINANÇAS PÚBLICAS
11202021040;NA2MCZA004-13SA;AVALIAÇÃO DE DESEMPENHO DE REDES
11202020199;NA1ESTB019-17SB;BIOESTATÍSTICA
11202420576;DA1ESHC002-17SB;CONTABILIDADE BÁSICA
11201811248;NA1ESAU012-23SA;AVALIAÇÃO AMBIENTAL ESTRATÉGICA
11202321326;DA1ESHR004-13SB;ECONOMIA POLÍTICA INTERNACIONAL DA ENERGIA
11202230879;DA1ESTG009-17SB;GESTÃO DE OPERAÇÕES
11201920983;DA1BCK0103-15SA;FÍSICA QUÂNTICA
11202510030;DA1ESZU002-17SA;COMPOSTAGEM
11202230921;NA1ESZG006-17SB;PESQUISA OPERACIONAL APLICADA
11014116;DA1ESTG009-17SB;GESTÃO DE OPERAÇÕES
11201932603;NA1BCK0103-15SB;FÍSICA QUÂNTICA
11202130166;DA1ESHC019-17SB;HISTÓRIA DO PENSAMENTO ECONÔMICO
11202522188;DA1BCM0504-15SA;NATUREZA DA INFORMAÇÃO
11202111072;DA1ESHT026-21SB;BIODIVERSIDADE, GEODIVERSIDADE E PAISAGEM
11202421926;NA1ESHP027-14SB;PODER LOCAL
11202321879;DA1ESZR024-21SB;CAPITALISMO, IMPERIALISMO E DEPENDÊNCIA
11202210073;NA1ESZR027-21SB;DIÁSPORAS AFRICANAS E AS RELAÇÕES INTERNACIONAIS
11202321587;DB1BCK0104-15SA;INTERAÇÕES ATÔMICAS E MOLECULARES
11202321587;DA1ESTA003-17SA;SISTEMAS DE CONTROLE I
11202321655;NA1NHBQ014-22SA;QUÍMICA ORGÂNICA EXPERIMENTAL
11202321655;NA1NHBQ017-22SA;TÓPICOS ESPECIAIS EM QUÍMICA ORGÂNICA
11202130072;NA1MCZA004-13SA;AVALIAÇÃO DE DESEMPENHO DE REDES
11202320325;DA1ESAE003-23SB;DINÂMICA DE GASES
11201723020;NA2ESTB025-17SB;INSTRUMENTAÇÃO BIOMÉDICA I
11202410030;DA2BCS0002-25SA;PROJETO DIRIGIDO
11202420714;NA1MCTD020-18SA;CONSTRUÇÕES GEOMÉTRICAS E GEOMETRIA MÉTRICA
11202521350;NB2BCN0402-15SA;FUNÇÕES DE UMA VARIÁVEL
11202321661;NA1NHLB003-23SA;PRÁTICAS DE ENSINO DE BIOLOGIA E CURRÍCULO
11202230876;DB1ESTO013-17SB;ENGENHARIA ECONÔMICA
11202131699;NA1MCTC018-20SB;NEUROPSICOFARMACOLOGIA
11202321957;NA1ESTB019-17SA;BIOESTATÍSTICA
11202230876;DA1MCTB001-17SB;ÁLGEBRA LINEAR
11202421487;DA1ESZI034-17SA;JOGOS DIGITAIS: ASPECTOS TÉCNICOS E APLICAÇÕES
11202520678;NA1ESHP018-14SB;POLÍTICAS SOCIAIS
11202520764;NB1ESTA004-17SA;CIRCUITOS ELÉTRICOS II
11202131447;NA1MCBM012-23SA;TOPOLOGIA
11202020399;DA2BCN0402-15SA;FUNÇÕES DE UMA VARIÁVEL
11202610157;NA1BIR0603-15SB;CIÊNCIA, TECNOLOGIA E SOCIEDADE
11201722980;DA1ESTO015-17SA;MECÂNICA DOS FLUIDOS I
11201811776;NA1ESHR012-21SB;POLÍTICA INTERNACIONAL DOS EUA
11202510100;NA1ESHT024-17SB;USO DO SOLO URBANO
11202320542;NA1ESHP019-22SB;REGIMES E FORMAS DE GOVERNO
11202432334;DA1BCJ0204-15SA;FENÔMENOS MECÂNICOS
11202421927;DA1BCL0306-15SA;BIODIVERSIDADE: INTERAÇÕES ENTRE ORGANISMOS E AMBIENTE
11202421927;DB1BIR0603-15SA;CIÊNCIA, TECNOLOGIA E SOCIEDADE
11202421927;DB1BCN0404-15SA;GEOMETRIA ANALÍTICA
11202421547;DA1NHZ1003-15SA;BIOFÍSICA
11097615;NA1ESZE052-17SA;GERAÇÃO DISTRIBUÍDA
11201721452;NAMCNC002-23SB;NEUROCIÊNCIA TEÓRICA E COMPUTACIONAL
11202131354;NA1ESZA023-17SA;INTRODUÇÃO AO CONTROLE MODERNO
11202131354;NAESTA017-17SA;LABORATÓRIO DE MÁQUINAS ELÉTRICAS
11202131354;NA1ESTA016-17SA;MÁQUINAS ELÉTRICAS
11202131354;NC1ESTA003-17SA;SISTEMAS DE CONTROLE I
11201811609;NANHZ3020-15SA;FUNDAMENTOS DA RELATIVIDADE GERAL
11201811609;NA1NHBQ017-22SA;TÓPICOS ESPECIAIS EM QUÍMICA ORGÂNICA
11202610143;DB1BHP0001-15SB;ÉTICA E JUSTIÇA
11202432301;NANHBP002-23SA;FÍSICA EXPERIMENTAL II
11202022116;DAMCZC017-20SB;PRÁTICAS EM NEUROBIOLOGIA MOLECULAR
11202421915;DB1BIR0004-15SA;BASES EPISTEMOLÓGICAS DA CIÊNCIA MODERNA
11202111049;NA1ESTB009-17SB;PRINCÍPIOS DE IMAGENS MÉDICAS
11202111990;DA1ESZI034-17SA;JOGOS DIGITAIS: ASPECTOS TÉCNICOS E APLICAÇÕES
11202320950;NA1ESZR026-21SB;DESLOCAMENTO FORÇADO, REFÚGIO E HUMANITARISMO
11202520783;NA2BCM0504-15SA;NATUREZA DA INFORMAÇÃO
11202610157;NA1ESHR012-21SB;POLÍTICA INTERNACIONAL DOS EUA
11201720488;DB1NHT1066-15SA;MORFOFISIOLOGIA ANIMAL COMPARADA
11202020774;NANHH2035-13SB;HISTÓRIA DA FILOSOFIA CONTEMPORÂNEA: O SÉCULO XX
11202020774;NA1ESHP027-14SB;PODER LOCAL
11202020774;NA1NHH2089-16SB;PRÁTICA DE ENSINO DE FILOSOFIA: METODOLOGIAS
11202610074;DA1BHO0002-19SB;INTRODUÇÃO AO PENSAMENTO ECONÔMICO
11202421501;DA10BCM0505-22SA;PROCESSAMENTO DA INFORMAÇÃO
11202421501;DA1ESTA004-17SA;CIRCUITOS ELÉTRICOS II
11202130640;DB2MCTA022-17SA;REDES DE COMPUTADORES
11202022211;NA1ESHC028-17SB;ECONOMIA POLÍTICA
11202020115;NA1ESHR903-18SB;METODOLOGIA DE PESQUISA EM RELAÇÕES INTERNACIONAIS (TCC 1)
11202231695;NA1ESMA002-23SA;INOVAÇÕES PARA ENGENHARIA
11202421459;NA1ESTO013-17SA;ENGENHARIA ECONÔMICA
11202230651;DA1ESZI034-17SA;JOGOS DIGITAIS: ASPECTOS TÉCNICOS E APLICAÇÕES
11202021121;DA1NHZ1031-15SA;HISTÓRIA DAS IDEIAS BIOLÓGICAS
11202130322;DA1MCZC010-15SB;ATENÇÃO E ESTADOS DE CONSCIÊNCIA
11201920107;NA1MCZB015-13SA;INTRODUÇÃO À CRIPTOGRAFIA
11202421509;NB3BCN0407-15SA;FUNÇÕES DE VÁRIAS VARIÁVEIS
11202231500;DA1ESZR024-21SB;CAPITALISMO, IMPERIALISMO E DEPENDÊNCIA
11202022168;DA1MCTA022-17SA;REDES DE COMPUTADORES
11202421462;NA3MCTB010-13SA;CÁLCULO VETORIAL E TENSORIAL
11201921760;NA1LIE0001-19SA;METODOLOGIAS DE PESQUISA EM EDUCAÇÃO
11202231476;DA1ESTG009-17SB;GESTÃO DE OPERAÇÕES
11202111950;NA1ESHT026-21SB;BIODIVERSIDADE, GEODIVERSIDADE E PAISAGEM
11202232102;NA1NHZ1003-15SA;BIOFÍSICA
11202130424;NA1ESMA002-23SB;INOVAÇÕES PARA ENGENHARIA
11202230978;DA1ESTG010-17SB;INOVAÇÃO TECNOLÓGICA
11202320488;NA1ESTU006-17SA;GEOTECNIA
11202130714;NA1ESHC017-17SB;FINANÇAS PÚBLICAS
11202231469;NA1ESTU019-17SA;TEORIA DO PLANEJAMENTO URBANO E AMBIENTAL
11202520129;NA1BCN0407-15SA;FUNÇÕES DE VÁRIAS VARIÁVEIS
11202020011;DA1NHZ1094-19SA;ESCRITA E LEITURA NA EDUCAÇÃO EM CIÊNCIAS
11202410037;DB1BCJ0204-15SA;FENÔMENOS MECÂNICOS
11202610114;NA1ESZR003-21SB;AMÉRICA LATINA CONTEMPORÂNEA
11202230979;DA1ESHC030-17SB;DESIGUALDADES DE RAÇA, GÊNERO E RENDA
11202230821;NA1ESZR003-21SB;AMÉRICA LATINA CONTEMPORÂNEA
11202520668;DA1BHQ0002-15SB;ESTUDOS ÉTNICO-RACIAIS
11202421993;NB1BCS0002-25SB;PROJETO DIRIGIDO
11202521013;DC3BCL0307-15SA;TRANSFORMAÇÕES QUÍMICAS
11202610006;DA2BCS0002-25SA;PROJETO DIRIGIDO
11202521116;DA2BCN0407-15SA;FUNÇÕES DE VÁRIAS VARIÁVEIS
11202532650;DA2BIQ0602-15SA;ESTRUTURA E DINÂMICA SOCIAL
11202532650;DA1ESZU002-17SA;COMPOSTAGEM
11202231259;NA1ESHP027-14SB;PODER LOCAL
11202021901;NA1ESTO005-17SB;INTRODUÇÃO ÀS ENGENHARIAS
11202021901;NA1ESTB015-17SB;PRINCÍPIOS DE ÉTICA EM SERVIÇOS DE SAÚDE
11202021901;NA5BCM0505-22SA;PROCESSAMENTO DA INFORMAÇÃO
11202322026;NA1BCJ0204-15SB;FENÔMENOS MECÂNICOS
11202510060;NA2BCM0505-22SA;PROCESSAMENTO DA INFORMAÇÃO
11202420257;DB1BIR0603-15SA;CIÊNCIA, TECNOLOGIA E SOCIEDADE
11202410072;DA1ESHP019-22SB;REGIMES E FORMAS DE GOVERNO
11201920179;NA1ESTA013-17SA;FUNDAMENTOS DE ROBÓTICA
11202420438;NA1ESZE045-17SA;RESÍDUOS NUCLEARES
11201920471;NA2BCS0002-25SA;PROJETO DIRIGIDO
11201921712;NA1ESZR003-21SB;AMÉRICA LATINA CONTEMPORÂNEA
11202131496;NA1MCZA004-13SA;AVALIAÇÃO DE DESEMPENHO DE REDES
11202321226;NA1ESTO001-17SA;CIRCUITOS ELÉTRICOS E FOTÔNICA
11202522289;DA3BCL0307-15SA;TRANSFORMAÇÕES QUÍMICAS
11202522486;NA1BHO0101-15SB;ESTADO E RELAÇÕES DE PODER
11202230667;NA1ESTU033-17SA;RESÍDUOS SÓLIDOS
11202321571;NA1MCZA004-13SA;AVALIAÇÃO DE DESEMPENHO DE REDES
11202510057;DA1ESHC002-17SB;CONTABILIDADE BÁSICA
11202231114;NA1ESHP012-22SB;DIREITO ADMINISTRATIVO
11202521283;DA1BIR0004-15SB;BASES EPISTEMOLÓGICAS DA CIÊNCIA MODERNA
11202321571;DA1ESHP028-22SB;POLÍTICAS DIGITAIS, DADOS E GESTÃO ALGORÍTMICA
11202320541;DA2BCN0402-15SA;FUNÇÕES DE UMA VARIÁVEL
11202320541;DB2BCS0004-25SA;PRÁTICAS EXTENSIONISTAS EM LETRAMENTO DIGITAL
11202320541;DA1NHZ1092-19SA;EDUCAÇÃO EM SEXUALIDADE
11201722706;NA4BCJ0204-15SA;FENÔMENOS MECÂNICOS
11202420519;NA2BCL0306-15SB;BIODIVERSIDADE: INTERAÇÕES ENTRE ORGANISMOS E AMBIENTE
11202420519;NA1BCM0504-15SB;NATUREZA DA INFORMAÇÃO
11202521554;DA7BCM0505-22SA;PROCESSAMENTO DA INFORMAÇÃO
11202520380;NA1BCM0505-22SA;PROCESSAMENTO DA INFORMAÇÃO
11202021221;NB1ESTA001-17SA;DISPOSITIVOS ELETRÔNICOS
11202421707;DA1LIE0001-19SA;METODOLOGIAS DE PESQUISA EM EDUCAÇÃO
11202521827;DA1ESHC033-21SB;ECONOMIA BRASILEIRA CONTEMPORÂNEA
11202111869;NB1BCJ0204-15SB;FENÔMENOS MECÂNICOS
11202321571;NA1BCM0504-15SB;NATUREZA DA INFORMAÇÃO
11202321466;DA1ESTB019-17SB;BIOESTATÍSTICA
11202321328;NA1ESTU012-17SA;POLUIÇÃO ATMOSFÉRICA
11202522070;NA1ESTU012-17SA;POLUIÇÃO ATMOSFÉRICA
11201921843;NA1ESTU021-17SA;TRANSPORTES E MOBILIDADE URBANA
11202231823;NA1ESEN002-23SA;ENERGIA, MEIO AMBIENTE E SOCIEDADE
11201932492;NA1MCCC004-23SA;ANÁLISE DE ALGORITMOS I
11202321328;DA1BCM0504-15SA;NATUREZA DA INFORMAÇÃO
11202521775;ND3BCL0307-15SA;TRANSFORMAÇÕES QUÍMICAS
11202320408;NA2BCJ0205-15SA;FENÔMENOS TÉRMICOS
11202420432;NA2BCJ0205-15SA;FENÔMENOS TÉRMICOS
11202130635;DAESTI013-17SA;SISTEMAS MICROPROCESSADOS
11202522014;NA2BCN0402-15SA;FUNÇÕES DE UMA VARIÁVEL
11201722009;NA1MCCC004-23SA;ANÁLISE DE ALGORITMOS I
11202422176;NB1LCT1003-24SA;ESTÁGIO III NO ENSINO FUNDAMENTAL
11019316;NA1ESTA002-17SA;CIRCUITOS ELÉTRICOS I
11202021108;DA2MCTA026-13SA;SISTEMAS OPERACIONAIS
11202522468;NA1ESHP032-22SB;PODER LEGISLATIVO E PROCESSO DECISÓRIO
11202522468;NA1ESHP012-22SB;DIREITO ADMINISTRATIVO
11202522468;NA1ESHP019-22SB;REGIMES E FORMAS DE GOVERNO
11202320988;NANHT3068-15SA;MECÂNICA CLÁSSICA I
11202320988;NA1ESZM022-17SA;CERÂMICAS ESPECIAIS E REFRATÁRIAS
11201722848;NA2MCTB010-13SA;CÁLCULO VETORIAL E TENSORIAL
11202321765;DA1ESHC033-21SB;ECONOMIA BRASILEIRA CONTEMPORÂNEA
11202321658;DA1ESZR027-21SB;DIÁSPORAS AFRICANAS E AS RELAÇÕES INTERNACIONAIS
11202320719;DA1BCN0402-15SA;FUNÇÕES DE UMA VARIÁVEL
11202231273;DA2MCZA024-17SA;REDES SEM FIO
11202130338;NA1ESGE001-23SB;ENGENHARIA DE SEGURANÇA DO TRABALHO
11202231077;DA1BCJ0204-15SB;FENÔMENOS MECÂNICOS
11202610106;NA1ESHR014-21SB;RELAÇÕES INTERNACIONAIS CONTEMPORÂNEAS
11202020080;NA1ESZG005-17SB;TÉCNICAS DE TOMADAS DE DECISÃO APLICÁVEIS EM MODELOS DE INTERDEPENDÊNCIA
11202320618;NA1MCZB015-13SA;INTRODUÇÃO À CRIPTOGRAFIA
11201722867;NC1LCT1003-24SA;ESTÁGIO III NO ENSINO FUNDAMENTAL
11202420336;NA1ESTO005-17SA;INTRODUÇÃO ÀS ENGENHARIAS
11202231259;NB1ESTO008-17SA;MECÂNICA DOS SÓLIDOS I
11202520462;DB1BIS0003-15SB;BASES MATEMÁTICAS
11202321337;NA1ESAE006-23SB;AERONAVES DIRIGÍVEIS
11202231710;DA3BCN0407-15SA;FUNÇÕES DE VÁRIAS VARIÁVEIS
11202520314;NB2BHQ0002-15SB;ESTUDOS ÉTNICO-RACIAIS
11202322133;DA1BCS0004-25SA;PRÁTICAS EXTENSIONISTAS EM LETRAMENTO DIGITAL
11202420928;DA1ESTO011-17SA;FUNDAMENTOS DE DESENHO TÉCNICO
11202231147;DA1ESTG021-17SB;SISTEMAS CAD/CAE
11202130012;NA1ESTO016-17SA;FENÔMENOS DE TRANSPORTE
11202022150;NA1ESTU005-17SA;CLIMATOLOGIA
11202131701;NA1NHLB005-23SA;PRÁTICAS DE ENSINO DE CIÊNCIAS NO ENSINO FUNDAMENTAL
11201810550;NA1ESTU015-17SA;SAÚDE AMBIENTAL
11202231963;NA1ESTU027-17SA;FUNDAMENTOS DE GEOLOGIA PARA ENGENHARIA
11202610100;NA1ESZR003-21SB;AMÉRICA LATINA CONTEMPORÂNEA
11202232259;NA1BHS0002-23SB;ARENAS E PROBLEMAS PÚBLICOS
11202520991;DA1BCN0402-15SB;FUNÇÕES DE UMA VARIÁVEL
11202522093;DA1BIR0603-15SA;CIÊNCIA, TECNOLOGIA E SOCIEDADE
11202421509;NB1BIR0004-15SA;BASES EPISTEMOLÓGICAS DA CIÊNCIA MODERNA
11202421623;NA1ESBM004-23SB;FUNDAMENTOS DE FISIOPATOLOGIA PARA ENGENHARIAS I
11202130320;DB1BCS0004-25SA;PRÁTICAS EXTENSIONISTAS EM LETRAMENTO DIGITAL
11202521796;NA1MCTD010-18SA;HISTÓRIA DA MATEMÁTICA
11202111657;NA1ESZR027-21SB;DIÁSPORAS AFRICANAS E AS RELAÇÕES INTERNACIONAIS
11202020919;NA1ESAE001-23SB;APLICAÇÕES ESTRUTURAIS DE MATERIAIS COMPÓSITOS
11202521672;DB1BCN0404-15SA;GEOMETRIA ANALÍTICA
11202420192;NA1NHZ4062-15SA;MEIO AMBIENTE E INDÚSTRIA
11202421696;DA1MCCC001-23SA;ALGORITMOS E ESTRUTURAS DE DADOS I
11202111801;DA1ESTG009-17SB;GESTÃO DE OPERAÇÕES
11202130261;DA1ESAE006-23SB;AERONAVES DIRIGÍVEIS
11202212474;DA1ESTG009-17SB;GESTÃO DE OPERAÇÕES
11202212474;NA1ESZE111-17SA;POLÍTICA ENERGÉTICA
11201920862;NA2MCTA006-17SA;CIRCUITOS DIGITAIS
11201922342;NA1MCCC004-23SA;ANÁLISE DE ALGORITMOS I
11202420216;NA1MCTB009-17SA;CÁLCULO NUMÉRICO
11202521199;DB2BCL0307-15SA;TRANSFORMAÇÕES QUÍMICAS
11202421766;DA1MCCC001-23SA;ALGORITMOS E ESTRUTURAS DE DADOS I
11202320205;NA1ESTB019-17SB;BIOESTATÍSTICA
11202320205;DANHBF149-22SB;OFICINA DE PESQUISA EM FILOSOFIA I
11201922368;NA1LIE0001-19SA;METODOLOGIAS DE PESQUISA EM EDUCAÇÃO
11202421623;DA1LIE0001-19SA;METODOLOGIAS DE PESQUISA EM EDUCAÇÃO
11202421877;DA1ESTU023-17SA;BIOMAS BRASILEIROS
11202321937;NA1ESHT026-21SB;BIODIVERSIDADE, GEODIVERSIDADE E PAISAGEM
11202321937;DA1LHZ0040-22SB;ENSINO DE HISTÓRIA DA ÁFRICA
11202320915;DA3BCM0505-22SB;PROCESSAMENTO DA INFORMAÇÃO
11201810466;NA1ESTU006-17SA;GEOTECNIA
11202230559;NA1ESHC008-21SB;ECONOMIA BRASILEIRA II
11202131360;DA1BCN0407-15SA;FUNÇÕES DE VÁRIAS VARIÁVEIS
11202422092;DA2BCJ0204-15SB;FENÔMENOS MECÂNICOS
11202521932;DA2BCN0407-15SA;FUNÇÕES DE VÁRIAS VARIÁVEIS
11202521932;DC4BCL0307-15SA;TRANSFORMAÇÕES QUÍMICAS
11202231431;NA1LHZ0028-19SB;PRÁTICAS DE ENSINO DE GEOGRAFIA: METODOLOGIAS
11202231431;NA1NHLB003-23SA;PRÁTICAS DE ENSINO DE BIOLOGIA E CURRÍCULO
11202231076;NA1ESZM036-17SA;BLENDAS POLIMÉRICAS
11202420683;NA1MCTD010-18SA;HISTÓRIA DA MATEMÁTICA
11202020629;NAESTA005-17SA;ANÁLISE DE SISTEMAS DINÂMICOS LINEARES
11202020629;NA2ESMA002-23SA;INOVAÇÕES PARA ENGENHARIA
11202320257;NA1NHBQ017-22SA;TÓPICOS ESPECIAIS EM QUÍMICA ORGÂNICA
11202422002;DA1ESHR002-21SB;TEMAS DE DIREITO INTERNACIONAL PÚBLICO
11202131191;NA1ESTU039-17SB;REGULAÇÃO AMBIENTAL E URBANÍSTICA
11202532590;DA1BIQ0602-15SB;ESTRUTURA E DINÂMICA SOCIAL
11202420442;NA1ESHR026-14SB;HISTÓRIA DO TERCEIRO MUNDO
11202521493;DB2BCN0407-15SA;FUNÇÕES DE VÁRIAS VARIÁVEIS
11202521503;NA1ESTI004-17SA;PRINCÍPIOS DE COMUNICAÇÃO
11202020297;NA2ESTO006-17SA;MATERIAIS E SUAS PROPRIEDADES
11202532599;DA1BIR0603-15SB;CIÊNCIA, TECNOLOGIA E SOCIEDADE
11202521558;DA1NHZ1091-19SA;EDUCAÇÃO EM SAÚDE
11202231415;NA2MCTB010-13SA;CÁLCULO VETORIAL E TENSORIAL
11201920902;NA1ESTE032-17SA;ENGENHARIA SOLAR TÉRMICA
11201920902;NA1NHT1062-15SA;EVOLUÇÃO
11202521972;NA3BCM0505-22SB;PROCESSAMENTO DA INFORMAÇÃO
11202521972;NANHH2086-16SB;HISTÓRIA DA FILOSOFIA MEDIEVAL: DO SÉCULO IV AO X
11202532719;DA1BHO1335-15SB;FORMAÇÃO DO SISTEMA INTERNACIONAL
11202532719;DA1BHO0002-19SB;INTRODUÇÃO AO PENSAMENTO ECONÔMICO
11202321480;NA1ESZE052-17SA;GERAÇÃO DISTRIBUÍDA
11202130635;NA1ESTO008-17SA;MECÂNICA DOS SÓLIDOS I
11202131440;NA1ESHT002-17SB;CARTOGRAFIA E GEOPROCESSAMENTO PARA O PLANEJAMENTO TERRITORIAL
11202322118;DA1ESZM027-17SA;MATERIAIS PARA ENERGIA E AMBIENTE
11202520878;DB1MCTB001-17SA;ÁLGEBRA LINEAR
11202522345;NA1ESZE031-17SA;PROCESSOS TERMOQUÍMICOS DE CONVERSÃO ENERGÉTICA
11202522345;NA1ESTU033-17SA;RESÍDUOS SÓLIDOS
11202421161;NB2BCN0404-15SA;GEOMETRIA ANALÍTICA
11202420198;DA1MCTB010-13SA;CÁLCULO VETORIAL E TENSORIAL
11202420198;DA1ESTO006-17SA;MATERIAIS E SUAS PROPRIEDADES
11201810679;NA1NHBQ014-22SA;QUÍMICA ORGÂNICA EXPERIMENTAL
11202131332;DA1BCS0001-25SA;BASE EXPERIMENTAL DAS CIÊNCIAS NATURAIS
11202021863;DA1ESHT006-17SB;ECONOMIA URBANA
11202230678;DA1MCTD010-18SA;HISTÓRIA DA MATEMÁTICA
11202230678;DANHZ3095-22SA;LITERATURA E ENSINO DE CIÊNCIAS
11202230678;DA1NHLB005-23SA;PRÁTICAS DE ENSINO DE CIÊNCIAS NO ENSINO FUNDAMENTAL
11202131755;DA1MCTA033-15SA;ENGENHARIA DE SOFTWARE
11202520831;DA1BCN0402-15SA;FUNÇÕES DE UMA VARIÁVEL
11202320679;NA1ESHC028-17SB;ECONOMIA POLÍTICA
11202421771;DA1MCCC001-23SA;ALGORITMOS E ESTRUTURAS DE DADOS I
11202421012;NA1ESTO005-17SB;INTRODUÇÃO ÀS ENGENHARIAS
11202231600;DA1ESTG021-17SB;SISTEMAS CAD/CAE
11202420287;NA2BCN0407-15SA;FUNÇÕES DE VÁRIAS VARIÁVEIS
11202231272;NB1MCTA022-17SA;REDES DE COMPUTADORES
11202521407;NA3BCJ0205-15SB;FENÔMENOS TÉRMICOS
11202522262;DA1BIR0603-15SA;CIÊNCIA, TECNOLOGIA E SOCIEDADE
11202610015;NC4BCL0307-15SA;TRANSFORMAÇÕES QUÍMICAS
11202320392;NA1BCS0002-25SA;PROJETO DIRIGIDO
11202322137;DA5BCJ0205-15SA;FENÔMENOS TÉRMICOS
11202131365;NA1NHT1053-15SB;BIOLOGIA CELULAR
11202420314;DA1MCCC001-23SA;ALGORITMOS E ESTRUTURAS DE DADOS I
11201920138;NA1MCZB015-13SA;INTRODUÇÃO À CRIPTOGRAFIA
11202231257;NA1NHT1002-15SA;BIOÉTICA
11202230312;DB1BCK0104-15SA;INTERAÇÕES ATÔMICAS E MOLECULARES
11202522261;DA3BCN0407-15SA;FUNÇÕES DE VÁRIAS VARIÁVEIS
11202322035;NA1ESZB021-17SB;INTRODUÇÃO À ENGENHARIA BIOMÉDICA
11201921338;DA1ESTU005-17SA;CLIMATOLOGIA
11201921338;DA1ESZU034-17SA;ECOLOGIA DO AMBIENTE URBANO
11201921338;DA1ESTU015-17SA;SAÚDE AMBIENTAL
11202421118;DA1BCN0402-15SB;FUNÇÕES DE UMA VARIÁVEL
11202521745;NA1ESTO017-17SA;MÉTODOS EXPERIMENTAIS EM ENGENHARIA
11202111562;NA1NHT4033-15SA;PRÁTICAS EM QUÍMICA VERDE
11202521432;DB1MCTB001-17SA;ÁLGEBRA LINEAR
11202421075;NA1ESHT025-17SB;DESENVOLVIMENTO ECONÔMICO E SOCIAL NO BRASIL
11201922254;NA1NHZ4062-15SA;MEIO AMBIENTE E INDÚSTRIA
11202520914;NB3BCN0407-15SA;FUNÇÕES DE VÁRIAS VARIÁVEIS
11202230810;NA1ESHR903-18SB;METODOLOGIA DE PESQUISA EM RELAÇÕES INTERNACIONAIS (TCC 1)
11202321017;NA1ESHR007-21SB;GEOPOLÍTICA
11202321070;NB1ESTA003-17SA;SISTEMAS DE CONTROLE I
11202521593;DA1MCZC021-20SB;NEUROPSICOLOGIA
11202021557;NA1ESZB021-17SB;INTRODUÇÃO À ENGENHARIA BIOMÉDICA
11201920518;NA1ESZR003-21SB;AMÉRICA LATINA CONTEMPORÂNEA
11202210007;NA1ESTO006-17SA;MATERIAIS E SUAS PROPRIEDADES
11202022172;NA1ESZE031-17SA;PROCESSOS TERMOQUÍMICOS DE CONVERSÃO ENERGÉTICA
11202130682;NA2BCS0001-25SA;BASE EXPERIMENTAL DAS CIÊNCIAS NATURAIS
11202420699;DB1BCN0404-15SA;GEOMETRIA ANALÍTICA
11202420699;NA1ESTO008-17SA;MECÂNICA DOS SÓLIDOS I
11202422076;DA1ESZU036-17SA;SAÚDE, DETERMINANTES SOCIOAMBIENTAIS E EQUIDADE
11202021616;DA1ESTU021-17SA;TRANSPORTES E MOBILIDADE URBANA
11202130346;NA1ESZI041-18SA;PROGRAMAÇÃO DE SOFTWARE EMBARCADO
11202522208;DA1BHO0002-19SB;INTRODUÇÃO AO PENSAMENTO ECONÔMICO
11202422082;NB2BCN0404-15SA;GEOMETRIA ANALÍTICA
11202422082;DB1ESTO013-17SB;ENGENHARIA ECONÔMICA
11024416;DB2BCM0505-22SB;PROCESSAMENTO DA INFORMAÇÃO
11024416;DA1MCTD010-18SA;HISTÓRIA DA MATEMÁTICA
11024416;DA1ESTS003-17SB;INTRODUÇÃO À ASTRONÁUTICA
11201721058;NA1NHBQ014-22SA;QUÍMICA ORGÂNICA EXPERIMENTAL
11202420719;DA1LIE0001-19SA;METODOLOGIAS DE PESQUISA EM EDUCAÇÃO
11201921710;NB2BCM0505-22SB;PROCESSAMENTO DA INFORMAÇÃO
11202231486;DB2BCN0407-15SA;FUNÇÕES DE VÁRIAS VARIÁVEIS
11202320639;NA2MCTB010-13SA;CÁLCULO VETORIAL E TENSORIAL
11201932560;NA1ESZE093-17SA;ENGENHARIA DO BIODIESEL
11202521641;NA1MCTD020-18SA;CONSTRUÇÕES GEOMÉTRICAS E GEOMETRIA MÉTRICA
11202130392;NA1ESAE001-23SB;APLICAÇÕES ESTRUTURAIS DE MATERIAIS COMPÓSITOS
11202231593;NANHH2035-13SB;HISTÓRIA DA FILOSOFIA CONTEMPORÂNEA: O SÉCULO XX
11202522272;NA2BCN0407-15SB;FUNÇÕES DE VÁRIAS VARIÁVEIS
11202610056;DB1BIR0603-15SA;CIÊNCIA, TECNOLOGIA E SOCIEDADE
11202421798;NA7BCM0505-22SA;PROCESSAMENTO DA INFORMAÇÃO
11202321996;NA1ESZR023-21SB;AS CATEGORIAS DE KARL MARX E A ANÁLISE DO CAPITALISMO CONTEMPORÂNEO
11201812126;DANHBF149-22SB;OFICINA DE PESQUISA EM FILOSOFIA I
11202420382;DA1NHI5002-15SA;DIDÁTICA
11202420382;DA1ESZU034-17SA;ECOLOGIA DO AMBIENTE URBANO
11202420382;DA1ESTU019-17SA;TEORIA DO PLANEJAMENTO URBANO E AMBIENTAL
13201910022;DA1ESHP005-13SB;CONFLITOS SOCIAIS
11202021850;NA1ESTO008-17SA;MECÂNICA DOS SÓLIDOS I
11202521250;NAMCNC002-23SB;NEUROCIÊNCIA TEÓRICA E COMPUTACIONAL
11202231486;DA2ESMA001-23SB;SOLUÇÕES PARA DESAFIOS EM ENGENHARIA
11202532579;NB2BCN0402-15SA;FUNÇÕES DE UMA VARIÁVEL
11202231430;DEESZR025-21SB;CONFLITOS, PAZ E NEGOCIAÇÃO INTERNACIONAL (PRÁTICA)
11202321824;DA1ESHC035-21SB;ECONOMETRIA I
11202130345;DA1MCZA002-17SA;APRENDIZADO DE MÁQUINA
11202521493;DA1ESTS003-17SB;INTRODUÇÃO À ASTRONÁUTICA
11202320182;NA1NHZ6006-18SA;PROTEÍNAS RECOMBINANTES
11202521696;NA2ESTA013-17SA;FUNDAMENTOS DE ROBÓTICA
11202232027;DA1ESTU005-17SA;CLIMATOLOGIA
11202321475;DA1ESTE019-17SA;INSTALAÇÕES ELÉTRICAS I
11201921154;NA1ESTU012-17SA;POLUIÇÃO ATMOSFÉRICA
11202320182;NA1ESTU040-17SA;PROJETO AMBIENTAL URBANO
11202321602;NA1NHLB003-23SA;PRÁTICAS DE ENSINO DE BIOLOGIA E CURRÍCULO
11201921154;NAESTA005-17SA;ANÁLISE DE SISTEMAS DINÂMICOS LINEARES
11202111917;DA1ESTU012-17SA;POLUIÇÃO ATMOSFÉRICA
11202020920;NB2BCN0404-15SA;GEOMETRIA ANALÍTICA
11202130412;NA1ESTU010-17SA;MICROBIOLOGIA AMBIENTAL
11202020920;NB2BCM0505-22SB;PROCESSAMENTO DA INFORMAÇÃO
11202231306;NA1ESZP037-22SB;POLÍTICAS DE SEGURANÇA PÚBLICA E VIOLÊNCIA
11202210073;NA1ESZP037-22SB;POLÍTICAS DE SEGURANÇA PÚBLICA E VIOLÊNCIA
11202020760;NA1MCTB010-13SA;CÁLCULO VETORIAL E TENSORIAL
11202020760;DA1LHZ0040-22SB;ENSINO DE HISTÓRIA DA ÁFRICA
11202421427;DA1NHT1002-15SA;BIOÉTICA
11202212421;DA2BCN0407-15SB;FUNÇÕES DE VÁRIAS VARIÁVEIS
11202131851;NA1ESZR024-21SB;CAPITALISMO, IMPERIALISMO E DEPENDÊNCIA
11202231572;DA1MCTA033-15SA;ENGENHARIA DE SOFTWARE
11201810451;DA1ESHC040-21SB;RELAÇÕES MONETÁRIAS E FINANCEIRAS INTERNACIONAIS
11202020422;DA1MCTA022-17SA;REDES DE COMPUTADORES
11202020422;NA1MCTA023-17SA;SEGURANÇA DE DADOS
11202322168;DA1BCS0004-25SA;PRÁTICAS EXTENSIONISTAS EM LETRAMENTO DIGITAL
11202231949;NA1NHT1073-15SA;ECOLOGIA VEGETAL
11202321761;NA1ESZR027-21SB;DIÁSPORAS AFRICANAS E AS RELAÇÕES INTERNACIONAIS
11202231832;NA1ESTO013-17SA;ENGENHARIA ECONÔMICA
11202522078;DB1BIS0003-15SB;BASES MATEMÁTICAS
11202021749;NANHH2007-13SB;ESTÉTICA
11202320690;NA1ESZE111-17SA;POLÍTICA ENERGÉTICA
11202232106;DA1ESTG009-17SB;GESTÃO DE OPERAÇÕES
11202020246;NA1ESTU005-17SA;CLIMATOLOGIA
11202020246;NA1ESTU033-17SA;RESÍDUOS SÓLIDOS
11202310084;DA1ESHR023-21SB;TEORIAS CONTEMPORÂNEAS DAS RELAÇÕES INTERNACIONAIS
11202522316;NA7BCJ0205-15SA;FENÔMENOS TÉRMICOS
11201922352;DA1ESTM006-17SA;MATERIAIS POLIMÉRICOS
11201922352;NA1ESTM015-17SA;REOLOGIA
11202232296;NA1ESZE111-17SA;POLÍTICA ENERGÉTICA
11202111630;NA1ESHR007-21SB;GEOPOLÍTICA
11202421124;NA1NHT1055-15SA;FUNDAMENTOS DE IMUNOLOGIA
11202130464;NA1ESZU036-17SA;SAÚDE, DETERMINANTES SOCIOAMBIENTAIS E EQUIDADE
11201921478;DB1BIS0003-15SB;BASES MATEMÁTICAS
11201812124;NA1ESHP016-22SB;MÉTODOS QUANTITATIVOS EM POLÍTICAS PÚBLICAS
11202520316;DA1BIR0603-15SB;CIÊNCIA, TECNOLOGIA E SOCIEDADE
11202321538;NB1NHT1066-15SA;MORFOFISIOLOGIA ANIMAL COMPARADA
11202522512;NA1BCL0307-15SB;TRANSFORMAÇÕES QUÍMICAS
11201810156;NB1BIR0603-15SA;CIÊNCIA, TECNOLOGIA E SOCIEDADE
11202130444;NA1ESAU012-23SA;AVALIAÇÃO AMBIENTAL ESTRATÉGICA
11202521040;DA1BIQ0602-15SB;ESTRUTURA E DINÂMICA SOCIAL
11202320565;NA2BCN0407-15SB;FUNÇÕES DE VÁRIAS VARIÁVEIS
11202420867;DA1ESTU015-17SA;SAÚDE AMBIENTAL
11202521567;NA1ESZP037-22SB;POLÍTICAS DE SEGURANÇA PÚBLICA E VIOLÊNCIA
11202020041;DA1MCZB015-13SA;INTRODUÇÃO À CRIPTOGRAFIA
11202320231;NA1ESTO017-17SA;MÉTODOS EXPERIMENTAIS EM ENGENHARIA
11201722358;NA1ESTB020-17SB;MODELAGEM DE SISTEMAS DINÂMICOS I
11202022092;DA1ESHR016-21SB;SISTEMA FINANCEIRO INTERNACIONAL
11202320596;NA1ESZE093-17SA;ENGENHARIA DO BIODIESEL
11202520696;DA1ESTO011-17SB;FUNDAMENTOS DE DESENHO TÉCNICO
11202230477;DA2ESMA001-23SB;SOLUÇÕES PARA DESAFIOS EM ENGENHARIA
11202131366;NA7BCM0505-22SA;PROCESSAMENTO DA INFORMAÇÃO
11202421487;DA1NHT1073-15SA;ECOLOGIA VEGETAL
11202231128;DA1ESAU012-23SA;AVALIAÇÃO AMBIENTAL ESTRATÉGICA
11202021190;NANHH2073-18SB;TEORIA DO CONHECIMENTO: EMPIRISMO E RACIONALISMO
11201720134;DA1NHZ1003-15SA;BIOFÍSICA
11202131366;NA1ESTE036-17SA;ECONOMIA DA ENERGIA
11202610049;DB1ESTO008-17SA;MECÂNICA DOS SÓLIDOS I
11202420151;DA1NHZ1003-15SA;BIOFÍSICA
11202131318;NA1ESTM015-17SA;REOLOGIA
11202231480;NA2ESHC008-21SB;ECONOMIA BRASILEIRA II
11202610049;DA2ESMA002-23SA;INOVAÇÕES PARA ENGENHARIA
11202521558;DB1BCK0103-15SA;FÍSICA QUÂNTICA
11202420619;DB1BCK0103-15SA;FÍSICA QUÂNTICA
11202521481;DA1ESHC033-21SB;ECONOMIA BRASILEIRA CONTEMPORÂNEA
11202321668;NB1NHT1066-15SA;MORFOFISIOLOGIA ANIMAL COMPARADA
11202522446;NB2MCTB001-17SA;ÁLGEBRA LINEAR
11201822448;DA1ESAE002-23SA;DESENHO UNIVERSAL E TECNOLOGIA ASSISTIVA
11201822448;DA1ESZU002-17SA;COMPOSTAGEM
11201921225;DA1ESHT026-21SB;BIODIVERSIDADE, GEODIVERSIDADE E PAISAGEM
11202131402;NAESTA017-17SA;LABORATÓRIO DE MÁQUINAS ELÉTRICAS
11202131402;NAESTA005-17SA;ANÁLISE DE SISTEMAS DINÂMICOS LINEARES
11201811736;DB1BCK0104-15SA;INTERAÇÕES ATÔMICAS E MOLECULARES
11202320391;DA1ESAE002-23SA;DESENHO UNIVERSAL E TECNOLOGIA ASSISTIVA
11202420905;DA1ESHR016-21SB;SISTEMA FINANCEIRO INTERNACIONAL
11202020695;DA1ESHP028-22SB;POLÍTICAS DIGITAIS, DADOS E GESTÃO ALGORÍTMICA
11202310020;NA2NHT1061-15SA;GENÉTICA I
11202232214;DA1MCTD022-18SA;ÁLGEBRA NA EDUCAÇÃO BÁSICA
11202131511;NA1ESZR026-21SB;DESLOCAMENTO FORÇADO, REFÚGIO E HUMANITARISMO
11202022277;DB1MCTB001-17SA;ÁLGEBRA LINEAR
11202022277;DA1ESAU010-23SA;CARTOGRAFIA E GEOPROCESSAMENTO
11202022277;DA1ESTU005-17SA;CLIMATOLOGIA
11202022277;DA1ESTU032-17SA;REPRESENTAÇÃO GRÁFICA DE PROJETOS AMBIENTAIS E URBANOS
11202131974;NB2BCM0505-22SB;PROCESSAMENTO DA INFORMAÇÃO
11202020676;DA1NHT1065-15SA;ZOOLOGIA DE VERTEBRADOS
11202131402;NB1ESTI010-17SA;COMUNICAÇÕES ÓPTICAS
11202321387;NA1ESBM007-23SB;FUNDAMENTOS DE SINAIS E SISTEMAS DE TEMPO DISCRETO
11202332400;NA2ESTO017-17SA;MÉTODOS EXPERIMENTAIS EM ENGENHARIA
11202610074;DB1BHP0001-15SB;ÉTICA E JUSTIÇA
21047616;DA1ESHC028-17SB;ECONOMIA POLÍTICA
11202111760;NA1ESZP037-22SB;POLÍTICAS DE SEGURANÇA PÚBLICA E VIOLÊNCIA
11202521866;DB1BIR0603-15SA;CIÊNCIA, TECNOLOGIA E SOCIEDADE
11202131236;NA2BCM0504-15SA;NATUREZA DA INFORMAÇÃO
11202231326;NA1ESTM003-17SA;TÓPICOS COMPUTACIONAIS EM MATERIAIS
11202021850;NA2ESTE020-17SA;INSTALAÇÕES ELÉTRICAS II
11201722799;NA2BCL0306-15SB;BIODIVERSIDADE: INTERAÇÕES ENTRE ORGANISMOS E AMBIENTE
11202020322;NA1ESTM015-17SA;REOLOGIA
11202111790;NA1NHLB003-23SA;PRÁTICAS DE ENSINO DE BIOLOGIA E CURRÍCULO
11202521105;DB1BCS0004-25SB;PRÁTICAS EXTENSIONISTAS EM LETRAMENTO DIGITAL
11202231705;DA1ESAE006-23SB;AERONAVES DIRIGÍVEIS
11202521217;NA1ESTO005-17SA;INTRODUÇÃO ÀS ENGENHARIAS
13201812300;NA1ESHR026-14SB;HISTÓRIA DO TERCEIRO MUNDO
11202420365;NA1NHT1002-15SB;BIOÉTICA
11202420365;NA1BHP0202-15SB;PENSAMENTO CRÍTICO
11202521252;NA3BCN0407-15SA;FUNÇÕES DE VÁRIAS VARIÁVEIS
11202320191;NA1ESHC032-17SB;MACROECONOMIA II
11202230839;DA1MCTA033-15SA;ENGENHARIA DE SOFTWARE
11202320993;NA1NHZ1096-19SA;PRÁTICAS DISCURSIVAS DA CIÊNCIA E EDUCAÇÃO EM CIÊNCIAS
11202320707;NB1MCTA022-17SA;REDES DE COMPUTADORES
11202232014;NA1NHZ1003-15SA;BIOFÍSICA
11202021852;NA1ESZB021-17SB;INTRODUÇÃO À ENGENHARIA BIOMÉDICA
11202021665;DA2ESTO017-17SA;MÉTODOS EXPERIMENTAIS EM ENGENHARIA
11202321146;DA1ESHC008-21SB;ECONOMIA BRASILEIRA II
11202421867;NA1MCTA023-17SA;SEGURANÇA DE DADOS
11202231162;NAESTI013-17SA;SISTEMAS MICROPROCESSADOS
11085115;NA1ESHR016-21SB;SISTEMA FINANCEIRO INTERNACIONAL
11202130334;NA1ESTU024-17SA;ANÁLISE DE SISTEMAS E MODELAGEM AMBIENTAL
11202230641;DA1ESZM040-17SA;PROCESSAMENTO E CONFORMAÇÃO DE METAIS I
11202230742;NA1ESZE052-17SA;GERAÇÃO DISTRIBUÍDA
11202111872;NA1BCK0103-15SA;FÍSICA QUÂNTICA
11202420901;NA2BCJ0204-15SB;FENÔMENOS MECÂNICOS
11202131678;NA1BHO0101-15SB;ESTADO E RELAÇÕES DE PODER
11202130292;NA1ESHR014-21SB;RELAÇÕES INTERNACIONAIS CONTEMPORÂNEAS
11202421221;DA1ESHC040-21SB;RELAÇÕES MONETÁRIAS E FINANCEIRAS INTERNACIONAIS
11202522138;DA2ESMA002-23SA;INOVAÇÕES PARA ENGENHARIA
11202521031;NA1BCN0407-15SA;FUNÇÕES DE VÁRIAS VARIÁVEIS
11202231763;DA1ESZG011-17SB;PLANEJAMENTO ESTRATÉGICO EM GESTÃO DE PROJETOS
11202520917;DB1MCTB009-17SB;CÁLCULO NUMÉRICO
11202321497;NA1ESHC032-17SB;MACROECONOMIA II
11202230346;NB1BCS0002-25SB;PROJETO DIRIGIDO
11202322052;DA1ESZR024-21SB;CAPITALISMO, IMPERIALISMO E DEPENDÊNCIA
11202021200;DA1ESTS007-17SB;ESTABILIDADE E CONTROLE DE AERONAVES
11201922269;NA1ESHP016-22SB;MÉTODOS QUANTITATIVOS EM POLÍTICAS PÚBLICAS
11202532632;NA1BCM0504-15SB;NATUREZA DA INFORMAÇÃO
11202532632;NB1ESTO013-17SB;ENGENHARIA ECONÔMICA
11202231372;NA1ESZU036-17SA;SAÚDE, DETERMINANTES SOCIOAMBIENTAIS E EQUIDADE
11202020056;DA1ESHR016-21SB;SISTEMA FINANCEIRO INTERNACIONAL
11202332384;DA2MCTB009-17SA;CÁLCULO NUMÉRICO
11202421138;NA1ESTO011-17SA;FUNDAMENTOS DE DESENHO TÉCNICO
11202421138;NA1ESTU007-17SA;HABITAÇÃO E ASSENTAMENTOS HUMANOS
11202130286;DA1NHH2017-16SB;FILOSOFIA DA EDUCAÇÃO
11202130286;DA1NHZ4081-20SB;PAULO FREIRE: EDUCAÇÃO PARA A CRITICIDADE
11202520262;NA1BIQ0602-15SB;ESTRUTURA E DINÂMICA SOCIAL
11202021246;NC6BCL0307-15SA;TRANSFORMAÇÕES QUÍMICAS
11202230523;DB1BCS0002-25SA;PROJETO DIRIGIDO
11202420863;NB1BCN0407-15SA;FUNÇÕES DE VÁRIAS VARIÁVEIS
11202022141;DA1ESZA020-17SA;ROBÔS MÓVEIS AUTÔNOMOS
11202520142;DA2BCN0402-15SA;FUNÇÕES DE UMA VARIÁVEL
11202230992;NA2BIQ0602-15SA;ESTRUTURA E DINÂMICA SOCIAL
11202421590;DB1BCK0103-15SA;FÍSICA QUÂNTICA
11202021879;NAESZB033-17SB;PROJETO E DESENVOLVIMENTO DE INTERFACES CÉREBRO-MÁQUINA
21060713;DA1ESTI002-17SB;ELETRÔNICA DIGITAL
11202610039;DA2BCJ0204-15SB;FENÔMENOS MECÂNICOS
11202521676;DA1NHZ2094-16SB;FILOSOFIA AFRICANA
11201921023;NA1ESTM001-17SA;ESTADO SÓLIDO
11202231302;NB1NHI5002-15SA;DIDÁTICA
11202130747;NA1ESTM010-17SB;PROPRIEDADES MECÂNICAS E TÉRMICAS
11202610108;DA1ESHR002-21SB;TEMAS DE DIREITO INTERNACIONAL PÚBLICO
11201810382;NA2ESTA001-17SA;DISPOSITIVOS ELETRÔNICOS
11202320836;NA1ESZU036-17SA;SAÚDE, DETERMINANTES SOCIOAMBIENTAIS E EQUIDADE
11202111072;DA1ESHP028-22SB;POLÍTICAS DIGITAIS, DADOS E GESTÃO ALGORÍTMICA
11202320793;NA1ESTE029-17SA;ENGENHARIA DE COMBUSTÍVEIS FÓSSEIS
11202420351;NB2BCJ0204-15SB;FENÔMENOS MECÂNICOS
11202321686;DB1BCK0103-15SA;FÍSICA QUÂNTICA
11202321457;DA1ESGE003-23SB;SISTEMAS CAM
11202130078;NA1NHZ6013-18SA;BIOTECNOLOGIA ANIMAL
11202230694;DB2BCJ0204-15SA;FENÔMENOS MECÂNICOS
11202230694;NB1BCL0307-15SA;TRANSFORMAÇÕES QUÍMICAS
11202130374;NA1MCCC013-23SA;OTIMIZAÇÃO LINEAR
11202320369;DA1NHBT005-23SA;PRÁTICAS EXTENSIONISTAS EM BIOTECNOLOGIA
21040915;DA1ESHR903-18SB;METODOLOGIA DE PESQUISA EM RELAÇÕES INTERNACIONAIS (TCC 1)
11202322273;NA2ESMA002-23SA;INOVAÇÕES PARA ENGENHARIA
11202320836;NA1ESTU006-17SA;GEOTECNIA
11202130184;DA1ESTU032-17SA;REPRESENTAÇÃO GRÁFICA DE PROJETOS AMBIENTAIS E URBANOS
11201922345;NB1BCJ0205-15SA;FENÔMENOS TÉRMICOS
11201920662;NA1ESZU036-17SA;SAÚDE, DETERMINANTES SOCIOAMBIENTAIS E EQUIDADE
11201921394;NA1ESTU039-17SB;REGULAÇÃO AMBIENTAL E URBANÍSTICA
11202410029;DA1ESTO008-17SB;MECÂNICA DOS SÓLIDOS I
11202231268;NA1ESTO011-17SB;FUNDAMENTOS DE DESENHO TÉCNICO
11202230521;NA1ESTB009-17SB;PRINCÍPIOS DE IMAGENS MÉDICAS
11202421077;DANHH2033-18SB;HISTÓRIA DA FILOSOFIA ANTIGA CLÁSSICA
11202421077;DANHH2086-16SB;HISTÓRIA DA FILOSOFIA MEDIEVAL: DO SÉCULO IV AO X
11201810227;DA1ESTU040-17SA;PROJETO AMBIENTAL URBANO
11202231651;NA1ESTO001-17SA;CIRCUITOS ELÉTRICOS E FOTÔNICA
11202322032;NA1ESTU021-17SA;TRANSPORTES E MOBILIDADE URBANA
11202021776;NA1NHT1055-15SA;FUNDAMENTOS DE IMUNOLOGIA
11202021776;NA1ESEN002-23SA;ENERGIA, MEIO AMBIENTE E SOCIEDADE
11202320527;DA1ESHR016-21SB;SISTEMA FINANCEIRO INTERNACIONAL
11202320562;DB2BCS0004-25SA;PRÁTICAS EXTENSIONISTAS EM LETRAMENTO DIGITAL
11202022118;NA1LHZ0040-22SB;ENSINO DE HISTÓRIA DA ÁFRICA
11202022118;NA1ESHR012-21SB;POLÍTICA INTERNACIONAL DOS EUA
11202320284;NA1ESEN002-23SA;ENERGIA, MEIO AMBIENTE E SOCIEDADE
11202231238;NA1ESHC040-21SB;RELAÇÕES MONETÁRIAS E FINANCEIRAS INTERNACIONAIS
11201920297;DA1MCCC001-23SA;ALGORITMOS E ESTRUTURAS DE DADOS I
11201932465;NA1ESTO012-17SA;PRINCÍPIOS DE ADMINISTRAÇÃO
11202130884;DA1ESTA013-17SA;FUNDAMENTOS DE ROBÓTICA
11202020320;NB1ESTO008-17SA;MECÂNICA DOS SÓLIDOS I
11202420240;DA1NHT1002-15SA;BIOÉTICA
11202231373;NA1ESGE001-23SB;ENGENHARIA DE SEGURANÇA DO TRABALHO
11202231750;NA1ESZR024-21SB;CAPITALISMO, IMPERIALISMO E DEPENDÊNCIA
11202231412;DA1ESHC002-17SB;CONTABILIDADE BÁSICA
11202231412;NA1ESHC030-17SB;DESIGUALDADES DE RAÇA, GÊNERO E RENDA
11201810361;DA1ESZG012-17SB;PROJETOS INDUSTRIAIS
11202521072;DA1MCZA006-17SA;COMPUTAÇÃO EVOLUTIVA E CONEXIONISTA
11202420881;NA1BHS0002-23SB;ARENAS E PROBLEMAS PÚBLICOS
11202521655;DA1ESTO005-17SA;INTRODUÇÃO ÀS ENGENHARIAS
11202432386;DA1BHP0202-15SB;PENSAMENTO CRÍTICO
11202320847;NA1ESTU015-17SA;SAÚDE AMBIENTAL
11202212472;DA6BCM0505-22SA;PROCESSAMENTO DA INFORMAÇÃO
11202522268;DA1ESTO005-17SA;INTRODUÇÃO ÀS ENGENHARIAS
11202130065;NA1MCZC010-15SB;ATENÇÃO E ESTADOS DE CONSCIÊNCIA
11201720668;NA1NHBT003-23SA;PRINCÍPIOS DE FISIOLOGIA PARA BIOTECNOLOGIA
11202232247;DA1MCTD022-18SA;ÁLGEBRA NA EDUCAÇÃO BÁSICA
11201921969;NA1ESTO013-17SA;ENGENHARIA ECONÔMICA
11202230655;NA1ESHR007-21SB;GEOPOLÍTICA
11201920297;NA1BCS0002-25SB;PROJETO DIRIGIDO
11202421214;NA1ESHP005-13SB;CONFLITOS SOCIAIS
11202420182;NB1BCS0002-25SB;PROJETO DIRIGIDO
11202210091;NA1ESHP005-13SB;CONFLITOS SOCIAIS
11202210064;NA1BHS0002-23SB;ARENAS E PROBLEMAS PÚBLICOS
11202321354;NA1ESHC017-17SB;FINANÇAS PÚBLICAS
11202231367;NA4BCN0402-15SA;FUNÇÕES DE UMA VARIÁVEL
11202421016;NA1ESTI003-17SB;TRANSFORMADAS EM SINAIS E SISTEMAS LINEARES
11202532700;NA1BIR0004-15SB;BASES EPISTEMOLÓGICAS DA CIÊNCIA MODERNA
11201722790;DA1ESTG010-17SB;INOVAÇÃO TECNOLÓGICA
11201722756;NA1ESTA003-17SA;SISTEMAS DE CONTROLE I
11202111767;NA1ESHR014-21SB;RELAÇÕES INTERNACIONAIS CONTEMPORÂNEAS
11201921723;NA1ESZU002-17SA;COMPOSTAGEM
11202532639;NA1ESTO011-17SA;FUNDAMENTOS DE DESENHO TÉCNICO
11202420272;NA1ESZP037-22SB;POLÍTICAS DE SEGURANÇA PÚBLICA E VIOLÊNCIA
11202521027;NB7BCJ0205-15SA;FENÔMENOS TÉRMICOS
11202421840;NA1NHT1065-15SA;ZOOLOGIA DE VERTEBRADOS
11202231636;DA1MCZA006-17SA;COMPUTAÇÃO EVOLUTIVA E CONEXIONISTA
11202420692;NB3BCN0407-15SA;FUNÇÕES DE VÁRIAS VARIÁVEIS
11201932461;NA1ESTO013-17SA;ENGENHARIA ECONÔMICA
11202421889;DB2BCN0407-15SA;FUNÇÕES DE VÁRIAS VARIÁVEIS
11202310089;NANHH2033-18SB;HISTÓRIA DA FILOSOFIA ANTIGA CLÁSSICA
11202521157;NA1BCN0404-15SA;GEOMETRIA ANALÍTICA
11202021488;NA1BCN0404-15SA;GEOMETRIA ANALÍTICA
11202420576;NA1ESHP005-13SB;CONFLITOS SOCIAIS
11202610089;NA1ESZR003-21SB;AMÉRICA LATINA CONTEMPORÂNEA
11202231407;NB1BIR0004-15SA;BASES EPISTEMOLÓGICAS DA CIÊNCIA MODERNA
11202321299;DA2MCCC001-23SA;ALGORITMOS E ESTRUTURAS DE DADOS I
11201810449;NA1ESTU021-17SA;TRANSPORTES E MOBILIDADE URBANA
11202532597;NB1BIR0004-15SA;BASES EPISTEMOLÓGICAS DA CIÊNCIA MODERNA
11202231732;NA1MCZA004-13SA;AVALIAÇÃO DE DESEMPENHO DE REDES
11202421491;DA1ESZI025-17SA;APLICAÇÕES DE MICROCONTROLADORES
11201922219;DA1ESHC002-17SB;CONTABILIDADE BÁSICA
11202522154;NA1LHZ0040-22SB;ENSINO DE HISTÓRIA DA ÁFRICA
11202320397;NA2BCM0504-15SA;NATUREZA DA INFORMAÇÃO
11202421228;NAMCNC002-23SB;NEUROCIÊNCIA TEÓRICA E COMPUTACIONAL
21040515;NANHH2007-13SB;ESTÉTICA
11202212440;NA1ESTU010-17SA;MICROBIOLOGIA AMBIENTAL
11202020205;NA1ESBM007-23SB;FUNDAMENTOS DE SINAIS E SISTEMAS DE TEMPO DISCRETO
11202021006;NA1NHZ1016-15SA;CONSERVAÇÃO DA BIODIVERSIDADE
11060516;DA1ESZS012-17SB;APLICAÇÕES DE ELEMENTOS FINITOS PARA ENGENHARIA
11202522154;DA1ESHC025-17SB;MICROECONOMIA I
21040515;NANHH2073-18SB;TEORIA DO CONHECIMENTO: EMPIRISMO E RACIONALISMO
11202111953;DA1ESTU040-17SA;PROJETO AMBIENTAL URBANO
11202420731;DA1ESHR016-21SB;SISTEMA FINANCEIRO INTERNACIONAL
11201812027;NAESTA017-17SA;LABORATÓRIO DE MÁQUINAS ELÉTRICAS
11202321328;NA1ESZE052-17SA;GERAÇÃO DISTRIBUÍDA
11202021733;NA1ESZE052-17SA;GERAÇÃO DISTRIBUÍDA
11202420223;DA1ESTS003-17SB;INTRODUÇÃO À ASTRONÁUTICA
11202421372;NA2ESTA013-17SA;FUNDAMENTOS DE ROBÓTICA
11202321906;DA2ESTO017-17SA;MÉTODOS EXPERIMENTAIS EM ENGENHARIA
11202212502;NA1ESHP032-22SB;PODER LEGISLATIVO E PROCESSO DECISÓRIO
11202421069;DA1NHZ1003-15SA;BIOFÍSICA
11202321906;DA2ESMA001-23SB;SOLUÇÕES PARA DESAFIOS EM ENGENHARIA
11202421647;DA1ESTO013-17SA;ENGENHARIA ECONÔMICA
11201921652;DA1BCL0306-15SA;BIODIVERSIDADE: INTERAÇÕES ENTRE ORGANISMOS E AMBIENTE
11201921652;DB2BCS0004-25SA;PRÁTICAS EXTENSIONISTAS EM LETRAMENTO DIGITAL
11201722868;DA1ESBM004-23SB;FUNDAMENTOS DE FISIOPATOLOGIA PARA ENGENHARIAS I
11202321536;DA1ESTU015-17SA;SAÚDE AMBIENTAL
11202131537;NA1MCCC009-23SA;LINGUAGENS FORMAIS E AUTÔMATOS
11202231950;NA3BCM0505-22SB;PROCESSAMENTO DA INFORMAÇÃO
11202332398;NANHH2035-13SB;HISTÓRIA DA FILOSOFIA CONTEMPORÂNEA: O SÉCULO XX
11201810832;NA1MCTC018-20SB;NEUROPSICOFARMACOLOGIA
11201811950;NA1BCM0504-15SB;NATUREZA DA INFORMAÇÃO
11202020527;NA1NHZ1003-15SB;BIOFÍSICA
11202521866;DA1LIE0001-19SA;METODOLOGIAS DE PESQUISA EM EDUCAÇÃO
11202520190;DAESTI013-17SA;SISTEMAS MICROPROCESSADOS
11202130710;DA1ESHR004-13SB;ECONOMIA POLÍTICA INTERNACIONAL DA ENERGIA
11202130710;DA1ESHT006-17SB;ECONOMIA URBANA
11202130710;DA1ESHR002-21SB;TEMAS DE DIREITO INTERNACIONAL PÚBLICO
11202521376;NA1BCL0306-15SB;BIODIVERSIDADE: INTERAÇÕES ENTRE ORGANISMOS E AMBIENTE
11202322168;NA3BCL0308-15SA;BIOQUÍMICA: ESTRUTURA, PROPRIEDADES E FUNÇÕES DE BIOMOLÉCULAS
11202422197;DA1MCCC001-23SA;ALGORITMOS E ESTRUTURAS DE DADOS I
11202420572;NA1ESHP005-13SB;CONFLITOS SOCIAIS
11202420683;DA4BCN0407-15SA;FUNÇÕES DE VÁRIAS VARIÁVEIS
11202230250;NA1ESZR024-21SB;CAPITALISMO, IMPERIALISMO E DEPENDÊNCIA
11202320583;NA1MCTA006-17SA;CIRCUITOS DIGITAIS
11202232231;NA1NHT1002-15SA;BIOÉTICA
11202520732;DA1ESTO005-17SA;INTRODUÇÃO ÀS ENGENHARIAS
11202520732;DB1MCTA022-17SA;REDES DE COMPUTADORES
11202522479;NB1BIR0603-15SA;CIÊNCIA, TECNOLOGIA E SOCIEDADE
11202521080;NA3BCN0402-15SA;FUNÇÕES DE UMA VARIÁVEL
11202421124;NA1NHT1002-15SA;BIOÉTICA
11202522263;DA2BCL0307-15SB;TRANSFORMAÇÕES QUÍMICAS
11202421322;NA1MCTA006-17SA;CIRCUITOS DIGITAIS
11202130276;NA1MCTD016-18SA;PRÁTICAS DE ENSINO DE MATEMÁTICA I
11202520779;NA1BCS0001-25SA;BASE EXPERIMENTAL DAS CIÊNCIAS NATURAIS
11202520779;NA1LIE0001-19SA;METODOLOGIAS DE PESQUISA EM EDUCAÇÃO
11202020420;NA1MCZB015-13SA;INTRODUÇÃO À CRIPTOGRAFIA
11201920933;DA1MCTC011-15SA;PSICOLOGIA COGNITIVA
11202231832;DA1BCK0103-15SA;FÍSICA QUÂNTICA
11202321068;NA1BHS0002-23SB;ARENAS E PROBLEMAS PÚBLICOS
11202130110;NA2MCZA004-13SA;AVALIAÇÃO DE DESEMPENHO DE REDES
11202332327;NA1ESHT006-17SB;ECONOMIA URBANA
11202321510;NB1LCT1003-24SA;ESTÁGIO III NO ENSINO FUNDAMENTAL
11202420138;DB1MCTB001-17SA;ÁLGEBRA LINEAR
11202420138;DA1MCTB023-17SA;TEORIA ARITMÉTICA DOS NÚMEROS
11202420138;DA1MCCC013-23SA;OTIMIZAÇÃO LINEAR
11202320976;NA1BCN0404-15SA;GEOMETRIA ANALÍTICA
11202521298;NB1BCJ0204-15SA;FENÔMENOS MECÂNICOS
11201920374;DA1MCCC009-23SA;LINGUAGENS FORMAIS E AUTÔMATOS
11202522264;NA1BCN0407-15SA;FUNÇÕES DE VÁRIAS VARIÁVEIS
11202320533;NA1NHBQ019-22SA;INTRODUÇÃO À TRANSFERÊNCIA DE CALOR, MASSA E MOVIMENTAÇÃO DE FLUIDOS
11202130862;DA1ESHC040-21SB;RELAÇÕES MONETÁRIAS E FINANCEIRAS INTERNACIONAIS
11202021501;NANHH2033-18SB;HISTÓRIA DA FILOSOFIA ANTIGA CLÁSSICA
11202230656;NA1NHT1073-15SA;ECOLOGIA VEGETAL
11202521538;DA9BCJ0205-15SA;FENÔMENOS TÉRMICOS
11202522389;NA1ESTO011-17SA;FUNDAMENTOS DE DESENHO TÉCNICO
11202230893;NA2ESMA002-23SB;INOVAÇÕES PARA ENGENHARIA
11201920172;NA1BCN0407-15SA;FUNÇÕES DE VÁRIAS VARIÁVEIS
11202130005;NA1BHS0002-22SB;DIVERSIDADE DE GÊNERO E FORMAÇÃO DE PROFESSOR
11202231691;DA1ESHR026-14SB;HISTÓRIA DO TERCEIRO MUNDO
11202332400;NB4BCM0505-22SA;PROCESSAMENTO DA INFORMAÇÃO
11202020420;NA1MCCC004-23SA;ANÁLISE DE ALGORITMOS I
11201721204;NA1ESHP027-14SB;PODER LOCAL
11202231622;DB1NHT1066-15SA;MORFOFISIOLOGIA ANIMAL COMPARADA
11202420211;NA1ESHC017-17SB;FINANÇAS PÚBLICAS
11202421788;NA1BCN0402-15SA;FUNÇÕES DE UMA VARIÁVEL
11202020567;NA3BCJ0204-15SA;FENÔMENOS MECÂNICOS
11202020567;NA2BCN0402-15SA;FUNÇÕES DE UMA VARIÁVEL
11202231265;DA1MCTA006-17SB;CIRCUITOS DIGITAIS
11202320497;NB1BCN0402-15SB;FUNÇÕES DE UMA VARIÁVEL
11202522351;DA1BCS0003-25SA;PRÁTICAS EXTENSIONISTAS EM GÊNERO, DIVERSIDADE E RAÇA
11202020335;DANHH2033-18SB;HISTÓRIA DA FILOSOFIA ANTIGA CLÁSSICA
11202321182;NA1MCTB023-17SA;TEORIA ARITMÉTICA DOS NÚMEROS
11202231302;DA1ESZU034-17SA;ECOLOGIA DO AMBIENTE URBANO
11202421698;NA1ESHP005-13SB;CONFLITOS SOCIAIS
11202131854;NA1ESAU012-23SA;AVALIAÇÃO AMBIENTAL ESTRATÉGICA
11202520192;DA1ESHC002-17SB;CONTABILIDADE BÁSICA
11202230995;NA1NHT4032-15SA;PRÁTICAS DE ENSINO DE QUÍMICA III
11202522397;DC3BCL0307-15SA;TRANSFORMAÇÕES QUÍMICAS
11202020346;DA1MCCC009-23SA;LINGUAGENS FORMAIS E AUTÔMATOS
11202020262;DA1NHLB001-23SA;INSTRUMENTAÇÃO PARA O ENSINO DE CIÊNCIAS E BIOLOGIA
11202522007;NA1BCM0504-15SA;NATUREZA DA INFORMAÇÃO
11202522007;NB4BCM0505-22SA;PROCESSAMENTO DA INFORMAÇÃO
11202421665;NA2BCM0505-22SA;PROCESSAMENTO DA INFORMAÇÃO
11202522065;NA2BCN0407-15SA;FUNÇÕES DE VÁRIAS VARIÁVEIS
11202230655;NA1ESHR012-21SB;POLÍTICA INTERNACIONAL DOS EUA
11202130184;DA1ESTU021-17SA;TRANSPORTES E MOBILIDADE URBANA
11201921394;NA1ESHP032-22SB;PODER LEGISLATIVO E PROCESSO DECISÓRIO
11202021776;NA1ESAU012-23SA;AVALIAÇÃO AMBIENTAL ESTRATÉGICA
11202520147;NA2BCN0407-15SA;FUNÇÕES DE VÁRIAS VARIÁVEIS
11202522476;DA6BCJ0205-15SA;FENÔMENOS TÉRMICOS
11202421077;DA1LIE0001-19SB;METODOLOGIAS DE PESQUISA EM EDUCAÇÃO
11202421077;DA1NHZ4081-20SB;PAULO FREIRE: EDUCAÇÃO PARA A CRITICIDADE
11202421077;DA1LHZ0019-19SB;HISTÓRIA DO PENSAMENTO GEOGRÁFICO
11202420351;NA1ESTO005-17SB;INTRODUÇÃO ÀS ENGENHARIAS
11201720668;NA1NHBT005-23SA;PRÁTICAS EXTENSIONISTAS EM BIOTECNOLOGIA
11201810847;NB1ESTI018-17SA;ONDAS ELETROMAGNÉTICAS APLICADAS
11201921390;DA1ESHC033-21SB;ECONOMIA BRASILEIRA CONTEMPORÂNEA
11202231529;DA2ESTA013-17SA;FUNDAMENTOS DE ROBÓTICA
11202522268;DC2BCL0307-15SA;TRANSFORMAÇÕES QUÍMICAS
11202020335;DA1MCZC021-20SB;NEUROPSICOLOGIA
11202230609;NA2BCN0402-15SA;FUNÇÕES DE UMA VARIÁVEL
11202321199;NA1MCTD022-18SA;ÁLGEBRA NA EDUCAÇÃO BÁSICA
11202321706;DANHZ3010-15SA;FÍSICA COMPUTACIONAL
11202321706;DANHZ3011-15SA;FÍSICA DE SEMICONDUTORES
11201720344;NA1NHH2017-16SB;FILOSOFIA DA EDUCAÇÃO
11202422050;NC3BCL0307-15SA;TRANSFORMAÇÕES QUÍMICAS
11202421185;NA1NHLB001-23SA;INSTRUMENTAÇÃO PARA O ENSINO DE CIÊNCIAS E BIOLOGIA
11202520723;NA1ESTU021-17SA;TRANSPORTES E MOBILIDADE URBANA
11202230766;NA1ESMA001-23SB;SOLUÇÕES PARA DESAFIOS EM ENGENHARIA
11202521479;DA1BIR0603-15SA;CIÊNCIA, TECNOLOGIA E SOCIEDADE
11201920256;NB1NHI5002-15SA;DIDÁTICA
11202321648;DA1ESHC008-21SB;ECONOMIA BRASILEIRA II
11202320887;DA1BCS0002-25SA;PROJETO DIRIGIDO
11202421295;NA1ESZU036-17SA;SAÚDE, DETERMINANTES SOCIOAMBIENTAIS E EQUIDADE
11202521493;NB3BCJ0205-15SB;FENÔMENOS TÉRMICOS
11202321104;NA1NHZ1094-19SA;ESCRITA E LEITURA NA EDUCAÇÃO EM CIÊNCIAS
11202321576;DA1ESTO001-17SB;CIRCUITOS ELÉTRICOS E FOTÔNICA
11202231708;DA2BCN0407-15SB;FUNÇÕES DE VÁRIAS VARIÁVEIS
11202320491;NA1MCTB009-17SB;CÁLCULO NUMÉRICO
11202422043;NA1ESMA002-23SA;INOVAÇÕES PARA ENGENHARIA
11202321793;DA1MCTA033-15SA;ENGENHARIA DE SOFTWARE
11202421033;NA1ESTO005-17SB;INTRODUÇÃO ÀS ENGENHARIAS
11202520967;NA1ESTO005-17SA;INTRODUÇÃO ÀS ENGENHARIAS
11202320685;NA1ESHC030-17SB;DESIGUALDADES DE RAÇA, GÊNERO E RENDA
11202320685;NA1ESHC026-21SB;MICROECONOMIA II
11202321497;NA1ESHC030-17SB;DESIGUALDADES DE RAÇA, GÊNERO E RENDA
11202322253;DA1NHBB008-23SA;AÇÕES EXTENSIONISTAS EM ZOOLOGIA
11202130625;DA1MCCC009-23SA;LINGUAGENS FORMAIS E AUTÔMATOS
11202111640;NA1ESTI008-17SA;TEORIA DA INFORMAÇÃO E CÓDIGOS
11202522501;DA2BCJ0205-15SA;FENÔMENOS TÉRMICOS
11202232020;DA1MCZB015-13SA;INTRODUÇÃO À CRIPTOGRAFIA
11202520136;DA2BCN0407-15SA;FUNÇÕES DE VÁRIAS VARIÁVEIS
11202230490;NA1MCTA033-15SA;ENGENHARIA DE SOFTWARE
11202322111;DA1BCN0402-15SB;FUNÇÕES DE UMA VARIÁVEL
11202022163;NA1ESZU036-17SA;SAÚDE, DETERMINANTES SOCIOAMBIENTAIS E EQUIDADE
11202231489;DA1BCK0104-15SA;INTERAÇÕES ATÔMICAS E MOLECULARES
11202522517;NA1ESHR016-21SB;SISTEMA FINANCEIRO INTERNACIONAL
11202422081;NB2MCTB001-17SA;ÁLGEBRA LINEAR
11202232254;DA1ESTO012-17SA;PRINCÍPIOS DE ADMINISTRAÇÃO
11202520726;NA3BCJ0205-15SB;FENÔMENOS TÉRMICOS
11202230623;NA1ESTU015-17SA;SAÚDE AMBIENTAL
11202522379;NA1ESTU015-17SA;SAÚDE AMBIENTAL
11202520591;NB3BCN0407-15SA;FUNÇÕES DE VÁRIAS VARIÁVEIS
11202421108;NA3MCTB010-13SA;CÁLCULO VETORIAL E TENSORIAL
11202322148;NA1ESZU002-17SA;COMPOSTAGEM
11202230544;NA1NHZ1003-15SA;BIOFÍSICA
11202320202;NA1ESHC032-17SB;MACROECONOMIA II
11202231740;NA1ESTO013-17SA;ENGENHARIA ECONÔMICA
11202231937;DA1BHO0101-15SB;ESTADO E RELAÇÕES DE PODER
11202111119;NA1MCZC010-15SB;ATENÇÃO E ESTADOS DE CONSCIÊNCIA
11202231358;NA1NHZ4062-15SA;MEIO AMBIENTE E INDÚSTRIA
11202322170;NA1LIE0001-19SA;METODOLOGIAS DE PESQUISA EM EDUCAÇÃO
11202321271;NA1ESTB015-17SB;PRINCÍPIOS DE ÉTICA EM SERVIÇOS DE SAÚDE
11201921182;NI1ESHR012-21SB;POLÍTICA INTERNACIONAL DOS EUA
11202321732;DA1NHBB008-23SA;AÇÕES EXTENSIONISTAS EM ZOOLOGIA
11202232198;NA1ESTS005-17SB;DINÂMICA E CONTROLE DE VEÍCULOS ESPACIAIS
11202232198;DA1ESTS007-17SB;ESTABILIDADE E CONTROLE DE AERONAVES
11202230277;NA1MCTD010-18SA;HISTÓRIA DA MATEMÁTICA
11201811725;NA1MCZC021-20SB;NEUROPSICOLOGIA
11202421033;NA1ESTU005-17SA;CLIMATOLOGIA
11202421033;NA1ESTU021-17SA;TRANSPORTES E MOBILIDADE URBANA
11202111745;NB1MCTB009-17SB;CÁLCULO NUMÉRICO
11202420896;DA1MCTA006-17SB;CIRCUITOS DIGITAIS
11202230839;NAESZB033-17SB;PROJETO E DESENVOLVIMENTO DE INTERFACES CÉREBRO-MÁQUINA
11202232305;NA3BCJ0205-15SA;FENÔMENOS TÉRMICOS
11202130657;NA1ESTU021-17SA;TRANSPORTES E MOBILIDADE URBANA
11202521724;NA1BCN0402-15SA;FUNÇÕES DE UMA VARIÁVEL
11202312295;NA1ESTU019-17SA;TEORIA DO PLANEJAMENTO URBANO E AMBIENTAL
11202320315;DA1LIE0001-19SA;METODOLOGIAS DE PESQUISA EM EDUCAÇÃO
11202420323;NA1NHZ6010-18SA;GENÔMICA E PÓS-GENÔMICA
11202321648;DA1ESZR027-21SB;DIÁSPORAS AFRICANAS E AS RELAÇÕES INTERNACIONAIS
11202020716;NA1ESTE025-17SA;FUNDAMENTOS DE MÁQUINAS TÉRMICAS
21076515;DANHZ2129-18SB;ESTRUTURALISMO E PÓS-ESTRUTURALISMO
21076515;DANHZ2067-18SB;TEMAS DE FILOSOFIA CONTEMPORÂNEA I
11202310106;DA1ESTO013-17SB;ENGENHARIA ECONÔMICA
11202231057;NA1NHZ6010-18SA;GENÔMICA E PÓS-GENÔMICA
11202420534;DA3BCM0505-22SA;PROCESSAMENTO DA INFORMAÇÃO
11202410071;DANHZ2022-11SB;FILOSOFIA DA NATUREZA, MECANICISMO E COSMOLOGIA
11202232114;DAESZB033-17SB;PROJETO E DESENVOLVIMENTO DE INTERFACES CÉREBRO-MÁQUINA
11202421548;DA1BCS0003-25SA;PRÁTICAS EXTENSIONISTAS EM GÊNERO, DIVERSIDADE E RAÇA
11202520851;DB1BCS0004-25SB;PRÁTICAS EXTENSIONISTAS EM LETRAMENTO DIGITAL
11201721987;DA1ESTE019-17SA;INSTALAÇÕES ELÉTRICAS I
11201921761;NA1ESZE093-17SA;ENGENHARIA DO BIODIESEL
11082015;NC1ESTA003-17SA;SISTEMAS DE CONTROLE I
11202421984;NA1ESZR026-21SB;DESLOCAMENTO FORÇADO, REFÚGIO E HUMANITARISMO
11202210093;NAMCNC001-23SB;BIOFÍSICA DE MEMBRANAS
11202020918;DA1ESBM004-23SB;FUNDAMENTOS DE FISIOPATOLOGIA PARA ENGENHARIAS I
11201920654;NA1ESTM003-17SA;TÓPICOS COMPUTACIONAIS EM MATERIAIS
11201822446;NA1LHT1006-19SB;ESTÁGIO SUPERVISIONADO EM CH VI
11201822446;DA1NHH2089-16SB;PRÁTICA DE ENSINO DE FILOSOFIA: METODOLOGIAS
11201811399;DA1BIR0004-15SB;BASES EPISTEMOLÓGICAS DA CIÊNCIA MODERNA
11202320300;DB2BCJ0204-15SA;FENÔMENOS MECÂNICOS
11202230270;NA1NHT3048-15SA;PRINCÍPIOS DE MECÂNICA QUÂNTICA
11202320300;DB1BCN0404-15SA;GEOMETRIA ANALÍTICA
11202522492;DA1ESZU034-17SA;ECOLOGIA DO AMBIENTE URBANO
11202022264;NA1ESZT018-17SB;TÓPICOS ESPECIAIS EM PLANEJAMENTO TERRITORIAL
11202022233;NA1ESTU040-17SA;PROJETO AMBIENTAL URBANO
11202020499;NA1NHBQ014-22SA;QUÍMICA ORGÂNICA EXPERIMENTAL
11201811807;NA1ESZI041-18SA;PROGRAMAÇÃO DE SOFTWARE EMBARCADO
11202520337;DA2BCN0402-15SA;FUNÇÕES DE UMA VARIÁVEL
11201721921;DA1ESTU021-17SA;TRANSPORTES E MOBILIDADE URBANA
11202421586;NA1ESZP037-22SB;POLÍTICAS DE SEGURANÇA PÚBLICA E VIOLÊNCIA
11201920526;NA1NHH2089-16SB;PRÁTICA DE ENSINO DE FILOSOFIA: METODOLOGIAS
11201721573;DA1ESZA007-17SB;CONFIABILIDADE DE COMPONENTES E SISTEMAS
11202020508;NA1NHT1058-15SA;MORFOFISIOLOGIA HUMANA I
11202321220;DA1NHZ6013-18SA;BIOTECNOLOGIA ANIMAL
11202610198;NA1LHZ0031-19SB;PRÁTICAS DE ENSINO DE HISTÓRIA: METODOLOGIAS
11202310105;DI1ESHR012-21SB;POLÍTICA INTERNACIONAL DOS EUA
11202421278;DA1ESTU012-17SA;POLUIÇÃO ATMOSFÉRICA
11202131497;DB1BCN0404-15SA;GEOMETRIA ANALÍTICA
11201922113;DA1NHZ6010-18SA;GENÔMICA E PÓS-GENÔMICA
11201922113;DA1NHZ6006-18SA;PROTEÍNAS RECOMBINANTES
11201922113;DA1NHZ6013-18SA;BIOTECNOLOGIA ANIMAL
11202130500;DA1MCZA006-17SA;COMPUTAÇÃO EVOLUTIVA E CONEXIONISTA
11202230578;DB2MCTA022-17SA;REDES DE COMPUTADORES
11202522282;NA2BCL0307-15SA;TRANSFORMAÇÕES QUÍMICAS
11202230756;NA2ESMA001-23SB;SOLUÇÕES PARA DESAFIOS EM ENGENHARIA
11202021282;DA1ESTG021-17SB;SISTEMAS CAD/CAE
11202230516;DB1NHT1066-15SA;MORFOFISIOLOGIA ANIMAL COMPARADA
11202322082;NB2BCL0308-15SA;BIOQUÍMICA: ESTRUTURA, PROPRIEDADES E FUNÇÕES DE BIOMOLÉCULAS
11202420997;NA1ESTO011-17SA;FUNDAMENTOS DE DESENHO TÉCNICO
11202521544;DA1NHT1002-15SB;BIOÉTICA
11202130040;NA1MCZB015-13SA;INTRODUÇÃO À CRIPTOGRAFIA
11202320877;NA1NHZ3023-15SA;INTRODUÇÃO À COSMOLOGIA
11202321278;NA1ESZB021-17SB;INTRODUÇÃO À ENGENHARIA BIOMÉDICA
11201811693;NA1ESHP028-22SB;POLÍTICAS DIGITAIS, DADOS E GESTÃO ALGORÍTMICA
11202321894;NA1ESTU010-17SA;MICROBIOLOGIA AMBIENTAL
11202212525;NA1ESTU019-17SA;TEORIA DO PLANEJAMENTO URBANO E AMBIENTAL
11202230820;NA1ESTU005-17SA;CLIMATOLOGIA
11202520188;NA1BCN0407-15SA;FUNÇÕES DE VÁRIAS VARIÁVEIS
11202421988;DA1MCCC001-23SA;ALGORITMOS E ESTRUTURAS DE DADOS I
11202231319;NA1ESEN002-23SA;ENERGIA, MEIO AMBIENTE E SOCIEDADE
11202230839;DA1ESTB015-17SB;PRINCÍPIOS DE ÉTICA EM SERVIÇOS DE SAÚDE
11202021282;NA1ESTU033-17SA;RESÍDUOS SÓLIDOS
11112316;DA1BCK0104-15SA;INTERAÇÕES ATÔMICAS E MOLECULARES
11202321098;NA1ESMA002-23SA;INOVAÇÕES PARA ENGENHARIA
11202111762;NA1ESZR003-21SB;AMÉRICA LATINA CONTEMPORÂNEA
11202321374;DB1ESTO008-17SA;MECÂNICA DOS SÓLIDOS I
11202321894;NA1ESTO013-17SA;ENGENHARIA ECONÔMICA
11202020026;NA1ESZR027-21SB;DIÁSPORAS AFRICANAS E AS RELAÇÕES INTERNACIONAIS
11202521699;DA1BCS0003-25SA;PRÁTICAS EXTENSIONISTAS EM GÊNERO, DIVERSIDADE E RAÇA
11202231111;NANHH2033-18SB;HISTÓRIA DA FILOSOFIA ANTIGA CLÁSSICA
11201722810;NA1ESZE031-17SA;PROCESSOS TERMOQUÍMICOS DE CONVERSÃO ENERGÉTICA
11202410095;NANHH2086-16SB;HISTÓRIA DA FILOSOFIA MEDIEVAL: DO SÉCULO IV AO X
11202320563;NA1ESTU005-17SA;CLIMATOLOGIA
11202320563;NA2ESMA002-23SA;INOVAÇÕES PARA ENGENHARIA
11202520261;NA2BCL0306-15SB;BIODIVERSIDADE: INTERAÇÕES ENTRE ORGANISMOS E AMBIENTE
11202130758;NANHH2007-13SB;ESTÉTICA
11202522444;DA1ESHC025-17SB;MICROECONOMIA I
11202532610;NB1NHT1066-15SA;MORFOFISIOLOGIA ANIMAL COMPARADA
11202230766;NANHZ2129-18SB;ESTRUTURALISMO E PÓS-ESTRUTURALISMO
11202131392;DA1ESTU019-17SA;TEORIA DO PLANEJAMENTO URBANO E AMBIENTAL
11202021735;DA1BCK0104-15SB;INTERAÇÕES ATÔMICAS E MOLECULARES
11202532593;NA1BCM0504-15SB;NATUREZA DA INFORMAÇÃO
11201921894;NA1ESHC036-21SB;ECONOMETRIA II
11202231583;NANHH2007-13SB;ESTÉTICA
11202111785;DA1ESBM010-23SB;ELETROFISIOLOGIA E HEMODINÂMICA CARDÍACA
11201921598;DA1ESZI034-17SA;JOGOS DIGITAIS: ASPECTOS TÉCNICOS E APLICAÇÕES
11202422094;DA1ESHR016-21SB;SISTEMA FINANCEIRO INTERNACIONAL
11202421477;DB1BHP0001-15SB;ÉTICA E JUSTIÇA
11201920290;NANHH2073-18SB;TEORIA DO CONHECIMENTO: EMPIRISMO E RACIONALISMO
11201920290;DA1NHBB002-23SA;ZOOLOGIA DE ECDYSOZOA
11202332322;NANHZ2107-18SB;EPISTEMOLOGIA ANALÍTICA
11202332322;NAMCNC002-23SB;NEUROCIÊNCIA TEÓRICA E COMPUTACIONAL
11202020969;DA1MCZA002-17SA;APRENDIZADO DE MÁQUINA
11202420458;DA1ESHR004-13SB;ECONOMIA POLÍTICA INTERNACIONAL DA ENERGIA
11202420458;DA1ESHR007-21SB;GEOPOLÍTICA
11202420458;DI1ESHR012-21SB;POLÍTICA INTERNACIONAL DOS EUA
11202420458;DA1ESHR016-21SB;SISTEMA FINANCEIRO INTERNACIONAL
11201920491;DA1NHBB002-23SA;ZOOLOGIA DE ECDYSOZOA
11202130964;DA1NHZ1097-19SA;PRÁTICAS PEDAGÓGICAS E FORMATIVAS EM MUSEUS DE CIÊNCIAS
11202230735;NA1NHLB001-23SA;INSTRUMENTAÇÃO PARA O ENSINO DE CIÊNCIAS E BIOLOGIA
11201922170;NA1ESZA023-17SA;INTRODUÇÃO AO CONTROLE MODERNO
11201922170;NC1ESTA003-17SA;SISTEMAS DE CONTROLE I
11201812009;DANHZ3011-15SA;FÍSICA DE SEMICONDUTORES
11201812009;NAESTA022-17SA;TEORIA DE ACIONAMENTOS ELÉTRICOS
11202020376;NB1ESTU010-17SA;MICROBIOLOGIA AMBIENTAL
11202111207;DA1MCTB010-13SA;CÁLCULO VETORIAL E TENSORIAL
11202111207;DA1ESTI018-17SA;ONDAS ELETROMAGNÉTICAS APLICADAS
11202321364;DA1ESTU032-17SA;REPRESENTAÇÃO GRÁFICA DE PROJETOS AMBIENTAIS E URBANOS
11055216;NA1ESTU039-17SB;REGULAÇÃO AMBIENTAL E URBANÍSTICA
11202610002;DA1ESTO013-17SB;ENGENHARIA ECONÔMICA
11202130299;DA1LHZ0028-19SB;PRÁTICAS DE ENSINO DE GEOGRAFIA: METODOLOGIAS
11201922113;DA1NHBT002-23SA;BIOTECNOLOGIA VEGETAL
11202232295;NA1NHT1055-15SA;FUNDAMENTOS DE IMUNOLOGIA
11202232295;NA1NHLB001-23SA;INSTRUMENTAÇÃO PARA O ENSINO DE CIÊNCIAS E BIOLOGIA
11202320543;DA1ESZU034-17SA;ECOLOGIA DO AMBIENTE URBANO
11202320543;DA1ESTU012-17SA;POLUIÇÃO ATMOSFÉRICA
11202320543;NA2ESHC008-21SB;ECONOMIA BRASILEIRA II
11202320543;NA1LHZ0031-19SB;PRÁTICAS DE ENSINO DE HISTÓRIA: METODOLOGIAS
11202520568;DA1MCTD020-18SA;CONSTRUÇÕES GEOMÉTRICAS E GEOMETRIA MÉTRICA
11202231841;NA1BCM0504-15SB;NATUREZA DA INFORMAÇÃO
11202231841;NB2MCTB001-17SA;ÁLGEBRA LINEAR
11202231841;NA1ESTU040-17SA;PROJETO AMBIENTAL URBANO
11201721313;DA1MCZA002-17SA;APRENDIZADO DE MÁQUINA
11201721313;DA1NHI5002-15SA;DIDÁTICA
11202532579;DA1ESTO005-17SB;INTRODUÇÃO ÀS ENGENHARIAS
11202130752;NA1ESHT002-17SB;CARTOGRAFIA E GEOPROCESSAMENTO PARA O PLANEJAMENTO TERRITORIAL
11202130752;NANHZ2107-18SB;EPISTEMOLOGIA ANALÍTICA
11202131353;NA1MCTC018-20SB;NEUROPSICOFARMACOLOGIA
11202322273;NAESTA005-17SA;ANÁLISE DE SISTEMAS DINÂMICOS LINEARES
11202231239;NA2ESTI004-17SA;PRINCÍPIOS DE COMUNICAÇÃO
11202231239;NA1MCTB021-17SA;PROBABILIDADE
11202231239;NA1ESZI041-18SA;PROGRAMAÇÃO DE SOFTWARE EMBARCADO
11202321292;NA1ESBM007-23SB;FUNDAMENTOS DE SINAIS E SISTEMAS DE TEMPO DISCRETO
11202022190;DA1MCTB010-13SA;CÁLCULO VETORIAL E TENSORIAL
11202421860;DA1ESZI034-17SA;JOGOS DIGITAIS: ASPECTOS TÉCNICOS E APLICAÇÕES
13201822587;DA1NHZ2001-11SB;ANTROPOLOGIA FILOSÓFICA
13201822587;DANHZ2022-11SB;FILOSOFIA DA NATUREZA, MECANICISMO E COSMOLOGIA
11202521928;DA1BHO0002-19SB;INTRODUÇÃO AO PENSAMENTO ECONÔMICO
11202130243;NA1ESHP019-22SB;REGIMES E FORMAS DE GOVERNO
11202420306;NA1MCTD020-18SA;CONSTRUÇÕES GEOMÉTRICAS E GEOMETRIA MÉTRICA
11202231702;NA1ESZU016-17SA;QUESTÕES AMBIENTAIS GLOBAIS
11202520987;DB5BCM0505-22SA;PROCESSAMENTO DA INFORMAÇÃO
11202020096;NA1ESZG001-17SB;ANÁLISE DE REDES DE TRANSPORTE E DISTRIBUIÇÃO
11201812084;NA1MCZA018-17SA;PROCESSAMENTO DIGITAL DE IMAGENS
11202521486;NA1BHO0101-15SB;ESTADO E RELAÇÕES DE PODER
11202111876;NA1ESGE001-23SB;ENGENHARIA DE SEGURANÇA DO TRABALHO
11201920374;NA1MCZB015-13SA;INTRODUÇÃO À CRIPTOGRAFIA
11202021242;DA3MCCC001-23SA;ALGORITMOS E ESTRUTURAS DE DADOS I
11202021586;DA1ESZM002-17SA;NANOCIÊNCIA E NANOTECNOLOGIA
11202130340;NA1MCZA004-13SA;AVALIAÇÃO DE DESEMPENHO DE REDES
11202432337;NA1BCN0407-15SB;FUNÇÕES DE VÁRIAS VARIÁVEIS
11202421050;DA1ESAE006-23SB;AERONAVES DIRIGÍVEIS
11201720394;DA1ESZI025-17SA;APLICAÇÕES DE MICROCONTROLADORES
11202130460;NA1MCZC010-15SB;ATENÇÃO E ESTADOS DE CONSCIÊNCIA
11202321288;DA1BCK0103-15SA;FÍSICA QUÂNTICA
11202421613;NA1ESTS003-17SB;INTRODUÇÃO À ASTRONÁUTICA
21007116;NA1NHBT002-23SA;BIOTECNOLOGIA VEGETAL
11202520406;DA1BHO0101-15SB;ESTADO E RELAÇÕES DE PODER
11202520406;DA1BHP0001-15SB;ÉTICA E JUSTIÇA
11202021959;NAESTA023-17SA;INTRODUÇÃO AOS PROCESSOS DE FABRICAÇÃO
11202520316;DA4BCM0505-22SB;PROCESSAMENTO DA INFORMAÇÃO
11202420683;NA2BCJ0205-15SA;FENÔMENOS TÉRMICOS
11202521453;DA1BCM0504-15SA;NATUREZA DA INFORMAÇÃO
11202420911;NA1MCTB009-17SA;CÁLCULO NUMÉRICO
11202231624;NA1ESHR012-21SB;POLÍTICA INTERNACIONAL DOS EUA
11202522045;DA1BCN0402-15SB;FUNÇÕES DE UMA VARIÁVEL
11202522045;DA1BHQ0301-15SB;TERRITÓRIO E SOCIEDADE
11201920326;DA1BCL0306-15SA;BIODIVERSIDADE: INTERAÇÕES ENTRE ORGANISMOS E AMBIENTE
11202520831;NA4BCJ0205-15SA;FENÔMENOS TÉRMICOS
11202231825;NA1ESTU012-17SA;POLUIÇÃO ATMOSFÉRICA
11201811621;DA1ESBM004-23SB;FUNDAMENTOS DE FISIOPATOLOGIA PARA ENGENHARIAS I
11202230747;DA1NHT3049-15SA;PRINCÍPIOS DE TERMODINÂMICA
11201922329;NA1ESTU006-17SA;GEOTECNIA
11202420422;NA1ESZM002-17SA;NANOCIÊNCIA E NANOTECNOLOGIA
11202420422;DA1MCZC021-20SB;NEUROPSICOLOGIA
11202421092;NA2ESMA002-23SA;INOVAÇÕES PARA ENGENHARIA
11202520406;DA1BHO1335-15SB;FORMAÇÃO DO SISTEMA INTERNACIONAL
11202322035;NA1BCK0103-15SB;FÍSICA QUÂNTICA
11202112001;NA1ESTO005-17SB;INTRODUÇÃO ÀS ENGENHARIAS
11201812057;DB1BCM0505-22SA;PROCESSAMENTO DA INFORMAÇÃO
11202321818;DA1ESTI008-17SA;TEORIA DA INFORMAÇÃO E CÓDIGOS
11202230646;NA1ESMA002-23SB;INOVAÇÕES PARA ENGENHARIA
11202421652;DB1BCK0103-15SA;FÍSICA QUÂNTICA
11201920374;DA1MCZA006-17SA;COMPUTAÇÃO EVOLUTIVA E CONEXIONISTA
11202421012;NA1ESTU005-17SA;CLIMATOLOGIA
11202421012;NA1ESTU021-17SA;TRANSPORTES E MOBILIDADE URBANA
11202210083;DB1BIS0003-15SB;BASES MATEMÁTICAS
11202230810;NA1ESHR012-21SB;POLÍTICA INTERNACIONAL DOS EUA
11201921847;NB1BCN0407-15SB;FUNÇÕES DE VÁRIAS VARIÁVEIS
11202522545;NB1BCJ0204-15SA;FENÔMENOS MECÂNICOS
11202522545;NA2BCN0407-15SA;FUNÇÕES DE VÁRIAS VARIÁVEIS
11202131961;DA1NHI5002-15SA;DIDÁTICA
11202320392;NA1ESAU010-23SA;CARTOGRAFIA E GEOPROCESSAMENTO
11202021667;NA1MCBM002-23SA;ANÁLISE REAL I
11202520368;NA1BHS0002-22SB;DIVERSIDADE DE GÊNERO E FORMAÇÃO DE PROFESSOR
11202520368;NA1LHZ0040-22SB;ENSINO DE HISTÓRIA DA ÁFRICA
11202520368;NANHH2035-13SB;HISTÓRIA DA FILOSOFIA CONTEMPORÂNEA: O SÉCULO XX
11202420553;NA1ESZP037-22SB;POLÍTICAS DE SEGURANÇA PÚBLICA E VIOLÊNCIA
11201921060;NA1ESEN002-23SA;ENERGIA, MEIO AMBIENTE E SOCIEDADE
11202321377;NA1NHI5002-15SA;DIDÁTICA
11202521593;DA1ESTO011-17SB;FUNDAMENTOS DE DESENHO TÉCNICO
11202231766;NA1ESZM036-17SA;BLENDAS POLIMÉRICAS
11202420528;NA1ESZP037-22SB;POLÍTICAS DE SEGURANÇA PÚBLICA E VIOLÊNCIA
11202131489;NA1ESHR012-21SB;POLÍTICA INTERNACIONAL DOS EUA
11202131489;DA1ESZR027-21SB;DIÁSPORAS AFRICANAS E AS RELAÇÕES INTERNACIONAIS
11202020188;DA1ESTU021-17SA;TRANSPORTES E MOBILIDADE URBANA
11202321208;NA2ESTB019-17SB;BIOESTATÍSTICA
11201812274;NA1NHLB003-23SA;PRÁTICAS DE ENSINO DE BIOLOGIA E CURRÍCULO
11202232330;NA1ESAU012-23SA;AVALIAÇÃO AMBIENTAL ESTRATÉGICA
11202111787;DB1BCK0104-15SA;INTERAÇÕES ATÔMICAS E MOLECULARES
11202230691;NA1NHZ6013-18SA;BIOTECNOLOGIA ANIMAL
11201810722;DA2ESTA013-17SA;FUNDAMENTOS DE ROBÓTICA
11202522074;DA6BCM0505-22SA;PROCESSAMENTO DA INFORMAÇÃO
11202231316;DA1BHQ0002-15SA;ESTUDOS ÉTNICO-RACIAIS
11201812094;NA1BHO1335-15SB;FORMAÇÃO DO SISTEMA INTERNACIONAL
11202111306;NA1BCK0103-15SB;FÍSICA QUÂNTICA
11201720896;NA1NHI5002-15SA;DIDÁTICA
11202420848;DA1BHP0001-15SB;ÉTICA E JUSTIÇA
11202321112;NB2BCL0307-15SA;TRANSFORMAÇÕES QUÍMICAS
11202421066;NA2ESTO001-17SA;CIRCUITOS ELÉTRICOS E FOTÔNICA
11202420263;DA1ESHR023-21SB;TEORIAS CONTEMPORÂNEAS DAS RELAÇÕES INTERNACIONAIS
11201932596;DA1ESHC025-17SB;MICROECONOMIA I
11202610088;DA1ESHC030-17SB;DESIGUALDADES DE RAÇA, GÊNERO E RENDA
11202321840;DA1ESGE002-23SB;PESQUISA OPERACIONAL
11202410056;NA3BCS0001-25SA;BASE EXPERIMENTAL DAS CIÊNCIAS NATURAIS
11202421498;NA1MCCC004-23SA;ANÁLISE DE ALGORITMOS I
11202522474;DA1NHZ1092-19SA;EDUCAÇÃO EM SEXUALIDADE
11202230565;NA1NHZ6013-18SA;BIOTECNOLOGIA ANIMAL
11202130185;DA1ESHP005-13SB;CONFLITOS SOCIAIS
11202321554;DA1BHO0101-15SB;ESTADO E RELAÇÕES DE PODER
11202521463;NA1NHLB005-23SA;PRÁTICAS DE ENSINO DE CIÊNCIAS NO ENSINO FUNDAMENTAL
11202420517;NB1BCN0407-15SA;FUNÇÕES DE VÁRIAS VARIÁVEIS
11202420650;NA1ESHC019-17SB;HISTÓRIA DO PENSAMENTO ECONÔMICO
11202421685;DA2MCTA006-17SA;CIRCUITOS DIGITAIS
11202610134;DA1BHP0001-15SB;ÉTICA E JUSTIÇA
11012211;NA1MCTB010-13SB;CÁLCULO VETORIAL E TENSORIAL
11202232203;NA1NHZ4062-15SA;MEIO AMBIENTE E INDÚSTRIA
11202321097;NA1ESEN002-23SA;ENERGIA, MEIO AMBIENTE E SOCIEDADE
11202321844;NA1BHO0101-15SB;ESTADO E RELAÇÕES DE PODER
11202421483;NA1ESHR016-21SB;SISTEMA FINANCEIRO INTERNACIONAL
11202521367;DA1NHT1002-15SA;BIOÉTICA
11202020303;NA1MCZB015-13SA;INTRODUÇÃO À CRIPTOGRAFIA
11202320772;DB1BCS0004-25SA;PRÁTICAS EXTENSIONISTAS EM LETRAMENTO DIGITAL
11202422164;NA1ESTB019-17SB;BIOESTATÍSTICA
11202420824;DA1ESTS003-17SB;INTRODUÇÃO À ASTRONÁUTICA
11201920513;DA1ESTB019-17SA;BIOESTATÍSTICA
11202321817;NA1NHI5002-15SA;DIDÁTICA
11202130882;NA1ESTI008-17SA;TEORIA DA INFORMAÇÃO E CÓDIGOS
11202130201;NA1NHZ4062-15SA;MEIO AMBIENTE E INDÚSTRIA
11202420428;DA2BCJ0204-15SB;FENÔMENOS MECÂNICOS
11202420428;DA1ESTU021-17SA;TRANSPORTES E MOBILIDADE URBANA
11202111798;NA1ESAU012-23SA;AVALIAÇÃO AMBIENTAL ESTRATÉGICA
11202522252;NA1BCN0402-15SA;FUNÇÕES DE UMA VARIÁVEL
11202421576;NB3BCN0407-15SA;FUNÇÕES DE VÁRIAS VARIÁVEIS
11202421118;NA2ESMA002-23SB;INOVAÇÕES PARA ENGENHARIA
11202332434;DA1MCZC010-15SB;ATENÇÃO E ESTADOS DE CONSCIÊNCIA
11202422173;NA3BCS0001-25SA;BASE EXPERIMENTAL DAS CIÊNCIAS NATURAIS
11202321350;DA1ESZR024-21SB;CAPITALISMO, IMPERIALISMO E DEPENDÊNCIA
11202520162;DB2BCN0407-15SA;FUNÇÕES DE VÁRIAS VARIÁVEIS
11202231410;NA1NHI5002-15SB;DIDÁTICA
11202422230;NA1ESHC017-17SB;FINANÇAS PÚBLICAS
11202210059;NA1BHQ0002-15SA;ESTUDOS ÉTNICO-RACIAIS
11202021586;DA1ESTG010-17SB;INOVAÇÃO TECNOLÓGICA
11202021586;DA1ESTM014-17SA;CARACTERIZAÇÃO DE MATERIAIS
11201920326;DA1ESTU023-17SA;BIOMAS BRASILEIROS
11202420544;DA1ESHR014-21SB;RELAÇÕES INTERNACIONAIS CONTEMPORÂNEAS
11202520463;NC1ESTO013-17SB;ENGENHARIA ECONÔMICA
21062314;DA2MCTA023-17SA;SEGURANÇA DE DADOS
11202231178;NA1ESTE029-17SA;ENGENHARIA DE COMBUSTÍVEIS FÓSSEIS
11202231178;NA1NHZ1092-19SA;EDUCAÇÃO EM SEXUALIDADE
11202610108;DA1ESHP012-22SB;DIREITO ADMINISTRATIVO
11202420871;NANHZ2107-18SB;EPISTEMOLOGIA ANALÍTICA
11202410079;DA1ESZR027-21SB;DIÁSPORAS AFRICANAS E AS RELAÇÕES INTERNACIONAIS
11202321375;NA1ESZE045-17SA;RESÍDUOS NUCLEARES
11202321375;NA1ESZU036-17SA;SAÚDE, DETERMINANTES SOCIOAMBIENTAIS E EQUIDADE
11202522057;DA1MCZC021-20SB;NEUROPSICOLOGIA
11202520650;NA1BIR0603-15SB;CIÊNCIA, TECNOLOGIA E SOCIEDADE
11202320234;DA1ESZR027-21SB;DIÁSPORAS AFRICANAS E AS RELAÇÕES INTERNACIONAIS
11202130078;NA1NHT1062-15SA;EVOLUÇÃO
11202410095;NA1NHH2017-16SB;FILOSOFIA DA EDUCAÇÃO
11202321280;DB2BCS0004-25SA;PRÁTICAS EXTENSIONISTAS EM LETRAMENTO DIGITAL
11201811359;DA1ESTU005-17SA;CLIMATOLOGIA
11202522101;NB2BCL0307-15SB;TRANSFORMAÇÕES QUÍMICAS
11202212447;NB2BCN0404-15SA;GEOMETRIA ANALÍTICA
11202212447;NB6BCM0505-22SA;PROCESSAMENTO DA INFORMAÇÃO
11202521769;DA1ESHC033-21SB;ECONOMIA BRASILEIRA CONTEMPORÂNEA
11202230755;NA1NHI5002-15SA;DIDÁTICA
11202111049;NA2BCN0407-15SB;FUNÇÕES DE VÁRIAS VARIÁVEIS
11202021036;DA2MCTA026-13SA;SISTEMAS OPERACIONAIS
11202521556;NA1ESZP037-22SB;POLÍTICAS DE SEGURANÇA PÚBLICA E VIOLÊNCIA
11201811775;DA1MCTB023-17SA;TEORIA ARITMÉTICA DOS NÚMEROS
11202020550;DA1ESHP005-13SB;CONFLITOS SOCIAIS
11202021776;NA1NHT1067-15SA;EVOLUÇÃO E DIVERSIDADE DE PLANTAS I
11202020750;NA1MCTB023-17SA;TEORIA ARITMÉTICA DOS NÚMEROS
11202421058;NA1MCTD016-18SA;PRÁTICAS DE ENSINO DE MATEMÁTICA I
11202130443;DA1NHT1055-15SA;FUNDAMENTOS DE IMUNOLOGIA
11202132032;DA1NHZ1091-19SA;EDUCAÇÃO EM SAÚDE
11202132032;DA1ESTU005-17SA;CLIMATOLOGIA
11202232314;NB5BCL0307-15SA;TRANSFORMAÇÕES QUÍMICAS
11202232248;DB1BCK0103-15SA;FÍSICA QUÂNTICA
11202322024;DA1ESHC028-17SB;ECONOMIA POLÍTICA
11072313;NA1ESTU012-17SA;POLUIÇÃO ATMOSFÉRICA
11201921742;NA1ESHP032-22SB;PODER LEGISLATIVO E PROCESSO DECISÓRIO
11202420934;NA1BIR0603-15SB;CIÊNCIA, TECNOLOGIA E SOCIEDADE
11202020750;DB1BCK0104-15SA;INTERAÇÕES ATÔMICAS E MOLECULARES
11202422013;NA1NHT1073-15SA;ECOLOGIA VEGETAL
11202021488;NA1ESTU027-17SA;FUNDAMENTOS DE GEOLOGIA PARA ENGENHARIA
11202020446;NAMCZC017-20SB;PRÁTICAS EM NEUROBIOLOGIA MOLECULAR
11202420452;NB1ESTA001-17SA;DISPOSITIVOS ELETRÔNICOS
11202020628;NA1ESHT024-17SB;USO DO SOLO URBANO
11202320887;DA1ESTO013-17SA;ENGENHARIA ECONÔMICA
11202320887;DA1NHZ1092-19SA;EDUCAÇÃO EM SEXUALIDADE
11202332380;NA2BCN0402-15SA;FUNÇÕES DE UMA VARIÁVEL
11201921702;NA1ESTB019-17SA;BIOESTATÍSTICA
11202320585;NA1MCCC004-23SA;ANÁLISE DE ALGORITMOS I
11202111654;NB1MCTB009-17SB;CÁLCULO NUMÉRICO
11202021765;NA1NHH2017-16SB;FILOSOFIA DA EDUCAÇÃO
11202020750;NA1MCBM012-23SA;TOPOLOGIA
11201720134;NA1MCTD022-18SA;ÁLGEBRA NA EDUCAÇÃO BÁSICA
11202321043;DB2BCL0307-15SA;TRANSFORMAÇÕES QUÍMICAS
11202122022;DA1NHT1073-15SA;ECOLOGIA VEGETAL
11202111170;NA1ESTU012-17SA;POLUIÇÃO ATMOSFÉRICA
11202130992;DA1ESAE006-23SB;AERONAVES DIRIGÍVEIS
11202421058;NA1MCTD022-18SA;ÁLGEBRA NA EDUCAÇÃO BÁSICA
11201920784;NA1ESZU002-17SA;COMPOSTAGEM
11202231037;NA1BCS0002-25SA;PROJETO DIRIGIDO
11202231416;DA1ESTG009-17SB;GESTÃO DE OPERAÇÕES
11202321374;DA1MCTA006-17SA;CIRCUITOS DIGITAIS
11202021785;DA1ESZI034-17SA;JOGOS DIGITAIS: ASPECTOS TÉCNICOS E APLICAÇÕES
11202421300;NANHLP003-22SA;PRÁTICAS DE ENSINO DE FÍSICA NO ENSINO FUNDAMENTAL II
11202320867;NA1ESHC030-17SB;DESIGUALDADES DE RAÇA, GÊNERO E RENDA
11201920417;NA1ESEN002-23SA;ENERGIA, MEIO AMBIENTE E SOCIEDADE
11202022033;NA1ESHR007-21SB;GEOPOLÍTICA
11202321028;NA1ESTO016-17SA;FENÔMENOS DE TRANSPORTE
11202231605;NA1ESZR024-21SB;CAPITALISMO, IMPERIALISMO E DEPENDÊNCIA
11202421166;NA1ESTO005-17SA;INTRODUÇÃO ÀS ENGENHARIAS
11202320321;DA1MCTB010-13SA;CÁLCULO VETORIAL E TENSORIAL
11202321474;NA1ESTI008-17SA;TEORIA DA INFORMAÇÃO E CÓDIGOS
11202520752;DA1ESTO005-17SA;INTRODUÇÃO ÀS ENGENHARIAS
11201920784;NA1NHBQ014-22SA;QUÍMICA ORGÂNICA EXPERIMENTAL
11202131001;NA1ESAE004-23SB;MÉTODOS COMPUTACIONAIS PARA ANÁLISE ESTRUTURAL
11202420275;NA1ESMA002-23SA;INOVAÇÕES PARA ENGENHARIA
11202320640;DA2MCZA024-17SA;REDES SEM FIO
11202520508;DA5BCL0307-15SA;TRANSFORMAÇÕES QUÍMICAS
11202420127;NA1NHZ4062-15SA;MEIO AMBIENTE E INDÚSTRIA
11202021753;NA1ESTU015-17SA;SAÚDE AMBIENTAL
11202420430;DA1MCCC001-23SA;ALGORITMOS E ESTRUTURAS DE DADOS I
11201921997;NA1ESZR027-21SB;DIÁSPORAS AFRICANAS E AS RELAÇÕES INTERNACIONAIS
11202521693;DA3BCN0407-15SA;FUNÇÕES DE VÁRIAS VARIÁVEIS
11202130272;NA1ESTO013-17SB;ENGENHARIA ECONÔMICA
11202420896;DA1MCTA023-17SA;SEGURANÇA DE DADOS
11202321414;DA2MCTB009-17SA;CÁLCULO NUMÉRICO
11202421026;NA2ESMA001-23SB;SOLUÇÕES PARA DESAFIOS EM ENGENHARIA
11201812368;NA1BHS0002-23SB;ARENAS E PROBLEMAS PÚBLICOS
11202230839;NA1ESHP028-22SB;POLÍTICAS DIGITAIS, DADOS E GESTÃO ALGORÍTMICA
11202320867;NA1BHS0002-23SB;ARENAS E PROBLEMAS PÚBLICOS
11202321635;DB1BCS0004-25SA;PRÁTICAS EXTENSIONISTAS EM LETRAMENTO DIGITAL
11202420925;NA2BIQ0602-15SA;ESTRUTURA E DINÂMICA SOCIAL
11202521740;DA1BCJ0205-15SB;FENÔMENOS TÉRMICOS
11202020834;NA1ESTB019-17SA;BIOESTATÍSTICA
11202310045;NA1BCN0402-15SA;FUNÇÕES DE UMA VARIÁVEL
11201912418;DA1MCZA006-17SA;COMPUTAÇÃO EVOLUTIVA E CONEXIONISTA
11202021500;DA1ESGE003-23SB;SISTEMAS CAM
11202521955;DA3BCJ0205-15SB;FENÔMENOS TÉRMICOS
11202410022;NA1ESTS003-17SB;INTRODUÇÃO À ASTRONÁUTICA
11202230820;NA1ESTU006-17SA;GEOTECNIA
11202021777;NB1BCM0505-22SB;PROCESSAMENTO DA INFORMAÇÃO
11202230944;DA1ESTB019-17SB;BIOESTATÍSTICA
11202230944;NA1NHZ6013-18SA;BIOTECNOLOGIA ANIMAL
11202322292;DA2BCN0402-15SA;FUNÇÕES DE UMA VARIÁVEL
11202231986;NA1NHT1073-15SA;ECOLOGIA VEGETAL
11202230623;NA1NHZ1092-19SA;EDUCAÇÃO EM SEXUALIDADE
11202521866;DA1ESTO011-17SA;FUNDAMENTOS DE DESENHO TÉCNICO
11201920335;NA1NHT4072-15SA;AVALIAÇÃO NO ENSINO DE QUÍMICA
11202231051;DA1ESTE027-17SA;LABORATÓRIO DE CALOR E FLUIDOS
11201922284;DA1ESTB009-17SB;PRINCÍPIOS DE IMAGENS MÉDICAS
11202522190;DA1BIR0603-15SA;CIÊNCIA, TECNOLOGIA E SOCIEDADE
11202522190;DA2ESMA002-23SA;INOVAÇÕES PARA ENGENHARIA
11202521975;NA1ESHT002-17SB;CARTOGRAFIA E GEOPROCESSAMENTO PARA O PLANEJAMENTO TERRITORIAL
11202130831;NA1MCTD010-18SA;HISTÓRIA DA MATEMÁTICA
11202320759;NA1ESTA002-17SA;CIRCUITOS ELÉTRICOS I
11202021181;DA1ESTI010-17SA;COMUNICAÇÕES ÓPTICAS
11202420705;DA1ESHC019-17SB;HISTÓRIA DO PENSAMENTO ECONÔMICO
11202210098;DA1ESHP018-14SB;POLÍTICAS SOCIAIS
11201921619;DA1ESGE009-23SB;TÓPICOS EM ENGENHARIA DE PRODUÇÃO NA INDÚSTRIA DE ALIMENTOS
11202231509;DA1ESTB019-17SA;BIOESTATÍSTICA
11202321045;NA2BCN0404-15SA;GEOMETRIA ANALÍTICA
11202420544;DA1ESHR016-21SB;SISTEMA FINANCEIRO INTERNACIONAL
11202510063;NA3BCS0001-25SA;BASE EXPERIMENTAL DAS CIÊNCIAS NATURAIS
11202510063;NA1ESEN002-23SA;ENERGIA, MEIO AMBIENTE E SOCIEDADE
11202420877;NANHZ2107-18SB;EPISTEMOLOGIA ANALÍTICA
11202422124;NANHH2035-13SB;HISTÓRIA DA FILOSOFIA CONTEMPORÂNEA: O SÉCULO XX
11201921509;NA1MCCC004-23SA;ANÁLISE DE ALGORITMOS I
11201921509;NA1MCBM002-23SA;ANÁLISE REAL I
11202111134;NA1ESTB019-17SA;BIOESTATÍSTICA
11202421878;NA4BCJ0205-15SA;FENÔMENOS TÉRMICOS
11202420698;DANHH2033-18SB;HISTÓRIA DA FILOSOFIA ANTIGA CLÁSSICA
11202420324;DB1ESTO005-17SA;INTRODUÇÃO ÀS ENGENHARIAS
11202421548;DA1ESZE057-17SA;ECONOMIA DO PETRÓLEO E DO GÁS NATURAL
11202521538;DA1ESTU012-17SA;POLUIÇÃO ATMOSFÉRICA
11202230536;NB1BCN0407-15SA;FUNÇÕES DE VÁRIAS VARIÁVEIS
11202230536;NA1MCZC010-15SB;ATENÇÃO E ESTADOS DE CONSCIÊNCIA
11202020221;NA1MCZA018-17SA;PROCESSAMENTO DIGITAL DE IMAGENS
11202421574;NANHZ2107-18SB;EPISTEMOLOGIA ANALÍTICA
11202421574;NAMCNC002-23SB;NEUROCIÊNCIA TEÓRICA E COMPUTACIONAL
11202321191;NA1ESHP032-22SB;PODER LEGISLATIVO E PROCESSO DECISÓRIO
11202321018;NA1NHLB003-23SA;PRÁTICAS DE ENSINO DE BIOLOGIA E CURRÍCULO
11202421775;NA1ESHR012-21SB;POLÍTICA INTERNACIONAL DOS EUA
11056914;NA2ESTA002-17SA;CIRCUITOS ELÉTRICOS I
11056914;NC1ESTA003-17SA;SISTEMAS DE CONTROLE I
11202230332;NA1MCZA018-17SA;PROCESSAMENTO DIGITAL DE IMAGENS
11201921509;NA2ESTB019-17SB;BIOESTATÍSTICA
11202421140;NA1ESMA001-23SB;SOLUÇÕES PARA DESAFIOS EM ENGENHARIA
11201922319;NB1ESTA004-17SA;CIRCUITOS ELÉTRICOS II
11201922319;DA1ESTE028-17SA;ENGENHARIA NUCLEAR
11202521777;DB1BCN0404-15SA;GEOMETRIA ANALÍTICA
11201722799;NA1ESHP012-22SB;DIREITO ADMINISTRATIVO
11202420307;DA2LHT1003-19SB;ESTÁGIO SUPERVISIONADO EM CH III
11202232015;NA1ESMA001-23SB;SOLUÇÕES PARA DESAFIOS EM ENGENHARIA
11202321391;DA1MCTB023-17SA;TEORIA ARITMÉTICA DOS NÚMEROS
11202332335;DA3BCS0001-25SA;BASE EXPERIMENTAL DAS CIÊNCIAS NATURAIS
11202421522;DA1MCTA022-17SA;REDES DE COMPUTADORES
11201921074;NA1ESHC037-21SB;ECONOMETRIA III
11202321181;NA1ESAE006-23SB;AERONAVES DIRIGÍVEIS
11202421127;NA1BCK0103-15SB;FÍSICA QUÂNTICA
11202421127;NA1ESZG001-17SB;ANÁLISE DE REDES DE TRANSPORTE E DISTRIBUIÇÃO
11202421017;NA2BCJ0204-15SB;FENÔMENOS MECÂNICOS
11202232158;DA1NHZ1031-15SA;HISTÓRIA DAS IDEIAS BIOLÓGICAS
11202231999;NA1NHT1002-15SA;BIOÉTICA
11202231999;NA1ESZM002-17SA;NANOCIÊNCIA E NANOTECNOLOGIA
11202111605;NB1NHI5002-15SA;DIDÁTICA
11202421931;NA1ESHR026-14SB;HISTÓRIA DO TERCEIRO MUNDO
11202321717;NA1ESTU015-17SA;SAÚDE AMBIENTAL
11202321717;NA1ESZE045-17SA;RESÍDUOS NUCLEARES
11202422105;DA1ESZR024-21SB;CAPITALISMO, IMPERIALISMO E DEPENDÊNCIA
11202332380;NA1BCN0404-15SB;GEOMETRIA ANALÍTICA
11202420229;NA1ESAU010-23SA;CARTOGRAFIA E GEOPROCESSAMENTO
11202021158;NA2MCZA004-13SA;AVALIAÇÃO DE DESEMPENHO DE REDES
11202520638;DA1NHT1002-15SA;BIOÉTICA
11202021488;NA3BCJ0204-15SA;FENÔMENOS MECÂNICOS
11202231961;NA1ESTO013-17SA;ENGENHARIA ECONÔMICA
11202320584;NA1ESTU015-17SA;SAÚDE AMBIENTAL
11202320584;NA1MCLM003-23SA;TENDÊNCIAS EM EDUCAÇÃO MATEMÁTICA
11202421473;DA1ESZU036-17SA;SAÚDE, DETERMINANTES SOCIOAMBIENTAIS E EQUIDADE
11202421512;NB3BCN0407-15SA;FUNÇÕES DE VÁRIAS VARIÁVEIS
11202020236;NA1ESZM002-17SA;NANOCIÊNCIA E NANOTECNOLOGIA
11202521254;NB3BCN0407-15SA;FUNÇÕES DE VÁRIAS VARIÁVEIS
11202230264;NA1MCZB015-13SA;INTRODUÇÃO À CRIPTOGRAFIA
11202321508;NB3BCN0407-15SA;FUNÇÕES DE VÁRIAS VARIÁVEIS
11202230594;NA1BCS0002-25SA;PROJETO DIRIGIDO
11202321846;NA1BCN0407-15SB;FUNÇÕES DE VÁRIAS VARIÁVEIS
11009215;DA1ESZC034-21SB;ECONOMIA COMPORTAMENTAL
11202332321;NA1MCZA018-17SA;PROCESSAMENTO DIGITAL DE IMAGENS
11201921612;NA1ESAU012-23SA;AVALIAÇÃO AMBIENTAL ESTRATÉGICA
11202510090;DA1ESHR004-13SB;ECONOMIA POLÍTICA INTERNACIONAL DA ENERGIA
11202520650;NB1BCL0307-15SB;TRANSFORMAÇÕES QUÍMICAS
11201812063;NA1NHZ6013-18SA;BIOTECNOLOGIA ANIMAL
11201812063;NA1ESZE052-17SA;GERAÇÃO DISTRIBUÍDA
11202432313;NA1ESHP027-14SB;PODER LOCAL
11066513;NC1ESTA003-17SA;SISTEMAS DE CONTROLE I
11202521493;DA1BCM0504-15SA;NATUREZA DA INFORMAÇÃO
11201920403;NA1ESTU027-17SA;FUNDAMENTOS DE GEOLOGIA PARA ENGENHARIA
11202230794;NA1ESMA001-23SB;SOLUÇÕES PARA DESAFIOS EM ENGENHARIA
11202231651;NA1NHZ6013-18SA;BIOTECNOLOGIA ANIMAL
11201721640;DA1BCJ0204-15SA;FENÔMENOS MECÂNICOS
11201921390;NA1NHZ1027-15SA;FARMACOLOGIA
11202231238;NA1ESZR023-21SB;AS CATEGORIAS DE KARL MARX E A ANÁLISE DO CAPITALISMO CONTEMPORÂNEO
11202322006;DA1ESHR007-21SB;GEOPOLÍTICA
11202322006;DA1ESHR016-21SB;SISTEMA FINANCEIRO INTERNACIONAL
11202322006;DA1ESZR003-21SB;AMÉRICA LATINA CONTEMPORÂNEA
11202322006;DANHH2033-18SB;HISTÓRIA DA FILOSOFIA ANTIGA CLÁSSICA
11202021166;NA1BCK0103-15SB;FÍSICA QUÂNTICA
11100216;DA1MCZA024-17SA;REDES SEM FIO
11202231580;DA1MCTB001-17SB;ÁLGEBRA LINEAR
11202421665;NANHH2073-18SB;TEORIA DO CONHECIMENTO: EMPIRISMO E RACIONALISMO
11202522123;DB1BCK0103-15SA;FÍSICA QUÂNTICA
11202230967;NA1ESHP018-14SB;POLÍTICAS SOCIAIS
11201920324;NA1ESTS005-17SB;DINÂMICA E CONTROLE DE VEÍCULOS ESPACIAIS
21071416;NA1ESHR008-21SB;INTEGRAÇÃO REGIONAL - TEORIAS E EXPERIÊNCIAS
11202131244;DA1MCZA024-17SA;REDES SEM FIO
11202521222;DB2BCS0004-25SA;PRÁTICAS EXTENSIONISTAS EM LETRAMENTO DIGITAL
11201723076;DA1ESTO012-17SA;PRINCÍPIOS DE ADMINISTRAÇÃO
11202231429;NA2ESTO017-17SA;MÉTODOS EXPERIMENTAIS EM ENGENHARIA
11202320267;NB2MCTB001-17SA;ÁLGEBRA LINEAR
11202532641;DA1ESZI034-17SA;JOGOS DIGITAIS: ASPECTOS TÉCNICOS E APLICAÇÕES
11202230723;NA4BCM0505-22SB;PROCESSAMENTO DA INFORMAÇÃO
11202230723;NA1ESHP019-22SB;REGIMES E FORMAS DE GOVERNO
11202421199;NA1MCCC009-23SA;LINGUAGENS FORMAIS E AUTÔMATOS
11202420364;NA1ESAE001-23SB;APLICAÇÕES ESTRUTURAIS DE MATERIAIS COMPÓSITOS
11202421199;DAESTI013-17SA;SISTEMAS MICROPROCESSADOS
11202310054;DA1ESHC030-17SB;DESIGUALDADES DE RAÇA, GÊNERO E RENDA
11202520812;NB1BCN0407-15SA;FUNÇÕES DE VÁRIAS VARIÁVEIS
11080312;DA1ESTG010-17SB;INOVAÇÃO TECNOLÓGICA
11202520673;DA2BCN0402-15SA;FUNÇÕES DE UMA VARIÁVEL
11202332322;DA1BCS0002-25SB;PROJETO DIRIGIDO
11202321553;DA1ESTO013-17SA;ENGENHARIA ECONÔMICA
11202231318;DA1ESHP028-22SB;POLÍTICAS DIGITAIS, DADOS E GESTÃO ALGORÍTMICA
11201920266;DA2MCTA026-13SA;SISTEMAS OPERACIONAIS
11202421278;DA1ESTO001-17SA;CIRCUITOS ELÉTRICOS E FOTÔNICA
11202021061;NAMCZC017-20SB;PRÁTICAS EM NEUROBIOLOGIA MOLECULAR
11120815;DA1BCL0306-15SB;BIODIVERSIDADE: INTERAÇÕES ENTRE ORGANISMOS E AMBIENTE
11120815;NA1NHZ6004-18SA;ENZIMOLOGIA E BIOCATÁLISE
11202130062;DA1ESHP012-22SB;DIREITO ADMINISTRATIVO
11202231671;NB2BCS0002-25SA;PROJETO DIRIGIDO
11202231671;DA1BHO1335-15SB;FORMAÇÃO DO SISTEMA INTERNACIONAL
11202231671;DA1BHO0002-19SB;INTRODUÇÃO AO PENSAMENTO ECONÔMICO
11202231671;DA1ESHT002-17SB;CARTOGRAFIA E GEOPROCESSAMENTO PARA O PLANEJAMENTO TERRITORIAL
11202231671;DA1ESHT006-17SB;ECONOMIA URBANA
11202231671;DANHH2007-13SB;ESTÉTICA
11202021998;DA1ESZU002-17SA;COMPOSTAGEM
11201722189;NA2BCL0306-15SB;BIODIVERSIDADE: INTERAÇÕES ENTRE ORGANISMOS E AMBIENTE
11201722189;NA1NHT1055-15SA;FUNDAMENTOS DE IMUNOLOGIA
11201722189;NA1ESZP037-22SB;POLÍTICAS DE SEGURANÇA PÚBLICA E VIOLÊNCIA
11201722189;NA1ESZE076-17SA;PROTEÇÃO DE SISTEMAS ELÉTRICOS DE POTÊNCIA
11201722189;NA1ESHP019-22SB;REGIMES E FORMAS DE GOVERNO
11202322130;NA1ESTM003-17SA;TÓPICOS COMPUTACIONAIS EM MATERIAIS
11201722660;NA1ESTU040-17SA;PROJETO AMBIENTAL URBANO
11202231053;DA2BCN0402-15SA;FUNÇÕES DE UMA VARIÁVEL
11202112012;DA1NHLQ005-22SA;ESTÁGIO II NO ENSINO MÉDIO (QUÍMICA)
11201810643;NA1ESTE031-17SA;ENGENHARIA DE RECURSOS HÍDRICOS
11201810643;NA1ESTE032-17SA;ENGENHARIA SOLAR TÉRMICA
11201810643;NA1ESZE093-17SA;ENGENHARIA DO BIODIESEL
11202421707;DA1NHT4072-15SA;AVALIAÇÃO NO ENSINO DE QUÍMICA
11202532686;DA1ESTO008-17SB;MECÂNICA DOS SÓLIDOS I
11202421707;DA1NHT1073-15SA;ECOLOGIA VEGETAL
11202210011;DA1NHZ1003-15SA;BIOFÍSICA
11202210011;DA1NHZ1097-19SA;PRÁTICAS PEDAGÓGICAS E FORMATIVAS EM MUSEUS DE CIÊNCIAS
11202321409;NA1NHLB001-23SA;INSTRUMENTAÇÃO PARA O ENSINO DE CIÊNCIAS E BIOLOGIA
11202130600;NA1ESZE100-17SA;REFINO DO PETRÓLEO
11201810675;NA1NHZ6014-18SA;TRABALHO DE CONCLUSÃO DE CURSO DE BIOTECNOLOGIA
11201920408;NA1ESAE004-23SB;MÉTODOS COMPUTACIONAIS PARA ANÁLISE ESTRUTURAL
11201920674;NA1ESHP027-14SB;PODER LOCAL
11202420767;DA1NHZ1097-19SA;PRÁTICAS PEDAGÓGICAS E FORMATIVAS EM MUSEUS DE CIÊNCIAS
11202231893;NA2BCL0306-15SB;BIODIVERSIDADE: INTERAÇÕES ENTRE ORGANISMOS E AMBIENTE
11202231893;NANHH2035-13SB;HISTÓRIA DA FILOSOFIA CONTEMPORÂNEA: O SÉCULO XX
11202212398;NA1ESTM014-17SA;CARACTERIZAÇÃO DE MATERIAIS
11202522060;DA1ESTO011-17SB;FUNDAMENTOS DE DESENHO TÉCNICO
11202421710;NA1ESHP019-22SB;REGIMES E FORMAS DE GOVERNO
11202321089;NA2MCTB010-13SA;CÁLCULO VETORIAL E TENSORIAL
11201920979;DA1ESHP005-13SB;CONFLITOS SOCIAIS
11202522499;NA1ESZR026-21SB;DESLOCAMENTO FORÇADO, REFÚGIO E HUMANITARISMO
11202020509;NA1ESAE001-23SB;APLICAÇÕES ESTRUTURAIS DE MATERIAIS COMPÓSITOS
11202231789;NA1ESZE093-17SA;ENGENHARIA DO BIODIESEL
11057714;DA1ESHP027-14SB;PODER LOCAL
11202130086;DA1BCL0306-15SA;BIODIVERSIDADE: INTERAÇÕES ENTRE ORGANISMOS E AMBIENTE
11202021171;DA1ESZU036-17SA;SAÚDE, DETERMINANTES SOCIOAMBIENTAIS E EQUIDADE
11202021171;DA1ESZU020-17SA;TRANSPORTES, USO E OCUPAÇÃO DO SOLO
11202322104;NA1ESMA002-23SB;INOVAÇÕES PARA ENGENHARIA
11202610043;NB1BCN0407-15SA;FUNÇÕES DE VÁRIAS VARIÁVEIS
11201922266;DA1ESTO013-17SA;ENGENHARIA ECONÔMICA
11201922266;DA1ESTU012-17SA;POLUIÇÃO ATMOSFÉRICA
11201922266;DAESTI013-17SA;SISTEMAS MICROPROCESSADOS
11201922266;DA1ESZI034-17SA;JOGOS DIGITAIS: ASPECTOS TÉCNICOS E APLICAÇÕES
11202520659;NA2BCL0306-15SB;BIODIVERSIDADE: INTERAÇÕES ENTRE ORGANISMOS E AMBIENTE
11202020402;DB1ESTO013-17SB;ENGENHARIA ECONÔMICA
11202520812;DA1BCS0003-25SA;PRÁTICAS EXTENSIONISTAS EM GÊNERO, DIVERSIDADE E RAÇA
11202410029;NA1MCTB001-17SB;ÁLGEBRA LINEAR
11202320224;NA1ESZE093-17SA;ENGENHARIA DO BIODIESEL
11202420165;DA1ESZU034-17SA;ECOLOGIA DO AMBIENTE URBANO
21048916;DA1ESZG012-17SB;PROJETOS INDUSTRIAIS
11202130389;NA1ESHR008-21SB;INTEGRAÇÃO REGIONAL - TEORIAS E EXPERIÊNCIAS
11202320224;NA1ESEN002-23SA;ENERGIA, MEIO AMBIENTE E SOCIEDADE
11202522192;DA1ESTO013-17SA;ENGENHARIA ECONÔMICA
11202521293;DA2BCN0402-15SA;FUNÇÕES DE UMA VARIÁVEL
11201921894;DA1BHS0005-19SB;PRÁTICAS EM CIÊNCIAS E HUMANIDADES
11202230782;NA1ESTI004-17SA;PRINCÍPIOS DE COMUNICAÇÃO
11201721842;DA1ESMA002-23SA;INOVAÇÕES PARA ENGENHARIA
11202321661;NA1ESTU040-17SA;PROJETO AMBIENTAL URBANO
11202020766;DA1ESGE009-23SB;TÓPICOS EM ENGENHARIA DE PRODUÇÃO NA INDÚSTRIA DE ALIMENTOS
11201921889;DA1ESZE057-17SA;ECONOMIA DO PETRÓLEO E DO GÁS NATURAL
11202230667;NAMCZC017-20SB;PRÁTICAS EM NEUROBIOLOGIA MOLECULAR
11202522491;NA2BCN0404-15SA;GEOMETRIA ANALÍTICA
11202421277;DA1ESTO001-17SA;CIRCUITOS ELÉTRICOS E FOTÔNICA
11202231427;NA1ESZE100-17SA;REFINO DO PETRÓLEO
11202231427;NA1ESTM003-17SA;TÓPICOS COMPUTACIONAIS EM MATERIAIS
11202320512;NB1ESTO008-17SA;MECÂNICA DOS SÓLIDOS I
11201720188;NA1ESHP032-22SB;PODER LEGISLATIVO E PROCESSO DECISÓRIO
21084913;NA1ESHP019-22SB;REGIMES E FORMAS DE GOVERNO
11201720918;NA2BCL0306-15SB;BIODIVERSIDADE: INTERAÇÕES ENTRE ORGANISMOS E AMBIENTE
11201720918;NA1NHT1055-15SA;FUNDAMENTOS DE IMUNOLOGIA
11201720918;NA1ESZP037-22SB;POLÍTICAS DE SEGURANÇA PÚBLICA E VIOLÊNCIA
11201720918;NA1ESHP019-22SB;REGIMES E FORMAS DE GOVERNO
11201812274;NA1NHZ6006-18SA;PROTEÍNAS RECOMBINANTES
11202231948;NA1ESTU019-17SA;TEORIA DO PLANEJAMENTO URBANO E AMBIENTAL
11202210007;DA1ESTU015-17SA;SAÚDE AMBIENTAL
11202320350;DAMCNC001-23SB;BIOFÍSICA DE MEMBRANAS
11084115;NA1NHLB003-23SA;PRÁTICAS DE ENSINO DE BIOLOGIA E CURRÍCULO
11202421126;NA2ESTB019-17SB;BIOESTATÍSTICA
11202421126;NAMCNC002-23SB;NEUROCIÊNCIA TEÓRICA E COMPUTACIONAL
11202421126;DA1MCZC021-20SB;NEUROPSICOLOGIA
11202421126;DA1ESTO011-17SB;FUNDAMENTOS DE DESENHO TÉCNICO
11202232330;NAESTA005-17SA;ANÁLISE DE SISTEMAS DINÂMICOS LINEARES
11202021052;DA1ESTO016-17SA;FENÔMENOS DE TRANSPORTE
11202131455;NA1MCZB014-17SA;INTRODUÇÃO À ANÁLISE FUNCIONAL
11114215;DA1MCZA002-17SA;APRENDIZADO DE MÁQUINA
11202322230;DA1BIR0603-15SB;CIÊNCIA, TECNOLOGIA E SOCIEDADE
11201920365;DA1NHT1049-15SA;TRABALHO DE CONCLUSÃO DE CURSO EM BIOLOGIA
11202130768;DA1ESHP012-22SB;DIREITO ADMINISTRATIVO
11201811474;NA1ESZU036-17SA;SAÚDE, DETERMINANTES SOCIOAMBIENTAIS E EQUIDADE
21089916;DA1ESMA002-23SB;INOVAÇÕES PARA ENGENHARIA
11202521864;NA1NHZ1003-15SA;BIOFÍSICA
11202521127;NA2BCN0404-15SA;GEOMETRIA ANALÍTICA
11201721432;NA1ESTE031-17SA;ENGENHARIA DE RECURSOS HÍDRICOS
11084514;NA1NHT4046-15SA;TRABALHO DE CONCLUSÃO DE CURSO EM QUÍMICA
11202420721;NA1NHBQ008-22SA;FUNDAMENTOS DE REAÇÕES ORGÂNICAS
11202420721;NA1NHBQ014-22SA;QUÍMICA ORGÂNICA EXPERIMENTAL
11202111988;DA1BCN0404-15SA;GEOMETRIA ANALÍTICA
21025013;DA1ESHP005-13SB;CONFLITOS SOCIAIS
21025013;DA1ESHP016-22SB;MÉTODOS QUANTITATIVOS EM POLÍTICAS PÚBLICAS
11201722706;NB1BCN0407-15SA;FUNÇÕES DE VÁRIAS VARIÁVEIS
11202420783;DA1NHBB008-23SA;AÇÕES EXTENSIONISTAS EM ZOOLOGIA
11202522490;DB2BCN0407-15SA;FUNÇÕES DE VÁRIAS VARIÁVEIS
11202610084;DA1ESZC034-21SB;ECONOMIA COMPORTAMENTAL
11201722785;NA1NHBT002-23SA;BIOTECNOLOGIA VEGETAL
11202020885;NA1ESZP037-22SB;POLÍTICAS DE SEGURANÇA PÚBLICA E VIOLÊNCIA
11202131854;NA1MCTD019-18SA;PRÁTICAS DE ENSINO DE MATEMÁTICA IV
11202522205;DA1NHT1073-15SA;ECOLOGIA VEGETAL
11202230949;DA1ESTA001-17SA;DISPOSITIVOS ELETRÔNICOS
11202020406;DA1ESGE002-23SB;PESQUISA OPERACIONAL
11201722311;DB2BCL0307-15SB;TRANSFORMAÇÕES QUÍMICAS
11201722311;DB1ESTO013-17SB;ENGENHARIA ECONÔMICA
11202322273;DA1ESZU034-17SA;ECOLOGIA DO AMBIENTE URBANO
11202522343;NA1ESHP027-14SB;PODER LOCAL
11202111826;NB1NHT1066-15SA;MORFOFISIOLOGIA ANIMAL COMPARADA
11201812049;NA1ESHP018-14SB;POLÍTICAS SOCIAIS
11013016;NA2ESTA013-17SA;FUNDAMENTOS DE ROBÓTICA
11202020293;NA1NHI5002-15SB;DIDÁTICA
11202020293;NA1NHH2089-16SB;PRÁTICA DE ENSINO DE FILOSOFIA: METODOLOGIAS
11201810083;NA1NHLB003-23SA;PRÁTICAS DE ENSINO DE BIOLOGIA E CURRÍCULO
11201810083;NA1NHT4032-15SA;PRÁTICAS DE ENSINO DE QUÍMICA III
11201722706;DA1ESTU006-17SA;GEOTECNIA
11201722224;DA1ESZI025-17SA;APLICAÇÕES DE MICROCONTROLADORES
11201812049;DA1ESHP005-13SB;CONFLITOS SOCIAIS
11202520293;DB1NHT1065-15SA;ZOOLOGIA DE VERTEBRADOS
11202131890;NA1ESTO008-17SA;MECÂNICA DOS SÓLIDOS I
11201810083;NANHT3068-15SA;MECÂNICA CLÁSSICA I
11202520367;NC4BCL0307-15SA;TRANSFORMAÇÕES QUÍMICAS
11202520293;NA1MCTC018-20SB;NEUROPSICOFARMACOLOGIA
11202321568;DB1BIR0603-15SA;CIÊNCIA, TECNOLOGIA E SOCIEDADE
11202321568;DA2BCN0402-15SA;FUNÇÕES DE UMA VARIÁVEL
11202321568;NA2BCN0407-15SB;FUNÇÕES DE VÁRIAS VARIÁVEIS
11202321568;NA1BCM0505-22SB;PROCESSAMENTO DA INFORMAÇÃO
11201722078;DANHBF149-22SB;OFICINA DE PESQUISA EM FILOSOFIA I
11201920263;NA1ESHT008-17SB;GOVERNANÇA PÚBLICA, DEMOCRACIA E POLÍTICAS NO TERRITÓRIO
11202520663;NB2BCL0307-15SB;TRANSFORMAÇÕES QUÍMICAS
11202522008;NA2BCN0407-15SB;FUNÇÕES DE VÁRIAS VARIÁVEIS
11202130611;DA1ESZS012-17SB;APLICAÇÕES DE ELEMENTOS FINITOS PARA ENGENHARIA
11202320267;NA1MCTD022-18SA;ÁLGEBRA NA EDUCAÇÃO BÁSICA
11202130566;DA1ESHC030-17SB;DESIGUALDADES DE RAÇA, GÊNERO E RENDA
11202521316;DA1ESZU034-17SA;ECOLOGIA DO AMBIENTE URBANO
11202320437;DB1BCK0104-15SA;INTERAÇÕES ATÔMICAS E MOLECULARES
11201811843;DA1BIR0004-15SB;BASES EPISTEMOLÓGICAS DA CIÊNCIA MODERNA
11201811843;DB1BCL0306-15SB;BIODIVERSIDADE: INTERAÇÕES ENTRE ORGANISMOS E AMBIENTE
11202130343;NB2BCM0505-22SB;PROCESSAMENTO DA INFORMAÇÃO
11202130343;NA1MCTB001-17SA;ÁLGEBRA LINEAR
11202421277;DA1ESTU012-17SA;POLUIÇÃO ATMOSFÉRICA
11202610002;NB1ESTA001-17SA;DISPOSITIVOS ELETRÔNICOS
11201810954;NA1MCCC009-23SA;LINGUAGENS FORMAIS E AUTÔMATOS
11201810954;NAESTA005-17SA;ANÁLISE DE SISTEMAS DINÂMICOS LINEARES
11201922258;DA1ESTG010-17SB;INOVAÇÃO TECNOLÓGICA
11201922258;DA1ESHC025-17SB;MICROECONOMIA I
11202521220;NA3BCM0505-22SB;PROCESSAMENTO DA INFORMAÇÃO
11202521220;NANHH2035-13SB;HISTÓRIA DA FILOSOFIA CONTEMPORÂNEA: O SÉCULO XX
11201921941;NA1ESHP019-22SB;REGIMES E FORMAS DE GOVERNO
11201722132;DA1NHZ1003-15SA;BIOFÍSICA
11201921941;NA1ESHP018-14SB;POLÍTICAS SOCIAIS
11202022092;DA1ESZR027-21SB;DIÁSPORAS AFRICANAS E AS RELAÇÕES INTERNACIONAIS
11201722989;DA1NHZ2094-16SB;FILOSOFIA AFRICANA
11202510090;NB1BHP0001-15SB;ÉTICA E JUSTIÇA
11202230860;NA1ESTU012-17SA;POLUIÇÃO ATMOSFÉRICA
11202230860;NA1MCZB030-17SA;TEORIA AXIOMÁTICA DE CONJUNTOS
11202432349;DA1ESTE028-17SA;ENGENHARIA NUCLEAR
11202230825;DA1ESTU012-17SA;POLUIÇÃO ATMOSFÉRICA
11201721058;NA2NHT1061-15SA;GENÉTICA I
11201721058;NA1NHZ6006-18SA;PROTEÍNAS RECOMBINANTES
11202231486;NA1ESTM010-17SB;PROPRIEDADES MECÂNICAS E TÉRMICAS
11202610108;DA1ESHR016-21SB;SISTEMA FINANCEIRO INTERNACIONAL
11201720568;DA1ESHT014-22SB;OFICINA DE PLANEJAMENTO DE ÁREAS PERIURBANAS, INTERIORANAS E RURAIS
11202421950;DA1ESTO005-17SB;INTRODUÇÃO ÀS ENGENHARIAS
11114414;DAESTA011-17SA;AUTOMAÇÃO DE SISTEMAS INDUSTRIAIS
11114414;DB1BCL0306-15SB;BIODIVERSIDADE: INTERAÇÕES ENTRE ORGANISMOS E AMBIENTE
11114414;DA1ESTA003-17SA;SISTEMAS DE CONTROLE I
11202420681;DA1ESHC025-17SB;MICROECONOMIA I
11202320236;NA1ESAE001-23SB;APLICAÇÕES ESTRUTURAIS DE MATERIAIS COMPÓSITOS
11202320887;DA1BHQ0002-15SA;ESTUDOS ÉTNICO-RACIAIS
11202320887;DA1BCS0003-25SA;PRÁTICAS EXTENSIONISTAS EM GÊNERO, DIVERSIDADE E RAÇA
11202320236;NA1ESHT002-17SB;CARTOGRAFIA E GEOPROCESSAMENTO PARA O PLANEJAMENTO TERRITORIAL
11201920383;DA1MCTB010-13SB;CÁLCULO VETORIAL E TENSORIAL
11201921595;DA1NHT3049-15SA;PRINCÍPIOS DE TERMODINÂMICA
11202421735;NA1ESEN002-23SA;ENERGIA, MEIO AMBIENTE E SOCIEDADE
11202111190;NA1MCTB023-17SA;TEORIA ARITMÉTICA DOS NÚMEROS
11202131236;DA2BCJ0204-15SB;FENÔMENOS MECÂNICOS
11202332432;NA2BCL0306-15SB;BIODIVERSIDADE: INTERAÇÕES ENTRE ORGANISMOS E AMBIENTE
11202332432;NAMCNC002-23SB;NEUROCIÊNCIA TEÓRICA E COMPUTACIONAL
11202332432;NA1NHH2089-16SB;PRÁTICA DE ENSINO DE FILOSOFIA: METODOLOGIAS
11202520797;NA1NHT1055-15SA;FUNDAMENTOS DE IMUNOLOGIA
11202520797;NA1ESTI006-17SA;PROCESSAMENTO DIGITAL DE SINAIS
11201921323;NA1ESTB025-17SB;INSTRUMENTAÇÃO BIOMÉDICA I
11202130443;DA1NHI5002-15SA;DIDÁTICA
11202521716;DA1NHZ2094-16SB;FILOSOFIA AFRICANA
11202230750;DA1MCCC009-23SA;LINGUAGENS FORMAIS E AUTÔMATOS
11202521987;NA1BCM0504-15SB;NATUREZA DA INFORMAÇÃO
11202321151;DB1BCS0004-25SB;PRÁTICAS EXTENSIONISTAS EM LETRAMENTO DIGITAL
11201920653;DA1ESTO008-17SB;MECÂNICA DOS SÓLIDOS I
11202130016;NA1ESBM004-23SB;FUNDAMENTOS DE FISIOPATOLOGIA PARA ENGENHARIAS I
11201722309;NA1NHT3048-15SA;PRINCÍPIOS DE MECÂNICA QUÂNTICA
11202130669;NA1NHT3037-13SA;MECÂNICA GERAL
11202421665;NAESZB033-17SB;PROJETO E DESENVOLVIMENTO DE INTERFACES CÉREBRO-MÁQUINA
11202111125;DA1NHBQ017-22SA;TÓPICOS ESPECIAIS EM QUÍMICA ORGÂNICA
11202020693;DA1NHZ1016-15SA;CONSERVAÇÃO DA BIODIVERSIDADE
11202520475;DA8BCM0505-22SA;PROCESSAMENTO DA INFORMAÇÃO
11202422050;DA1ESTU019-17SA;TEORIA DO PLANEJAMENTO URBANO E AMBIENTAL
11202610043;NA1ESZA007-17SA;CONFIABILIDADE DE COMPONENTES E SISTEMAS
11201920766;DANHBF149-22SB;OFICINA DE PESQUISA EM FILOSOFIA I
11202421842;DA1ESTO013-17SA;ENGENHARIA ECONÔMICA
11201822455;NA1NHT4046-15SA;TRABALHO DE CONCLUSÃO DE CURSO EM QUÍMICA
11201720666;NA1BCM0505-22SB;PROCESSAMENTO DA INFORMAÇÃO
11201720666;NA3ESTB019-17SB;BIOESTATÍSTICA
11201720666;NA1MCTC018-20SB;NEUROPSICOFARMACOLOGIA
11201720666;NAMCNC002-23SB;NEUROCIÊNCIA TEÓRICA E COMPUTACIONAL
11202410011;DA1NHI5002-15SA;DIDÁTICA
11202410011;DA1MCTD010-18SA;HISTÓRIA DA MATEMÁTICA
11201723119;DA1ESGE002-23SB;PESQUISA OPERACIONAL
11202410011;DA1MCTD016-18SA;PRÁTICAS DE ENSINO DE MATEMÁTICA I
11202521605;NA1ESHP012-22SB;DIREITO ADMINISTRATIVO
11202230665;NANHT3068-15SA;MECÂNICA CLÁSSICA I
11202410052;NA1BCL0306-15SB;BIODIVERSIDADE: INTERAÇÕES ENTRE ORGANISMOS E AMBIENTE
11202521774;DA1NHBT005-23SA;PRÁTICAS EXTENSIONISTAS EM BIOTECNOLOGIA
11202111740;DA1NHZ1096-19SA;PRÁTICAS DISCURSIVAS DA CIÊNCIA E EDUCAÇÃO EM CIÊNCIAS
11202131673;NA1ESTA021-17SB;INTRODUÇÃO AO CONTROLE DISCRETO
11048116;DA1ESAE002-23SA;DESENHO UNIVERSAL E TECNOLOGIA ASSISTIVA
11201922329;DA1ESTB015-17SB;PRINCÍPIOS DE ÉTICA EM SERVIÇOS DE SAÚDE
11202231019;NA1ESTB025-17SB;INSTRUMENTAÇÃO BIOMÉDICA I
11202021320;NA1ESTS002-17SB;AERONÁUTICA I-A
11201921542;NA2ESTO006-17SA;MATERIAIS E SUAS PROPRIEDADES
11202111305;DA1MCZA006-17SA;COMPUTAÇÃO EVOLUTIVA E CONEXIONISTA
11202520209;DA1ESZU034-17SA;ECOLOGIA DO AMBIENTE URBANO
11201720464;DB1MCTB001-17SA;ÁLGEBRA LINEAR
11201932571;DA1ESZG011-17SB;PLANEJAMENTO ESTRATÉGICO EM GESTÃO DE PROJETOS
11202232204;NA1NHT3048-15SA;PRINCÍPIOS DE MECÂNICA QUÂNTICA
11202232204;NA1ESTM003-17SA;TÓPICOS COMPUTACIONAIS EM MATERIAIS
11202232015;NA1ESHT026-21SB;BIODIVERSIDADE, GEODIVERSIDADE E PAISAGEM
11202421650;DA1BCK0103-15SA;FÍSICA QUÂNTICA
11202421832;DB1BCK0103-15SA;FÍSICA QUÂNTICA
11202022282;DA1ESTO013-17SA;ENGENHARIA ECONÔMICA
11202022282;DA1ESTG005-17SB;ENGENHARIA ECONÔMICA APLICADA A SISTEMAS DE GESTÃO
21063614;NA1ESTA021-17SB;INTRODUÇÃO AO CONTROLE DISCRETO
11202130489;DB1ESAE005-23SB;TÉCNICAS DE ANÁLISE ESTRUTURAL
11202420545;NAMCZC017-20SB;PRÁTICAS EM NEUROBIOLOGIA MOLECULAR
11202230665;NA1ESTU021-17SA;TRANSPORTES E MOBILIDADE URBANA
11202230384;NA1ESTU040-17SA;PROJETO AMBIENTAL URBANO
11202022058;DA1NHBT005-23SA;PRÁTICAS EXTENSIONISTAS EM BIOTECNOLOGIA
11025414;DA1MCBM002-23SA;ANÁLISE REAL I
11202230740;NANHZ2129-18SB;ESTRUTURALISMO E PÓS-ESTRUTURALISMO
11201722035;DA1MCZA002-17SA;APRENDIZADO DE MÁQUINA
11201722035;DA7BCM0505-22SA;PROCESSAMENTO DA INFORMAÇÃO
11202130181;DA1ESAE003-23SB;DINÂMICA DE GASES
11202532686;DI1ESZS001-17SB;AERONÁUTICA I-B
11202230247;DA1ESTO008-17SB;MECÂNICA DOS SÓLIDOS I
11201920134;NA1ESHT008-17SB;GOVERNANÇA PÚBLICA, DEMOCRACIA E POLÍTICAS NO TERRITÓRIO
11201920134;NANHH2035-13SB;HISTÓRIA DA FILOSOFIA CONTEMPORÂNEA: O SÉCULO XX
11202522096;DA2BCN0407-15SA;FUNÇÕES DE VÁRIAS VARIÁVEIS
11202232145;NANHH2035-13SB;HISTÓRIA DA FILOSOFIA CONTEMPORÂNEA: O SÉCULO XX
11202322195;DA1MCTA023-17SA;SEGURANÇA DE DADOS
11202231192;DA1ESZU020-17SA;TRANSPORTES, USO E OCUPAÇÃO DO SOLO
11202210077;NA1NHH2089-16SB;PRÁTICA DE ENSINO DE FILOSOFIA: METODOLOGIAS
11202232351;NA2BCN0407-15SB;FUNÇÕES DE VÁRIAS VARIÁVEIS
11201722524;NA1BCJ0205-15SA;FENÔMENOS TÉRMICOS
11201722524;NB2BCM0505-22SB;PROCESSAMENTO DA INFORMAÇÃO
11202230667;DA1ESZU002-17SA;COMPOSTAGEM
11202420938;DA1LHZ0031-19SB;PRÁTICAS DE ENSINO DE HISTÓRIA: METODOLOGIAS
11202232006;DA1MCCC009-23SA;LINGUAGENS FORMAIS E AUTÔMATOS
11202420490;NA3ESTB019-17SB;BIOESTATÍSTICA
11202420490;NA1ESZB007-17SB;INTRODUÇÃO À BIOFOTÔNICA E ÓPTICA BIOMÉDICA
11202420490;NAMCNC002-23SB;NEUROCIÊNCIA TEÓRICA E COMPUTACIONAL
11202231337;NA1NHI5002-15SA;DIDÁTICA
11201810817;NB2MCTB001-17SA;ÁLGEBRA LINEAR
11202522430;DA1NHBT005-23SA;PRÁTICAS EXTENSIONISTAS EM BIOTECNOLOGIA
11202610085;DA1ESHC025-17SB;MICROECONOMIA I
11202420689;DA1BCS0003-25SB;PRÁTICAS EXTENSIONISTAS EM GÊNERO, DIVERSIDADE E RAÇA
11201920482;NA4BCM0505-22SB;PROCESSAMENTO DA INFORMAÇÃO
11082515;DB1MCTB001-17SA;ÁLGEBRA LINEAR
11202320464;DB2BCS0004-25SA;PRÁTICAS EXTENSIONISTAS EM LETRAMENTO DIGITAL
11202522148;NB2BHQ0002-15SB;ESTUDOS ÉTNICO-RACIAIS
11202320531;NA1ESAE001-23SB;APLICAÇÕES ESTRUTURAIS DE MATERIAIS COMPÓSITOS
11202320534;DA1ESTU012-17SA;POLUIÇÃO ATMOSFÉRICA
11202231124;NA1NHT1067-15SA;EVOLUÇÃO E DIVERSIDADE DE PLANTAS I
11202321861;NA1ESTM010-17SB;PROPRIEDADES MECÂNICAS E TÉRMICAS
11202231542;NA1ESZM035-17SA;ADITIVAÇÃO DE POLÍMEROS
11202322243;NA2ESHC008-21SB;ECONOMIA BRASILEIRA II
11201810209;DA1NHI5002-15SA;DIDÁTICA
11201810209;DA1NHZ1016-15SA;CONSERVAÇÃO DA BIODIVERSIDADE
11201810209;DA1ESZA020-17SA;ROBÔS MÓVEIS AUTÔNOMOS
11201810209;DA1NHZ1051-13SA;VIROLOGIA
11201932457;DA1ESHC028-17SB;ECONOMIA POLÍTICA
11201932457;DA1ESHP018-14SB;POLÍTICAS SOCIAIS
11201810209;DA1ESZU034-17SA;ECOLOGIA DO AMBIENTE URBANO
11202212468;NA1ESZB021-17SB;INTRODUÇÃO À ENGENHARIA BIOMÉDICA
11201811612;NA2ESHC008-21SB;ECONOMIA BRASILEIRA II
11202422034;NAESZB033-17SB;PROJETO E DESENVOLVIMENTO DE INTERFACES CÉREBRO-MÁQUINA
11201720498;NA1ESTI006-17SA;PROCESSAMENTO DIGITAL DE SINAIS
11202021546;NB2MCTB001-17SA;ÁLGEBRA LINEAR
11202021546;NA1MCCC009-23SA;LINGUAGENS FORMAIS E AUTÔMATOS
11202230848;NA1MCCC013-23SA;OTIMIZAÇÃO LINEAR
11202231124;NA1ESTU040-17SA;PROJETO AMBIENTAL URBANO
11201812166;NA1ESHP018-14SB;POLÍTICAS SOCIAIS
11202230848;NA2MCTB010-13SA;CÁLCULO VETORIAL E TENSORIAL
11202232364;DA1ESZU020-17SA;TRANSPORTES, USO E OCUPAÇÃO DO SOLO
11202021546;NA1NHBQ008-22SA;FUNDAMENTOS DE REAÇÕES ORGÂNICAS
11202432410;DA1ESZU002-17SA;COMPOSTAGEM
11202021546;NA1MCTD020-18SA;CONSTRUÇÕES GEOMÉTRICAS E GEOMETRIA MÉTRICA
11202111155;NA1NHZ1016-15SA;CONSERVAÇÃO DA BIODIVERSIDADE
11146909;DA1ESTU019-17SA;TEORIA DO PLANEJAMENTO URBANO E AMBIENTAL
11202332398;NA1ESAE001-23SB;APLICAÇÕES ESTRUTURAIS DE MATERIAIS COMPÓSITOS
11202021272;NA2NHT1061-15SA;GENÉTICA I
11202021272;NANHZ3020-15SA;FUNDAMENTOS DA RELATIVIDADE GERAL
11201922383;NA1ESHP019-22SB;REGIMES E FORMAS DE GOVERNO
11202422184;NA1MCBM002-23SA;ANÁLISE REAL I
11202131324;DA1ESHC028-17SB;ECONOMIA POLÍTICA
11202020335;DA1ESHC028-17SB;ECONOMIA POLÍTICA
11202520775;DA2BCN0402-15SA;FUNÇÕES DE UMA VARIÁVEL
11202522098;DA1ESZG011-17SB;PLANEJAMENTO ESTRATÉGICO EM GESTÃO DE PROJETOS
11202212469;NA1ESHP012-22SB;DIREITO ADMINISTRATIVO
11202521165;DA1ESTU033-17SA;RESÍDUOS SÓLIDOS
11202111052;DA1ESZU020-17SA;TRANSPORTES, USO E OCUPAÇÃO DO SOLO
11202130329;DA1ESTO013-17SA;ENGENHARIA ECONÔMICA
11201810873;DA1ESTA004-17SA;CIRCUITOS ELÉTRICOS II
11202130329;NA1NHT1055-15SA;FUNDAMENTOS DE IMUNOLOGIA
11101816;NA1MCCC009-23SA;LINGUAGENS FORMAIS E AUTÔMATOS
11202312272;DA1ESTG010-17SB;INOVAÇÃO TECNOLÓGICA
11202231480;DA1ESHR004-13SB;ECONOMIA POLÍTICA INTERNACIONAL DA ENERGIA
11202312272;DA1LIE0001-19SA;METODOLOGIAS DE PESQUISA EM EDUCAÇÃO
11201720742;DA1ESHT024-17SB;USO DO SOLO URBANO
11202231789;DA1ESTU015-17SA;SAÚDE AMBIENTAL
11202212527;DB1BCN0404-15SA;GEOMETRIA ANALÍTICA
11201932518;DA1BHO0002-19SB;INTRODUÇÃO AO PENSAMENTO ECONÔMICO
21042815;NA2BCL0306-15SB;BIODIVERSIDADE: INTERAÇÕES ENTRE ORGANISMOS E AMBIENTE
11055011;DA1NHZ1003-15SA;BIOFÍSICA
11055011;DA1ESTS007-17SB;ESTABILIDADE E CONTROLE DE AERONAVES
11201920176;DA1ESZU034-17SA;ECOLOGIA DO AMBIENTE URBANO
11202421847;DA1NHZ4081-20SB;PAULO FREIRE: EDUCAÇÃO PARA A CRITICIDADE
11202421847;DA1ESHC030-17SB;DESIGUALDADES DE RAÇA, GÊNERO E RENDA
11202420669;NA1NHZ3023-15SA;INTRODUÇÃO À COSMOLOGIA
11202020090;DA1ESTU039-17SB;REGULAÇÃO AMBIENTAL E URBANÍSTICA
11202420174;DA2ESMA001-23SB;SOLUÇÕES PARA DESAFIOS EM ENGENHARIA
11202021521;NA1ESTU039-17SB;REGULAÇÃO AMBIENTAL E URBANÍSTICA
11202130355;DA1ESTO013-17SA;ENGENHARIA ECONÔMICA
11202320867;NA1ESHC026-21SB;MICROECONOMIA II
11202410029;DA1NHZ1031-15SA;HISTÓRIA DAS IDEIAS BIOLÓGICAS
11202321974;DA1ESMA002-23SA;INOVAÇÕES PARA ENGENHARIA
11201810415;NA3ESTB019-17SB;BIOESTATÍSTICA
11201920427;NA1NHT4046-15SA;TRABALHO DE CONCLUSÃO DE CURSO EM QUÍMICA
11202112001;NA1ESZP037-22SB;POLÍTICAS DE SEGURANÇA PÚBLICA E VIOLÊNCIA
11202111072;DA1ESZT020-17SB;PRÁTICAS ESPECIAIS DO PLANEJAMENTO TERRITORIAL
11201920862;NA1MCZB030-17SA;TEORIA AXIOMÁTICA DE CONJUNTOS
11202232213;NAESZA024-17SA;PROJETO DE CONTROLE DISCRETO
11202532681;DB2BCL0307-15SB;TRANSFORMAÇÕES QUÍMICAS
11202532681;DB1BHP0001-15SB;ÉTICA E JUSTIÇA
11202130329;NA1ESTU027-17SA;FUNDAMENTOS DE GEOLOGIA PARA ENGENHARIA
11201920164;NA1ESTB025-17SB;INSTRUMENTAÇÃO BIOMÉDICA I
11202532682;DA1NHBB008-23SA;AÇÕES EXTENSIONISTAS EM ZOOLOGIA
11202131474;NA1ESTM014-17SA;CARACTERIZAÇÃO DE MATERIAIS
11202131474;NA1ESTM001-17SA;ESTADO SÓLIDO
11201722280;DB1ESTO008-17SA;MECÂNICA DOS SÓLIDOS I
11201722280;NA1ESZG006-17SB;PESQUISA OPERACIONAL APLICADA
11201722280;DA2ESGE003-23SB;SISTEMAS CAM
11202332339;NA2ESTI004-17SA;PRINCÍPIOS DE COMUNICAÇÃO
11201922409;DA1ESTB015-17SB;PRINCÍPIOS DE ÉTICA EM SERVIÇOS DE SAÚDE
11202610102;DA1ESHP005-13SB;CONFLITOS SOCIAIS
11202230331;NANHH2035-13SB;HISTÓRIA DA FILOSOFIA CONTEMPORÂNEA: O SÉCULO XX
11202410021;NA2MCZA004-13SA;AVALIAÇÃO DE DESEMPENHO DE REDES
11202420385;DA1ESHC019-17SB;HISTÓRIA DO PENSAMENTO ECONÔMICO
11202020042;NA1ESZR023-21SB;AS CATEGORIAS DE KARL MARX E A ANÁLISE DO CAPITALISMO CONTEMPORÂNEO
11202322239;NA1ESTB019-17SA;BIOESTATÍSTICA
11202131236;NA1NHZ1016-15SA;CONSERVAÇÃO DA BIODIVERSIDADE
11202522491;DA2BCN0407-15SA;FUNÇÕES DE VÁRIAS VARIÁVEIS
11201720664;NA1ESTM016-17SA;QUÍMICA INORGÂNICA DE MATERIAIS
11202421184;DA1ESTO013-17SA;ENGENHARIA ECONÔMICA
11202130031;NA1ESTS005-17SB;DINÂMICA E CONTROLE DE VEÍCULOS ESPACIAIS
11202111139;NA1ESTS005-17SB;DINÂMICA E CONTROLE DE VEÍCULOS ESPACIAIS
11202130639;NA1ESTS005-17SB;DINÂMICA E CONTROLE DE VEÍCULOS ESPACIAIS
11201921081;NA1ESTS005-17SB;DINÂMICA E CONTROLE DE VEÍCULOS ESPACIAIS
11202020998;NA1ESTS005-17SB;DINÂMICA E CONTROLE DE VEÍCULOS ESPACIAIS
11202321071;NA1ESTS005-17SB;DINÂMICA E CONTROLE DE VEÍCULOS ESPACIAIS
11202111137;NA1ESTS005-17SB;DINÂMICA E CONTROLE DE VEÍCULOS ESPACIAIS
11202130691;NA1ESTS005-17SB;DINÂMICA E CONTROLE DE VEÍCULOS ESPACIAIS
11202321775;NA1ESHP005-13SB;CONFLITOS SOCIAIS
11202610137;NB1BHQ0301-15SB;TERRITÓRIO E SOCIEDADE
11202521221;DA1ESTU019-17SA;TEORIA DO PLANEJAMENTO URBANO E AMBIENTAL
11202522435;NANHT3068-15SA;MECÂNICA CLÁSSICA I
11202111836;DA1ESHT026-21SB;BIODIVERSIDADE, GEODIVERSIDADE E PAISAGEM
11202310036;DA1ESHC002-17SB;CONTABILIDADE BÁSICA
11202310048;NA2ESHC008-21SB;ECONOMIA BRASILEIRA II
11106813;NA1MCTD020-18SA;CONSTRUÇÕES GEOMÉTRICAS E GEOMETRIA MÉTRICA
11201922357;NA1LHZ0028-19SB;PRÁTICAS DE ENSINO DE GEOGRAFIA: METODOLOGIAS
11202320464;DA2MCCC001-23SA;ALGORITMOS E ESTRUTURAS DE DADOS I
11202521949;NA1NHBQ016-22SA;TERMODINÂMICA QUÍMICA
11201812174;NA1NHT3048-15SA;PRINCÍPIOS DE MECÂNICA QUÂNTICA
11201812174;NANHBP002-23SA;FÍSICA EXPERIMENTAL II
11201812174;NA1ESTA013-17SA;FUNDAMENTOS DE ROBÓTICA
11202131474;NA2ESTE014-17SA;SISTEMAS TÉRMICOS
11202420405;NA1ESZE031-17SA;PROCESSOS TERMOQUÍMICOS DE CONVERSÃO ENERGÉTICA
11201812174;NB1ESTA001-17SA;DISPOSITIVOS ELETRÔNICOS
11202422097;DI1ESHR012-21SB;POLÍTICA INTERNACIONAL DOS EUA
11202520719;DA1NHLB001-23SA;INSTRUMENTAÇÃO PARA O ENSINO DE CIÊNCIAS E BIOLOGIA
11202420218;NA1ESZE031-17SA;PROCESSOS TERMOQUÍMICOS DE CONVERSÃO ENERGÉTICA
11057312;DB1NHT1066-15SA;MORFOFISIOLOGIA ANIMAL COMPARADA
11057312;DB1NHT1065-15SA;ZOOLOGIA DE VERTEBRADOS
11202320639;NA2ESTI004-17SA;PRINCÍPIOS DE COMUNICAÇÃO
11202320594;NA2ESMA002-23SA;INOVAÇÕES PARA ENGENHARIA
11202131673;NA1ESBM007-23SB;FUNDAMENTOS DE SINAIS E SISTEMAS DE TEMPO DISCRETO
