RA;Código_Turma;Nome_Disciplina
11202231396;NA1BHO0001-19SB;INTRODUCAO AS HUMANIDADES E AS CIENCIAS SOCIAIS
11202231396;NA1BHP0202-19SB;TEMAS E PROBLEMAS EM FILOSOFIA
11202231396;NA1BHQ0001-15SB;IDENTIDADE E CULTURA
11202231396;NA1BHQ0003-15SB;INTERPRETACOES DO BRASIL
11202231396;NA2BIQ0602-15SB;ESTRUTURA E DINAMICA SOCIAL
11202231396;NA4BIS0005-15SB;BASES COMPUTACIONAIS DA CIENCIA
11202230325;NC1BIJ0207-15SA;BASES CONCEITUAIS DA ENERGIA
11202230325;NC1BIK0102-15SA;ESTRUTURA DA MATERIA
11202230325;NC1BIL0304-15SA;EVOLUCAO E DIVERSIFICACAO DA VIDA NA TERRA
11202230325;NC1BIS0003-15SA;BASES MATEMATICAS
11202230325;NC2BCS0001-15SA;BASE EXPERIMENTAL DAS CIENCIAS NATURAIS
11202230325;NC6BIS0005-15SA;BASES COMPUTACIONAIS DA CIENCIA
11202230271;DA1BCS0001-15SA;BASE EXPERIMENTAL DAS CIENCIAS NATURAIS
11202230271;DA1BIJ0207-15SA;BASES CONCEITUAIS DA ENERGIA
11202230271;DA1BIK0102-15SA;ESTRUTURA DA MATERIA
11202230271;DA1BIL0304-15SA;EVOLUCAO E DIVERSIFICACAO DA VIDA NA TERRA
11202230271;DA1BIS0003-15SA;BASES MATEMATICAS
11202230271;DA2BIS0005-15SA;BASES COMPUTACIONAIS DA CIENCIA
11202212398;NB1BCS0001-15SA;BASE EXPERIMENTAL DAS CIENCIAS NATURAIS
11202212398;NB1BIJ0207-15SA;BASES CONCEITUAIS DA ENERGIA
11202212398;NB1BIK0102-15SA;ESTRUTURA DA MATERIA
11202212398;NB1BIL0304-15SA;EVOLUCAO E DIVERSIFICACAO DA VIDA NA TERRA
11202212398;NB1BIS0003-15SA;BASES MATEMATICAS
11202212398;NB1BIS0005-15SA;BASES COMPUTACIONAIS DA CIENCIA
11202230408;NA1BHO0001-19SB;INTRODUCAO AS HUMANIDADES E AS CIENCIAS SOCIAIS
11202230408;NA1BHP0202-19SB;TEMAS E PROBLEMAS EM FILOSOFIA
11202230408;NA1BHQ0001-15SB;IDENTIDADE E CULTURA
11202230408;NA1BHQ0003-15SB;INTERPRETACOES DO BRASIL
11202230408;NA2BIQ0602-15SB;ESTRUTURA E DINAMICA SOCIAL
11202230408;NA4BIS0005-15SB;BASES COMPUTACIONAIS DA CIENCIA
11202231349;DB1BIJ0207-15SA;BASES CONCEITUAIS DA ENERGIA
11202231349;DB1BIK0102-15SA;ESTRUTURA DA MATERIA
11202231349;DB1BIL0304-15SA;EVOLUCAO E DIVERSIFICACAO DA VIDA NA TERRA
11202231349;DB1BIS0003-15SA;BASES MATEMATICAS
11202231349;DB4BIS0005-15SA;BASES COMPUTACIONAIS DA CIENCIA
11202231349;DB5BCS0001-15SA;BASE EXPERIMENTAL DAS CIENCIAS NATURAIS
11202230859;NA1BHO0001-19SB;INTRODUCAO AS HUMANIDADES E AS CIENCIAS SOCIAIS
11202230859;NA1BHP0202-19SB;TEMAS E PROBLEMAS EM FILOSOFIA
11202230859;NA1BHQ0001-15SB;IDENTIDADE E CULTURA
11202230859;NA1BHQ0003-15SB;INTERPRETACOES DO BRASIL
11202230859;NA2BIQ0602-15SB;ESTRUTURA E DINAMICA SOCIAL
11202230859;NA4BIS0005-15SB;BASES COMPUTACIONAIS DA CIENCIA
11202230357;DA1BCS0001-15SB;BASE EXPERIMENTAL DAS CIENCIAS NATURAIS
11202230357;DA1BIJ0207-15SB;BASES CONCEITUAIS DA ENERGIA
11202230357;DA1BIK0102-15SB;ESTRUTURA DA MATERIA
11202230357;DA1BIL0304-15SB;EVOLUCAO E DIVERSIFICACAO DA VIDA NA TERRA
11202230357;DA1BIS0003-15SB;BASES MATEMATICAS
11202230357;DA1BIS0005-15SB;BASES COMPUTACIONAIS DA CIENCIA
11202231486;NA1BIJ0207-15SB;BASES CONCEITUAIS DA ENERGIA
11202231486;NA1BIK0102-15SB;ESTRUTURA DA MATERIA
11202231486;NA1BIL0304-15SB;EVOLUCAO E DIVERSIFICACAO DA VIDA NA TERRA
11202231486;NA1BIS0003-15SB;BASES MATEMATICAS
11202231486;NA2BCS0001-15SB;BASE EXPERIMENTAL DAS CIENCIAS NATURAIS
11202231486;NA2BIS0005-15SB;BASES COMPUTACIONAIS DA CIENCIA
11202230952;NA1BIR0603-15SA;CIENCIA, TECNOLOGIA E SOCIEDADE
11202230952;NA1NHI5001-15SA;DESENVOLVIMENTO E APRENDIZAGEM
11202230952;NA1NHZ2099-16SA;TOPICOS CONTEMPORANEOS EM EDUCACAO E FILOSOFIA
11202230952;NA1NHZ5023-18SA;PRATICAS ESCOLARES EM EDUCACAO ESPECIAL E INCLUSIVA
11202230952;NA3BIJ0207-15SA;BASES CONCEITUAIS DA ENERGIA
11202230952;NA7BIS0005-15SA;BASES COMPUTACIONAIS DA CIENCIA
11202232045;DA1BIR0603-15SA;CIENCIA, TECNOLOGIA E SOCIEDADE
11202232045;DA1NHI5001-15SA;DESENVOLVIMENTO E APRENDIZAGEM
11202232045;DA1NHZ2099-16SA;TOPICOS CONTEMPORANEOS EM EDUCACAO E FILOSOFIA
11202232045;DA1NHZ5023-18SA;PRATICAS ESCOLARES EM EDUCACAO ESPECIAL E INCLUSIVA
11202232045;DA3BIJ0207-15SA;BASES CONCEITUAIS DA ENERGIA
11202232045;DA7BIS0005-15SA;BASES COMPUTACIONAIS DA CIENCIA
11202231685;DA1BHO0001-19SB;INTRODUCAO AS HUMANIDADES E AS CIENCIAS SOCIAIS
11202231685;DA1BHP0202-19SB;TEMAS E PROBLEMAS EM FILOSOFIA
11202231685;DA1BHQ0001-15SB;IDENTIDADE E CULTURA
11202231685;DA1BHQ0003-15SB;INTERPRETACOES DO BRASIL
11202231685;DA2BIQ0602-15SB;ESTRUTURA E DINAMICA SOCIAL
11202231685;DA4BIS0005-15SB;BASES COMPUTACIONAIS DA CIENCIA
11202231084;DA1BHO0001-19SB;INTRODUCAO AS HUMANIDADES E AS CIENCIAS SOCIAIS
11202231084;DA1BHP0202-19SB;TEMAS E PROBLEMAS EM FILOSOFIA
11202231084;DA1BHQ0001-15SB;IDENTIDADE E CULTURA
11202231084;DA1BHQ0003-15SB;INTERPRETACOES DO BRASIL
11202231084;DA2BIQ0602-15SB;ESTRUTURA E DINAMICA SOCIAL
11202231084;DA4BIS0005-15SB;BASES COMPUTACIONAIS DA CIENCIA
11202231371;NC1BCS0001-15SA;BASE EXPERIMENTAL DAS CIENCIAS NATURAIS
11202231371;NC1BIJ0207-15SA;BASES CONCEITUAIS DA ENERGIA
11202231371;NC1BIK0102-15SA;ESTRUTURA DA MATERIA
11202231371;NC1BIL0304-15SA;EVOLUCAO E DIVERSIFICACAO DA VIDA NA TERRA
11202231371;NC1BIS0003-15SA;BASES MATEMATICAS
11202231371;NC1BIS0005-15SA;BASES COMPUTACIONAIS DA CIENCIA
11202212416;NC2BIJ0207-15SA;BASES CONCEITUAIS DA ENERGIA
11202212416;NC2BIK0102-15SA;ESTRUTURA DA MATERIA
11202212416;NC2BIL0304-15SA;EVOLUCAO E DIVERSIFICACAO DA VIDA NA TERRA
11202212416;NC2BIS0003-15SA;BASES MATEMATICAS
11202212416;NC6BCS0001-15SA;BASE EXPERIMENTAL DAS CIENCIAS NATURAIS
11202212416;NC6BIS0005-15SA;BASES COMPUTACIONAIS DA CIENCIA
11202231900;DB1BIJ0207-15SB;BASES CONCEITUAIS DA ENERGIA
11202231900;DB1BIK0102-15SB;ESTRUTURA DA MATERIA
11202231900;DB1BIL0304-15SB;EVOLUCAO E DIVERSIFICACAO DA VIDA NA TERRA
11202231900;DB1BIS0003-15SB;BASES MATEMATICAS
11202231900;DB2BCS0001-15SB;BASE EXPERIMENTAL DAS CIENCIAS NATURAIS
11202231900;DB2BIS0005-15SB;BASES COMPUTACIONAIS DA CIENCIA
11202231006;NB1BIJ0207-15SA;BASES CONCEITUAIS DA ENERGIA
11202231006;NB1BIK0102-15SA;ESTRUTURA DA MATERIA
11202231006;NB1BIL0304-15SA;EVOLUCAO E DIVERSIFICACAO DA VIDA NA TERRA
11202231006;NB1BIS0003-15SA;BASES MATEMATICAS
11202231006;NB1BIS0005-15SA;BASES COMPUTACIONAIS DA CIENCIA
11202231006;NB2BCS0001-15SA;BASE EXPERIMENTAL DAS CIENCIAS NATURAIS
11202231498;NA1BCS0001-15SA;BASE EXPERIMENTAL DAS CIENCIAS NATURAIS
11202231498;NA1BIJ0207-15SA;BASES CONCEITUAIS DA ENERGIA
11202231498;NA1BIK0102-15SA;ESTRUTURA DA MATERIA
11202231498;NA1BIL0304-15SA;EVOLUCAO E DIVERSIFICACAO DA VIDA NA TERRA
11202231498;NA1BIS0003-15SA;BASES MATEMATICAS
11202231498;NA1BIS0005-15SA;BASES COMPUTACIONAIS DA CIENCIA
11202212417;DB1BCS0001-15SA;BASE EXPERIMENTAL DAS CIENCIAS NATURAIS
11202212417;DB1BIS0005-15SA;BASES COMPUTACIONAIS DA CIENCIA
11202212417;DB2BIJ0207-15SA;BASES CONCEITUAIS DA ENERGIA
11202212417;DB2BIK0102-15SA;ESTRUTURA DA MATERIA
11202212417;DB2BIL0304-15SA;EVOLUCAO E DIVERSIFICACAO DA VIDA NA TERRA
11202212417;DB2BIS0003-15SA;BASES MATEMATICAS
11202230475;NB1BCS0001-15SA;BASE EXPERIMENTAL DAS CIENCIAS NATURAIS
11202230475;NB1BIJ0207-15SA;BASES CONCEITUAIS DA ENERGIA
11202230475;NB1BIK0102-15SA;ESTRUTURA DA MATERIA
11202230475;NB1BIL0304-15SA;EVOLUCAO E DIVERSIFICACAO DA VIDA NA TERRA
11202230475;NB1BIS0003-15SA;BASES MATEMATICAS
11202230475;NB1BIS0005-15SA;BASES COMPUTACIONAIS DA CIENCIA
11202231928;NA1BCS0001-15SA;BASE EXPERIMENTAL DAS CIENCIAS NATURAIS
11202231928;NA1BIJ0207-15SA;BASES CONCEITUAIS DA ENERGIA
11202231928;NA1BIK0102-15SA;ESTRUTURA DA MATERIA
11202231928;NA1BIL0304-15SA;EVOLUCAO E DIVERSIFICACAO DA VIDA NA TERRA
11202231928;NA1BIS0003-15SA;BASES MATEMATICAS
11202231928;NA1BIS0005-15SA;BASES COMPUTACIONAIS DA CIENCIA
11202230885;NA1BIJ0207-15SA;BASES CONCEITUAIS DA ENERGIA
11202230885;NA1BIK0102-15SA;ESTRUTURA DA MATERIA
11202230885;NA1BIL0304-15SA;EVOLUCAO E DIVERSIFICACAO DA VIDA NA TERRA
11202230885;NA1BIS0003-15SA;BASES MATEMATICAS
11202230885;NA1BIS0005-15SA;BASES COMPUTACIONAIS DA CIENCIA
11202230885;NA2BCS0001-15SA;BASE EXPERIMENTAL DAS CIENCIAS NATURAIS
11202230584;NC2BIJ0207-15SA;BASES CONCEITUAIS DA ENERGIA
11202230584;NC2BIK0102-15SA;ESTRUTURA DA MATERIA
11202230584;NC2BIL0304-15SA;EVOLUCAO E DIVERSIFICACAO DA VIDA NA TERRA
11202230584;NC2BIS0003-15SA;BASES MATEMATICAS
11202230584;NC5BCS0001-15SA;BASE EXPERIMENTAL DAS CIENCIAS NATURAIS
11202230584;NC5BIS0005-15SA;BASES COMPUTACIONAIS DA CIENCIA
11202230381;NB2BIJ0207-15SA;BASES CONCEITUAIS DA ENERGIA
11202230381;NB2BIK0102-15SA;ESTRUTURA DA MATERIA
11202230381;NB2BIL0304-15SA;EVOLUCAO E DIVERSIFICACAO DA VIDA NA TERRA
11202230381;NB2BIS0003-15SA;BASES MATEMATICAS
11202230381;NB3BIS0005-15SA;BASES COMPUTACIONAIS DA CIENCIA
11202230381;NB4BCS0001-15SA;BASE EXPERIMENTAL DAS CIENCIAS NATURAIS
11202230557;DA1BIR0603-15SA;CIENCIA, TECNOLOGIA E SOCIEDADE
11202230557;DA1NHI5001-15SA;DESENVOLVIMENTO E APRENDIZAGEM
11202230557;DA1NHZ2099-16SA;TOPICOS CONTEMPORANEOS EM EDUCACAO E FILOSOFIA
11202230557;DA1NHZ5023-18SA;PRATICAS ESCOLARES EM EDUCACAO ESPECIAL E INCLUSIVA
11202230557;DA3BIJ0207-15SA;BASES CONCEITUAIS DA ENERGIA
11202230557;DA7BIS0005-15SA;BASES COMPUTACIONAIS DA CIENCIA
11202230476;NC1BCS0001-15SB;BASE EXPERIMENTAL DAS CIENCIAS NATURAIS
11202230476;NC1BIJ0207-15SB;BASES CONCEITUAIS DA ENERGIA
11202230476;NC1BIK0102-15SB;ESTRUTURA DA MATERIA
11202230476;NC1BIL0304-15SB;EVOLUCAO E DIVERSIFICACAO DA VIDA NA TERRA
11202230476;NC1BIS0003-15SB;BASES MATEMATICAS
11202230476;NC1BIS0005-15SB;BASES COMPUTACIONAIS DA CIENCIA
11202231938;NB1BCS0001-15SB;BASE EXPERIMENTAL DAS CIENCIAS NATURAIS
11202231938;NB1BIJ0207-15SB;BASES CONCEITUAIS DA ENERGIA
11202231938;NB1BIK0102-15SB;ESTRUTURA DA MATERIA
11202231938;NB1BIL0304-15SB;EVOLUCAO E DIVERSIFICACAO DA VIDA NA TERRA
11202231938;NB1BIS0003-15SB;BASES MATEMATICAS
11202231938;NB1BIS0005-15SB;BASES COMPUTACIONAIS DA CIENCIA
11202231539;DB1BIJ0207-15SA;BASES CONCEITUAIS DA ENERGIA
11202231539;DB1BIK0102-15SA;ESTRUTURA DA MATERIA
11202231539;DB1BIL0304-15SA;EVOLUCAO E DIVERSIFICACAO DA VIDA NA TERRA
11202231539;DB1BIS0003-15SA;BASES MATEMATICAS
11202231539;DB3BIS0005-15SA;BASES COMPUTACIONAIS DA CIENCIA
11202231539;DB4BCS0001-15SA;BASE EXPERIMENTAL DAS CIENCIAS NATURAIS
11202230600;DA1BIJ0207-15SB;BASES CONCEITUAIS DA ENERGIA
11202230600;DA1BIK0102-15SB;ESTRUTURA DA MATERIA
11202230600;DA1BIL0304-15SB;EVOLUCAO E DIVERSIFICACAO DA VIDA NA TERRA
11202230600;DA1BIS0003-15SB;BASES MATEMATICAS
11202230600;DA2BCS0001-15SB;BASE EXPERIMENTAL DAS CIENCIAS NATURAIS
11202230600;DA2BIS0005-15SB;BASES COMPUTACIONAIS DA CIENCIA
11202231616;DA1BIR0603-15SA;CIENCIA, TECNOLOGIA E SOCIEDADE
11202231616;DA1NHI5001-15SA;DESENVOLVIMENTO E APRENDIZAGEM
11202231616;DA1NHZ2099-16SA;TOPICOS CONTEMPORANEOS EM EDUCACAO E FILOSOFIA
11202231616;DA1NHZ5023-18SA;PRATICAS ESCOLARES EM EDUCACAO ESPECIAL E INCLUSIVA
11202231616;DA3BIJ0207-15SA;BASES CONCEITUAIS DA ENERGIA
11202231616;DA7BIS0005-15SA;BASES COMPUTACIONAIS DA CIENCIA
11202230505;NA1BHO0001-19SB;INTRODUCAO AS HUMANIDADES E AS CIENCIAS SOCIAIS
11202230505;NA1BHP0202-19SB;TEMAS E PROBLEMAS EM FILOSOFIA
11202230505;NA1BHQ0001-15SB;IDENTIDADE E CULTURA
11202230505;NA1BHQ0003-15SB;INTERPRETACOES DO BRASIL
11202230505;NA2BIQ0602-15SB;ESTRUTURA E DINAMICA SOCIAL
11202230505;NA4BIS0005-15SB;BASES COMPUTACIONAIS DA CIENCIA
11202231276;NB1BCS0001-15SB;BASE EXPERIMENTAL DAS CIENCIAS NATURAIS
11202231276;NB1BIJ0207-15SB;BASES CONCEITUAIS DA ENERGIA
11202231276;NB1BIK0102-15SB;ESTRUTURA DA MATERIA
11202231276;NB1BIL0304-15SB;EVOLUCAO E DIVERSIFICACAO DA VIDA NA TERRA
11202231276;NB1BIS0003-15SB;BASES MATEMATICAS
11202231276;NB1BIS0005-15SB;BASES COMPUTACIONAIS DA CIENCIA
11202230367;NA1BIR0603-15SA;CIENCIA, TECNOLOGIA E SOCIEDADE
11202230367;NA1NHI5001-15SA;DESENVOLVIMENTO E APRENDIZAGEM
11202230367;NA1NHZ2099-16SA;TOPICOS CONTEMPORANEOS EM EDUCACAO E FILOSOFIA
11202230367;NA1NHZ5023-18SA;PRATICAS ESCOLARES EM EDUCACAO ESPECIAL E INCLUSIVA
11202230367;NA3BIJ0207-15SA;BASES CONCEITUAIS DA ENERGIA
11202230367;NA7BIS0005-15SA;BASES COMPUTACIONAIS DA CIENCIA
11202230808;NB1BIJ0207-15SB;BASES CONCEITUAIS DA ENERGIA
11202230808;NB1BIK0102-15SB;ESTRUTURA DA MATERIA
11202230808;NB1BIL0304-15SB;EVOLUCAO E DIVERSIFICACAO DA VIDA NA TERRA
11202230808;NB1BIS0003-15SB;BASES MATEMATICAS
11202230808;NB2BCS0001-15SB;BASE EXPERIMENTAL DAS CIENCIAS NATURAIS
11202230808;NB2BIS0005-15SB;BASES COMPUTACIONAIS DA CIENCIA
11202231518;NB1BIJ0207-15SA;BASES CONCEITUAIS DA ENERGIA
11202231518;NB1BIK0102-15SA;ESTRUTURA DA MATERIA
11202231518;NB1BIL0304-15SA;EVOLUCAO E DIVERSIFICACAO DA VIDA NA TERRA
11202231518;NB1BIS0003-15SA;BASES MATEMATICAS
11202231518;NB1BIS0005-15SA;BASES COMPUTACIONAIS DA CIENCIA
11202231518;NB2BCS0001-15SA;BASE EXPERIMENTAL DAS CIENCIAS NATURAIS
11202231825;NA1BIJ0207-15SB;BASES CONCEITUAIS DA ENERGIA
11202231825;NA1BIK0102-15SB;ESTRUTURA DA MATERIA
11202231825;NA1BIL0304-15SB;EVOLUCAO E DIVERSIFICACAO DA VIDA NA TERRA
11202231825;NA1BIS0003-15SB;BASES MATEMATICAS
11202231825;NA2BCS0001-15SB;BASE EXPERIMENTAL DAS CIENCIAS NATURAIS
11202231825;NA2BIS0005-15SB;BASES COMPUTACIONAIS DA CIENCIA
11202230533;NA1BIJ0207-15SB;BASES CONCEITUAIS DA ENERGIA
11202230533;NA1BIK0102-15SB;ESTRUTURA DA MATERIA
11202230533;NA1BIL0304-15SB;EVOLUCAO E DIVERSIFICACAO DA VIDA NA TERRA
11202230533;NA1BIS0003-15SB;BASES MATEMATICAS
11202230533;NA3BCS0001-15SB;BASE EXPERIMENTAL DAS CIENCIAS NATURAIS
11202230533;NA3BIS0005-15SB;BASES COMPUTACIONAIS DA CIENCIA
11202230556;DB1BCS0001-15SB;BASE EXPERIMENTAL DAS CIENCIAS NATURAIS
11202230556;DB1BIJ0207-15SB;BASES CONCEITUAIS DA ENERGIA
11202230556;DB1BIK0102-15SB;ESTRUTURA DA MATERIA
11202230556;DB1BIL0304-15SB;EVOLUCAO E DIVERSIFICACAO DA VIDA NA TERRA
11202230556;DB1BIS0003-15SB;BASES MATEMATICAS
11202230556;DB1BIS0005-15SB;BASES COMPUTACIONAIS DA CIENCIA
11202231878;DA1BHO0001-19SB;INTRODUCAO AS HUMANIDADES E AS CIENCIAS SOCIAIS
11202231878;DA1BHP0202-19SB;TEMAS E PROBLEMAS EM FILOSOFIA
11202231878;DA1BHQ0001-15SB;IDENTIDADE E CULTURA
11202231878;DA1BHQ0003-15SB;INTERPRETACOES DO BRASIL
11202231878;DA2BIQ0602-15SB;ESTRUTURA E DINAMICA SOCIAL
11202231878;DA4BIS0005-15SB;BASES COMPUTACIONAIS DA CIENCIA
11202231558;DC1BIJ0207-15SB;BASES CONCEITUAIS DA ENERGIA
11202231558;DC1BIK0102-15SB;ESTRUTURA DA MATERIA
11202231558;DC1BIL0304-15SB;EVOLUCAO E DIVERSIFICACAO DA VIDA NA TERRA
11202231558;DC1BIS0003-15SB;BASES MATEMATICAS
11202231558;DC2BCS0001-15SB;BASE EXPERIMENTAL DAS CIENCIAS NATURAIS
11202231558;DC3BIS0005-15SB;BASES COMPUTACIONAIS DA CIENCIA
11202212451;NA2BIJ0207-15SA;BASES CONCEITUAIS DA ENERGIA
11202212451;NA2BIK0102-15SA;ESTRUTURA DA MATERIA
11202212451;NA2BIL0304-15SA;EVOLUCAO E DIVERSIFICACAO DA VIDA NA TERRA
11202212451;NA2BIS0003-15SA;BASES MATEMATICAS
11202212451;NA5BIS0005-15SA;BASES COMPUTACIONAIS DA CIENCIA
11202212451;NA6BCS0001-15SA;BASE EXPERIMENTAL DAS CIENCIAS NATURAIS
11202231924;NB2BIJ0207-15SA;BASES CONCEITUAIS DA ENERGIA
11202231924;NB2BIK0102-15SA;ESTRUTURA DA MATERIA
11202231924;NB2BIL0304-15SA;EVOLUCAO E DIVERSIFICACAO DA VIDA NA TERRA
11202231924;NB2BIS0003-15SA;BASES MATEMATICAS
11202231924;NB5BIS0005-15SA;BASES COMPUTACIONAIS DA CIENCIA
11202231924;NB6BCS0001-15SA;BASE EXPERIMENTAL DAS CIENCIAS NATURAIS
11202231704;NC1BIJ0207-15SB;BASES CONCEITUAIS DA ENERGIA
11202231704;NC1BIK0102-15SB;ESTRUTURA DA MATERIA
11202231704;NC1BIL0304-15SB;EVOLUCAO E DIVERSIFICACAO DA VIDA NA TERRA
11202231704;NC1BIS0003-15SB;BASES MATEMATICAS
11202231704;NC2BCS0001-15SB;BASE EXPERIMENTAL DAS CIENCIAS NATURAIS
11202231704;NC2BIS0005-15SB;BASES COMPUTACIONAIS DA CIENCIA
11202232000;NA2BIJ0207-15SA;BASES CONCEITUAIS DA ENERGIA
11202232000;NA2BIK0102-15SA;ESTRUTURA DA MATERIA
11202232000;NA2BIL0304-15SA;EVOLUCAO E DIVERSIFICACAO DA VIDA NA TERRA
11202232000;NA2BIS0003-15SA;BASES MATEMATICAS
11202232000;NA5BIS0005-15SA;BASES COMPUTACIONAIS DA CIENCIA
11202232000;NA6BCS0001-15SA;BASE EXPERIMENTAL DAS CIENCIAS NATURAIS
11202231544;NA1BCS0001-15SB;BASE EXPERIMENTAL DAS CIENCIAS NATURAIS
11202231544;NA1BIJ0207-15SB;BASES CONCEITUAIS DA ENERGIA
11202231544;NA1BIK0102-15SB;ESTRUTURA DA MATERIA
11202231544;NA1BIL0304-15SB;EVOLUCAO E DIVERSIFICACAO DA VIDA NA TERRA
11202231544;NA1BIS0003-15SB;BASES MATEMATICAS
11202231544;NA1BIS0005-15SB;BASES COMPUTACIONAIS DA CIENCIA
11202231189;DA1BIJ0207-15SA;BASES CONCEITUAIS DA ENERGIA
11202231189;DA1BIK0102-15SA;ESTRUTURA DA MATERIA
11202231189;DA1BIL0304-15SA;EVOLUCAO E DIVERSIFICACAO DA VIDA NA TERRA
11202231189;DA1BIS0003-15SA;BASES MATEMATICAS
11202231189;DA4BCS0001-15SA;BASE EXPERIMENTAL DAS CIENCIAS NATURAIS
11202231189;DA4BIS0005-15SA;BASES COMPUTACIONAIS DA CIENCIA
11202231641;DB1BIJ0207-15SB;BASES CONCEITUAIS DA ENERGIA
11202231641;DB1BIK0102-15SB;ESTRUTURA DA MATERIA
11202231641;DB1BIL0304-15SB;EVOLUCAO E DIVERSIFICACAO DA VIDA NA TERRA
11202231641;DB1BIS0003-15SB;BASES MATEMATICAS
11202231641;DB2BCS0001-15SB;BASE EXPERIMENTAL DAS CIENCIAS NATURAIS
11202231641;DB2BIS0005-15SB;BASES COMPUTACIONAIS DA CIENCIA
11202231579;DA1BIJ0207-15SB;BASES CONCEITUAIS DA ENERGIA
11202231579;DA1BIK0102-15SB;ESTRUTURA DA MATERIA
11202231579;DA1BIL0304-15SB;EVOLUCAO E DIVERSIFICACAO DA VIDA NA TERRA
11202231579;DA1BIS0003-15SB;BASES MATEMATICAS
11202231579;DA3BCS0001-15SB;BASE EXPERIMENTAL DAS CIENCIAS NATURAIS
11202231579;DA3BIS0005-15SB;BASES COMPUTACIONAIS DA CIENCIA
11202230806;DA1BCS0001-15SA;BASE EXPERIMENTAL DAS CIENCIAS NATURAIS
11202230806;DA1BIJ0207-15SA;BASES CONCEITUAIS DA ENERGIA
11202230806;DA1BIK0102-15SA;ESTRUTURA DA MATERIA
11202230806;DA1BIL0304-15SA;EVOLUCAO E DIVERSIFICACAO DA VIDA NA TERRA
11202230806;DA1BIS0003-15SA;BASES MATEMATICAS
11202230806;DA1BIS0005-15SA;BASES COMPUTACIONAIS DA CIENCIA
11202231665;DB1BIJ0207-15SA;BASES CONCEITUAIS DA ENERGIA
11202231665;DB1BIK0102-15SA;ESTRUTURA DA MATERIA
11202231665;DB1BIL0304-15SA;EVOLUCAO E DIVERSIFICACAO DA VIDA NA TERRA
11202231665;DB1BIS0003-15SA;BASES MATEMATICAS
11202231665;DB3BIS0005-15SA;BASES COMPUTACIONAIS DA CIENCIA
11202231665;DB4BCS0001-15SA;BASE EXPERIMENTAL DAS CIENCIAS NATURAIS
11202230702;DB2BIJ0207-15SA;BASES CONCEITUAIS DA ENERGIA
11202230702;DB2BIK0102-15SA;ESTRUTURA DA MATERIA
11202230702;DB2BIL0304-15SA;EVOLUCAO E DIVERSIFICACAO DA VIDA NA TERRA
11202230702;DB2BIS0003-15SA;BASES MATEMATICAS
11202230702;DB2BIS0005-15SA;BASES COMPUTACIONAIS DA CIENCIA
11202230702;DB3BCS0001-15SA;BASE EXPERIMENTAL DAS CIENCIAS NATURAIS
11202230485;NA1BIJ0207-15SA;BASES CONCEITUAIS DA ENERGIA
11202230485;NA1BIK0102-15SA;ESTRUTURA DA MATERIA
11202230485;NA1BIL0304-15SA;EVOLUCAO E DIVERSIFICACAO DA VIDA NA TERRA
11202230485;NA1BIS0003-15SA;BASES MATEMATICAS
11202230485;NA1BIS0005-15SA;BASES COMPUTACIONAIS DA CIENCIA
11202230485;NA2BCS0001-15SA;BASE EXPERIMENTAL DAS CIENCIAS NATURAIS
11202231311;NA1BHO0001-19SB;INTRODUCAO AS HUMANIDADES E AS CIENCIAS SOCIAIS
11202231311;NA1BHP0202-19SB;TEMAS E PROBLEMAS EM FILOSOFIA
11202231311;NA1BHQ0001-15SB;IDENTIDADE E CULTURA
11202231311;NA1BHQ0003-15SB;INTERPRETACOES DO BRASIL
11202231311;NA2BIQ0602-15SB;ESTRUTURA E DINAMICA SOCIAL
11202231311;NA4BIS0005-15SB;BASES COMPUTACIONAIS DA CIENCIA
11202230569;DC1BIJ0207-15SA;BASES CONCEITUAIS DA ENERGIA
11202230569;DC1BIK0102-15SA;ESTRUTURA DA MATERIA
11202230569;DC1BIL0304-15SA;EVOLUCAO E DIVERSIFICACAO DA VIDA NA TERRA
11202230569;DC1BIS0003-15SA;BASES MATEMATICAS
11202230569;DC2BIS0005-15SA;BASES COMPUTACIONAIS DA CIENCIA
11202230569;DC3BCS0001-15SA;BASE EXPERIMENTAL DAS CIENCIAS NATURAIS
11202231114;DA1BHO0001-19SB;INTRODUCAO AS HUMANIDADES E AS CIENCIAS SOCIAIS
11202231114;DA1BHP0202-19SB;TEMAS E PROBLEMAS EM FILOSOFIA
11202231114;DA1BHQ0001-15SB;IDENTIDADE E CULTURA
11202231114;DA1BHQ0003-15SB;INTERPRETACOES DO BRASIL
11202231114;DA2BIQ0602-15SB;ESTRUTURA E DINAMICA SOCIAL
11202231114;DA4BIS0005-15SB;BASES COMPUTACIONAIS DA CIENCIA
11202212418;NA2BIJ0207-15SA;BASES CONCEITUAIS DA ENERGIA
11202212418;NA2BIK0102-15SA;ESTRUTURA DA MATERIA
11202212418;NA2BIL0304-15SA;EVOLUCAO E DIVERSIFICACAO DA VIDA NA TERRA
11202212418;NA2BIS0003-15SA;BASES MATEMATICAS
11202212418;NA4BIS0005-15SA;BASES COMPUTACIONAIS DA CIENCIA
11202212418;NA5BCS0001-15SA;BASE EXPERIMENTAL DAS CIENCIAS NATURAIS
11202232014;DA1BCS0001-15SB;BASE EXPERIMENTAL DAS CIENCIAS NATURAIS
11202232014;DA1BIJ0207-15SB;BASES CONCEITUAIS DA ENERGIA
11202232014;DA1BIK0102-15SB;ESTRUTURA DA MATERIA
11202232014;DA1BIL0304-15SB;EVOLUCAO E DIVERSIFICACAO DA VIDA NA TERRA
11202232014;DA1BIS0003-15SB;BASES MATEMATICAS
11202232014;DA1BIS0005-15SB;BASES COMPUTACIONAIS DA CIENCIA
11202230295;DA2BCS0001-15SA;BASE EXPERIMENTAL DAS CIENCIAS NATURAIS
11202230295;DA2BIJ0207-15SA;BASES CONCEITUAIS DA ENERGIA
11202230295;DA2BIK0102-15SA;ESTRUTURA DA MATERIA
11202230295;DA2BIL0304-15SA;EVOLUCAO E DIVERSIFICACAO DA VIDA NA TERRA
11202230295;DA2BIS0003-15SA;BASES MATEMATICAS
11202230295;DA2BIS0005-15SA;BASES COMPUTACIONAIS DA CIENCIA
11202231025;NB2BIJ0207-15SA;BASES CONCEITUAIS DA ENERGIA
11202231025;NB2BIK0102-15SA;ESTRUTURA DA MATERIA
11202231025;NB2BIL0304-15SA;EVOLUCAO E DIVERSIFICACAO DA VIDA NA TERRA
11202231025;NB2BIS0003-15SA;BASES MATEMATICAS
11202231025;NB5BIS0005-15SA;BASES COMPUTACIONAIS DA CIENCIA
11202231025;NB6BCS0001-15SA;BASE EXPERIMENTAL DAS CIENCIAS NATURAIS
11202230917;NA1BHO0001-19SB;INTRODUCAO AS HUMANIDADES E AS CIENCIAS SOCIAIS
11202230917;NA1BHP0202-19SB;TEMAS E PROBLEMAS EM FILOSOFIA
11202230917;NA1BHQ0001-15SB;IDENTIDADE E CULTURA
11202230917;NA1BHQ0003-15SB;INTERPRETACOES DO BRASIL
11202230917;NA2BIQ0602-15SB;ESTRUTURA E DINAMICA SOCIAL
11202230917;NA4BIS0005-15SB;BASES COMPUTACIONAIS DA CIENCIA
11202231187;DA1BHO0001-19SB;INTRODUCAO AS HUMANIDADES E AS CIENCIAS SOCIAIS
11202231187;DA1BHP0202-19SB;TEMAS E PROBLEMAS EM FILOSOFIA
11202231187;DA1BHQ0001-15SB;IDENTIDADE E CULTURA
11202231187;DA1BHQ0003-15SB;INTERPRETACOES DO BRASIL
11202231187;DA2BIQ0602-15SB;ESTRUTURA E DINAMICA SOCIAL
11202231187;DA4BIS0005-15SB;BASES COMPUTACIONAIS DA CIENCIA
11202230598;DA1BHO0001-19SB;INTRODUCAO AS HUMANIDADES E AS CIENCIAS SOCIAIS
11202230598;DA1BHP0202-19SB;TEMAS E PROBLEMAS EM FILOSOFIA
11202230598;DA1BHQ0001-15SB;IDENTIDADE E CULTURA
11202230598;DA1BHQ0003-15SB;INTERPRETACOES DO BRASIL
11202230598;DA2BIQ0602-15SB;ESTRUTURA E DINAMICA SOCIAL
11202230598;DA4BIS0005-15SB;BASES COMPUTACIONAIS DA CIENCIA
11202231300;NA2BIJ0207-15SA;BASES CONCEITUAIS DA ENERGIA
11202231300;NA2BIK0102-15SA;ESTRUTURA DA MATERIA
11202231300;NA2BIL0304-15SA;EVOLUCAO E DIVERSIFICACAO DA VIDA NA TERRA
11202231300;NA2BIS0003-15SA;BASES MATEMATICAS
11202231300;NA5BIS0005-15SA;BASES COMPUTACIONAIS DA CIENCIA
11202231300;NA6BCS0001-15SA;BASE EXPERIMENTAL DAS CIENCIAS NATURAIS
11202231338;DA2BCS0001-15SA;BASE EXPERIMENTAL DAS CIENCIAS NATURAIS
11202231338;DA2BIJ0207-15SA;BASES CONCEITUAIS DA ENERGIA
11202231338;DA2BIK0102-15SA;ESTRUTURA DA MATERIA
11202231338;DA2BIL0304-15SA;EVOLUCAO E DIVERSIFICACAO DA VIDA NA TERRA
11202231338;DA2BIS0003-15SA;BASES MATEMATICAS
11202231338;DA2BIS0005-15SA;BASES COMPUTACIONAIS DA CIENCIA
11202231174;DA1BHO0001-19SB;INTRODUCAO AS HUMANIDADES E AS CIENCIAS SOCIAIS
11202231174;DA1BHP0202-19SB;TEMAS E PROBLEMAS EM FILOSOFIA
11202231174;DA1BHQ0001-15SB;IDENTIDADE E CULTURA
11202231174;DA1BHQ0003-15SB;INTERPRETACOES DO BRASIL
11202231174;DA2BIQ0602-15SB;ESTRUTURA E DINAMICA SOCIAL
11202231174;DA4BIS0005-15SB;BASES COMPUTACIONAIS DA CIENCIA
11202231654;DA1BHO0001-19SB;INTRODUCAO AS HUMANIDADES E AS CIENCIAS SOCIAIS
11202231654;DA1BHP0202-19SB;TEMAS E PROBLEMAS EM FILOSOFIA
11202231654;DA1BHQ0001-15SB;IDENTIDADE E CULTURA
11202231654;DA1BHQ0003-15SB;INTERPRETACOES DO BRASIL
11202231654;DA2BIQ0602-15SB;ESTRUTURA E DINAMICA SOCIAL
11202231654;DA4BIS0005-15SB;BASES COMPUTACIONAIS DA CIENCIA
11202231420;DB1BIJ0207-15SA;BASES CONCEITUAIS DA ENERGIA
11202231420;DB1BIK0102-15SA;ESTRUTURA DA MATERIA
11202231420;DB1BIL0304-15SA;EVOLUCAO E DIVERSIFICACAO DA VIDA NA TERRA
11202231420;DB1BIS0003-15SA;BASES MATEMATICAS
11202231420;DB4BIS0005-15SA;BASES COMPUTACIONAIS DA CIENCIA
11202231420;DB5BCS0001-15SA;BASE EXPERIMENTAL DAS CIENCIAS NATURAIS
11202230735;NB1BCS0001-15SA;BASE EXPERIMENTAL DAS CIENCIAS NATURAIS
11202230735;NB1BIJ0207-15SA;BASES CONCEITUAIS DA ENERGIA
11202230735;NB1BIK0102-15SA;ESTRUTURA DA MATERIA
11202230735;NB1BIL0304-15SA;EVOLUCAO E DIVERSIFICACAO DA VIDA NA TERRA
11202230735;NB1BIS0003-15SA;BASES MATEMATICAS
11202230735;NB1BIS0005-15SA;BASES COMPUTACIONAIS DA CIENCIA
11202230689;DA1BHO0001-19SB;INTRODUCAO AS HUMANIDADES E AS CIENCIAS SOCIAIS
11202230689;DA1BHP0202-19SB;TEMAS E PROBLEMAS EM FILOSOFIA
11202230689;DA1BHQ0001-15SB;IDENTIDADE E CULTURA
11202230689;DA1BHQ0003-15SB;INTERPRETACOES DO BRASIL
11202230689;DA2BIQ0602-15SB;ESTRUTURA E DINAMICA SOCIAL
11202230689;DA4BIS0005-15SB;BASES COMPUTACIONAIS DA CIENCIA
11202230436;DA1BIJ0207-15SB;BASES CONCEITUAIS DA ENERGIA
11202230436;DA1BIK0102-15SB;ESTRUTURA DA MATERIA
11202230436;DA1BIL0304-15SB;EVOLUCAO E DIVERSIFICACAO DA VIDA NA TERRA
11202230436;DA1BIS0003-15SB;BASES MATEMATICAS
11202230436;DA3BCS0001-15SB;BASE EXPERIMENTAL DAS CIENCIAS NATURAIS
11202230436;DA3BIS0005-15SB;BASES COMPUTACIONAIS DA CIENCIA
11202231996;DA1BIJ0207-15SB;BASES CONCEITUAIS DA ENERGIA
11202231996;DA1BIK0102-15SB;ESTRUTURA DA MATERIA
11202231996;DA1BIL0304-15SB;EVOLUCAO E DIVERSIFICACAO DA VIDA NA TERRA
11202231996;DA1BIS0003-15SB;BASES MATEMATICAS
11202231996;DA3BCS0001-15SB;BASE EXPERIMENTAL DAS CIENCIAS NATURAIS
11202231996;DA3BIS0005-15SB;BASES COMPUTACIONAIS DA CIENCIA
11202231213;DA1BHO0001-19SB;INTRODUCAO AS HUMANIDADES E AS CIENCIAS SOCIAIS
11202231213;DA1BHP0202-19SB;TEMAS E PROBLEMAS EM FILOSOFIA
11202231213;DA1BHQ0001-15SB;IDENTIDADE E CULTURA
11202231213;DA1BHQ0003-15SB;INTERPRETACOES DO BRASIL
11202231213;DA2BIQ0602-15SB;ESTRUTURA E DINAMICA SOCIAL
11202231213;DA4BIS0005-15SB;BASES COMPUTACIONAIS DA CIENCIA
11202231281;DA1BHO0001-19SB;INTRODUCAO AS HUMANIDADES E AS CIENCIAS SOCIAIS
11202231281;DA1BHP0202-19SB;TEMAS E PROBLEMAS EM FILOSOFIA
11202231281;DA1BHQ0001-15SB;IDENTIDADE E CULTURA
11202231281;DA1BHQ0003-15SB;INTERPRETACOES DO BRASIL
11202231281;DA2BIQ0602-15SB;ESTRUTURA E DINAMICA SOCIAL
11202231281;DA4BIS0005-15SB;BASES COMPUTACIONAIS DA CIENCIA
11202231767;NA1BIJ0207-15SB;BASES CONCEITUAIS DA ENERGIA
11202231767;NA1BIK0102-15SB;ESTRUTURA DA MATERIA
11202231767;NA1BIL0304-15SB;EVOLUCAO E DIVERSIFICACAO DA VIDA NA TERRA
11202231767;NA1BIS0003-15SB;BASES MATEMATICAS
11202231767;NA3BCS0001-15SB;BASE EXPERIMENTAL DAS CIENCIAS NATURAIS
11202231767;NA3BIS0005-15SB;BASES COMPUTACIONAIS DA CIENCIA
11202232130;DA1BHO0001-19SB;INTRODUCAO AS HUMANIDADES E AS CIENCIAS SOCIAIS
11202232130;DA1BHP0202-19SB;TEMAS E PROBLEMAS EM FILOSOFIA
11202232130;DA1BHQ0001-15SB;IDENTIDADE E CULTURA
11202232130;DA1BHQ0003-15SB;INTERPRETACOES DO BRASIL
11202232130;DA2BIQ0602-15SB;ESTRUTURA E DINAMICA SOCIAL
11202232130;DA4BIS0005-15SB;BASES COMPUTACIONAIS DA CIENCIA
11202232035;NA1BIJ0207-15SA;BASES CONCEITUAIS DA ENERGIA
11202232035;NA1BIK0102-15SA;ESTRUTURA DA MATERIA
11202232035;NA1BIL0304-15SA;EVOLUCAO E DIVERSIFICACAO DA VIDA NA TERRA
11202232035;NA1BIS0003-15SA;BASES MATEMATICAS
11202232035;NA2BIS0005-15SA;BASES COMPUTACIONAIS DA CIENCIA
11202232035;NA3BCS0001-15SA;BASE EXPERIMENTAL DAS CIENCIAS NATURAIS
11202231663;DB1BIJ0207-15SB;BASES CONCEITUAIS DA ENERGIA
11202231663;DB1BIK0102-15SB;ESTRUTURA DA MATERIA
11202231663;DB1BIL0304-15SB;EVOLUCAO E DIVERSIFICACAO DA VIDA NA TERRA
11202231663;DB1BIS0003-15SB;BASES MATEMATICAS
11202231663;DB3BCS0001-15SB;BASE EXPERIMENTAL DAS CIENCIAS NATURAIS
11202231663;DB3BIS0005-15SB;BASES COMPUTACIONAIS DA CIENCIA
11202231292;NA1BIR0603-15SA;CIENCIA, TECNOLOGIA E SOCIEDADE
11202231292;NA1NHI5001-15SA;DESENVOLVIMENTO E APRENDIZAGEM
11202231292;NA1NHZ2099-16SA;TOPICOS CONTEMPORANEOS EM EDUCACAO E FILOSOFIA
11202231292;NA1NHZ5023-18SA;PRATICAS ESCOLARES EM EDUCACAO ESPECIAL E INCLUSIVA
11202231292;NA3BIJ0207-15SA;BASES CONCEITUAIS DA ENERGIA
11202231292;NA7BIS0005-15SA;BASES COMPUTACIONAIS DA CIENCIA
11202231244;DA1BHO0001-19SB;INTRODUCAO AS HUMANIDADES E AS CIENCIAS SOCIAIS
11202231244;DA1BHP0202-19SB;TEMAS E PROBLEMAS EM FILOSOFIA
11202231244;DA1BHQ0001-15SB;IDENTIDADE E CULTURA
11202231244;DA1BHQ0003-15SB;INTERPRETACOES DO BRASIL
11202231244;DA2BIQ0602-15SB;ESTRUTURA E DINAMICA SOCIAL
11202231244;DA4BIS0005-15SB;BASES COMPUTACIONAIS DA CIENCIA
11202230422;NA1BHO0001-19SB;INTRODUCAO AS HUMANIDADES E AS CIENCIAS SOCIAIS
11202230422;NA1BHP0202-19SB;TEMAS E PROBLEMAS EM FILOSOFIA
11202230422;NA1BHQ0001-15SB;IDENTIDADE E CULTURA
11202230422;NA1BHQ0003-15SB;INTERPRETACOES DO BRASIL
11202230422;NA2BIQ0602-15SB;ESTRUTURA E DINAMICA SOCIAL
11202230422;NA4BIS0005-15SB;BASES COMPUTACIONAIS DA CIENCIA
11202212412;NA1NHI5001-15SB;DESENVOLVIMENTO E APRENDIZAGEM
11202212412;NA1NHZ2099-16SB;TOPICOS CONTEMPORANEOS EM EDUCACAO E FILOSOFIA
11202212412;NA1NHZ5023-18SB;PRATICAS ESCOLARES EM EDUCACAO ESPECIAL E INCLUSIVA
11202212412;NA6BIS0005-15SB;BASES COMPUTACIONAIS DA CIENCIA
11202212412;NC1BIJ0207-15SB;BASES CONCEITUAIS DA ENERGIA
11202212412;NA2BIR0603-15SB;CIENCIA, TECNOLOGIA E SOCIEDADE
11202231678;NC1BCS0001-15SB;BASE EXPERIMENTAL DAS CIENCIAS NATURAIS
11202231678;NC1BIJ0207-15SB;BASES CONCEITUAIS DA ENERGIA
11202231678;NC1BIK0102-15SB;ESTRUTURA DA MATERIA
11202231678;NC1BIL0304-15SB;EVOLUCAO E DIVERSIFICACAO DA VIDA NA TERRA
11202231678;NC1BIS0003-15SB;BASES MATEMATICAS
11202231678;NC1BIS0005-15SB;BASES COMPUTACIONAIS DA CIENCIA
11202231851;DA1BHO0001-19SB;INTRODUCAO AS HUMANIDADES E AS CIENCIAS SOCIAIS
11202231851;DA1BHP0202-19SB;TEMAS E PROBLEMAS EM FILOSOFIA
11202231851;DA1BHQ0001-15SB;IDENTIDADE E CULTURA
11202231851;DA1BHQ0003-15SB;INTERPRETACOES DO BRASIL
11202231851;DA2BIQ0602-15SB;ESTRUTURA E DINAMICA SOCIAL
11202231851;DA4BIS0005-15SB;BASES COMPUTACIONAIS DA CIENCIA
11202230954;NA1BIJ0207-15SA;BASES CONCEITUAIS DA ENERGIA
11202230954;NA1BIK0102-15SA;ESTRUTURA DA MATERIA
11202230954;NA1BIL0304-15SA;EVOLUCAO E DIVERSIFICACAO DA VIDA NA TERRA
11202230954;NA1BIS0003-15SA;BASES MATEMATICAS
11202230954;NA2BIS0005-15SA;BASES COMPUTACIONAIS DA CIENCIA
11202230954;NA3BCS0001-15SA;BASE EXPERIMENTAL DAS CIENCIAS NATURAIS
11202232046;DA1BHO0001-19SB;INTRODUCAO AS HUMANIDADES E AS CIENCIAS SOCIAIS
11202232046;DA1BHP0202-19SB;TEMAS E PROBLEMAS EM FILOSOFIA
11202232046;DA1BHQ0001-15SB;IDENTIDADE E CULTURA
11202232046;DA1BHQ0003-15SB;INTERPRETACOES DO BRASIL
11202232046;DA2BIQ0602-15SB;ESTRUTURA E DINAMICA SOCIAL
11202232046;DA4BIS0005-15SB;BASES COMPUTACIONAIS DA CIENCIA
11202231854;NA1BCS0001-15SA;BASE EXPERIMENTAL DAS CIENCIAS NATURAIS
11202231854;NA1BIJ0207-15SA;BASES CONCEITUAIS DA ENERGIA
11202231854;NA1BIK0102-15SA;ESTRUTURA DA MATERIA
11202231854;NA1BIL0304-15SA;EVOLUCAO E DIVERSIFICACAO DA VIDA NA TERRA
11202231854;NA1BIS0003-15SA;BASES MATEMATICAS
11202231854;NA1BIS0005-15SA;BASES COMPUTACIONAIS DA CIENCIA
11202231645;NC1BIJ0207-15SB;BASES CONCEITUAIS DA ENERGIA
11202231645;NC1BIK0102-15SB;ESTRUTURA DA MATERIA
11202231645;NC1BIL0304-15SB;EVOLUCAO E DIVERSIFICACAO DA VIDA NA TERRA
11202231645;NC1BIS0003-15SB;BASES MATEMATICAS
11202231645;NC2BCS0001-15SB;BASE EXPERIMENTAL DAS CIENCIAS NATURAIS
11202231645;NC2BIS0005-15SB;BASES COMPUTACIONAIS DA CIENCIA
11202230654;DA1BCS0001-15SB;BASE EXPERIMENTAL DAS CIENCIAS NATURAIS
11202230654;DA1BIJ0207-15SB;BASES CONCEITUAIS DA ENERGIA
11202230654;DA1BIK0102-15SB;ESTRUTURA DA MATERIA
11202230654;DA1BIL0304-15SB;EVOLUCAO E DIVERSIFICACAO DA VIDA NA TERRA
11202230654;DA1BIS0003-15SB;BASES MATEMATICAS
11202230654;DA1BIS0005-15SB;BASES COMPUTACIONAIS DA CIENCIA
11202231952;DA1BIJ0207-15SB;BASES CONCEITUAIS DA ENERGIA
11202231952;DA1BIK0102-15SB;ESTRUTURA DA MATERIA
11202231952;DA1BIL0304-15SB;EVOLUCAO E DIVERSIFICACAO DA VIDA NA TERRA
11202231952;DA1BIS0003-15SB;BASES MATEMATICAS
11202231952;DA3BCS0001-15SB;BASE EXPERIMENTAL DAS CIENCIAS NATURAIS
11202231952;DA3BIS0005-15SB;BASES COMPUTACIONAIS DA CIENCIA
11202232383;DA1BHO0001-19SB;INTRODUCAO AS HUMANIDADES E AS CIENCIAS SOCIAIS
11202232383;DA1BHP0202-19SB;TEMAS E PROBLEMAS EM FILOSOFIA
11202232383;DA1BHQ0001-15SB;IDENTIDADE E CULTURA
11202232383;DA1BHQ0003-15SB;INTERPRETACOES DO BRASIL
11202232383;DA2BIQ0602-15SB;ESTRUTURA E DINAMICA SOCIAL
11202232383;DA4BIS0005-15SB;BASES COMPUTACIONAIS DA CIENCIA
11202231312;DA2BCS0001-15SA;BASE EXPERIMENTAL DAS CIENCIAS NATURAIS
11202231312;DA2BIJ0207-15SA;BASES CONCEITUAIS DA ENERGIA
11202231312;DA2BIK0102-15SA;ESTRUTURA DA MATERIA
11202231312;DA2BIL0304-15SA;EVOLUCAO E DIVERSIFICACAO DA VIDA NA TERRA
11202231312;DA2BIS0003-15SA;BASES MATEMATICAS
11202231312;DA2BIS0005-15SA;BASES COMPUTACIONAIS DA CIENCIA
11202231764;DA1BHO0001-19SB;INTRODUCAO AS HUMANIDADES E AS CIENCIAS SOCIAIS
11202231764;DA1BHP0202-19SB;TEMAS E PROBLEMAS EM FILOSOFIA
11202231764;DA1BHQ0001-15SB;IDENTIDADE E CULTURA
11202231764;DA1BHQ0003-15SB;INTERPRETACOES DO BRASIL
11202231764;DA2BIQ0602-15SB;ESTRUTURA E DINAMICA SOCIAL
11202231764;DA4BIS0005-15SB;BASES COMPUTACIONAIS DA CIENCIA
11202231808;DC2BIJ0207-15SA;BASES CONCEITUAIS DA ENERGIA
11202231808;DC2BIK0102-15SA;ESTRUTURA DA MATERIA
11202231808;DC2BIL0304-15SA;EVOLUCAO E DIVERSIFICACAO DA VIDA NA TERRA
11202231808;DC2BIS0003-15SA;BASES MATEMATICAS
11202231808;DC3BIS0005-15SA;BASES COMPUTACIONAIS DA CIENCIA
11202231808;DC4BCS0001-15SA;BASE EXPERIMENTAL DAS CIENCIAS NATURAIS
11202231339;DA1BIJ0207-15SA;BASES CONCEITUAIS DA ENERGIA
11202231339;DA1BIK0102-15SA;ESTRUTURA DA MATERIA
11202231339;DA1BIL0304-15SA;EVOLUCAO E DIVERSIFICACAO DA VIDA NA TERRA
11202231339;DA1BIS0003-15SA;BASES MATEMATICAS
11202231339;DA4BCS0001-15SA;BASE EXPERIMENTAL DAS CIENCIAS NATURAIS
11202231339;DA4BIS0005-15SA;BASES COMPUTACIONAIS DA CIENCIA
11202231696;NC1BIJ0207-15SA;BASES CONCEITUAIS DA ENERGIA
11202231696;NC1BIK0102-15SA;ESTRUTURA DA MATERIA
11202231696;NC1BIL0304-15SA;EVOLUCAO E DIVERSIFICACAO DA VIDA NA TERRA
11202231696;NC1BIS0003-15SA;BASES MATEMATICAS
11202231696;NC3BCS0001-15SA;BASE EXPERIMENTAL DAS CIENCIAS NATURAIS
11202231696;NC3BIS0005-15SA;BASES COMPUTACIONAIS DA CIENCIA
11202230758;NC1BCS0001-15SA;BASE EXPERIMENTAL DAS CIENCIAS NATURAIS
11202230758;NC1BIJ0207-15SA;BASES CONCEITUAIS DA ENERGIA
11202230758;NC1BIK0102-15SA;ESTRUTURA DA MATERIA
11202230758;NC1BIL0304-15SA;EVOLUCAO E DIVERSIFICACAO DA VIDA NA TERRA
11202230758;NC1BIS0003-15SA;BASES MATEMATICAS
11202230758;NC1BIS0005-15SA;BASES COMPUTACIONAIS DA CIENCIA
11202230522;DC1BCS0001-15SA;BASE EXPERIMENTAL DAS CIENCIAS NATURAIS
11202230522;DC1BIJ0207-15SA;BASES CONCEITUAIS DA ENERGIA
11202230522;DC1BIK0102-15SA;ESTRUTURA DA MATERIA
11202230522;DC1BIL0304-15SA;EVOLUCAO E DIVERSIFICACAO DA VIDA NA TERRA
11202230522;DC1BIS0003-15SA;BASES MATEMATICAS
11202230522;DC1BIS0005-15SA;BASES COMPUTACIONAIS DA CIENCIA
11202232147;NA1BCS0001-15SB;BASE EXPERIMENTAL DAS CIENCIAS NATURAIS
11202232147;NA1BIJ0207-15SB;BASES CONCEITUAIS DA ENERGIA
11202232147;NA1BIK0102-15SB;ESTRUTURA DA MATERIA
11202232147;NA1BIL0304-15SB;EVOLUCAO E DIVERSIFICACAO DA VIDA NA TERRA
11202232147;NA1BIS0003-15SB;BASES MATEMATICAS
11202232147;NA1BIS0005-15SB;BASES COMPUTACIONAIS DA CIENCIA
11202230330;DC2BIJ0207-15SA;BASES CONCEITUAIS DA ENERGIA
11202230330;DC2BIK0102-15SA;ESTRUTURA DA MATERIA
11202230330;DC2BIL0304-15SA;EVOLUCAO E DIVERSIFICACAO DA VIDA NA TERRA
11202230330;DC2BIS0003-15SA;BASES MATEMATICAS
11202230330;DC3BIS0005-15SA;BASES COMPUTACIONAIS DA CIENCIA
11202230330;DC4BCS0001-15SA;BASE EXPERIMENTAL DAS CIENCIAS NATURAIS
11202230862;NC1BIJ0207-15SA;BASES CONCEITUAIS DA ENERGIA
11202230862;NC1BIK0102-15SA;ESTRUTURA DA MATERIA
11202230862;NC1BIL0304-15SA;EVOLUCAO E DIVERSIFICACAO DA VIDA NA TERRA
11202230862;NC1BIS0003-15SA;BASES MATEMATICAS
11202230862;NC3BCS0001-15SA;BASE EXPERIMENTAL DAS CIENCIAS NATURAIS
11202230862;NC3BIS0005-15SA;BASES COMPUTACIONAIS DA CIENCIA
11202230252;NB1BIJ0207-15SA;BASES CONCEITUAIS DA ENERGIA
11202230252;NB1BIK0102-15SA;ESTRUTURA DA MATERIA
11202230252;NB1BIL0304-15SA;EVOLUCAO E DIVERSIFICACAO DA VIDA NA TERRA
11202230252;NB1BIS0003-15SA;BASES MATEMATICAS
11202230252;NB2BIS0005-15SA;BASES COMPUTACIONAIS DA CIENCIA
11202230252;NB3BCS0001-15SA;BASE EXPERIMENTAL DAS CIENCIAS NATURAIS
11202230479;NA1BHO0001-19SB;INTRODUCAO AS HUMANIDADES E AS CIENCIAS SOCIAIS
11202230479;NA1BHP0202-19SB;TEMAS E PROBLEMAS EM FILOSOFIA
11202230479;NA1BHQ0001-15SB;IDENTIDADE E CULTURA
11202230479;NA1BHQ0003-15SB;INTERPRETACOES DO BRASIL
11202230479;NA2BIQ0602-15SB;ESTRUTURA E DINAMICA SOCIAL
11202230479;NA4BIS0005-15SB;BASES COMPUTACIONAIS DA CIENCIA
11202231692;DC1BIJ0207-15SB;BASES CONCEITUAIS DA ENERGIA
11202231692;DC1BIK0102-15SB;ESTRUTURA DA MATERIA
11202231692;DC1BIL0304-15SB;EVOLUCAO E DIVERSIFICACAO DA VIDA NA TERRA
11202231692;DC1BIS0003-15SB;BASES MATEMATICAS
11202231692;DC2BCS0001-15SB;BASE EXPERIMENTAL DAS CIENCIAS NATURAIS
11202231692;DC3BIS0005-15SB;BASES COMPUTACIONAIS DA CIENCIA
11202230655;NA1BHO0001-19SB;INTRODUCAO AS HUMANIDADES E AS CIENCIAS SOCIAIS
11202230655;NA1BHP0202-19SB;TEMAS E PROBLEMAS EM FILOSOFIA
11202230655;NA1BHQ0001-15SB;IDENTIDADE E CULTURA
11202230655;NA1BHQ0003-15SB;INTERPRETACOES DO BRASIL
11202230655;NA2BIQ0602-15SB;ESTRUTURA E DINAMICA SOCIAL
11202230655;NA4BIS0005-15SB;BASES COMPUTACIONAIS DA CIENCIA
11202230727;DA2BIJ0207-15SA;BASES CONCEITUAIS DA ENERGIA
11202230727;DA2BIK0102-15SA;ESTRUTURA DA MATERIA
11202230727;DA2BIL0304-15SA;EVOLUCAO E DIVERSIFICACAO DA VIDA NA TERRA
11202230727;DA2BIS0003-15SA;BASES MATEMATICAS
11202230727;DA6BCS0001-15SA;BASE EXPERIMENTAL DAS CIENCIAS NATURAIS
11202230727;DA6BIS0005-15SA;BASES COMPUTACIONAIS DA CIENCIA
11202232113;NC1BCS0001-15SA;BASE EXPERIMENTAL DAS CIENCIAS NATURAIS
11202232113;NC1BIJ0207-15SA;BASES CONCEITUAIS DA ENERGIA
11202232113;NC1BIK0102-15SA;ESTRUTURA DA MATERIA
11202232113;NC1BIL0304-15SA;EVOLUCAO E DIVERSIFICACAO DA VIDA NA TERRA
11202232113;NC1BIS0003-15SA;BASES MATEMATICAS
11202232113;NC1BIS0005-15SA;BASES COMPUTACIONAIS DA CIENCIA
11202231099;DA1BHO0001-19SB;INTRODUCAO AS HUMANIDADES E AS CIENCIAS SOCIAIS
11202231099;DA1BHP0202-19SB;TEMAS E PROBLEMAS EM FILOSOFIA
11202231099;DA1BHQ0001-15SB;IDENTIDADE E CULTURA
11202231099;DA1BHQ0003-15SB;INTERPRETACOES DO BRASIL
11202231099;DA2BIQ0602-15SB;ESTRUTURA E DINAMICA SOCIAL
11202231099;DA4BIS0005-15SB;BASES COMPUTACIONAIS DA CIENCIA
11202230769;NA1BHO0001-19SB;INTRODUCAO AS HUMANIDADES E AS CIENCIAS SOCIAIS
11202230769;NA1BHP0202-19SB;TEMAS E PROBLEMAS EM FILOSOFIA
11202230769;NA1BHQ0001-15SB;IDENTIDADE E CULTURA
11202230769;NA1BHQ0003-15SB;INTERPRETACOES DO BRASIL
11202230769;NA2BIQ0602-15SB;ESTRUTURA E DINAMICA SOCIAL
11202230769;NA4BIS0005-15SB;BASES COMPUTACIONAIS DA CIENCIA
11202230736;NC1BCS0001-15SB;BASE EXPERIMENTAL DAS CIENCIAS NATURAIS
11202230736;NC1BIJ0207-15SB;BASES CONCEITUAIS DA ENERGIA
11202230736;NC1BIK0102-15SB;ESTRUTURA DA MATERIA
11202230736;NC1BIL0304-15SB;EVOLUCAO E DIVERSIFICACAO DA VIDA NA TERRA
11202230736;NC1BIS0003-15SB;BASES MATEMATICAS
11202230736;NC1BIS0005-15SB;BASES COMPUTACIONAIS DA CIENCIA
11202231906;DA1BIR0603-15SA;CIENCIA, TECNOLOGIA E SOCIEDADE
11202231906;DA1NHI5001-15SA;DESENVOLVIMENTO E APRENDIZAGEM
11202231906;DA1NHZ2099-16SA;TOPICOS CONTEMPORANEOS EM EDUCACAO E FILOSOFIA
11202231906;DA1NHZ5023-18SA;PRATICAS ESCOLARES EM EDUCACAO ESPECIAL E INCLUSIVA
11202231906;DA3BIJ0207-15SA;BASES CONCEITUAIS DA ENERGIA
11202231906;DA7BIS0005-15SA;BASES COMPUTACIONAIS DA CIENCIA
11202230294;NA1BHO0001-19SB;INTRODUCAO AS HUMANIDADES E AS CIENCIAS SOCIAIS
11202230294;NA1BHP0202-19SB;TEMAS E PROBLEMAS EM FILOSOFIA
11202230294;NA1BHQ0001-15SB;IDENTIDADE E CULTURA
11202230294;NA1BHQ0003-15SB;INTERPRETACOES DO BRASIL
11202230294;NA2BIQ0602-15SB;ESTRUTURA E DINAMICA SOCIAL
11202230294;NA4BIS0005-15SB;BASES COMPUTACIONAIS DA CIENCIA
11202231055;NB1BIJ0207-15SB;BASES CONCEITUAIS DA ENERGIA
11202231055;NB1BIK0102-15SB;ESTRUTURA DA MATERIA
11202231055;NB1BIL0304-15SB;EVOLUCAO E DIVERSIFICACAO DA VIDA NA TERRA
11202231055;NB1BIS0003-15SB;BASES MATEMATICAS
11202231055;NB2BCS0001-15SB;BASE EXPERIMENTAL DAS CIENCIAS NATURAIS
11202231055;NB2BIS0005-15SB;BASES COMPUTACIONAIS DA CIENCIA
11202231612;NA1BIJ0207-15SA;BASES CONCEITUAIS DA ENERGIA
11202231612;NA1BIK0102-15SA;ESTRUTURA DA MATERIA
11202231612;NA1BIL0304-15SA;EVOLUCAO E DIVERSIFICACAO DA VIDA NA TERRA
11202231612;NA1BIS0003-15SA;BASES MATEMATICAS
11202231612;NA2BCS0001-15SA;BASE EXPERIMENTAL DAS CIENCIAS NATURAIS
11202231612;NA2BIS0005-15SA;BASES COMPUTACIONAIS DA CIENCIA
11202230966;NC1BIJ0207-15SB;BASES CONCEITUAIS DA ENERGIA
11202230966;NC1BIK0102-15SB;ESTRUTURA DA MATERIA
11202230966;NC1BIL0304-15SB;EVOLUCAO E DIVERSIFICACAO DA VIDA NA TERRA
11202230966;NC1BIS0003-15SB;BASES MATEMATICAS
11202230966;NC2BCS0001-15SB;BASE EXPERIMENTAL DAS CIENCIAS NATURAIS
11202230966;NC2BIS0005-15SB;BASES COMPUTACIONAIS DA CIENCIA
11202230957;NA1NHI5001-15SB;DESENVOLVIMENTO E APRENDIZAGEM
11202230957;NA1NHZ2099-16SB;TOPICOS CONTEMPORANEOS EM EDUCACAO E FILOSOFIA
11202230957;NA1NHZ5023-18SB;PRATICAS ESCOLARES EM EDUCACAO ESPECIAL E INCLUSIVA
11202230957;NA6BIS0005-15SB;BASES COMPUTACIONAIS DA CIENCIA
11202230957;NC1BIJ0207-15SB;BASES CONCEITUAIS DA ENERGIA
11202230957;NA2BIR0603-15SB;CIENCIA, TECNOLOGIA E SOCIEDADE
11202230615;NA2BIJ0207-15SA;BASES CONCEITUAIS DA ENERGIA
11202230615;NA2BIK0102-15SA;ESTRUTURA DA MATERIA
11202230615;NA2BIL0304-15SA;EVOLUCAO E DIVERSIFICACAO DA VIDA NA TERRA
11202230615;NA2BIS0003-15SA;BASES MATEMATICAS
11202230615;NA4BIS0005-15SA;BASES COMPUTACIONAIS DA CIENCIA
11202230615;NA5BCS0001-15SA;BASE EXPERIMENTAL DAS CIENCIAS NATURAIS
11202230477;NC1BCS0001-15SA;BASE EXPERIMENTAL DAS CIENCIAS NATURAIS
11202230477;NC1BIJ0207-15SA;BASES CONCEITUAIS DA ENERGIA
11202230477;NC1BIK0102-15SA;ESTRUTURA DA MATERIA
11202230477;NC1BIL0304-15SA;EVOLUCAO E DIVERSIFICACAO DA VIDA NA TERRA
11202230477;NC1BIS0003-15SA;BASES MATEMATICAS
11202230477;NC1BIS0005-15SA;BASES COMPUTACIONAIS DA CIENCIA
11202230586;NB1BCS0001-15SA;BASE EXPERIMENTAL DAS CIENCIAS NATURAIS
11202230586;NB1BIJ0207-15SA;BASES CONCEITUAIS DA ENERGIA
11202230586;NB1BIK0102-15SA;ESTRUTURA DA MATERIA
11202230586;NB1BIL0304-15SA;EVOLUCAO E DIVERSIFICACAO DA VIDA NA TERRA
11202230586;NB1BIS0003-15SA;BASES MATEMATICAS
11202230586;NB1BIS0005-15SA;BASES COMPUTACIONAIS DA CIENCIA
11202231000;NB2BIJ0207-15SA;BASES CONCEITUAIS DA ENERGIA
11202231000;NB2BIK0102-15SA;ESTRUTURA DA MATERIA
11202231000;NB2BIL0304-15SA;EVOLUCAO E DIVERSIFICACAO DA VIDA NA TERRA
11202231000;NB2BIS0003-15SA;BASES MATEMATICAS
11202231000;NB3BIS0005-15SA;BASES COMPUTACIONAIS DA CIENCIA
11202231000;NB4BCS0001-15SA;BASE EXPERIMENTAL DAS CIENCIAS NATURAIS
11202232483;DB1NHI5001-15SA;DESENVOLVIMENTO E APRENDIZAGEM
11202232483;DB1NHZ2099-16SA;TOPICOS CONTEMPORANEOS EM EDUCACAO E FILOSOFIA
11202232483;DB1NHZ5023-18SA;PRATICAS ESCOLARES EM EDUCACAO ESPECIAL E INCLUSIVA
11202232483;DB2BIR0603-15SA;CIENCIA, TECNOLOGIA E SOCIEDADE
11202232483;DB3BIJ0207-15SA;BASES CONCEITUAIS DA ENERGIA
11202232483;DB7BIS0005-15SA;BASES COMPUTACIONAIS DA CIENCIA
11202230824;DA1BCS0001-15SB;BASE EXPERIMENTAL DAS CIENCIAS NATURAIS
11202230824;DA1BIJ0207-15SB;BASES CONCEITUAIS DA ENERGIA
11202230824;DA1BIK0102-15SB;ESTRUTURA DA MATERIA
11202230824;DA1BIL0304-15SB;EVOLUCAO E DIVERSIFICACAO DA VIDA NA TERRA
11202230824;DA1BIS0003-15SB;BASES MATEMATICAS
11202230824;DA1BIS0005-15SB;BASES COMPUTACIONAIS DA CIENCIA
11202231399;DC1BCS0001-15SB;BASE EXPERIMENTAL DAS CIENCIAS NATURAIS
11202231399;DC1BIJ0207-15SB;BASES CONCEITUAIS DA ENERGIA
11202231399;DC1BIK0102-15SB;ESTRUTURA DA MATERIA
11202231399;DC1BIL0304-15SB;EVOLUCAO E DIVERSIFICACAO DA VIDA NA TERRA
11202231399;DC1BIS0003-15SB;BASES MATEMATICAS
11202231399;DC1BIS0005-15SB;BASES COMPUTACIONAIS DA CIENCIA
11202230951;DC1BCS0001-15SA;BASE EXPERIMENTAL DAS CIENCIAS NATURAIS
11202230951;DC1BIJ0207-15SA;BASES CONCEITUAIS DA ENERGIA
11202230951;DC1BIK0102-15SA;ESTRUTURA DA MATERIA
11202230951;DC1BIL0304-15SA;EVOLUCAO E DIVERSIFICACAO DA VIDA NA TERRA
11202230951;DC1BIS0003-15SA;BASES MATEMATICAS
11202230951;DC1BIS0005-15SA;BASES COMPUTACIONAIS DA CIENCIA
11202230753;DA1BIR0603-15SA;CIENCIA, TECNOLOGIA E SOCIEDADE
11202230753;DA1NHI5001-15SA;DESENVOLVIMENTO E APRENDIZAGEM
11202230753;DA1NHZ2099-16SA;TOPICOS CONTEMPORANEOS EM EDUCACAO E FILOSOFIA
11202230753;DA1NHZ5023-18SA;PRATICAS ESCOLARES EM EDUCACAO ESPECIAL E INCLUSIVA
11202230753;DA3BIJ0207-15SA;BASES CONCEITUAIS DA ENERGIA
11202230753;DA7BIS0005-15SA;BASES COMPUTACIONAIS DA CIENCIA
11202230724;DA2BIJ0207-15SA;BASES CONCEITUAIS DA ENERGIA
11202230724;DA2BIK0102-15SA;ESTRUTURA DA MATERIA
11202230724;DA2BIL0304-15SA;EVOLUCAO E DIVERSIFICACAO DA VIDA NA TERRA
11202230724;DA2BIS0003-15SA;BASES MATEMATICAS
11202230724;DA5BIS0005-15SA;BASES COMPUTACIONAIS DA CIENCIA
11202230724;DA6BCS0001-15SA;BASE EXPERIMENTAL DAS CIENCIAS NATURAIS
11202231291;DA1BHO0001-19SB;INTRODUCAO AS HUMANIDADES E AS CIENCIAS SOCIAIS
11202231291;DA1BHP0202-19SB;TEMAS E PROBLEMAS EM FILOSOFIA
11202231291;DA1BHQ0001-15SB;IDENTIDADE E CULTURA
11202231291;DA1BHQ0003-15SB;INTERPRETACOES DO BRASIL
11202231291;DA2BIQ0602-15SB;ESTRUTURA E DINAMICA SOCIAL
11202231291;DA4BIS0005-15SB;BASES COMPUTACIONAIS DA CIENCIA
11202231416;NA1BIJ0207-15SB;BASES CONCEITUAIS DA ENERGIA
11202231416;NA1BIK0102-15SB;ESTRUTURA DA MATERIA
11202231416;NA1BIL0304-15SB;EVOLUCAO E DIVERSIFICACAO DA VIDA NA TERRA
11202231416;NA1BIS0003-15SB;BASES MATEMATICAS
11202231416;NA2BCS0001-15SB;BASE EXPERIMENTAL DAS CIENCIAS NATURAIS
11202231416;NA2BIS0005-15SB;BASES COMPUTACIONAIS DA CIENCIA
11202230541;DA1BIR0603-15SA;CIENCIA, TECNOLOGIA E SOCIEDADE
11202230541;DA1NHI5001-15SA;DESENVOLVIMENTO E APRENDIZAGEM
11202230541;DA1NHZ2099-16SA;TOPICOS CONTEMPORANEOS EM EDUCACAO E FILOSOFIA
11202230541;DA1NHZ5023-18SA;PRATICAS ESCOLARES EM EDUCACAO ESPECIAL E INCLUSIVA
11202230541;DA3BIJ0207-15SA;BASES CONCEITUAIS DA ENERGIA
11202230541;DA7BIS0005-15SA;BASES COMPUTACIONAIS DA CIENCIA
11202230691;DA1BIJ0207-15SB;BASES CONCEITUAIS DA ENERGIA
11202230691;DA1BIK0102-15SB;ESTRUTURA DA MATERIA
11202230691;DA1BIL0304-15SB;EVOLUCAO E DIVERSIFICACAO DA VIDA NA TERRA
11202230691;DA1BIS0003-15SB;BASES MATEMATICAS
11202230691;DA3BCS0001-15SB;BASE EXPERIMENTAL DAS CIENCIAS NATURAIS
11202230691;DA3BIS0005-15SB;BASES COMPUTACIONAIS DA CIENCIA
11202231725;NB1BCS0001-15SA;BASE EXPERIMENTAL DAS CIENCIAS NATURAIS
11202231725;NB1BIJ0207-15SA;BASES CONCEITUAIS DA ENERGIA
11202231725;NB1BIK0102-15SA;ESTRUTURA DA MATERIA
11202231725;NB1BIL0304-15SA;EVOLUCAO E DIVERSIFICACAO DA VIDA NA TERRA
11202231725;NB1BIS0003-15SA;BASES MATEMATICAS
11202231725;NB1BIS0005-15SA;BASES COMPUTACIONAIS DA CIENCIA
11202230876;NA2BIJ0207-15SA;BASES CONCEITUAIS DA ENERGIA
11202230876;NA2BIK0102-15SA;ESTRUTURA DA MATERIA
11202230876;NA2BIL0304-15SA;EVOLUCAO E DIVERSIFICACAO DA VIDA NA TERRA
11202230876;NA2BIS0003-15SA;BASES MATEMATICAS
11202230876;NA4BIS0005-15SA;BASES COMPUTACIONAIS DA CIENCIA
11202230876;NA5BCS0001-15SA;BASE EXPERIMENTAL DAS CIENCIAS NATURAIS
11202230289;NA1BCS0001-15SA;BASE EXPERIMENTAL DAS CIENCIAS NATURAIS
11202230289;NA1BIJ0207-15SA;BASES CONCEITUAIS DA ENERGIA
11202230289;NA1BIK0102-15SA;ESTRUTURA DA MATERIA
11202230289;NA1BIL0304-15SA;EVOLUCAO E DIVERSIFICACAO DA VIDA NA TERRA
11202230289;NA1BIS0003-15SA;BASES MATEMATICAS
11202230289;NA1BIS0005-15SA;BASES COMPUTACIONAIS DA CIENCIA
11202231113;DC1BCS0001-15SA;BASE EXPERIMENTAL DAS CIENCIAS NATURAIS
11202231113;DC1BIJ0207-15SA;BASES CONCEITUAIS DA ENERGIA
11202231113;DC1BIK0102-15SA;ESTRUTURA DA MATERIA
11202231113;DC1BIL0304-15SA;EVOLUCAO E DIVERSIFICACAO DA VIDA NA TERRA
11202231113;DC1BIS0003-15SA;BASES MATEMATICAS
11202231113;DC1BIS0005-15SA;BASES COMPUTACIONAIS DA CIENCIA
11202231003;DA1BHO0001-19SB;INTRODUCAO AS HUMANIDADES E AS CIENCIAS SOCIAIS
11202231003;DA1BHP0202-19SB;TEMAS E PROBLEMAS EM FILOSOFIA
11202231003;DA1BHQ0001-15SB;IDENTIDADE E CULTURA
11202231003;DA1BHQ0003-15SB;INTERPRETACOES DO BRASIL
11202231003;DA2BIQ0602-15SB;ESTRUTURA E DINAMICA SOCIAL
11202231003;DA4BIS0005-15SB;BASES COMPUTACIONAIS DA CIENCIA
11202231440;DA1BHO0001-19SB;INTRODUCAO AS HUMANIDADES E AS CIENCIAS SOCIAIS
11202231440;DA1BHP0202-19SB;TEMAS E PROBLEMAS EM FILOSOFIA
11202231440;DA1BHQ0001-15SB;IDENTIDADE E CULTURA
11202231440;DA1BHQ0003-15SB;INTERPRETACOES DO BRASIL
11202231440;DA2BIQ0602-15SB;ESTRUTURA E DINAMICA SOCIAL
11202231440;DA4BIS0005-15SB;BASES COMPUTACIONAIS DA CIENCIA
11202230977;NC1BCS0001-15SB;BASE EXPERIMENTAL DAS CIENCIAS NATURAIS
11202230977;NC1BIJ0207-15SB;BASES CONCEITUAIS DA ENERGIA
11202230977;NC1BIK0102-15SB;ESTRUTURA DA MATERIA
11202230977;NC1BIL0304-15SB;EVOLUCAO E DIVERSIFICACAO DA VIDA NA TERRA
11202230977;NC1BIS0003-15SB;BASES MATEMATICAS
11202230977;NC1BIS0005-15SB;BASES COMPUTACIONAIS DA CIENCIA
11202230241;DB1BIJ0207-15SB;BASES CONCEITUAIS DA ENERGIA
11202230241;DB1BIK0102-15SB;ESTRUTURA DA MATERIA
11202230241;DB1BIL0304-15SB;EVOLUCAO E DIVERSIFICACAO DA VIDA NA TERRA
11202230241;DB1BIS0003-15SB;BASES MATEMATICAS
11202230241;DB3BCS0001-15SB;BASE EXPERIMENTAL DAS CIENCIAS NATURAIS
11202230241;DB3BIS0005-15SB;BASES COMPUTACIONAIS DA CIENCIA
11202230833;DA1BIJ0207-15SA;BASES CONCEITUAIS DA ENERGIA
11202230833;DA1BIK0102-15SA;ESTRUTURA DA MATERIA
11202230833;DA1BIL0304-15SA;EVOLUCAO E DIVERSIFICACAO DA VIDA NA TERRA
11202230833;DA1BIS0003-15SA;BASES MATEMATICAS
11202230833;DA3BCS0001-15SA;BASE EXPERIMENTAL DAS CIENCIAS NATURAIS
11202230833;DA3BIS0005-15SA;BASES COMPUTACIONAIS DA CIENCIA
11202231460;DC1BIJ0207-15SA;BASES CONCEITUAIS DA ENERGIA
11202231460;DC1BIK0102-15SA;ESTRUTURA DA MATERIA
11202231460;DC1BIL0304-15SA;EVOLUCAO E DIVERSIFICACAO DA VIDA NA TERRA
11202231460;DC1BIS0003-15SA;BASES MATEMATICAS
11202231460;DC2BIS0005-15SA;BASES COMPUTACIONAIS DA CIENCIA
11202231460;DC3BCS0001-15SA;BASE EXPERIMENTAL DAS CIENCIAS NATURAIS
11202231709;NB2BIJ0207-15SA;BASES CONCEITUAIS DA ENERGIA
11202231709;NB2BIK0102-15SA;ESTRUTURA DA MATERIA
11202231709;NB2BIL0304-15SA;EVOLUCAO E DIVERSIFICACAO DA VIDA NA TERRA
11202231709;NB2BIS0003-15SA;BASES MATEMATICAS
11202231709;NB4BIS0005-15SA;BASES COMPUTACIONAIS DA CIENCIA
11202231709;NB5BCS0001-15SA;BASE EXPERIMENTAL DAS CIENCIAS NATURAIS
11202231310;DA1BCS0001-15SB;BASE EXPERIMENTAL DAS CIENCIAS NATURAIS
11202231310;DA1BIJ0207-15SB;BASES CONCEITUAIS DA ENERGIA
11202231310;DA1BIK0102-15SB;ESTRUTURA DA MATERIA
11202231310;DA1BIL0304-15SB;EVOLUCAO E DIVERSIFICACAO DA VIDA NA TERRA
11202231310;DA1BIS0003-15SB;BASES MATEMATICAS
11202231310;DA1BIS0005-15SB;BASES COMPUTACIONAIS DA CIENCIA
11202212489;NB6BIS0005-15SB;BASES COMPUTACIONAIS DA CIENCIA
11202212489;NB2BIQ0602-15SB;ESTRUTURA E DINAMICA SOCIAL
11202212489;NB1BHQ0001-15SB;IDENTIDADE E CULTURA
11202212489;NB1BHQ0003-15SB;INTERPRETACOES DO BRASIL
11202212489;NB1BHO0001-19SB;INTRODUCAO AS HUMANIDADES E AS CIENCIAS SOCIAIS
11202212489;NB1BHP0202-19SB;TEMAS E PROBLEMAS EM FILOSOFIA
11202231410;DA1BHO0001-19SB;INTRODUCAO AS HUMANIDADES E AS CIENCIAS SOCIAIS
11202231410;DA1BHP0202-19SB;TEMAS E PROBLEMAS EM FILOSOFIA
11202231410;DA1BHQ0001-15SB;IDENTIDADE E CULTURA
11202231410;DA1BHQ0003-15SB;INTERPRETACOES DO BRASIL
11202231410;DA2BIQ0602-15SB;ESTRUTURA E DINAMICA SOCIAL
11202231410;DA4BIS0005-15SB;BASES COMPUTACIONAIS DA CIENCIA
11202230931;NC1BIJ0207-15SA;BASES CONCEITUAIS DA ENERGIA
11202230931;NC1BIK0102-15SA;ESTRUTURA DA MATERIA
11202230931;NC1BIL0304-15SA;EVOLUCAO E DIVERSIFICACAO DA VIDA NA TERRA
11202230931;NC1BIS0003-15SA;BASES MATEMATICAS
11202230931;NC3BCS0001-15SA;BASE EXPERIMENTAL DAS CIENCIAS NATURAIS
11202230931;NC3BIS0005-15SA;BASES COMPUTACIONAIS DA CIENCIA
11202230698;DA1BCS0001-15SB;BASE EXPERIMENTAL DAS CIENCIAS NATURAIS
11202230698;DA1BIJ0207-15SB;BASES CONCEITUAIS DA ENERGIA
11202230698;DA1BIK0102-15SB;ESTRUTURA DA MATERIA
11202230698;DA1BIL0304-15SB;EVOLUCAO E DIVERSIFICACAO DA VIDA NA TERRA
11202230698;DA1BIS0003-15SB;BASES MATEMATICAS
11202230698;DA1BIS0005-15SB;BASES COMPUTACIONAIS DA CIENCIA
11202231893;DA1BIR0603-15SA;CIENCIA, TECNOLOGIA E SOCIEDADE
11202231893;DA1NHI5001-15SA;DESENVOLVIMENTO E APRENDIZAGEM
11202231893;DA1NHZ2099-16SA;TOPICOS CONTEMPORANEOS EM EDUCACAO E FILOSOFIA
11202231893;DA1NHZ5023-18SA;PRATICAS ESCOLARES EM EDUCACAO ESPECIAL E INCLUSIVA
11202231893;DA3BIJ0207-15SA;BASES CONCEITUAIS DA ENERGIA
11202231893;DA7BIS0005-15SA;BASES COMPUTACIONAIS DA CIENCIA
11202231707;DA1BIJ0207-15SB;BASES CONCEITUAIS DA ENERGIA
11202231707;DA1BIK0102-15SB;ESTRUTURA DA MATERIA
11202231707;DA1BIL0304-15SB;EVOLUCAO E DIVERSIFICACAO DA VIDA NA TERRA
11202231707;DA1BIS0003-15SB;BASES MATEMATICAS
11202231707;DA2BCS0001-15SB;BASE EXPERIMENTAL DAS CIENCIAS NATURAIS
11202231707;DA2BIS0005-15SB;BASES COMPUTACIONAIS DA CIENCIA
11202232144;DA1BIR0603-15SA;CIENCIA, TECNOLOGIA E SOCIEDADE
11202232144;DA1NHI5001-15SA;DESENVOLVIMENTO E APRENDIZAGEM
11202232144;DA1NHZ2099-16SA;TOPICOS CONTEMPORANEOS EM EDUCACAO E FILOSOFIA
11202232144;DA1NHZ5023-18SA;PRATICAS ESCOLARES EM EDUCACAO ESPECIAL E INCLUSIVA
11202232144;DA3BIJ0207-15SA;BASES CONCEITUAIS DA ENERGIA
11202232144;DA7BIS0005-15SA;BASES COMPUTACIONAIS DA CIENCIA
11202230834;DA1BHO0001-19SB;INTRODUCAO AS HUMANIDADES E AS CIENCIAS SOCIAIS
11202230834;DA1BHP0202-19SB;TEMAS E PROBLEMAS EM FILOSOFIA
11202230834;DA1BHQ0001-15SB;IDENTIDADE E CULTURA
11202230834;DA1BHQ0003-15SB;INTERPRETACOES DO BRASIL
11202230834;DA2BIQ0602-15SB;ESTRUTURA E DINAMICA SOCIAL
11202230834;DA4BIS0005-15SB;BASES COMPUTACIONAIS DA CIENCIA
11202231688;DA1BHO0001-19SB;INTRODUCAO AS HUMANIDADES E AS CIENCIAS SOCIAIS
11202231688;DA1BHP0202-19SB;TEMAS E PROBLEMAS EM FILOSOFIA
11202231688;DA1BHQ0001-15SB;IDENTIDADE E CULTURA
11202231688;DA1BHQ0003-15SB;INTERPRETACOES DO BRASIL
11202231688;DA2BIQ0602-15SB;ESTRUTURA E DINAMICA SOCIAL
11202231688;DA4BIS0005-15SB;BASES COMPUTACIONAIS DA CIENCIA
11202230898;DA1BHO0001-19SB;INTRODUCAO AS HUMANIDADES E AS CIENCIAS SOCIAIS
11202230898;DA1BHP0202-19SB;TEMAS E PROBLEMAS EM FILOSOFIA
11202230898;DA1BHQ0001-15SB;IDENTIDADE E CULTURA
11202230898;DA1BHQ0003-15SB;INTERPRETACOES DO BRASIL
11202230898;DA2BIQ0602-15SB;ESTRUTURA E DINAMICA SOCIAL
11202230898;DA4BIS0005-15SB;BASES COMPUTACIONAIS DA CIENCIA
11202231946;DC1BIJ0207-15SA;BASES CONCEITUAIS DA ENERGIA
11202231946;DC1BIK0102-15SA;ESTRUTURA DA MATERIA
11202231946;DC1BIL0304-15SA;EVOLUCAO E DIVERSIFICACAO DA VIDA NA TERRA
11202231946;DC1BIS0003-15SA;BASES MATEMATICAS
11202231946;DC2BCS0001-15SA;BASE EXPERIMENTAL DAS CIENCIAS NATURAIS
11202231946;DC2BIS0005-15SA;BASES COMPUTACIONAIS DA CIENCIA
11202231547;DB1BCS0001-15SB;BASE EXPERIMENTAL DAS CIENCIAS NATURAIS
11202231547;DB1BIJ0207-15SB;BASES CONCEITUAIS DA ENERGIA
11202231547;DB1BIK0102-15SB;ESTRUTURA DA MATERIA
11202231547;DB1BIL0304-15SB;EVOLUCAO E DIVERSIFICACAO DA VIDA NA TERRA
11202231547;DB1BIS0003-15SB;BASES MATEMATICAS
11202231547;DB1BIS0005-15SB;BASES COMPUTACIONAIS DA CIENCIA
11202231677;DA1BIR0603-15SB;CIENCIA, TECNOLOGIA E SOCIEDADE
11202231677;DA1NHI5001-15SB;DESENVOLVIMENTO E APRENDIZAGEM
11202231677;DA1NHZ2099-16SB;TOPICOS CONTEMPORANEOS EM EDUCACAO E FILOSOFIA
11202231677;DA1NHZ5023-18SB;PRATICAS ESCOLARES EM EDUCACAO ESPECIAL E INCLUSIVA
11202231677;DA7BIS0005-15SB;BASES COMPUTACIONAIS DA CIENCIA
11202231677;DC1BIJ0207-15SB;BASES CONCEITUAIS DA ENERGIA
11202230277;DC2BIJ0207-15SA;BASES CONCEITUAIS DA ENERGIA
11202230277;DC2BIK0102-15SA;ESTRUTURA DA MATERIA
11202230277;DC2BIL0304-15SA;EVOLUCAO E DIVERSIFICACAO DA VIDA NA TERRA
11202230277;DC2BIS0003-15SA;BASES MATEMATICAS
11202230277;DC3BIS0005-15SA;BASES COMPUTACIONAIS DA CIENCIA
11202230277;DC4BCS0001-15SA;BASE EXPERIMENTAL DAS CIENCIAS NATURAIS
11202230338;DC1BCS0001-15SB;BASE EXPERIMENTAL DAS CIENCIAS NATURAIS
11202230338;DC1BIJ0207-15SB;BASES CONCEITUAIS DA ENERGIA
11202230338;DC1BIK0102-15SB;ESTRUTURA DA MATERIA
11202230338;DC1BIL0304-15SB;EVOLUCAO E DIVERSIFICACAO DA VIDA NA TERRA
11202230338;DC1BIS0003-15SB;BASES MATEMATICAS
11202230338;DC1BIS0005-15SB;BASES COMPUTACIONAIS DA CIENCIA
11202230492;DC1BCS0001-15SB;BASE EXPERIMENTAL DAS CIENCIAS NATURAIS
11202230492;DC1BIJ0207-15SB;BASES CONCEITUAIS DA ENERGIA
11202230492;DC1BIK0102-15SB;ESTRUTURA DA MATERIA
11202230492;DC1BIL0304-15SB;EVOLUCAO E DIVERSIFICACAO DA VIDA NA TERRA
11202230492;DC1BIS0003-15SB;BASES MATEMATICAS
11202230492;DC1BIS0005-15SB;BASES COMPUTACIONAIS DA CIENCIA
11202231757;DA1BIR0603-15SA;CIENCIA, TECNOLOGIA E SOCIEDADE
11202231757;DA1NHI5001-15SA;DESENVOLVIMENTO E APRENDIZAGEM
11202231757;DA1NHZ2099-16SA;TOPICOS CONTEMPORANEOS EM EDUCACAO E FILOSOFIA
11202231757;DA1NHZ5023-18SA;PRATICAS ESCOLARES EM EDUCACAO ESPECIAL E INCLUSIVA
11202231757;DA3BIJ0207-15SA;BASES CONCEITUAIS DA ENERGIA
11202231757;DA7BIS0005-15SA;BASES COMPUTACIONAIS DA CIENCIA
11202212399;NA1BHO0001-19SB;INTRODUCAO AS HUMANIDADES E AS CIENCIAS SOCIAIS
11202212399;NA1BHP0202-19SB;TEMAS E PROBLEMAS EM FILOSOFIA
11202212399;NA1BHQ0001-15SB;IDENTIDADE E CULTURA
11202212399;NA1BHQ0003-15SB;INTERPRETACOES DO BRASIL
11202212399;NA2BIQ0602-15SB;ESTRUTURA E DINAMICA SOCIAL
11202212399;NA4BIS0005-15SB;BASES COMPUTACIONAIS DA CIENCIA
11202230269;DB1BIJ0207-15SB;BASES CONCEITUAIS DA ENERGIA
11202230269;DB1BIK0102-15SB;ESTRUTURA DA MATERIA
11202230269;DB1BIL0304-15SB;EVOLUCAO E DIVERSIFICACAO DA VIDA NA TERRA
11202230269;DB1BIS0003-15SB;BASES MATEMATICAS
11202230269;DB3BCS0001-15SB;BASE EXPERIMENTAL DAS CIENCIAS NATURAIS
11202230269;DB3BIS0005-15SB;BASES COMPUTACIONAIS DA CIENCIA
11202230921;NA2BIJ0207-15SA;BASES CONCEITUAIS DA ENERGIA
11202230921;NA2BIK0102-15SA;ESTRUTURA DA MATERIA
11202230921;NA2BIL0304-15SA;EVOLUCAO E DIVERSIFICACAO DA VIDA NA TERRA
11202230921;NA2BIS0003-15SA;BASES MATEMATICAS
11202230921;NA3BIS0005-15SA;BASES COMPUTACIONAIS DA CIENCIA
11202230921;NA4BCS0001-15SA;BASE EXPERIMENTAL DAS CIENCIAS NATURAIS
11202231428;DC2BIJ0207-15SA;BASES CONCEITUAIS DA ENERGIA
11202231428;DC2BIK0102-15SA;ESTRUTURA DA MATERIA
11202231428;DC2BIL0304-15SA;EVOLUCAO E DIVERSIFICACAO DA VIDA NA TERRA
11202231428;DC2BIS0003-15SA;BASES MATEMATICAS
11202231428;DC4BIS0005-15SA;BASES COMPUTACIONAIS DA CIENCIA
11202231428;DC5BCS0001-15SA;BASE EXPERIMENTAL DAS CIENCIAS NATURAIS
11202230246;NA1BIJ0207-15SA;BASES CONCEITUAIS DA ENERGIA
11202230246;NA1BIK0102-15SA;ESTRUTURA DA MATERIA
11202230246;NA1BIL0304-15SA;EVOLUCAO E DIVERSIFICACAO DA VIDA NA TERRA
11202230246;NA1BIS0003-15SA;BASES MATEMATICAS
11202230246;NA2BCS0001-15SA;BASE EXPERIMENTAL DAS CIENCIAS NATURAIS
11202230246;NA2BIS0005-15SA;BASES COMPUTACIONAIS DA CIENCIA
11202231824;DB1BCS0001-15SB;BASE EXPERIMENTAL DAS CIENCIAS NATURAIS
11202231824;DB1BIJ0207-15SB;BASES CONCEITUAIS DA ENERGIA
11202231824;DB1BIK0102-15SB;ESTRUTURA DA MATERIA
11202231824;DB1BIL0304-15SB;EVOLUCAO E DIVERSIFICACAO DA VIDA NA TERRA
11202231824;DB1BIS0003-15SB;BASES MATEMATICAS
11202231824;DB1BIS0005-15SB;BASES COMPUTACIONAIS DA CIENCIA
11202230239;NB1BIJ0207-15SB;BASES CONCEITUAIS DA ENERGIA
11202230239;NB1BIK0102-15SB;ESTRUTURA DA MATERIA
11202230239;NB1BIL0304-15SB;EVOLUCAO E DIVERSIFICACAO DA VIDA NA TERRA
11202230239;NB1BIS0003-15SB;BASES MATEMATICAS
11202230239;NB3BCS0001-15SB;BASE EXPERIMENTAL DAS CIENCIAS NATURAIS
11202230239;NB3BIS0005-15SB;BASES COMPUTACIONAIS DA CIENCIA
11202231043;DB1BIJ0207-15SA;BASES CONCEITUAIS DA ENERGIA
11202231043;DB1BIK0102-15SA;ESTRUTURA DA MATERIA
11202231043;DB1BIL0304-15SA;EVOLUCAO E DIVERSIFICACAO DA VIDA NA TERRA
11202231043;DB1BIS0003-15SA;BASES MATEMATICAS
11202231043;DB5BIS0005-15SA;BASES COMPUTACIONAIS DA CIENCIA
11202231043;DB6BCS0001-15SA;BASE EXPERIMENTAL DAS CIENCIAS NATURAIS
11202232349;NA1BHO0001-19SB;INTRODUCAO AS HUMANIDADES E AS CIENCIAS SOCIAIS
11202232349;NA1BHP0202-19SB;TEMAS E PROBLEMAS EM FILOSOFIA
11202232349;NA1BHQ0001-15SB;IDENTIDADE E CULTURA
11202232349;NA1BHQ0003-15SB;INTERPRETACOES DO BRASIL
11202232349;NA2BIQ0602-15SB;ESTRUTURA E DINAMICA SOCIAL
11202232349;NA4BIS0005-15SB;BASES COMPUTACIONAIS DA CIENCIA
11202230486;DC1BIJ0207-15SA;BASES CONCEITUAIS DA ENERGIA
11202230486;DC1BIK0102-15SA;ESTRUTURA DA MATERIA
11202230486;DC1BIL0304-15SA;EVOLUCAO E DIVERSIFICACAO DA VIDA NA TERRA
11202230486;DC1BIS0003-15SA;BASES MATEMATICAS
11202230486;DC2BCS0001-15SA;BASE EXPERIMENTAL DAS CIENCIAS NATURAIS
11202230486;DC2BIS0005-15SA;BASES COMPUTACIONAIS DA CIENCIA
11202230732;DA1BIJ0207-15SB;BASES CONCEITUAIS DA ENERGIA
11202230732;DA1BIK0102-15SB;ESTRUTURA DA MATERIA
11202230732;DA1BIL0304-15SB;EVOLUCAO E DIVERSIFICACAO DA VIDA NA TERRA
11202230732;DA1BIS0003-15SB;BASES MATEMATICAS
11202230732;DA3BCS0001-15SB;BASE EXPERIMENTAL DAS CIENCIAS NATURAIS
11202230732;DA3BIS0005-15SB;BASES COMPUTACIONAIS DA CIENCIA
11202230526;NC1BIJ0207-15SB;BASES CONCEITUAIS DA ENERGIA
11202230526;NC1BIK0102-15SB;ESTRUTURA DA MATERIA
11202230526;NC1BIL0304-15SB;EVOLUCAO E DIVERSIFICACAO DA VIDA NA TERRA
11202230526;NC1BIS0003-15SB;BASES MATEMATICAS
11202230526;NC2BCS0001-15SB;BASE EXPERIMENTAL DAS CIENCIAS NATURAIS
11202230526;NC2BIS0005-15SB;BASES COMPUTACIONAIS DA CIENCIA
11202230214;DA1BHO0001-19SB;INTRODUCAO AS HUMANIDADES E AS CIENCIAS SOCIAIS
11202230214;DA1BHP0202-19SB;TEMAS E PROBLEMAS EM FILOSOFIA
11202230214;DA1BHQ0001-15SB;IDENTIDADE E CULTURA
11202230214;DA1BHQ0003-15SB;INTERPRETACOES DO BRASIL
11202230214;DA2BIQ0602-15SB;ESTRUTURA E DINAMICA SOCIAL
11202230214;DA4BIS0005-15SB;BASES COMPUTACIONAIS DA CIENCIA
11202232170;NA1BHO0001-19SB;INTRODUCAO AS HUMANIDADES E AS CIENCIAS SOCIAIS
11202232170;NA1BHP0202-19SB;TEMAS E PROBLEMAS EM FILOSOFIA
11202232170;NA1BHQ0001-15SB;IDENTIDADE E CULTURA
11202232170;NA1BHQ0003-15SB;INTERPRETACOES DO BRASIL
11202232170;NA2BIQ0602-15SB;ESTRUTURA E DINAMICA SOCIAL
11202232170;NA4BIS0005-15SB;BASES COMPUTACIONAIS DA CIENCIA
11202230709;NC2BIJ0207-15SA;BASES CONCEITUAIS DA ENERGIA
11202230709;NC2BIK0102-15SA;ESTRUTURA DA MATERIA
11202230709;NC2BIL0304-15SA;EVOLUCAO E DIVERSIFICACAO DA VIDA NA TERRA
11202230709;NC2BIS0003-15SA;BASES MATEMATICAS
11202230709;NC4BCS0001-15SA;BASE EXPERIMENTAL DAS CIENCIAS NATURAIS
11202230709;NC4BIS0005-15SA;BASES COMPUTACIONAIS DA CIENCIA
11202212490;NC6BCS0001-15SA;BASE EXPERIMENTAL DAS CIENCIAS NATURAIS
11202212490;NC6BIS0005-15SA;BASES COMPUTACIONAIS DA CIENCIA
11202212490;NC2BIJ0207-15SA;BASES CONCEITUAIS DA ENERGIA
11202212490;NC2BIS0003-15SA;BASES MATEMATICAS
11202212490;NC2BIK0102-15SA;ESTRUTURA DA MATERIA
11202212490;NC2BIL0304-15SA;EVOLUCAO E DIVERSIFICACAO DA VIDA NA TERRA
11202230686;DC1BIJ0207-15SA;BASES CONCEITUAIS DA ENERGIA
11202230686;DC1BIK0102-15SA;ESTRUTURA DA MATERIA
11202230686;DC1BIL0304-15SA;EVOLUCAO E DIVERSIFICACAO DA VIDA NA TERRA
11202230686;DC1BIS0003-15SA;BASES MATEMATICAS
11202230686;DC2BCS0001-15SA;BASE EXPERIMENTAL DAS CIENCIAS NATURAIS
11202230686;DC2BIS0005-15SA;BASES COMPUTACIONAIS DA CIENCIA
11202231073;NA1BIR0603-15SA;CIENCIA, TECNOLOGIA E SOCIEDADE
11202231073;NA1NHI5001-15SA;DESENVOLVIMENTO E APRENDIZAGEM
11202231073;NA1NHZ2099-16SA;TOPICOS CONTEMPORANEOS EM EDUCACAO E FILOSOFIA
11202231073;NA1NHZ5023-18SA;PRATICAS ESCOLARES EM EDUCACAO ESPECIAL E INCLUSIVA
11202231073;NA3BIJ0207-15SA;BASES CONCEITUAIS DA ENERGIA
11202231073;NA7BIS0005-15SA;BASES COMPUTACIONAIS DA CIENCIA
11202231810;DA1BIR0603-15SB;CIENCIA, TECNOLOGIA E SOCIEDADE
11202231810;DA1NHI5001-15SB;DESENVOLVIMENTO E APRENDIZAGEM
11202231810;DA1NHZ2099-16SB;TOPICOS CONTEMPORANEOS EM EDUCACAO E FILOSOFIA
11202231810;DA1NHZ5023-18SB;PRATICAS ESCOLARES EM EDUCACAO ESPECIAL E INCLUSIVA
11202231810;DA7BIS0005-15SB;BASES COMPUTACIONAIS DA CIENCIA
11202231810;DC1BIJ0207-15SB;BASES CONCEITUAIS DA ENERGIA
11202230560;NB2BIJ0207-15SA;BASES CONCEITUAIS DA ENERGIA
11202230560;NB2BIK0102-15SA;ESTRUTURA DA MATERIA
11202230560;NB2BIL0304-15SA;EVOLUCAO E DIVERSIFICACAO DA VIDA NA TERRA
11202230560;NB2BIS0003-15SA;BASES MATEMATICAS
11202230560;NB5BIS0005-15SA;BASES COMPUTACIONAIS DA CIENCIA
11202230560;NB6BCS0001-15SA;BASE EXPERIMENTAL DAS CIENCIAS NATURAIS
11202231436;NB1BIJ0207-15SA;BASES CONCEITUAIS DA ENERGIA
11202231436;NB1BIK0102-15SA;ESTRUTURA DA MATERIA
11202231436;NB1BIL0304-15SA;EVOLUCAO E DIVERSIFICACAO DA VIDA NA TERRA
11202231436;NB1BIS0003-15SA;BASES MATEMATICAS
11202231436;NB2BIS0005-15SA;BASES COMPUTACIONAIS DA CIENCIA
11202231436;NB3BCS0001-15SA;BASE EXPERIMENTAL DAS CIENCIAS NATURAIS
11202231426;DA1BIJ0207-15SB;BASES CONCEITUAIS DA ENERGIA
11202231426;DA1BIK0102-15SB;ESTRUTURA DA MATERIA
11202231426;DA1BIL0304-15SB;EVOLUCAO E DIVERSIFICACAO DA VIDA NA TERRA
11202231426;DA1BIS0003-15SB;BASES MATEMATICAS
11202231426;DA2BCS0001-15SB;BASE EXPERIMENTAL DAS CIENCIAS NATURAIS
11202231426;DA2BIS0005-15SB;BASES COMPUTACIONAIS DA CIENCIA
11202231059;DB2BIJ0207-15SA;BASES CONCEITUAIS DA ENERGIA
11202231059;DB2BIK0102-15SA;ESTRUTURA DA MATERIA
11202231059;DB2BIL0304-15SA;EVOLUCAO E DIVERSIFICACAO DA VIDA NA TERRA
11202231059;DB2BIS0003-15SA;BASES MATEMATICAS
11202231059;DB2BIS0005-15SA;BASES COMPUTACIONAIS DA CIENCIA
11202231059;DB3BCS0001-15SA;BASE EXPERIMENTAL DAS CIENCIAS NATURAIS
11202231372;DB1BCS0001-15SA;BASE EXPERIMENTAL DAS CIENCIAS NATURAIS
11202231372;DB1BIS0005-15SA;BASES COMPUTACIONAIS DA CIENCIA
11202231372;DB2BIJ0207-15SA;BASES CONCEITUAIS DA ENERGIA
11202231372;DB2BIK0102-15SA;ESTRUTURA DA MATERIA
11202231372;DB2BIL0304-15SA;EVOLUCAO E DIVERSIFICACAO DA VIDA NA TERRA
11202231372;DB2BIS0003-15SA;BASES MATEMATICAS
11202231705;NA1BIJ0207-15SB;BASES CONCEITUAIS DA ENERGIA
11202231705;NA1BIK0102-15SB;ESTRUTURA DA MATERIA
11202231705;NA1BIL0304-15SB;EVOLUCAO E DIVERSIFICACAO DA VIDA NA TERRA
11202231705;NA1BIS0003-15SB;BASES MATEMATICAS
11202231705;NA2BCS0001-15SB;BASE EXPERIMENTAL DAS CIENCIAS NATURAIS
11202231705;NA2BIS0005-15SB;BASES COMPUTACIONAIS DA CIENCIA
11202232350;DC1BCS0001-15SA;BASE EXPERIMENTAL DAS CIENCIAS NATURAIS
11202232350;DC1BIJ0207-15SA;BASES CONCEITUAIS DA ENERGIA
11202232350;DC1BIK0102-15SA;ESTRUTURA DA MATERIA
11202232350;DC1BIL0304-15SA;EVOLUCAO E DIVERSIFICACAO DA VIDA NA TERRA
11202232350;DC1BIS0003-15SA;BASES MATEMATICAS
11202232350;DC5BIS0005-15SA;BASES COMPUTACIONAIS DA CIENCIA
11202231004;DC1BCS0001-15SA;BASE EXPERIMENTAL DAS CIENCIAS NATURAIS
11202231004;DC1BIJ0207-15SA;BASES CONCEITUAIS DA ENERGIA
11202231004;DC1BIK0102-15SA;ESTRUTURA DA MATERIA
11202231004;DC1BIL0304-15SA;EVOLUCAO E DIVERSIFICACAO DA VIDA NA TERRA
11202231004;DC1BIS0003-15SA;BASES MATEMATICAS
11202231004;DC1BIS0005-15SA;BASES COMPUTACIONAIS DA CIENCIA
11202212394;NB2BIJ0207-15SA;BASES CONCEITUAIS DA ENERGIA
11202212394;NB2BIK0102-15SA;ESTRUTURA DA MATERIA
11202212394;NB2BIL0304-15SA;EVOLUCAO E DIVERSIFICACAO DA VIDA NA TERRA
11202212394;NB2BIS0003-15SA;BASES MATEMATICAS
11202212394;NB4BIS0005-15SA;BASES COMPUTACIONAIS DA CIENCIA
11202212394;NB5BCS0001-15SA;BASE EXPERIMENTAL DAS CIENCIAS NATURAIS
11202231109;NA1BHO0001-19SB;INTRODUCAO AS HUMANIDADES E AS CIENCIAS SOCIAIS
11202231109;NA1BHP0202-19SB;TEMAS E PROBLEMAS EM FILOSOFIA
11202231109;NA1BHQ0001-15SB;IDENTIDADE E CULTURA
11202231109;NA1BHQ0003-15SB;INTERPRETACOES DO BRASIL
11202231109;NA2BIQ0602-15SB;ESTRUTURA E DINAMICA SOCIAL
11202231109;NA4BIS0005-15SB;BASES COMPUTACIONAIS DA CIENCIA
11202230740;DB1BIJ0207-15SA;BASES CONCEITUAIS DA ENERGIA
11202230740;DB1BIK0102-15SA;ESTRUTURA DA MATERIA
11202230740;DB1BIL0304-15SA;EVOLUCAO E DIVERSIFICACAO DA VIDA NA TERRA
11202230740;DB1BIS0003-15SA;BASES MATEMATICAS
11202230740;DB4BIS0005-15SA;BASES COMPUTACIONAIS DA CIENCIA
11202230740;DB5BCS0001-15SA;BASE EXPERIMENTAL DAS CIENCIAS NATURAIS
11202230643;DB1BIJ0207-15SB;BASES CONCEITUAIS DA ENERGIA
11202230643;DB1BIK0102-15SB;ESTRUTURA DA MATERIA
11202230643;DB1BIL0304-15SB;EVOLUCAO E DIVERSIFICACAO DA VIDA NA TERRA
11202230643;DB1BIS0003-15SB;BASES MATEMATICAS
11202230643;DB3BCS0001-15SB;BASE EXPERIMENTAL DAS CIENCIAS NATURAIS
11202230643;DB3BIS0005-15SB;BASES COMPUTACIONAIS DA CIENCIA
11202231132;DA1BIJ0207-15SB;BASES CONCEITUAIS DA ENERGIA
11202231132;DA1BIK0102-15SB;ESTRUTURA DA MATERIA
11202231132;DA1BIL0304-15SB;EVOLUCAO E DIVERSIFICACAO DA VIDA NA TERRA
11202231132;DA1BIS0003-15SB;BASES MATEMATICAS
11202231132;DA2BCS0001-15SB;BASE EXPERIMENTAL DAS CIENCIAS NATURAIS
11202231132;DA2BIS0005-15SB;BASES COMPUTACIONAIS DA CIENCIA
11202231975;NB1BIJ0207-15SA;BASES CONCEITUAIS DA ENERGIA
11202231975;NB1BIK0102-15SA;ESTRUTURA DA MATERIA
11202231975;NB1BIL0304-15SA;EVOLUCAO E DIVERSIFICACAO DA VIDA NA TERRA
11202231975;NB1BIS0003-15SA;BASES MATEMATICAS
11202231975;NB2BCS0001-15SA;BASE EXPERIMENTAL DAS CIENCIAS NATURAIS
11202231975;NB2BIS0005-15SA;BASES COMPUTACIONAIS DA CIENCIA
11202232143;NA1BIR0603-15SA;CIENCIA, TECNOLOGIA E SOCIEDADE
11202232143;NA1NHI5001-15SA;DESENVOLVIMENTO E APRENDIZAGEM
11202232143;NA1NHZ2099-16SA;TOPICOS CONTEMPORANEOS EM EDUCACAO E FILOSOFIA
11202232143;NA1NHZ5023-18SA;PRATICAS ESCOLARES EM EDUCACAO ESPECIAL E INCLUSIVA
11202232143;NA3BIJ0207-15SA;BASES CONCEITUAIS DA ENERGIA
11202232143;NA7BIS0005-15SA;BASES COMPUTACIONAIS DA CIENCIA
11202231017;DB1BCS0001-15SA;BASE EXPERIMENTAL DAS CIENCIAS NATURAIS
11202231017;DB1BIS0005-15SA;BASES COMPUTACIONAIS DA CIENCIA
11202231017;DB2BIJ0207-15SA;BASES CONCEITUAIS DA ENERGIA
11202231017;DB2BIK0102-15SA;ESTRUTURA DA MATERIA
11202231017;DB2BIL0304-15SA;EVOLUCAO E DIVERSIFICACAO DA VIDA NA TERRA
11202231017;DB2BIS0003-15SA;BASES MATEMATICAS
11202231651;DA2BIJ0207-15SA;BASES CONCEITUAIS DA ENERGIA
11202231651;DA2BIK0102-15SA;ESTRUTURA DA MATERIA
11202231651;DA2BIL0304-15SA;EVOLUCAO E DIVERSIFICACAO DA VIDA NA TERRA
11202231651;DA2BIS0003-15SA;BASES MATEMATICAS
11202231651;DA6BCS0001-15SA;BASE EXPERIMENTAL DAS CIENCIAS NATURAIS
11202231651;DA6BIS0005-15SA;BASES COMPUTACIONAIS DA CIENCIA
11202230375;NB1BIJ0207-15SA;BASES CONCEITUAIS DA ENERGIA
11202230375;NB1BIK0102-15SA;ESTRUTURA DA MATERIA
11202230375;NB1BIL0304-15SA;EVOLUCAO E DIVERSIFICACAO DA VIDA NA TERRA
11202230375;NB1BIS0003-15SA;BASES MATEMATICAS
11202230375;NB2BIS0005-15SA;BASES COMPUTACIONAIS DA CIENCIA
11202230375;NB3BCS0001-15SA;BASE EXPERIMENTAL DAS CIENCIAS NATURAIS
11202231278;DA1BHO0001-19SB;INTRODUCAO AS HUMANIDADES E AS CIENCIAS SOCIAIS
11202231278;DA1BHP0202-19SB;TEMAS E PROBLEMAS EM FILOSOFIA
11202231278;DA1BHQ0001-15SB;IDENTIDADE E CULTURA
11202231278;DA1BHQ0003-15SB;INTERPRETACOES DO BRASIL
11202231278;DA2BIQ0602-15SB;ESTRUTURA E DINAMICA SOCIAL
11202231278;DA4BIS0005-15SB;BASES COMPUTACIONAIS DA CIENCIA
11202231706;DB1BCS0001-15SA;BASE EXPERIMENTAL DAS CIENCIAS NATURAIS
11202231706;DB1BIS0005-15SA;BASES COMPUTACIONAIS DA CIENCIA
11202231706;DB2BIJ0207-15SA;BASES CONCEITUAIS DA ENERGIA
11202231706;DB2BIK0102-15SA;ESTRUTURA DA MATERIA
11202231706;DB2BIL0304-15SA;EVOLUCAO E DIVERSIFICACAO DA VIDA NA TERRA
11202231706;DB2BIS0003-15SA;BASES MATEMATICAS
11202231449;NA1BIJ0207-15SA;BASES CONCEITUAIS DA ENERGIA
11202231449;NA1BIK0102-15SA;ESTRUTURA DA MATERIA
11202231449;NA1BIL0304-15SA;EVOLUCAO E DIVERSIFICACAO DA VIDA NA TERRA
11202231449;NA1BIS0003-15SA;BASES MATEMATICAS
11202231449;NA2BCS0001-15SA;BASE EXPERIMENTAL DAS CIENCIAS NATURAIS
11202231449;NA2BIS0005-15SA;BASES COMPUTACIONAIS DA CIENCIA
11202231550;DA1BIJ0207-15SB;BASES CONCEITUAIS DA ENERGIA
11202231550;DA1BIK0102-15SB;ESTRUTURA DA MATERIA
11202231550;DA1BIL0304-15SB;EVOLUCAO E DIVERSIFICACAO DA VIDA NA TERRA
11202231550;DA1BIS0003-15SB;BASES MATEMATICAS
11202231550;DA2BCS0001-15SB;BASE EXPERIMENTAL DAS CIENCIAS NATURAIS
11202231550;DA2BIS0005-15SB;BASES COMPUTACIONAIS DA CIENCIA
11202231756;DA1BIR0603-15SA;CIENCIA, TECNOLOGIA E SOCIEDADE
11202231756;DA1NHI5001-15SA;DESENVOLVIMENTO E APRENDIZAGEM
11202231756;DA1NHZ2099-16SA;TOPICOS CONTEMPORANEOS EM EDUCACAO E FILOSOFIA
11202231756;DA1NHZ5023-18SA;PRATICAS ESCOLARES EM EDUCACAO ESPECIAL E INCLUSIVA
11202231756;DA3BIJ0207-15SA;BASES CONCEITUAIS DA ENERGIA
11202231756;DA7BIS0005-15SA;BASES COMPUTACIONAIS DA CIENCIA
11202230481;NA1BHO0001-19SB;INTRODUCAO AS HUMANIDADES E AS CIENCIAS SOCIAIS
11202230481;NA1BHP0202-19SB;TEMAS E PROBLEMAS EM FILOSOFIA
11202230481;NA1BHQ0001-15SB;IDENTIDADE E CULTURA
11202230481;NA1BHQ0003-15SB;INTERPRETACOES DO BRASIL
11202230481;NA2BIQ0602-15SB;ESTRUTURA E DINAMICA SOCIAL
11202230481;NA4BIS0005-15SB;BASES COMPUTACIONAIS DA CIENCIA
11202231802;NA1BHO0001-19SB;INTRODUCAO AS HUMANIDADES E AS CIENCIAS SOCIAIS
11202231802;NA1BHP0202-19SB;TEMAS E PROBLEMAS EM FILOSOFIA
11202231802;NA1BHQ0001-15SB;IDENTIDADE E CULTURA
11202231802;NA1BHQ0003-15SB;INTERPRETACOES DO BRASIL
11202231802;NA2BIQ0602-15SB;ESTRUTURA E DINAMICA SOCIAL
11202231802;NA4BIS0005-15SB;BASES COMPUTACIONAIS DA CIENCIA
11202230425;DB1BIJ0207-15SA;BASES CONCEITUAIS DA ENERGIA
11202230425;DB1BIK0102-15SA;ESTRUTURA DA MATERIA
11202230425;DB1BIL0304-15SA;EVOLUCAO E DIVERSIFICACAO DA VIDA NA TERRA
11202230425;DB1BIS0003-15SA;BASES MATEMATICAS
11202230425;DB5BIS0005-15SA;BASES COMPUTACIONAIS DA CIENCIA
11202230425;DB6BCS0001-15SA;BASE EXPERIMENTAL DAS CIENCIAS NATURAIS
11202231171;NA1BHO0001-19SB;INTRODUCAO AS HUMANIDADES E AS CIENCIAS SOCIAIS
11202231171;NA1BHP0202-19SB;TEMAS E PROBLEMAS EM FILOSOFIA
11202231171;NA1BHQ0001-15SB;IDENTIDADE E CULTURA
11202231171;NA1BHQ0003-15SB;INTERPRETACOES DO BRASIL
11202231171;NA2BIQ0602-15SB;ESTRUTURA E DINAMICA SOCIAL
11202231171;NA4BIS0005-15SB;BASES COMPUTACIONAIS DA CIENCIA
11202230227;NB1BCS0001-15SA;BASE EXPERIMENTAL DAS CIENCIAS NATURAIS
11202230227;NB1BIJ0207-15SA;BASES CONCEITUAIS DA ENERGIA
11202230227;NB1BIK0102-15SA;ESTRUTURA DA MATERIA
11202230227;NB1BIL0304-15SA;EVOLUCAO E DIVERSIFICACAO DA VIDA NA TERRA
11202230227;NB1BIS0003-15SA;BASES MATEMATICAS
11202230227;NB1BIS0005-15SA;BASES COMPUTACIONAIS DA CIENCIA
11202231378;DA1BHO0001-19SB;INTRODUCAO AS HUMANIDADES E AS CIENCIAS SOCIAIS
11202231378;DA1BHP0202-19SB;TEMAS E PROBLEMAS EM FILOSOFIA
11202231378;DA1BHQ0001-15SB;IDENTIDADE E CULTURA
11202231378;DA1BHQ0003-15SB;INTERPRETACOES DO BRASIL
11202231378;DA2BIQ0602-15SB;ESTRUTURA E DINAMICA SOCIAL
11202231378;DA4BIS0005-15SB;BASES COMPUTACIONAIS DA CIENCIA
11202230965;DA1BIJ0207-15SA;BASES CONCEITUAIS DA ENERGIA
11202230965;DA1BIK0102-15SA;ESTRUTURA DA MATERIA
11202230965;DA1BIL0304-15SA;EVOLUCAO E DIVERSIFICACAO DA VIDA NA TERRA
11202230965;DA1BIS0003-15SA;BASES MATEMATICAS
11202230965;DA3BIS0005-15SA;BASES COMPUTACIONAIS DA CIENCIA
11202230965;DA4BCS0001-15SA;BASE EXPERIMENTAL DAS CIENCIAS NATURAIS
11202230282;NA1BIJ0207-15SB;BASES CONCEITUAIS DA ENERGIA
11202230282;NA1BIK0102-15SB;ESTRUTURA DA MATERIA
11202230282;NA1BIL0304-15SB;EVOLUCAO E DIVERSIFICACAO DA VIDA NA TERRA
11202230282;NA1BIS0003-15SB;BASES MATEMATICAS
11202230282;NA3BCS0001-15SB;BASE EXPERIMENTAL DAS CIENCIAS NATURAIS
11202230282;NA3BIS0005-15SB;BASES COMPUTACIONAIS DA CIENCIA
11202230302;NA2BIJ0207-15SA;BASES CONCEITUAIS DA ENERGIA
11202230302;NA2BIK0102-15SA;ESTRUTURA DA MATERIA
11202230302;NA2BIL0304-15SA;EVOLUCAO E DIVERSIFICACAO DA VIDA NA TERRA
11202230302;NA2BIS0003-15SA;BASES MATEMATICAS
11202230302;NA4BIS0005-15SA;BASES COMPUTACIONAIS DA CIENCIA
11202230302;NA5BCS0001-15SA;BASE EXPERIMENTAL DAS CIENCIAS NATURAIS
11202231427;NC2BIJ0207-15SA;BASES CONCEITUAIS DA ENERGIA
11202231427;NC2BIK0102-15SA;ESTRUTURA DA MATERIA
11202231427;NC2BIL0304-15SA;EVOLUCAO E DIVERSIFICACAO DA VIDA NA TERRA
11202231427;NC2BIS0003-15SA;BASES MATEMATICAS
11202231427;NC5BCS0001-15SA;BASE EXPERIMENTAL DAS CIENCIAS NATURAIS
11202231427;NC5BIS0005-15SA;BASES COMPUTACIONAIS DA CIENCIA
11202230537;DC2BIJ0207-15SA;BASES CONCEITUAIS DA ENERGIA
11202230537;DC2BIK0102-15SA;ESTRUTURA DA MATERIA
11202230537;DC2BIL0304-15SA;EVOLUCAO E DIVERSIFICACAO DA VIDA NA TERRA
11202230537;DC2BIS0003-15SA;BASES MATEMATICAS
11202230537;DC4BIS0005-15SA;BASES COMPUTACIONAIS DA CIENCIA
11202230537;DC6BCS0001-15SA;BASE EXPERIMENTAL DAS CIENCIAS NATURAIS
11202231770;NA1BHO0001-19SB;INTRODUCAO AS HUMANIDADES E AS CIENCIAS SOCIAIS
11202231770;NA1BHP0202-19SB;TEMAS E PROBLEMAS EM FILOSOFIA
11202231770;NA1BHQ0001-15SB;IDENTIDADE E CULTURA
11202231770;NA1BHQ0003-15SB;INTERPRETACOES DO BRASIL
11202231770;NA2BIQ0602-15SB;ESTRUTURA E DINAMICA SOCIAL
11202231770;NA4BIS0005-15SB;BASES COMPUTACIONAIS DA CIENCIA
11202231723;DC1BCS0001-15SB;BASE EXPERIMENTAL DAS CIENCIAS NATURAIS
11202231723;DC1BIJ0207-15SB;BASES CONCEITUAIS DA ENERGIA
11202231723;DC1BIK0102-15SB;ESTRUTURA DA MATERIA
11202231723;DC1BIL0304-15SB;EVOLUCAO E DIVERSIFICACAO DA VIDA NA TERRA
11202231723;DC1BIS0003-15SB;BASES MATEMATICAS
11202231723;DC1BIS0005-15SB;BASES COMPUTACIONAIS DA CIENCIA
11202232023;NA1BIR0603-15SA;CIENCIA, TECNOLOGIA E SOCIEDADE
11202232023;NA1NHI5001-15SA;DESENVOLVIMENTO E APRENDIZAGEM
11202232023;NA1NHZ2099-16SA;TOPICOS CONTEMPORANEOS EM EDUCACAO E FILOSOFIA
11202232023;NA1NHZ5023-18SA;PRATICAS ESCOLARES EM EDUCACAO ESPECIAL E INCLUSIVA
11202232023;NA3BIJ0207-15SA;BASES CONCEITUAIS DA ENERGIA
11202232023;NA7BIS0005-15SA;BASES COMPUTACIONAIS DA CIENCIA
11202230831;DB1BIJ0207-15SA;BASES CONCEITUAIS DA ENERGIA
11202230831;DB1BIK0102-15SA;ESTRUTURA DA MATERIA
11202230831;DB1BIL0304-15SA;EVOLUCAO E DIVERSIFICACAO DA VIDA NA TERRA
11202230831;DB1BIS0003-15SA;BASES MATEMATICAS
11202230831;DB3BIS0005-15SA;BASES COMPUTACIONAIS DA CIENCIA
11202230831;DB4BCS0001-15SA;BASE EXPERIMENTAL DAS CIENCIAS NATURAIS
11202230813;DA1BIJ0207-15SA;BASES CONCEITUAIS DA ENERGIA
11202230813;DA1BIK0102-15SA;ESTRUTURA DA MATERIA
11202230813;DA1BIL0304-15SA;EVOLUCAO E DIVERSIFICACAO DA VIDA NA TERRA
11202230813;DA1BIS0003-15SA;BASES MATEMATICAS
11202230813;DA4BCS0001-15SA;BASE EXPERIMENTAL DAS CIENCIAS NATURAIS
11202230813;DA4BIS0005-15SA;BASES COMPUTACIONAIS DA CIENCIA
11202231779;DA2BIJ0207-15SA;BASES CONCEITUAIS DA ENERGIA
11202231779;DA2BIK0102-15SA;ESTRUTURA DA MATERIA
11202231779;DA2BIL0304-15SA;EVOLUCAO E DIVERSIFICACAO DA VIDA NA TERRA
11202231779;DA2BIS0003-15SA;BASES MATEMATICAS
11202231779;DA5BCS0001-15SA;BASE EXPERIMENTAL DAS CIENCIAS NATURAIS
11202231779;DA5BIS0005-15SA;BASES COMPUTACIONAIS DA CIENCIA
11202231082;NC2BIJ0207-15SA;BASES CONCEITUAIS DA ENERGIA
11202231082;NC2BIK0102-15SA;ESTRUTURA DA MATERIA
11202231082;NC2BIL0304-15SA;EVOLUCAO E DIVERSIFICACAO DA VIDA NA TERRA
11202231082;NC2BIS0003-15SA;BASES MATEMATICAS
11202231082;NC4BCS0001-15SA;BASE EXPERIMENTAL DAS CIENCIAS NATURAIS
11202231082;NC4BIS0005-15SA;BASES COMPUTACIONAIS DA CIENCIA
11202230516;DA2BIJ0207-15SA;BASES CONCEITUAIS DA ENERGIA
11202230516;DA2BIK0102-15SA;ESTRUTURA DA MATERIA
11202230516;DA2BIL0304-15SA;EVOLUCAO E DIVERSIFICACAO DA VIDA NA TERRA
11202230516;DA2BIS0003-15SA;BASES MATEMATICAS
11202230516;DA5BCS0001-15SA;BASE EXPERIMENTAL DAS CIENCIAS NATURAIS
11202230516;DA5BIS0005-15SA;BASES COMPUTACIONAIS DA CIENCIA
11202231689;DA1BIR0603-15SA;CIENCIA, TECNOLOGIA E SOCIEDADE
11202231689;DA1NHI5001-15SA;DESENVOLVIMENTO E APRENDIZAGEM
11202231689;DA1NHZ2099-16SA;TOPICOS CONTEMPORANEOS EM EDUCACAO E FILOSOFIA
11202231689;DA1NHZ5023-18SA;PRATICAS ESCOLARES EM EDUCACAO ESPECIAL E INCLUSIVA
11202231689;DA3BIJ0207-15SA;BASES CONCEITUAIS DA ENERGIA
11202231689;DA7BIS0005-15SA;BASES COMPUTACIONAIS DA CIENCIA
11202231273;DB1BIJ0207-15SA;BASES CONCEITUAIS DA ENERGIA
11202231273;DB1BIK0102-15SA;ESTRUTURA DA MATERIA
11202231273;DB1BIL0304-15SA;EVOLUCAO E DIVERSIFICACAO DA VIDA NA TERRA
11202231273;DB1BIS0003-15SA;BASES MATEMATICAS
11202231273;DB3BIS0005-15SA;BASES COMPUTACIONAIS DA CIENCIA
11202231273;DB4BCS0001-15SA;BASE EXPERIMENTAL DAS CIENCIAS NATURAIS
11202231116;NA2BIJ0207-15SA;BASES CONCEITUAIS DA ENERGIA
11202231116;NA2BIK0102-15SA;ESTRUTURA DA MATERIA
11202231116;NA2BIL0304-15SA;EVOLUCAO E DIVERSIFICACAO DA VIDA NA TERRA
11202231116;NA2BIS0003-15SA;BASES MATEMATICAS
11202231116;NA5BIS0005-15SA;BASES COMPUTACIONAIS DA CIENCIA
11202231116;NA6BCS0001-15SA;BASE EXPERIMENTAL DAS CIENCIAS NATURAIS
11202230595;NB2BIJ0207-15SA;BASES CONCEITUAIS DA ENERGIA
11202230595;NB2BIK0102-15SA;ESTRUTURA DA MATERIA
11202230595;NB2BIL0304-15SA;EVOLUCAO E DIVERSIFICACAO DA VIDA NA TERRA
11202230595;NB2BIS0003-15SA;BASES MATEMATICAS
11202230595;NB4BIS0005-15SA;BASES COMPUTACIONAIS DA CIENCIA
11202230595;NB5BCS0001-15SA;BASE EXPERIMENTAL DAS CIENCIAS NATURAIS
11202230487;NA1BCS0001-15SB;BASE EXPERIMENTAL DAS CIENCIAS NATURAIS
11202230487;NA1BIJ0207-15SB;BASES CONCEITUAIS DA ENERGIA
11202230487;NA1BIK0102-15SB;ESTRUTURA DA MATERIA
11202230487;NA1BIL0304-15SB;EVOLUCAO E DIVERSIFICACAO DA VIDA NA TERRA
11202230487;NA1BIS0003-15SB;BASES MATEMATICAS
11202230487;NA1BIS0005-15SB;BASES COMPUTACIONAIS DA CIENCIA
11202231258;DC1BCS0001-15SA;BASE EXPERIMENTAL DAS CIENCIAS NATURAIS
11202231258;DC1BIJ0207-15SA;BASES CONCEITUAIS DA ENERGIA
11202231258;DC1BIK0102-15SA;ESTRUTURA DA MATERIA
11202231258;DC1BIL0304-15SA;EVOLUCAO E DIVERSIFICACAO DA VIDA NA TERRA
11202231258;DC1BIS0003-15SA;BASES MATEMATICAS
11202231258;DC1BIS0005-15SA;BASES COMPUTACIONAIS DA CIENCIA
11202230678;DA1BIR0603-15SA;CIENCIA, TECNOLOGIA E SOCIEDADE
11202230678;DA1NHI5001-15SA;DESENVOLVIMENTO E APRENDIZAGEM
11202230678;DA1NHZ2099-16SA;TOPICOS CONTEMPORANEOS EM EDUCACAO E FILOSOFIA
11202230678;DA1NHZ5023-18SA;PRATICAS ESCOLARES EM EDUCACAO ESPECIAL E INCLUSIVA
11202230678;DA3BIJ0207-15SA;BASES CONCEITUAIS DA ENERGIA
11202230678;DA7BIS0005-15SA;BASES COMPUTACIONAIS DA CIENCIA
11202230963;DA2BIJ0207-15SA;BASES CONCEITUAIS DA ENERGIA
11202230963;DA2BIK0102-15SA;ESTRUTURA DA MATERIA
11202230963;DA2BIL0304-15SA;EVOLUCAO E DIVERSIFICACAO DA VIDA NA TERRA
11202230963;DA2BIS0003-15SA;BASES MATEMATICAS
11202230963;DA5BIS0005-15SA;BASES COMPUTACIONAIS DA CIENCIA
11202230963;DA6BCS0001-15SA;BASE EXPERIMENTAL DAS CIENCIAS NATURAIS
11202231634;DC2BIJ0207-15SA;BASES CONCEITUAIS DA ENERGIA
11202231634;DC2BIK0102-15SA;ESTRUTURA DA MATERIA
11202231634;DC2BIL0304-15SA;EVOLUCAO E DIVERSIFICACAO DA VIDA NA TERRA
11202231634;DC2BIS0003-15SA;BASES MATEMATICAS
11202231634;DC3BIS0005-15SA;BASES COMPUTACIONAIS DA CIENCIA
11202231634;DC4BCS0001-15SA;BASE EXPERIMENTAL DAS CIENCIAS NATURAIS
11202231672;DB2BIJ0207-15SA;BASES CONCEITUAIS DA ENERGIA
11202231672;DB2BIK0102-15SA;ESTRUTURA DA MATERIA
11202231672;DB2BIL0304-15SA;EVOLUCAO E DIVERSIFICACAO DA VIDA NA TERRA
11202231672;DB2BIS0003-15SA;BASES MATEMATICAS
11202231672;DB2BIS0005-15SA;BASES COMPUTACIONAIS DA CIENCIA
11202231672;DB3BCS0001-15SA;BASE EXPERIMENTAL DAS CIENCIAS NATURAIS
11202231630;NA2BIJ0207-15SA;BASES CONCEITUAIS DA ENERGIA
11202231630;NA2BIK0102-15SA;ESTRUTURA DA MATERIA
11202231630;NA2BIL0304-15SA;EVOLUCAO E DIVERSIFICACAO DA VIDA NA TERRA
11202231630;NA2BIS0003-15SA;BASES MATEMATICAS
11202231630;NA4BIS0005-15SA;BASES COMPUTACIONAIS DA CIENCIA
11202231630;NA5BCS0001-15SA;BASE EXPERIMENTAL DAS CIENCIAS NATURAIS
11202230506;DC1BIJ0207-15SB;BASES CONCEITUAIS DA ENERGIA
11202230506;DC1BIK0102-15SB;ESTRUTURA DA MATERIA
11202230506;DC1BIL0304-15SB;EVOLUCAO E DIVERSIFICACAO DA VIDA NA TERRA
11202230506;DC1BIS0003-15SB;BASES MATEMATICAS
11202230506;DC2BCS0001-15SB;BASE EXPERIMENTAL DAS CIENCIAS NATURAIS
11202230506;DC3BIS0005-15SB;BASES COMPUTACIONAIS DA CIENCIA
11202212476;NA1BIJ0207-15SB;BASES CONCEITUAIS DA ENERGIA
11202212476;NA1BIK0102-15SB;ESTRUTURA DA MATERIA
11202212476;NA1BIL0304-15SB;EVOLUCAO E DIVERSIFICACAO DA VIDA NA TERRA
11202212476;NA1BIS0003-15SB;BASES MATEMATICAS
11202212476;NA3BCS0001-15SB;BASE EXPERIMENTAL DAS CIENCIAS NATURAIS
11202212476;NA3BIS0005-15SB;BASES COMPUTACIONAIS DA CIENCIA
11202230392;NB1BIJ0207-15SA;BASES CONCEITUAIS DA ENERGIA
11202230392;NB1BIK0102-15SA;ESTRUTURA DA MATERIA
11202230392;NB1BIL0304-15SA;EVOLUCAO E DIVERSIFICACAO DA VIDA NA TERRA
11202230392;NB1BIS0003-15SA;BASES MATEMATICAS
11202230392;NB2BCS0001-15SA;BASE EXPERIMENTAL DAS CIENCIAS NATURAIS
11202230392;NB2BIS0005-15SA;BASES COMPUTACIONAIS DA CIENCIA
11202232178;NA1BCS0001-15SB;BASE EXPERIMENTAL DAS CIENCIAS NATURAIS
11202232178;NA1BIJ0207-15SB;BASES CONCEITUAIS DA ENERGIA
11202232178;NA1BIK0102-15SB;ESTRUTURA DA MATERIA
11202232178;NA1BIL0304-15SB;EVOLUCAO E DIVERSIFICACAO DA VIDA NA TERRA
11202232178;NA1BIS0003-15SB;BASES MATEMATICAS
11202232178;NA1BIS0005-15SB;BASES COMPUTACIONAIS DA CIENCIA
11202231325;NC1BIJ0207-15SA;BASES CONCEITUAIS DA ENERGIA
11202231325;NC1BIK0102-15SA;ESTRUTURA DA MATERIA
11202231325;NC1BIL0304-15SA;EVOLUCAO E DIVERSIFICACAO DA VIDA NA TERRA
11202231325;NC1BIS0003-15SA;BASES MATEMATICAS
11202231325;NC3BCS0001-15SA;BASE EXPERIMENTAL DAS CIENCIAS NATURAIS
11202231325;NC3BIS0005-15SA;BASES COMPUTACIONAIS DA CIENCIA
11202230225;DC2BIJ0207-15SA;BASES CONCEITUAIS DA ENERGIA
11202230225;DC2BIK0102-15SA;ESTRUTURA DA MATERIA
11202230225;DC2BIL0304-15SA;EVOLUCAO E DIVERSIFICACAO DA VIDA NA TERRA
11202230225;DC2BIS0003-15SA;BASES MATEMATICAS
11202230225;DC3BIS0005-15SA;BASES COMPUTACIONAIS DA CIENCIA
11202230225;DC4BCS0001-15SA;BASE EXPERIMENTAL DAS CIENCIAS NATURAIS
11202231070;NA2BIJ0207-15SA;BASES CONCEITUAIS DA ENERGIA
11202231070;NA2BIK0102-15SA;ESTRUTURA DA MATERIA
11202231070;NA2BIL0304-15SA;EVOLUCAO E DIVERSIFICACAO DA VIDA NA TERRA
11202231070;NA2BIS0003-15SA;BASES MATEMATICAS
11202231070;NA4BIS0005-15SA;BASES COMPUTACIONAIS DA CIENCIA
11202231070;NA5BCS0001-15SA;BASE EXPERIMENTAL DAS CIENCIAS NATURAIS
11202230715;NA2BIJ0207-15SA;BASES CONCEITUAIS DA ENERGIA
11202230715;NA2BIK0102-15SA;ESTRUTURA DA MATERIA
11202230715;NA2BIL0304-15SA;EVOLUCAO E DIVERSIFICACAO DA VIDA NA TERRA
11202230715;NA2BIS0003-15SA;BASES MATEMATICAS
11202230715;NA3BIS0005-15SA;BASES COMPUTACIONAIS DA CIENCIA
11202230715;NA4BCS0001-15SA;BASE EXPERIMENTAL DAS CIENCIAS NATURAIS
11202232021;DB1BCS0001-15SA;BASE EXPERIMENTAL DAS CIENCIAS NATURAIS
11202232021;DB1BIS0005-15SA;BASES COMPUTACIONAIS DA CIENCIA
11202232021;DB2BIJ0207-15SA;BASES CONCEITUAIS DA ENERGIA
11202232021;DB2BIK0102-15SA;ESTRUTURA DA MATERIA
11202232021;DB2BIL0304-15SA;EVOLUCAO E DIVERSIFICACAO DA VIDA NA TERRA
11202232021;DB2BIS0003-15SA;BASES MATEMATICAS
11202231580;DB1BIJ0207-15SA;BASES CONCEITUAIS DA ENERGIA
11202231580;DB1BIK0102-15SA;ESTRUTURA DA MATERIA
11202231580;DB1BIL0304-15SA;EVOLUCAO E DIVERSIFICACAO DA VIDA NA TERRA
11202231580;DB1BIS0003-15SA;BASES MATEMATICAS
11202231580;DB4BIS0005-15SA;BASES COMPUTACIONAIS DA CIENCIA
11202231580;DB5BCS0001-15SA;BASE EXPERIMENTAL DAS CIENCIAS NATURAIS
11202232129;NA1BHO0001-19SB;INTRODUCAO AS HUMANIDADES E AS CIENCIAS SOCIAIS
11202232129;NA1BHP0202-19SB;TEMAS E PROBLEMAS EM FILOSOFIA
11202232129;NA1BHQ0001-15SB;IDENTIDADE E CULTURA
11202232129;NA1BHQ0003-15SB;INTERPRETACOES DO BRASIL
11202232129;NA2BIQ0602-15SB;ESTRUTURA E DINAMICA SOCIAL
11202232129;NA4BIS0005-15SB;BASES COMPUTACIONAIS DA CIENCIA
11202230288;DB1BIJ0207-15SA;BASES CONCEITUAIS DA ENERGIA
11202230288;DB1BIK0102-15SA;ESTRUTURA DA MATERIA
11202230288;DB1BIL0304-15SA;EVOLUCAO E DIVERSIFICACAO DA VIDA NA TERRA
11202230288;DB1BIS0003-15SA;BASES MATEMATICAS
11202230288;DB5BIS0005-15SA;BASES COMPUTACIONAIS DA CIENCIA
11202230288;DB6BCS0001-15SA;BASE EXPERIMENTAL DAS CIENCIAS NATURAIS
11202230814;NC2BIJ0207-15SA;BASES CONCEITUAIS DA ENERGIA
11202230814;NC2BIK0102-15SA;ESTRUTURA DA MATERIA
11202230814;NC2BIL0304-15SA;EVOLUCAO E DIVERSIFICACAO DA VIDA NA TERRA
11202230814;NC2BIS0003-15SA;BASES MATEMATICAS
11202230814;NC6BCS0001-15SA;BASE EXPERIMENTAL DAS CIENCIAS NATURAIS
11202230814;NC6BIS0005-15SA;BASES COMPUTACIONAIS DA CIENCIA
11202230867;DB1BIJ0207-15SA;BASES CONCEITUAIS DA ENERGIA
11202230867;DB1BIK0102-15SA;ESTRUTURA DA MATERIA
11202230867;DB1BIL0304-15SA;EVOLUCAO E DIVERSIFICACAO DA VIDA NA TERRA
11202230867;DB1BIS0003-15SA;BASES MATEMATICAS
11202230867;DB3BIS0005-15SA;BASES COMPUTACIONAIS DA CIENCIA
11202230867;DB4BCS0001-15SA;BASE EXPERIMENTAL DAS CIENCIAS NATURAIS
11202230711;DA1BIR0603-15SA;CIENCIA, TECNOLOGIA E SOCIEDADE
11202230711;DA1NHI5001-15SA;DESENVOLVIMENTO E APRENDIZAGEM
11202230711;DA1NHZ2099-16SA;TOPICOS CONTEMPORANEOS EM EDUCACAO E FILOSOFIA
11202230711;DA1NHZ5023-18SA;PRATICAS ESCOLARES EM EDUCACAO ESPECIAL E INCLUSIVA
11202230711;DA3BIJ0207-15SA;BASES CONCEITUAIS DA ENERGIA
11202230711;DA7BIS0005-15SA;BASES COMPUTACIONAIS DA CIENCIA
11202231575;DA1BIJ0207-15SA;BASES CONCEITUAIS DA ENERGIA
11202231575;DA1BIK0102-15SA;ESTRUTURA DA MATERIA
11202231575;DA1BIL0304-15SA;EVOLUCAO E DIVERSIFICACAO DA VIDA NA TERRA
11202231575;DA1BIS0003-15SA;BASES MATEMATICAS
11202231575;DA4BCS0001-15SA;BASE EXPERIMENTAL DAS CIENCIAS NATURAIS
11202231575;DA4BIS0005-15SA;BASES COMPUTACIONAIS DA CIENCIA
11202231520;NA1BHO0001-19SB;INTRODUCAO AS HUMANIDADES E AS CIENCIAS SOCIAIS
11202231520;NA1BHP0202-19SB;TEMAS E PROBLEMAS EM FILOSOFIA
11202231520;NA1BHQ0001-15SB;IDENTIDADE E CULTURA
11202231520;NA1BHQ0003-15SB;INTERPRETACOES DO BRASIL
11202231520;NA2BIQ0602-15SB;ESTRUTURA E DINAMICA SOCIAL
11202231520;NA4BIS0005-15SB;BASES COMPUTACIONAIS DA CIENCIA
11202231562;NA1BIJ0207-15SB;BASES CONCEITUAIS DA ENERGIA
11202231562;NA1BIK0102-15SB;ESTRUTURA DA MATERIA
11202231562;NA1BIL0304-15SB;EVOLUCAO E DIVERSIFICACAO DA VIDA NA TERRA
11202231562;NA1BIS0003-15SB;BASES MATEMATICAS
11202231562;NA2BCS0001-15SB;BASE EXPERIMENTAL DAS CIENCIAS NATURAIS
11202231562;NA2BIS0005-15SB;BASES COMPUTACIONAIS DA CIENCIA
11202231788;DA1BCS0001-15SA;BASE EXPERIMENTAL DAS CIENCIAS NATURAIS
11202231788;DA1BIJ0207-15SA;BASES CONCEITUAIS DA ENERGIA
11202231788;DA1BIK0102-15SA;ESTRUTURA DA MATERIA
11202231788;DA1BIL0304-15SA;EVOLUCAO E DIVERSIFICACAO DA VIDA NA TERRA
11202231788;DA1BIS0003-15SA;BASES MATEMATICAS
11202231788;DA1BIS0005-15SA;BASES COMPUTACIONAIS DA CIENCIA
11202230230;DC1BIJ0207-15SA;BASES CONCEITUAIS DA ENERGIA
11202230230;DC1BIK0102-15SA;ESTRUTURA DA MATERIA
11202230230;DC1BIL0304-15SA;EVOLUCAO E DIVERSIFICACAO DA VIDA NA TERRA
11202230230;DC1BIS0003-15SA;BASES MATEMATICAS
11202230230;DC2BIS0005-15SA;BASES COMPUTACIONAIS DA CIENCIA
11202230230;DC3BCS0001-15SA;BASE EXPERIMENTAL DAS CIENCIAS NATURAIS
11202230987;NA1BHO0001-19SB;INTRODUCAO AS HUMANIDADES E AS CIENCIAS SOCIAIS
11202230987;NA1BHP0202-19SB;TEMAS E PROBLEMAS EM FILOSOFIA
11202230987;NA1BHQ0001-15SB;IDENTIDADE E CULTURA
11202230987;NA1BHQ0003-15SB;INTERPRETACOES DO BRASIL
11202230987;NA2BIQ0602-15SB;ESTRUTURA E DINAMICA SOCIAL
11202230987;NA4BIS0005-15SB;BASES COMPUTACIONAIS DA CIENCIA
11202232118;DA1BHO0001-19SB;INTRODUCAO AS HUMANIDADES E AS CIENCIAS SOCIAIS
11202232118;DA1BHP0202-19SB;TEMAS E PROBLEMAS EM FILOSOFIA
11202232118;DA1BHQ0001-15SB;IDENTIDADE E CULTURA
11202232118;DA1BHQ0003-15SB;INTERPRETACOES DO BRASIL
11202232118;DA2BIQ0602-15SB;ESTRUTURA E DINAMICA SOCIAL
11202232118;DA4BIS0005-15SB;BASES COMPUTACIONAIS DA CIENCIA
11202212395;NA1BIJ0207-15SB;BASES CONCEITUAIS DA ENERGIA
11202212395;NA1BIK0102-15SB;ESTRUTURA DA MATERIA
11202212395;NA1BIL0304-15SB;EVOLUCAO E DIVERSIFICACAO DA VIDA NA TERRA
11202212395;NA1BIS0003-15SB;BASES MATEMATICAS
11202212395;NA2BCS0001-15SB;BASE EXPERIMENTAL DAS CIENCIAS NATURAIS
11202212395;NA2BIS0005-15SB;BASES COMPUTACIONAIS DA CIENCIA
11202212479;DB1BCS0001-15SB;BASE EXPERIMENTAL DAS CIENCIAS NATURAIS
11202212479;DB1BIJ0207-15SB;BASES CONCEITUAIS DA ENERGIA
11202212479;DB1BIK0102-15SB;ESTRUTURA DA MATERIA
11202212479;DB1BIL0304-15SB;EVOLUCAO E DIVERSIFICACAO DA VIDA NA TERRA
11202212479;DB1BIS0003-15SB;BASES MATEMATICAS
11202212479;DB1BIS0005-15SB;BASES COMPUTACIONAIS DA CIENCIA
11202212464;NA1BIJ0207-15SA;BASES CONCEITUAIS DA ENERGIA
11202212464;NA1BIK0102-15SA;ESTRUTURA DA MATERIA
11202212464;NA1BIL0304-15SA;EVOLUCAO E DIVERSIFICACAO DA VIDA NA TERRA
11202212464;NA1BIS0003-15SA;BASES MATEMATICAS
11202212464;NA2BIS0005-15SA;BASES COMPUTACIONAIS DA CIENCIA
11202212464;NA3BCS0001-15SA;BASE EXPERIMENTAL DAS CIENCIAS NATURAIS
11202231660;NA1BIJ0207-15SB;BASES CONCEITUAIS DA ENERGIA
11202231660;NA1BIK0102-15SB;ESTRUTURA DA MATERIA
11202231660;NA1BIL0304-15SB;EVOLUCAO E DIVERSIFICACAO DA VIDA NA TERRA
11202231660;NA1BIS0003-15SB;BASES MATEMATICAS
11202231660;NA2BCS0001-15SB;BASE EXPERIMENTAL DAS CIENCIAS NATURAIS
11202231660;NA2BIS0005-15SB;BASES COMPUTACIONAIS DA CIENCIA
11202230765;DB1BIS0005-15SA;BASES COMPUTACIONAIS DA CIENCIA
11202230765;DB2BCS0001-15SA;BASE EXPERIMENTAL DAS CIENCIAS NATURAIS
11202230765;DB2BIJ0207-15SA;BASES CONCEITUAIS DA ENERGIA
11202230765;DB2BIK0102-15SA;ESTRUTURA DA MATERIA
11202230765;DB2BIL0304-15SA;EVOLUCAO E DIVERSIFICACAO DA VIDA NA TERRA
11202230765;DB2BIS0003-15SA;BASES MATEMATICAS
11202230959;NA1BIJ0207-15SB;BASES CONCEITUAIS DA ENERGIA
11202230959;NA1BIK0102-15SB;ESTRUTURA DA MATERIA
11202230959;NA1BIL0304-15SB;EVOLUCAO E DIVERSIFICACAO DA VIDA NA TERRA
11202230959;NA1BIS0003-15SB;BASES MATEMATICAS
11202230959;NA2BCS0001-15SB;BASE EXPERIMENTAL DAS CIENCIAS NATURAIS
11202230959;NA2BIS0005-15SB;BASES COMPUTACIONAIS DA CIENCIA
11202230673;DA2BCS0001-15SA;BASE EXPERIMENTAL DAS CIENCIAS NATURAIS
11202230673;DA2BIJ0207-15SA;BASES CONCEITUAIS DA ENERGIA
11202230673;DA2BIK0102-15SA;ESTRUTURA DA MATERIA
11202230673;DA2BIL0304-15SA;EVOLUCAO E DIVERSIFICACAO DA VIDA NA TERRA
11202230673;DA2BIS0003-15SA;BASES MATEMATICAS
11202230673;DA2BIS0005-15SA;BASES COMPUTACIONAIS DA CIENCIA
11202231682;NA2BIJ0207-15SA;BASES CONCEITUAIS DA ENERGIA
11202231682;NA2BIK0102-15SA;ESTRUTURA DA MATERIA
11202231682;NA2BIL0304-15SA;EVOLUCAO E DIVERSIFICACAO DA VIDA NA TERRA
11202231682;NA2BIS0003-15SA;BASES MATEMATICAS
11202231682;NA3BIS0005-15SA;BASES COMPUTACIONAIS DA CIENCIA
11202231682;NA4BCS0001-15SA;BASE EXPERIMENTAL DAS CIENCIAS NATURAIS
11202230705;NC1BCS0001-15SB;BASE EXPERIMENTAL DAS CIENCIAS NATURAIS
11202230705;NC1BIJ0207-15SB;BASES CONCEITUAIS DA ENERGIA
11202230705;NC1BIK0102-15SB;ESTRUTURA DA MATERIA
11202230705;NC1BIL0304-15SB;EVOLUCAO E DIVERSIFICACAO DA VIDA NA TERRA
11202230705;NC1BIS0003-15SB;BASES MATEMATICAS
11202230705;NC1BIS0005-15SB;BASES COMPUTACIONAIS DA CIENCIA
11202231157;DA1BIR0603-15SA;CIENCIA, TECNOLOGIA E SOCIEDADE
11202231157;DA1NHI5001-15SA;DESENVOLVIMENTO E APRENDIZAGEM
11202231157;DA1NHZ2099-16SA;TOPICOS CONTEMPORANEOS EM EDUCACAO E FILOSOFIA
11202231157;DA1NHZ5023-18SA;PRATICAS ESCOLARES EM EDUCACAO ESPECIAL E INCLUSIVA
11202231157;DA3BIJ0207-15SA;BASES CONCEITUAIS DA ENERGIA
11202231157;DA7BIS0005-15SA;BASES COMPUTACIONAIS DA CIENCIA
11202231200;DA1BIR0603-15SB;CIENCIA, TECNOLOGIA E SOCIEDADE
11202231200;DA1NHI5001-15SB;DESENVOLVIMENTO E APRENDIZAGEM
11202231200;DA1NHZ2099-16SB;TOPICOS CONTEMPORANEOS EM EDUCACAO E FILOSOFIA
11202231200;DA1NHZ5023-18SB;PRATICAS ESCOLARES EM EDUCACAO ESPECIAL E INCLUSIVA
11202231200;DA7BIS0005-15SB;BASES COMPUTACIONAIS DA CIENCIA
11202231200;DC1BIJ0207-15SB;BASES CONCEITUAIS DA ENERGIA
11202230525;DC1BIJ0207-15SA;BASES CONCEITUAIS DA ENERGIA
11202230525;DC1BIK0102-15SA;ESTRUTURA DA MATERIA
11202230525;DC1BIL0304-15SA;EVOLUCAO E DIVERSIFICACAO DA VIDA NA TERRA
11202230525;DC1BIS0003-15SA;BASES MATEMATICAS
11202230525;DC2BCS0001-15SA;BASE EXPERIMENTAL DAS CIENCIAS NATURAIS
11202230525;DC2BIS0005-15SA;BASES COMPUTACIONAIS DA CIENCIA
11202231152;DB1BIS0005-15SA;BASES COMPUTACIONAIS DA CIENCIA
11202231152;DB2BCS0001-15SA;BASE EXPERIMENTAL DAS CIENCIAS NATURAIS
11202231152;DB2BIJ0207-15SA;BASES CONCEITUAIS DA ENERGIA
11202231152;DB2BIK0102-15SA;ESTRUTURA DA MATERIA
11202231152;DB2BIL0304-15SA;EVOLUCAO E DIVERSIFICACAO DA VIDA NA TERRA
11202231152;DB2BIS0003-15SA;BASES MATEMATICAS
11202230409;NB2BIJ0207-15SA;BASES CONCEITUAIS DA ENERGIA
11202230409;NB2BIK0102-15SA;ESTRUTURA DA MATERIA
11202230409;NB2BIL0304-15SA;EVOLUCAO E DIVERSIFICACAO DA VIDA NA TERRA
11202230409;NB2BIS0003-15SA;BASES MATEMATICAS
11202230409;NB3BIS0005-15SA;BASES COMPUTACIONAIS DA CIENCIA
11202230409;NB4BCS0001-15SA;BASE EXPERIMENTAL DAS CIENCIAS NATURAIS
11202231384;NB1BIJ0207-15SB;BASES CONCEITUAIS DA ENERGIA
11202231384;NB1BIK0102-15SB;ESTRUTURA DA MATERIA
11202231384;NB1BIL0304-15SB;EVOLUCAO E DIVERSIFICACAO DA VIDA NA TERRA
11202231384;NB1BIS0003-15SB;BASES MATEMATICAS
11202231384;NB2BCS0001-15SB;BASE EXPERIMENTAL DAS CIENCIAS NATURAIS
11202231384;NB2BIS0005-15SB;BASES COMPUTACIONAIS DA CIENCIA
11202232352;DA1BIR0603-15SA;CIENCIA, TECNOLOGIA E SOCIEDADE
11202232352;DA1NHI5001-15SA;DESENVOLVIMENTO E APRENDIZAGEM
11202232352;DA1NHZ2099-16SA;TOPICOS CONTEMPORANEOS EM EDUCACAO E FILOSOFIA
11202232352;DA1NHZ5023-18SA;PRATICAS ESCOLARES EM EDUCACAO ESPECIAL E INCLUSIVA
11202232352;DA3BIJ0207-15SA;BASES CONCEITUAIS DA ENERGIA
11202232352;DA7BIS0005-15SA;BASES COMPUTACIONAIS DA CIENCIA
11202231840;NB2BIJ0207-15SA;BASES CONCEITUAIS DA ENERGIA
11202231840;NB2BIK0102-15SA;ESTRUTURA DA MATERIA
11202231840;NB2BIL0304-15SA;EVOLUCAO E DIVERSIFICACAO DA VIDA NA TERRA
11202231840;NB2BIS0003-15SA;BASES MATEMATICAS
11202231840;NB5BIS0005-15SA;BASES COMPUTACIONAIS DA CIENCIA
11202231840;NB6BCS0001-15SA;BASE EXPERIMENTAL DAS CIENCIAS NATURAIS
11202231482;NA2BIJ0207-15SA;BASES CONCEITUAIS DA ENERGIA
11202231482;NA2BIK0102-15SA;ESTRUTURA DA MATERIA
11202231482;NA2BIL0304-15SA;EVOLUCAO E DIVERSIFICACAO DA VIDA NA TERRA
11202231482;NA2BIS0003-15SA;BASES MATEMATICAS
11202231482;NA3BIS0005-15SA;BASES COMPUTACIONAIS DA CIENCIA
11202231482;NA4BCS0001-15SA;BASE EXPERIMENTAL DAS CIENCIAS NATURAIS
11202230275;NA1BIJ0207-15SB;BASES CONCEITUAIS DA ENERGIA
11202230275;NA1BIK0102-15SB;ESTRUTURA DA MATERIA
11202230275;NA1BIL0304-15SB;EVOLUCAO E DIVERSIFICACAO DA VIDA NA TERRA
11202230275;NA1BIS0003-15SB;BASES MATEMATICAS
11202230275;NA3BCS0001-15SB;BASE EXPERIMENTAL DAS CIENCIAS NATURAIS
11202230275;NA3BIS0005-15SB;BASES COMPUTACIONAIS DA CIENCIA
11202231866;DA1BHO0001-19SB;INTRODUCAO AS HUMANIDADES E AS CIENCIAS SOCIAIS
11202231866;DA1BHP0202-19SB;TEMAS E PROBLEMAS EM FILOSOFIA
11202231866;DA1BHQ0001-15SB;IDENTIDADE E CULTURA
11202231866;DA1BHQ0003-15SB;INTERPRETACOES DO BRASIL
11202231866;DA2BIQ0602-15SB;ESTRUTURA E DINAMICA SOCIAL
11202231866;DA5BIS0005-15SB;BASES COMPUTACIONAIS DA CIENCIA
11202230467;NA1BIJ0207-15SB;BASES CONCEITUAIS DA ENERGIA
11202230467;NA1BIK0102-15SB;ESTRUTURA DA MATERIA
11202230467;NA1BIL0304-15SB;EVOLUCAO E DIVERSIFICACAO DA VIDA NA TERRA
11202230467;NA1BIS0003-15SB;BASES MATEMATICAS
11202230467;NA3BCS0001-15SB;BASE EXPERIMENTAL DAS CIENCIAS NATURAIS
11202230467;NA3BIS0005-15SB;BASES COMPUTACIONAIS DA CIENCIA
11202232149;NB1BIJ0207-15SA;BASES CONCEITUAIS DA ENERGIA
11202232149;NB1BIK0102-15SA;ESTRUTURA DA MATERIA
11202232149;NB1BIL0304-15SA;EVOLUCAO E DIVERSIFICACAO DA VIDA NA TERRA
11202232149;NB1BIS0003-15SA;BASES MATEMATICAS
11202232149;NB2BCS0001-15SA;BASE EXPERIMENTAL DAS CIENCIAS NATURAIS
11202232149;NB2BIS0005-15SA;BASES COMPUTACIONAIS DA CIENCIA
11202212491;DC6BCS0001-15SA;BASE EXPERIMENTAL DAS CIENCIAS NATURAIS
11202212491;DC4BIS0005-15SA;BASES COMPUTACIONAIS DA CIENCIA
11202212491;DC2BIJ0207-15SA;BASES CONCEITUAIS DA ENERGIA
11202212491;DC2BIS0003-15SA;BASES MATEMATICAS
11202212491;DC2BIK0102-15SA;ESTRUTURA DA MATERIA
11202212491;DC2BIL0304-15SA;EVOLUCAO E DIVERSIFICACAO DA VIDA NA TERRA
11202232153;NB1BCS0001-15SB;BASE EXPERIMENTAL DAS CIENCIAS NATURAIS
11202232153;NB1BIJ0207-15SB;BASES CONCEITUAIS DA ENERGIA
11202232153;NB1BIK0102-15SB;ESTRUTURA DA MATERIA
11202232153;NB1BIL0304-15SB;EVOLUCAO E DIVERSIFICACAO DA VIDA NA TERRA
11202232153;NB1BIS0003-15SB;BASES MATEMATICAS
11202232153;NB1BIS0005-15SB;BASES COMPUTACIONAIS DA CIENCIA
11202230519;NC2BIJ0207-15SA;BASES CONCEITUAIS DA ENERGIA
11202230519;NC2BIK0102-15SA;ESTRUTURA DA MATERIA
11202230519;NC2BIL0304-15SA;EVOLUCAO E DIVERSIFICACAO DA VIDA NA TERRA
11202230519;NC2BIS0003-15SA;BASES MATEMATICAS
11202230519;NC4BCS0001-15SA;BASE EXPERIMENTAL DAS CIENCIAS NATURAIS
11202230519;NC4BIS0005-15SA;BASES COMPUTACIONAIS DA CIENCIA
11202232138;DB1BIJ0207-15SB;BASES CONCEITUAIS DA ENERGIA
11202232138;DB1BIK0102-15SB;ESTRUTURA DA MATERIA
11202232138;DB1BIL0304-15SB;EVOLUCAO E DIVERSIFICACAO DA VIDA NA TERRA
11202232138;DB1BIS0003-15SB;BASES MATEMATICAS
11202232138;DB3BCS0001-15SB;BASE EXPERIMENTAL DAS CIENCIAS NATURAIS
11202232138;DB3BIS0005-15SB;BASES COMPUTACIONAIS DA CIENCIA
11202231862;NA1BIR0603-15SA;CIENCIA, TECNOLOGIA E SOCIEDADE
11202231862;NA1NHI5001-15SA;DESENVOLVIMENTO E APRENDIZAGEM
11202231862;NA1NHZ2099-16SA;TOPICOS CONTEMPORANEOS EM EDUCACAO E FILOSOFIA
11202231862;NA1NHZ5023-18SA;PRATICAS ESCOLARES EM EDUCACAO ESPECIAL E INCLUSIVA
11202231862;NA3BIJ0207-15SA;BASES CONCEITUAIS DA ENERGIA
11202231862;NA7BIS0005-15SA;BASES COMPUTACIONAIS DA CIENCIA
11202212478;NA2BIJ0207-15SA;BASES CONCEITUAIS DA ENERGIA
11202212478;NA2BIK0102-15SA;ESTRUTURA DA MATERIA
11202212478;NA2BIL0304-15SA;EVOLUCAO E DIVERSIFICACAO DA VIDA NA TERRA
11202212478;NA2BIS0003-15SA;BASES MATEMATICAS
11202212478;NA3BIS0005-15SA;BASES COMPUTACIONAIS DA CIENCIA
11202212478;NA4BCS0001-15SA;BASE EXPERIMENTAL DAS CIENCIAS NATURAIS
11202230946;DC1BIJ0207-15SA;BASES CONCEITUAIS DA ENERGIA
11202230946;DC1BIK0102-15SA;ESTRUTURA DA MATERIA
11202230946;DC1BIL0304-15SA;EVOLUCAO E DIVERSIFICACAO DA VIDA NA TERRA
11202230946;DC1BIS0003-15SA;BASES MATEMATICAS
11202230946;DC1BIS0005-15SA;BASES COMPUTACIONAIS DA CIENCIA
11202230946;DC2BCS0001-15SA;BASE EXPERIMENTAL DAS CIENCIAS NATURAIS
11202231631;NA1BIR0603-15SA;CIENCIA, TECNOLOGIA E SOCIEDADE
11202231631;NA1NHI5001-15SA;DESENVOLVIMENTO E APRENDIZAGEM
11202231631;NA1NHZ2099-16SA;TOPICOS CONTEMPORANEOS EM EDUCACAO E FILOSOFIA
11202231631;NA1NHZ5023-18SA;PRATICAS ESCOLARES EM EDUCACAO ESPECIAL E INCLUSIVA
11202231631;NA3BIJ0207-15SA;BASES CONCEITUAIS DA ENERGIA
11202231631;NA7BIS0005-15SA;BASES COMPUTACIONAIS DA CIENCIA
11202231540;NA2BIJ0207-15SA;BASES CONCEITUAIS DA ENERGIA
11202231540;NA2BIK0102-15SA;ESTRUTURA DA MATERIA
11202231540;NA2BIL0304-15SA;EVOLUCAO E DIVERSIFICACAO DA VIDA NA TERRA
11202231540;NA2BIS0003-15SA;BASES MATEMATICAS
11202231540;NA5BIS0005-15SA;BASES COMPUTACIONAIS DA CIENCIA
11202231540;NA6BCS0001-15SA;BASE EXPERIMENTAL DAS CIENCIAS NATURAIS
11202230909;NA1BHO0001-19SB;INTRODUCAO AS HUMANIDADES E AS CIENCIAS SOCIAIS
11202230909;NA1BHP0202-19SB;TEMAS E PROBLEMAS EM FILOSOFIA
11202230909;NA1BHQ0001-15SB;IDENTIDADE E CULTURA
11202230909;NA1BHQ0003-15SB;INTERPRETACOES DO BRASIL
11202230909;NA2BIQ0602-15SB;ESTRUTURA E DINAMICA SOCIAL
11202230909;NA4BIS0005-15SB;BASES COMPUTACIONAIS DA CIENCIA
11202231746;NB1BIJ0207-15SB;BASES CONCEITUAIS DA ENERGIA
11202231746;NB1BIK0102-15SB;ESTRUTURA DA MATERIA
11202231746;NB1BIL0304-15SB;EVOLUCAO E DIVERSIFICACAO DA VIDA NA TERRA
11202231746;NB1BIS0003-15SB;BASES MATEMATICAS
11202231746;NB3BCS0001-15SB;BASE EXPERIMENTAL DAS CIENCIAS NATURAIS
11202231746;NB3BIS0005-15SB;BASES COMPUTACIONAIS DA CIENCIA
11202230771;DA1BIJ0207-15SB;BASES CONCEITUAIS DA ENERGIA
11202230771;DA1BIK0102-15SB;ESTRUTURA DA MATERIA
11202230771;DA1BIL0304-15SB;EVOLUCAO E DIVERSIFICACAO DA VIDA NA TERRA
11202230771;DA1BIS0003-15SB;BASES MATEMATICAS
11202230771;DA3BCS0001-15SB;BASE EXPERIMENTAL DAS CIENCIAS NATURAIS
11202230771;DA3BIS0005-15SB;BASES COMPUTACIONAIS DA CIENCIA
11202230251;NA1BIR0603-15SA;CIENCIA, TECNOLOGIA E SOCIEDADE
11202230251;NA1NHI5001-15SA;DESENVOLVIMENTO E APRENDIZAGEM
11202230251;NA1NHZ2099-16SA;TOPICOS CONTEMPORANEOS EM EDUCACAO E FILOSOFIA
11202230251;NA1NHZ5023-18SA;PRATICAS ESCOLARES EM EDUCACAO ESPECIAL E INCLUSIVA
11202230251;NA3BIJ0207-15SA;BASES CONCEITUAIS DA ENERGIA
11202230251;NA7BIS0005-15SA;BASES COMPUTACIONAIS DA CIENCIA
11202231970;DA1BIJ0207-15SB;BASES CONCEITUAIS DA ENERGIA
11202231970;DA1BIK0102-15SB;ESTRUTURA DA MATERIA
11202231970;DA1BIL0304-15SB;EVOLUCAO E DIVERSIFICACAO DA VIDA NA TERRA
11202231970;DA1BIS0003-15SB;BASES MATEMATICAS
11202231970;DA2BCS0001-15SB;BASE EXPERIMENTAL DAS CIENCIAS NATURAIS
11202231970;DA2BIS0005-15SB;BASES COMPUTACIONAIS DA CIENCIA
11202212457;DB1BCS0001-15SB;BASE EXPERIMENTAL DAS CIENCIAS NATURAIS
11202212457;DB1BIJ0207-15SB;BASES CONCEITUAIS DA ENERGIA
11202212457;DB1BIK0102-15SB;ESTRUTURA DA MATERIA
11202212457;DB1BIL0304-15SB;EVOLUCAO E DIVERSIFICACAO DA VIDA NA TERRA
11202212457;DB1BIS0003-15SB;BASES MATEMATICAS
11202212457;DB1BIS0005-15SB;BASES COMPUTACIONAIS DA CIENCIA
11202231762;DB1BCS0001-15SB;BASE EXPERIMENTAL DAS CIENCIAS NATURAIS
11202231762;DB1BIJ0207-15SB;BASES CONCEITUAIS DA ENERGIA
11202231762;DB1BIK0102-15SB;ESTRUTURA DA MATERIA
11202231762;DB1BIL0304-15SB;EVOLUCAO E DIVERSIFICACAO DA VIDA NA TERRA
11202231762;DB1BIS0003-15SB;BASES MATEMATICAS
11202231762;DB1BIS0005-15SB;BASES COMPUTACIONAIS DA CIENCIA
11202231463;NA1BHO0001-19SB;INTRODUCAO AS HUMANIDADES E AS CIENCIAS SOCIAIS
11202231463;NA1BHP0202-19SB;TEMAS E PROBLEMAS EM FILOSOFIA
11202231463;NA1BHQ0001-15SB;IDENTIDADE E CULTURA
11202231463;NA1BHQ0003-15SB;INTERPRETACOES DO BRASIL
11202231463;NA2BIQ0602-15SB;ESTRUTURA E DINAMICA SOCIAL
11202231463;NA4BIS0005-15SB;BASES COMPUTACIONAIS DA CIENCIA
11202231332;DA2BCS0001-15SA;BASE EXPERIMENTAL DAS CIENCIAS NATURAIS
11202231332;DA2BIJ0207-15SA;BASES CONCEITUAIS DA ENERGIA
11202231332;DA2BIK0102-15SA;ESTRUTURA DA MATERIA
11202231332;DA2BIL0304-15SA;EVOLUCAO E DIVERSIFICACAO DA VIDA NA TERRA
11202231332;DA2BIS0003-15SA;BASES MATEMATICAS
11202231332;DA2BIS0005-15SA;BASES COMPUTACIONAIS DA CIENCIA
11202230509;NA1BIJ0207-15SA;BASES CONCEITUAIS DA ENERGIA
11202230509;NA1BIK0102-15SA;ESTRUTURA DA MATERIA
11202230509;NA1BIL0304-15SA;EVOLUCAO E DIVERSIFICACAO DA VIDA NA TERRA
11202230509;NA1BIS0003-15SA;BASES MATEMATICAS
11202230509;NA2BIS0005-15SA;BASES COMPUTACIONAIS DA CIENCIA
11202230509;NA3BCS0001-15SA;BASE EXPERIMENTAL DAS CIENCIAS NATURAIS
11202230581;DA2BIJ0207-15SA;BASES CONCEITUAIS DA ENERGIA
11202230581;DA2BIK0102-15SA;ESTRUTURA DA MATERIA
11202230581;DA2BIL0304-15SA;EVOLUCAO E DIVERSIFICACAO DA VIDA NA TERRA
11202230581;DA2BIS0003-15SA;BASES MATEMATICAS
11202230581;DA5BIS0005-15SA;BASES COMPUTACIONAIS DA CIENCIA
11202230581;DA6BCS0001-15SA;BASE EXPERIMENTAL DAS CIENCIAS NATURAIS
11202230290;NA1BIJ0207-15SA;BASES CONCEITUAIS DA ENERGIA
11202230290;NA1BIK0102-15SA;ESTRUTURA DA MATERIA
11202230290;NA1BIL0304-15SA;EVOLUCAO E DIVERSIFICACAO DA VIDA NA TERRA
11202230290;NA1BIS0003-15SA;BASES MATEMATICAS
11202230290;NA2BCS0001-15SA;BASE EXPERIMENTAL DAS CIENCIAS NATURAIS
11202230290;NA2BIS0005-15SA;BASES COMPUTACIONAIS DA CIENCIA
11202230445;NA1BIJ0207-15SA;BASES CONCEITUAIS DA ENERGIA
11202230445;NA1BIK0102-15SA;ESTRUTURA DA MATERIA
11202230445;NA1BIL0304-15SA;EVOLUCAO E DIVERSIFICACAO DA VIDA NA TERRA
11202230445;NA1BIS0003-15SA;BASES MATEMATICAS
11202230445;NA2BIS0005-15SA;BASES COMPUTACIONAIS DA CIENCIA
11202230445;NA3BCS0001-15SA;BASE EXPERIMENTAL DAS CIENCIAS NATURAIS
11202232132;NA1BIR0603-15SA;CIENCIA, TECNOLOGIA E SOCIEDADE
11202232132;NA1NHI5001-15SA;DESENVOLVIMENTO E APRENDIZAGEM
11202232132;NA1NHZ2099-16SA;TOPICOS CONTEMPORANEOS EM EDUCACAO E FILOSOFIA
11202232132;NA1NHZ5023-18SA;PRATICAS ESCOLARES EM EDUCACAO ESPECIAL E INCLUSIVA
11202232132;NA3BIJ0207-15SA;BASES CONCEITUAIS DA ENERGIA
11202232132;NA7BIS0005-15SA;BASES COMPUTACIONAIS DA CIENCIA
11202232108;DA1BCS0001-15SA;BASE EXPERIMENTAL DAS CIENCIAS NATURAIS
11202232108;DA1BIJ0207-15SA;BASES CONCEITUAIS DA ENERGIA
11202232108;DA1BIK0102-15SA;ESTRUTURA DA MATERIA
11202232108;DA1BIL0304-15SA;EVOLUCAO E DIVERSIFICACAO DA VIDA NA TERRA
11202232108;DA1BIS0003-15SA;BASES MATEMATICAS
11202232108;DA1BIS0005-15SA;BASES COMPUTACIONAIS DA CIENCIA
11202231977;DB1BIJ0207-15SA;BASES CONCEITUAIS DA ENERGIA
11202231977;DB1BIK0102-15SA;ESTRUTURA DA MATERIA
11202231977;DB1BIL0304-15SA;EVOLUCAO E DIVERSIFICACAO DA VIDA NA TERRA
11202231977;DB1BIS0003-15SA;BASES MATEMATICAS
11202231977;DB3BIS0005-15SA;BASES COMPUTACIONAIS DA CIENCIA
11202231977;DB4BCS0001-15SA;BASE EXPERIMENTAL DAS CIENCIAS NATURAIS
11202230675;NA1BIJ0207-15SB;BASES CONCEITUAIS DA ENERGIA
11202230675;NA1BIK0102-15SB;ESTRUTURA DA MATERIA
11202230675;NA1BIL0304-15SB;EVOLUCAO E DIVERSIFICACAO DA VIDA NA TERRA
11202230675;NA1BIS0003-15SB;BASES MATEMATICAS
11202230675;NA3BCS0001-15SB;BASE EXPERIMENTAL DAS CIENCIAS NATURAIS
11202230675;NA3BIS0005-15SB;BASES COMPUTACIONAIS DA CIENCIA
11202231915;DB1BIJ0207-15SB;BASES CONCEITUAIS DA ENERGIA
11202231915;DB1BIK0102-15SB;ESTRUTURA DA MATERIA
11202231915;DB1BIL0304-15SB;EVOLUCAO E DIVERSIFICACAO DA VIDA NA TERRA
11202231915;DB1BIS0003-15SB;BASES MATEMATICAS
11202231915;DB3BCS0001-15SB;BASE EXPERIMENTAL DAS CIENCIAS NATURAIS
11202231915;DB3BIS0005-15SB;BASES COMPUTACIONAIS DA CIENCIA
11202232355;DA1BIR0603-15SA;CIENCIA, TECNOLOGIA E SOCIEDADE
11202232355;DA1NHI5001-15SA;DESENVOLVIMENTO E APRENDIZAGEM
11202232355;DA1NHZ2099-16SA;TOPICOS CONTEMPORANEOS EM EDUCACAO E FILOSOFIA
11202232355;DA1NHZ5023-18SA;PRATICAS ESCOLARES EM EDUCACAO ESPECIAL E INCLUSIVA
11202232355;DA3BIJ0207-15SA;BASES CONCEITUAIS DA ENERGIA
11202232355;DA7BIS0005-15SA;BASES COMPUTACIONAIS DA CIENCIA
11202231812;NC1BCS0001-15SA;BASE EXPERIMENTAL DAS CIENCIAS NATURAIS
11202231812;NC1BIJ0207-15SA;BASES CONCEITUAIS DA ENERGIA
11202231812;NC1BIK0102-15SA;ESTRUTURA DA MATERIA
11202231812;NC1BIL0304-15SA;EVOLUCAO E DIVERSIFICACAO DA VIDA NA TERRA
11202231812;NC1BIS0003-15SA;BASES MATEMATICAS
11202231812;NC1BIS0005-15SA;BASES COMPUTACIONAIS DA CIENCIA
11202230606;NA1BIJ0207-15SB;BASES CONCEITUAIS DA ENERGIA
11202230606;NA1BIK0102-15SB;ESTRUTURA DA MATERIA
11202230606;NA1BIL0304-15SB;EVOLUCAO E DIVERSIFICACAO DA VIDA NA TERRA
11202230606;NA1BIS0003-15SB;BASES MATEMATICAS
11202230606;NA2BCS0001-15SB;BASE EXPERIMENTAL DAS CIENCIAS NATURAIS
11202230606;NA2BIS0005-15SB;BASES COMPUTACIONAIS DA CIENCIA
11202231799;DA1BCS0001-15SA;BASE EXPERIMENTAL DAS CIENCIAS NATURAIS
11202231799;DA1BIJ0207-15SA;BASES CONCEITUAIS DA ENERGIA
11202231799;DA1BIK0102-15SA;ESTRUTURA DA MATERIA
11202231799;DA1BIL0304-15SA;EVOLUCAO E DIVERSIFICACAO DA VIDA NA TERRA
11202231799;DA1BIS0003-15SA;BASES MATEMATICAS
11202231799;DA1BIS0005-15SA;BASES COMPUTACIONAIS DA CIENCIA
11202230558;NB2BIJ0207-15SA;BASES CONCEITUAIS DA ENERGIA
11202230558;NB2BIK0102-15SA;ESTRUTURA DA MATERIA
11202230558;NB2BIL0304-15SA;EVOLUCAO E DIVERSIFICACAO DA VIDA NA TERRA
11202230558;NB2BIS0003-15SA;BASES MATEMATICAS
11202230558;NB4BIS0005-15SA;BASES COMPUTACIONAIS DA CIENCIA
11202230558;NB5BCS0001-15SA;BASE EXPERIMENTAL DAS CIENCIAS NATURAIS
11202231148;DA1BIJ0207-15SB;BASES CONCEITUAIS DA ENERGIA
11202231148;DA1BIK0102-15SB;ESTRUTURA DA MATERIA
11202231148;DA1BIL0304-15SB;EVOLUCAO E DIVERSIFICACAO DA VIDA NA TERRA
11202231148;DA1BIS0003-15SB;BASES MATEMATICAS
11202231148;DA2BCS0001-15SB;BASE EXPERIMENTAL DAS CIENCIAS NATURAIS
11202231148;DA2BIS0005-15SB;BASES COMPUTACIONAIS DA CIENCIA
11202231443;NA1BHO0001-19SB;INTRODUCAO AS HUMANIDADES E AS CIENCIAS SOCIAIS
11202231443;NA1BHP0202-19SB;TEMAS E PROBLEMAS EM FILOSOFIA
11202231443;NA1BHQ0001-15SB;IDENTIDADE E CULTURA
11202231443;NA1BHQ0003-15SB;INTERPRETACOES DO BRASIL
11202231443;NA2BIQ0602-15SB;ESTRUTURA E DINAMICA SOCIAL
11202231443;NA4BIS0005-15SB;BASES COMPUTACIONAIS DA CIENCIA
11202230684;NA1BIJ0207-15SA;BASES CONCEITUAIS DA ENERGIA
11202230684;NA1BIK0102-15SA;ESTRUTURA DA MATERIA
11202230684;NA1BIL0304-15SA;EVOLUCAO E DIVERSIFICACAO DA VIDA NA TERRA
11202230684;NA1BIS0003-15SA;BASES MATEMATICAS
11202230684;NA3BCS0001-15SA;BASE EXPERIMENTAL DAS CIENCIAS NATURAIS
11202230684;NA3BIS0005-15SA;BASES COMPUTACIONAIS DA CIENCIA
11202231135;NB1BIJ0207-15SA;BASES CONCEITUAIS DA ENERGIA
11202231135;NB1BIK0102-15SA;ESTRUTURA DA MATERIA
11202231135;NB1BIL0304-15SA;EVOLUCAO E DIVERSIFICACAO DA VIDA NA TERRA
11202231135;NB1BIS0003-15SA;BASES MATEMATICAS
11202231135;NB2BCS0001-15SA;BASE EXPERIMENTAL DAS CIENCIAS NATURAIS
11202231135;NB2BIS0005-15SA;BASES COMPUTACIONAIS DA CIENCIA
11202230634;NB1BCS0001-15SB;BASE EXPERIMENTAL DAS CIENCIAS NATURAIS
11202230634;NB1BIJ0207-15SB;BASES CONCEITUAIS DA ENERGIA
11202230634;NB1BIK0102-15SB;ESTRUTURA DA MATERIA
11202230634;NB1BIL0304-15SB;EVOLUCAO E DIVERSIFICACAO DA VIDA NA TERRA
11202230634;NB1BIS0003-15SB;BASES MATEMATICAS
11202230634;NB1BIS0005-15SB;BASES COMPUTACIONAIS DA CIENCIA
11202230874;NC1BIJ0207-15SB;BASES CONCEITUAIS DA ENERGIA
11202230874;NC1BIK0102-15SB;ESTRUTURA DA MATERIA
11202230874;NC1BIL0304-15SB;EVOLUCAO E DIVERSIFICACAO DA VIDA NA TERRA
11202230874;NC1BIS0003-15SB;BASES MATEMATICAS
11202230874;NC2BCS0001-15SB;BASE EXPERIMENTAL DAS CIENCIAS NATURAIS
11202230874;NC2BIS0005-15SB;BASES COMPUTACIONAIS DA CIENCIA
11202232009;NC1BIJ0207-15SA;BASES CONCEITUAIS DA ENERGIA
11202232009;NC1BIK0102-15SA;ESTRUTURA DA MATERIA
11202232009;NC1BIL0304-15SA;EVOLUCAO E DIVERSIFICACAO DA VIDA NA TERRA
11202232009;NC1BIS0003-15SA;BASES MATEMATICAS
11202232009;NC3BCS0001-15SA;BASE EXPERIMENTAL DAS CIENCIAS NATURAIS
11202232009;NC3BIS0005-15SA;BASES COMPUTACIONAIS DA CIENCIA
11202232161;DB1BIJ0207-15SB;BASES CONCEITUAIS DA ENERGIA
11202232161;DB1BIK0102-15SB;ESTRUTURA DA MATERIA
11202232161;DB1BIL0304-15SB;EVOLUCAO E DIVERSIFICACAO DA VIDA NA TERRA
11202232161;DB1BIS0003-15SB;BASES MATEMATICAS
11202232161;DB2BCS0001-15SB;BASE EXPERIMENTAL DAS CIENCIAS NATURAIS
11202232161;DB2BIS0005-15SB;BASES COMPUTACIONAIS DA CIENCIA
11202231050;DA1BHO0001-19SB;INTRODUCAO AS HUMANIDADES E AS CIENCIAS SOCIAIS
11202231050;DA1BHP0202-19SB;TEMAS E PROBLEMAS EM FILOSOFIA
11202231050;DA1BHQ0001-15SB;IDENTIDADE E CULTURA
11202231050;DA1BHQ0003-15SB;INTERPRETACOES DO BRASIL
11202231050;DA2BIQ0602-15SB;ESTRUTURA E DINAMICA SOCIAL
11202231050;DA5BIS0005-15SB;BASES COMPUTACIONAIS DA CIENCIA
11202232112;DA2BIJ0207-15SA;BASES CONCEITUAIS DA ENERGIA
11202232112;DA2BIK0102-15SA;ESTRUTURA DA MATERIA
11202232112;DA2BIL0304-15SA;EVOLUCAO E DIVERSIFICACAO DA VIDA NA TERRA
11202232112;DA2BIS0003-15SA;BASES MATEMATICAS
11202232112;DA5BCS0001-15SA;BASE EXPERIMENTAL DAS CIENCIAS NATURAIS
11202232112;DA5BIS0005-15SA;BASES COMPUTACIONAIS DA CIENCIA
11202212480;NB1BIJ0207-15SB;BASES CONCEITUAIS DA ENERGIA
11202212480;NB1BIK0102-15SB;ESTRUTURA DA MATERIA
11202212480;NB1BIL0304-15SB;EVOLUCAO E DIVERSIFICACAO DA VIDA NA TERRA
11202212480;NB1BIS0003-15SB;BASES MATEMATICAS
11202212480;NB3BCS0001-15SB;BASE EXPERIMENTAL DAS CIENCIAS NATURAIS
11202212480;NB3BIS0005-15SB;BASES COMPUTACIONAIS DA CIENCIA
11202231299;DA1BCS0001-15SB;BASE EXPERIMENTAL DAS CIENCIAS NATURAIS
11202231299;DA1BIJ0207-15SB;BASES CONCEITUAIS DA ENERGIA
11202231299;DA1BIK0102-15SB;ESTRUTURA DA MATERIA
11202231299;DA1BIL0304-15SB;EVOLUCAO E DIVERSIFICACAO DA VIDA NA TERRA
11202231299;DA1BIS0003-15SB;BASES MATEMATICAS
11202231299;DA1BIS0005-15SB;BASES COMPUTACIONAIS DA CIENCIA
11202230278;NA1BHO0001-19SB;INTRODUCAO AS HUMANIDADES E AS CIENCIAS SOCIAIS
11202230278;NA1BHP0202-19SB;TEMAS E PROBLEMAS EM FILOSOFIA
11202230278;NA1BHQ0001-15SB;IDENTIDADE E CULTURA
11202230278;NA1BHQ0003-15SB;INTERPRETACOES DO BRASIL
11202230278;NA2BIQ0602-15SB;ESTRUTURA E DINAMICA SOCIAL
11202230278;NA4BIS0005-15SB;BASES COMPUTACIONAIS DA CIENCIA
11202230222;NA1BCS0001-15SB;BASE EXPERIMENTAL DAS CIENCIAS NATURAIS
11202230222;NA1BIJ0207-15SB;BASES CONCEITUAIS DA ENERGIA
11202230222;NA1BIK0102-15SB;ESTRUTURA DA MATERIA
11202230222;NA1BIL0304-15SB;EVOLUCAO E DIVERSIFICACAO DA VIDA NA TERRA
11202230222;NA1BIS0003-15SB;BASES MATEMATICAS
11202230222;NA1BIS0005-15SB;BASES COMPUTACIONAIS DA CIENCIA
11202231227;DB1BIJ0207-15SA;BASES CONCEITUAIS DA ENERGIA
11202231227;DB1BIK0102-15SA;ESTRUTURA DA MATERIA
11202231227;DB1BIL0304-15SA;EVOLUCAO E DIVERSIFICACAO DA VIDA NA TERRA
11202231227;DB1BIS0003-15SA;BASES MATEMATICAS
11202231227;DB4BIS0005-15SA;BASES COMPUTACIONAIS DA CIENCIA
11202231227;DB5BCS0001-15SA;BASE EXPERIMENTAL DAS CIENCIAS NATURAIS
11202232029;DA1BHO0001-19SB;INTRODUCAO AS HUMANIDADES E AS CIENCIAS SOCIAIS
11202232029;DA1BHP0202-19SB;TEMAS E PROBLEMAS EM FILOSOFIA
11202232029;DA1BHQ0001-15SB;IDENTIDADE E CULTURA
11202232029;DA1BHQ0003-15SB;INTERPRETACOES DO BRASIL
11202232029;DA2BIQ0602-15SB;ESTRUTURA E DINAMICA SOCIAL
11202232029;DA5BIS0005-15SB;BASES COMPUTACIONAIS DA CIENCIA
11202231735;NC1BIJ0207-15SA;BASES CONCEITUAIS DA ENERGIA
11202231735;NC1BIK0102-15SA;ESTRUTURA DA MATERIA
11202231735;NC1BIL0304-15SA;EVOLUCAO E DIVERSIFICACAO DA VIDA NA TERRA
11202231735;NC1BIS0003-15SA;BASES MATEMATICAS
11202231735;NC3BCS0001-15SA;BASE EXPERIMENTAL DAS CIENCIAS NATURAIS
11202231735;NC3BIS0005-15SA;BASES COMPUTACIONAIS DA CIENCIA
11202231510;NC1BCS0001-15SA;BASE EXPERIMENTAL DAS CIENCIAS NATURAIS
11202231510;NC1BIJ0207-15SA;BASES CONCEITUAIS DA ENERGIA
11202231510;NC1BIK0102-15SA;ESTRUTURA DA MATERIA
11202231510;NC1BIL0304-15SA;EVOLUCAO E DIVERSIFICACAO DA VIDA NA TERRA
11202231510;NC1BIS0003-15SA;BASES MATEMATICAS
11202231510;NC1BIS0005-15SA;BASES COMPUTACIONAIS DA CIENCIA
11202231585;DA1BIJ0207-15SB;BASES CONCEITUAIS DA ENERGIA
11202231585;DA1BIK0102-15SB;ESTRUTURA DA MATERIA
11202231585;DA1BIL0304-15SB;EVOLUCAO E DIVERSIFICACAO DA VIDA NA TERRA
11202231585;DA1BIS0003-15SB;BASES MATEMATICAS
11202231585;DA2BCS0001-15SB;BASE EXPERIMENTAL DAS CIENCIAS NATURAIS
11202231585;DA2BIS0005-15SB;BASES COMPUTACIONAIS DA CIENCIA
11202231091;DA2BCS0001-15SA;BASE EXPERIMENTAL DAS CIENCIAS NATURAIS
11202231091;DA2BIJ0207-15SA;BASES CONCEITUAIS DA ENERGIA
11202231091;DA2BIK0102-15SA;ESTRUTURA DA MATERIA
11202231091;DA2BIL0304-15SA;EVOLUCAO E DIVERSIFICACAO DA VIDA NA TERRA
11202231091;DA2BIS0003-15SA;BASES MATEMATICAS
11202231091;DA2BIS0005-15SA;BASES COMPUTACIONAIS DA CIENCIA
11202230850;NA1BIJ0207-15SB;BASES CONCEITUAIS DA ENERGIA
11202230850;NA1BIK0102-15SB;ESTRUTURA DA MATERIA
11202230850;NA1BIL0304-15SB;EVOLUCAO E DIVERSIFICACAO DA VIDA NA TERRA
11202230850;NA1BIS0003-15SB;BASES MATEMATICAS
11202230850;NA2BCS0001-15SB;BASE EXPERIMENTAL DAS CIENCIAS NATURAIS
11202230850;NA2BIS0005-15SB;BASES COMPUTACIONAIS DA CIENCIA
11202230614;NB1BIJ0207-15SA;BASES CONCEITUAIS DA ENERGIA
11202230614;NB1BIK0102-15SA;ESTRUTURA DA MATERIA
11202230614;NB1BIL0304-15SA;EVOLUCAO E DIVERSIFICACAO DA VIDA NA TERRA
11202230614;NB1BIS0003-15SA;BASES MATEMATICAS
11202230614;NB2BIS0005-15SA;BASES COMPUTACIONAIS DA CIENCIA
11202230614;NB3BCS0001-15SA;BASE EXPERIMENTAL DAS CIENCIAS NATURAIS
11202231884;DA1BIJ0207-15SB;BASES CONCEITUAIS DA ENERGIA
11202231884;DA1BIK0102-15SB;ESTRUTURA DA MATERIA
11202231884;DA1BIL0304-15SB;EVOLUCAO E DIVERSIFICACAO DA VIDA NA TERRA
11202231884;DA1BIS0003-15SB;BASES MATEMATICAS
11202231884;DA3BCS0001-15SB;BASE EXPERIMENTAL DAS CIENCIAS NATURAIS
11202231884;DA3BIS0005-15SB;BASES COMPUTACIONAIS DA CIENCIA
11202230383;DB1BIJ0207-15SB;BASES CONCEITUAIS DA ENERGIA
11202230383;DB1BIK0102-15SB;ESTRUTURA DA MATERIA
11202230383;DB1BIL0304-15SB;EVOLUCAO E DIVERSIFICACAO DA VIDA NA TERRA
11202230383;DB1BIS0003-15SB;BASES MATEMATICAS
11202230383;DB2BCS0001-15SB;BASE EXPERIMENTAL DAS CIENCIAS NATURAIS
11202230383;DB2BIS0005-15SB;BASES COMPUTACIONAIS DA CIENCIA
11202230464;DC2BIJ0207-15SA;BASES CONCEITUAIS DA ENERGIA
11202230464;DC2BIK0102-15SA;ESTRUTURA DA MATERIA
11202230464;DC2BIL0304-15SA;EVOLUCAO E DIVERSIFICACAO DA VIDA NA TERRA
11202230464;DC2BIS0003-15SA;BASES MATEMATICAS
11202230464;DC3BIS0005-15SA;BASES COMPUTACIONAIS DA CIENCIA
11202230464;DC4BCS0001-15SA;BASE EXPERIMENTAL DAS CIENCIAS NATURAIS
11202231246;NA1BIJ0207-15SB;BASES CONCEITUAIS DA ENERGIA
11202231246;NA1BIK0102-15SB;ESTRUTURA DA MATERIA
11202231246;NA1BIL0304-15SB;EVOLUCAO E DIVERSIFICACAO DA VIDA NA TERRA
11202231246;NA1BIS0003-15SB;BASES MATEMATICAS
11202231246;NA3BCS0001-15SB;BASE EXPERIMENTAL DAS CIENCIAS NATURAIS
11202231246;NA3BIS0005-15SB;BASES COMPUTACIONAIS DA CIENCIA
11202232111;NA1BHO0001-19SB;INTRODUCAO AS HUMANIDADES E AS CIENCIAS SOCIAIS
11202232111;NA1BHP0202-19SB;TEMAS E PROBLEMAS EM FILOSOFIA
11202232111;NA1BHQ0001-15SB;IDENTIDADE E CULTURA
11202232111;NA1BHQ0003-15SB;INTERPRETACOES DO BRASIL
11202232111;NA2BIQ0602-15SB;ESTRUTURA E DINAMICA SOCIAL
11202232111;NA4BIS0005-15SB;BASES COMPUTACIONAIS DA CIENCIA
11202231458;DA1BCS0001-15SB;BASE EXPERIMENTAL DAS CIENCIAS NATURAIS
11202231458;DA1BIJ0207-15SB;BASES CONCEITUAIS DA ENERGIA
11202231458;DA1BIK0102-15SB;ESTRUTURA DA MATERIA
11202231458;DA1BIL0304-15SB;EVOLUCAO E DIVERSIFICACAO DA VIDA NA TERRA
11202231458;DA1BIS0003-15SB;BASES MATEMATICAS
11202231458;DA1BIS0005-15SB;BASES COMPUTACIONAIS DA CIENCIA
11202231400;DA1BCS0001-15SB;BASE EXPERIMENTAL DAS CIENCIAS NATURAIS
11202231400;DA1BIJ0207-15SB;BASES CONCEITUAIS DA ENERGIA
11202231400;DA1BIK0102-15SB;ESTRUTURA DA MATERIA
11202231400;DA1BIL0304-15SB;EVOLUCAO E DIVERSIFICACAO DA VIDA NA TERRA
11202231400;DA1BIS0003-15SB;BASES MATEMATICAS
11202231400;DA1BIS0005-15SB;BASES COMPUTACIONAIS DA CIENCIA
11202230300;NA1BCS0001-15SA;BASE EXPERIMENTAL DAS CIENCIAS NATURAIS
11202230300;NA1BIJ0207-15SA;BASES CONCEITUAIS DA ENERGIA
11202230300;NA1BIK0102-15SA;ESTRUTURA DA MATERIA
11202230300;NA1BIL0304-15SA;EVOLUCAO E DIVERSIFICACAO DA VIDA NA TERRA
11202230300;NA1BIS0003-15SA;BASES MATEMATICAS
11202230300;NA1BIS0005-15SA;BASES COMPUTACIONAIS DA CIENCIA
11202230647;NA1BIR0603-15SA;CIENCIA, TECNOLOGIA E SOCIEDADE
11202230647;NA1NHI5001-15SA;DESENVOLVIMENTO E APRENDIZAGEM
11202230647;NA1NHZ2099-16SA;TOPICOS CONTEMPORANEOS EM EDUCACAO E FILOSOFIA
11202230647;NA1NHZ5023-18SA;PRATICAS ESCOLARES EM EDUCACAO ESPECIAL E INCLUSIVA
11202230647;NA3BIJ0207-15SA;BASES CONCEITUAIS DA ENERGIA
11202230647;NA7BIS0005-15SA;BASES COMPUTACIONAIS DA CIENCIA
11202231146;NC2BIJ0207-15SA;BASES CONCEITUAIS DA ENERGIA
11202231146;NC2BIK0102-15SA;ESTRUTURA DA MATERIA
11202231146;NC2BIL0304-15SA;EVOLUCAO E DIVERSIFICACAO DA VIDA NA TERRA
11202231146;NC2BIS0003-15SA;BASES MATEMATICAS
11202231146;NC5BCS0001-15SA;BASE EXPERIMENTAL DAS CIENCIAS NATURAIS
11202231146;NC5BIS0005-15SA;BASES COMPUTACIONAIS DA CIENCIA
11202230430;NC6BCS0001-15SA;BASE EXPERIMENTAL DAS CIENCIAS NATURAIS
11202230430;NC6BIS0005-15SA;BASES COMPUTACIONAIS DA CIENCIA
11202230430;NC2BIJ0207-15SA;BASES CONCEITUAIS DA ENERGIA
11202230430;NC2BIS0003-15SA;BASES MATEMATICAS
11202230430;NC2BIK0102-15SA;ESTRUTURA DA MATERIA
11202230430;NC2BIL0304-15SA;EVOLUCAO E DIVERSIFICACAO DA VIDA NA TERRA
11202232388;NC4BCS0001-15SA;BASE EXPERIMENTAL DAS CIENCIAS NATURAIS
11202232388;NC4BIS0005-15SA;BASES COMPUTACIONAIS DA CIENCIA
11202232388;NC2BIJ0207-15SA;BASES CONCEITUAIS DA ENERGIA
11202232388;NC2BIS0003-15SA;BASES MATEMATICAS
11202232388;NC2BIK0102-15SA;ESTRUTURA DA MATERIA
11202232388;NC2BIL0304-15SA;EVOLUCAO E DIVERSIFICACAO DA VIDA NA TERRA
11202231636;DC1BCS0001-15SA;BASE EXPERIMENTAL DAS CIENCIAS NATURAIS
11202231636;DC1BIJ0207-15SA;BASES CONCEITUAIS DA ENERGIA
11202231636;DC1BIK0102-15SA;ESTRUTURA DA MATERIA
11202231636;DC1BIL0304-15SA;EVOLUCAO E DIVERSIFICACAO DA VIDA NA TERRA
11202231636;DC1BIS0003-15SA;BASES MATEMATICAS
11202231636;DC5BIS0005-15SA;BASES COMPUTACIONAIS DA CIENCIA
11202212419;DA1BIR0603-15SB;CIENCIA, TECNOLOGIA E SOCIEDADE
11202212419;DA1NHI5001-15SB;DESENVOLVIMENTO E APRENDIZAGEM
11202212419;DA1NHZ2099-16SB;TOPICOS CONTEMPORANEOS EM EDUCACAO E FILOSOFIA
11202212419;DA1NHZ5023-18SB;PRATICAS ESCOLARES EM EDUCACAO ESPECIAL E INCLUSIVA
11202212419;DA7BIS0005-15SB;BASES COMPUTACIONAIS DA CIENCIA
11202212419;DC1BIJ0207-15SB;BASES CONCEITUAIS DA ENERGIA
11202231533;NB1BIJ0207-15SB;BASES CONCEITUAIS DA ENERGIA
11202231533;NB1BIK0102-15SB;ESTRUTURA DA MATERIA
11202231533;NB1BIL0304-15SB;EVOLUCAO E DIVERSIFICACAO DA VIDA NA TERRA
11202231533;NB1BIS0003-15SB;BASES MATEMATICAS
11202231533;NB3BCS0001-15SB;BASE EXPERIMENTAL DAS CIENCIAS NATURAIS
11202231533;NB3BIS0005-15SB;BASES COMPUTACIONAIS DA CIENCIA
11202212420;DC1BCS0001-15SB;BASE EXPERIMENTAL DAS CIENCIAS NATURAIS
11202212420;DC1BIJ0207-15SB;BASES CONCEITUAIS DA ENERGIA
11202212420;DC1BIK0102-15SB;ESTRUTURA DA MATERIA
11202212420;DC1BIL0304-15SB;EVOLUCAO E DIVERSIFICACAO DA VIDA NA TERRA
11202212420;DC1BIS0003-15SB;BASES MATEMATICAS
11202212420;DC1BIS0005-15SB;BASES COMPUTACIONAIS DA CIENCIA
11202231578;NA1BCS0001-15SA;BASE EXPERIMENTAL DAS CIENCIAS NATURAIS
11202231578;NA1BIJ0207-15SA;BASES CONCEITUAIS DA ENERGIA
11202231578;NA1BIK0102-15SA;ESTRUTURA DA MATERIA
11202231578;NA1BIL0304-15SA;EVOLUCAO E DIVERSIFICACAO DA VIDA NA TERRA
11202231578;NA1BIS0003-15SA;BASES MATEMATICAS
11202231578;NA1BIS0005-15SA;BASES COMPUTACIONAIS DA CIENCIA
11202231430;DA1BHO0001-19SB;INTRODUCAO AS HUMANIDADES E AS CIENCIAS SOCIAIS
11202231430;DA1BHP0202-19SB;TEMAS E PROBLEMAS EM FILOSOFIA
11202231430;DA1BHQ0001-15SB;IDENTIDADE E CULTURA
11202231430;DA1BHQ0003-15SB;INTERPRETACOES DO BRASIL
11202231430;DA2BIQ0602-15SB;ESTRUTURA E DINAMICA SOCIAL
11202231430;DA5BIS0005-15SB;BASES COMPUTACIONAIS DA CIENCIA
11202231934;NA1BCS0001-15SA;BASE EXPERIMENTAL DAS CIENCIAS NATURAIS
11202231934;NA1BIJ0207-15SA;BASES CONCEITUAIS DA ENERGIA
11202231934;NA1BIK0102-15SA;ESTRUTURA DA MATERIA
11202231934;NA1BIL0304-15SA;EVOLUCAO E DIVERSIFICACAO DA VIDA NA TERRA
11202231934;NA1BIS0003-15SA;BASES MATEMATICAS
11202231934;NA1BIS0005-15SA;BASES COMPUTACIONAIS DA CIENCIA
11202230636;DB1BIJ0207-15SB;BASES CONCEITUAIS DA ENERGIA
11202230636;DB1BIK0102-15SB;ESTRUTURA DA MATERIA
11202230636;DB1BIL0304-15SB;EVOLUCAO E DIVERSIFICACAO DA VIDA NA TERRA
11202230636;DB1BIS0003-15SB;BASES MATEMATICAS
11202230636;DB2BCS0001-15SB;BASE EXPERIMENTAL DAS CIENCIAS NATURAIS
11202230636;DB2BIS0005-15SB;BASES COMPUTACIONAIS DA CIENCIA
11202231131;DC2BIJ0207-15SA;BASES CONCEITUAIS DA ENERGIA
11202231131;DC2BIK0102-15SA;ESTRUTURA DA MATERIA
11202231131;DC2BIL0304-15SA;EVOLUCAO E DIVERSIFICACAO DA VIDA NA TERRA
11202231131;DC2BIS0003-15SA;BASES MATEMATICAS
11202231131;DC4BIS0005-15SA;BASES COMPUTACIONAIS DA CIENCIA
11202231131;DC5BCS0001-15SA;BASE EXPERIMENTAL DAS CIENCIAS NATURAIS
11202231237;NB1BIJ0207-15SA;BASES CONCEITUAIS DA ENERGIA
11202231237;NB1BIK0102-15SA;ESTRUTURA DA MATERIA
11202231237;NB1BIL0304-15SA;EVOLUCAO E DIVERSIFICACAO DA VIDA NA TERRA
11202231237;NB1BIS0003-15SA;BASES MATEMATICAS
11202231237;NB2BCS0001-15SA;BASE EXPERIMENTAL DAS CIENCIAS NATURAIS
11202231237;NB2BIS0005-15SA;BASES COMPUTACIONAIS DA CIENCIA
11202231134;DB1BIJ0207-15SA;BASES CONCEITUAIS DA ENERGIA
11202231134;DB1BIK0102-15SA;ESTRUTURA DA MATERIA
11202231134;DB1BIL0304-15SA;EVOLUCAO E DIVERSIFICACAO DA VIDA NA TERRA
11202231134;DB1BIS0003-15SA;BASES MATEMATICAS
11202231134;DB5BIS0005-15SA;BASES COMPUTACIONAIS DA CIENCIA
11202231134;DB6BCS0001-15SA;BASE EXPERIMENTAL DAS CIENCIAS NATURAIS
11202231470;NC1BIJ0207-15SA;BASES CONCEITUAIS DA ENERGIA
11202231470;NC1BIK0102-15SA;ESTRUTURA DA MATERIA
11202231470;NC1BIL0304-15SA;EVOLUCAO E DIVERSIFICACAO DA VIDA NA TERRA
11202231470;NC1BIS0003-15SA;BASES MATEMATICAS
11202231470;NC2BCS0001-15SA;BASE EXPERIMENTAL DAS CIENCIAS NATURAIS
11202231470;NC2BIS0005-15SA;BASES COMPUTACIONAIS DA CIENCIA
11202231905;DB1BIJ0207-15SA;BASES CONCEITUAIS DA ENERGIA
11202231905;DB1BIK0102-15SA;ESTRUTURA DA MATERIA
11202231905;DB1BIL0304-15SA;EVOLUCAO E DIVERSIFICACAO DA VIDA NA TERRA
11202231905;DB1BIS0003-15SA;BASES MATEMATICAS
11202231905;DB4BCS0001-15SA;BASE EXPERIMENTAL DAS CIENCIAS NATURAIS
11202231905;DB4BIS0005-15SA;BASES COMPUTACIONAIS DA CIENCIA
11202231904;DB1BCS0001-15SB;BASE EXPERIMENTAL DAS CIENCIAS NATURAIS
11202231904;DB1BIJ0207-15SB;BASES CONCEITUAIS DA ENERGIA
11202231904;DB1BIK0102-15SB;ESTRUTURA DA MATERIA
11202231904;DB1BIL0304-15SB;EVOLUCAO E DIVERSIFICACAO DA VIDA NA TERRA
11202231904;DB1BIS0003-15SB;BASES MATEMATICAS
11202231904;DB1BIS0005-15SB;BASES COMPUTACIONAIS DA CIENCIA
11202231062;NA1BIR0603-15SA;CIENCIA, TECNOLOGIA E SOCIEDADE
11202231062;NA1NHI5001-15SA;DESENVOLVIMENTO E APRENDIZAGEM
11202231062;NA1NHZ2099-16SA;TOPICOS CONTEMPORANEOS EM EDUCACAO E FILOSOFIA
11202231062;NA1NHZ5023-18SA;PRATICAS ESCOLARES EM EDUCACAO ESPECIAL E INCLUSIVA
11202231062;NA3BIJ0207-15SA;BASES CONCEITUAIS DA ENERGIA
11202231062;NA7BIS0005-15SA;BASES COMPUTACIONAIS DA CIENCIA
11202231917;DB1BCS0001-15SA;BASE EXPERIMENTAL DAS CIENCIAS NATURAIS
11202231917;DB1BIS0005-15SA;BASES COMPUTACIONAIS DA CIENCIA
11202231917;DB2BIJ0207-15SA;BASES CONCEITUAIS DA ENERGIA
11202231917;DB2BIK0102-15SA;ESTRUTURA DA MATERIA
11202231917;DB2BIL0304-15SA;EVOLUCAO E DIVERSIFICACAO DA VIDA NA TERRA
11202231917;DB2BIS0003-15SA;BASES MATEMATICAS
11202230793;DC2BIJ0207-15SA;BASES CONCEITUAIS DA ENERGIA
11202230793;DC2BIK0102-15SA;ESTRUTURA DA MATERIA
11202230793;DC2BIL0304-15SA;EVOLUCAO E DIVERSIFICACAO DA VIDA NA TERRA
11202230793;DC2BIS0003-15SA;BASES MATEMATICAS
11202230793;DC4BIS0005-15SA;BASES COMPUTACIONAIS DA CIENCIA
11202230793;DC5BCS0001-15SA;BASE EXPERIMENTAL DAS CIENCIAS NATURAIS
11202212421;DB1BIJ0207-15SB;BASES CONCEITUAIS DA ENERGIA
11202212421;DB1BIK0102-15SB;ESTRUTURA DA MATERIA
11202212421;DB1BIL0304-15SB;EVOLUCAO E DIVERSIFICACAO DA VIDA NA TERRA
11202212421;DB1BIS0003-15SB;BASES MATEMATICAS
11202212421;DB3BCS0001-15SB;BASE EXPERIMENTAL DAS CIENCIAS NATURAIS
11202212421;DB3BIS0005-15SB;BASES COMPUTACIONAIS DA CIENCIA
11202230886;DA1BIJ0207-15SA;BASES CONCEITUAIS DA ENERGIA
11202230886;DA1BIK0102-15SA;ESTRUTURA DA MATERIA
11202230886;DA1BIL0304-15SA;EVOLUCAO E DIVERSIFICACAO DA VIDA NA TERRA
11202230886;DA1BIS0003-15SA;BASES MATEMATICAS
11202230886;DA3BCS0001-15SA;BASE EXPERIMENTAL DAS CIENCIAS NATURAIS
11202230886;DA3BIS0005-15SA;BASES COMPUTACIONAIS DA CIENCIA
11202231035;NA2BIJ0207-15SA;BASES CONCEITUAIS DA ENERGIA
11202231035;NA2BIK0102-15SA;ESTRUTURA DA MATERIA
11202231035;NA2BIL0304-15SA;EVOLUCAO E DIVERSIFICACAO DA VIDA NA TERRA
11202231035;NA2BIS0003-15SA;BASES MATEMATICAS
11202231035;NA4BIS0005-15SA;BASES COMPUTACIONAIS DA CIENCIA
11202231035;NA5BCS0001-15SA;BASE EXPERIMENTAL DAS CIENCIAS NATURAIS
11202231731;NB1BIJ0207-15SA;BASES CONCEITUAIS DA ENERGIA
11202231731;NB1BIK0102-15SA;ESTRUTURA DA MATERIA
11202231731;NB1BIL0304-15SA;EVOLUCAO E DIVERSIFICACAO DA VIDA NA TERRA
11202231731;NB1BIS0003-15SA;BASES MATEMATICAS
11202231731;NB3BCS0001-15SA;BASE EXPERIMENTAL DAS CIENCIAS NATURAIS
11202231731;NB3BIS0005-15SA;BASES COMPUTACIONAIS DA CIENCIA
11202231829;NA2BIJ0207-15SA;BASES CONCEITUAIS DA ENERGIA
11202231829;NA2BIK0102-15SA;ESTRUTURA DA MATERIA
11202231829;NA2BIL0304-15SA;EVOLUCAO E DIVERSIFICACAO DA VIDA NA TERRA
11202231829;NA2BIS0003-15SA;BASES MATEMATICAS
11202231829;NA5BIS0005-15SA;BASES COMPUTACIONAIS DA CIENCIA
11202231829;NA6BCS0001-15SA;BASE EXPERIMENTAL DAS CIENCIAS NATURAIS
11202231379;NB2BIJ0207-15SA;BASES CONCEITUAIS DA ENERGIA
11202231379;NB2BIK0102-15SA;ESTRUTURA DA MATERIA
11202231379;NB2BIL0304-15SA;EVOLUCAO E DIVERSIFICACAO DA VIDA NA TERRA
11202231379;NB2BIS0003-15SA;BASES MATEMATICAS
11202231379;NB3BIS0005-15SA;BASES COMPUTACIONAIS DA CIENCIA
11202231379;NB4BCS0001-15SA;BASE EXPERIMENTAL DAS CIENCIAS NATURAIS
11202231647;DC1BIJ0207-15SA;BASES CONCEITUAIS DA ENERGIA
11202231647;DC1BIK0102-15SA;ESTRUTURA DA MATERIA
11202231647;DC1BIL0304-15SA;EVOLUCAO E DIVERSIFICACAO DA VIDA NA TERRA
11202231647;DC1BIS0003-15SA;BASES MATEMATICAS
11202231647;DC2BCS0001-15SA;BASE EXPERIMENTAL DAS CIENCIAS NATURAIS
11202231647;DC2BIS0005-15SA;BASES COMPUTACIONAIS DA CIENCIA
11202231326;DA1BCS0001-15SA;BASE EXPERIMENTAL DAS CIENCIAS NATURAIS
11202231326;DA1BIJ0207-15SA;BASES CONCEITUAIS DA ENERGIA
11202231326;DA1BIK0102-15SA;ESTRUTURA DA MATERIA
11202231326;DA1BIL0304-15SA;EVOLUCAO E DIVERSIFICACAO DA VIDA NA TERRA
11202231326;DA1BIS0003-15SA;BASES MATEMATICAS
11202231326;DA1BIS0005-15SA;BASES COMPUTACIONAIS DA CIENCIA
11202231323;DB1BIJ0207-15SA;BASES CONCEITUAIS DA ENERGIA
11202231323;DB1BIK0102-15SA;ESTRUTURA DA MATERIA
11202231323;DB1BIL0304-15SA;EVOLUCAO E DIVERSIFICACAO DA VIDA NA TERRA
11202231323;DB1BIS0003-15SA;BASES MATEMATICAS
11202231323;DB4BCS0001-15SA;BASE EXPERIMENTAL DAS CIENCIAS NATURAIS
11202231323;DB4BIS0005-15SA;BASES COMPUTACIONAIS DA CIENCIA
11202231843;DA2BIJ0207-15SA;BASES CONCEITUAIS DA ENERGIA
11202231843;DA2BIK0102-15SA;ESTRUTURA DA MATERIA
11202231843;DA2BIL0304-15SA;EVOLUCAO E DIVERSIFICACAO DA VIDA NA TERRA
11202231843;DA2BIS0003-15SA;BASES MATEMATICAS
11202231843;DA6BCS0001-15SA;BASE EXPERIMENTAL DAS CIENCIAS NATURAIS
11202231843;DA6BIS0005-15SA;BASES COMPUTACIONAIS DA CIENCIA
11202231492;NC1BIJ0207-15SA;BASES CONCEITUAIS DA ENERGIA
11202231492;NC1BIK0102-15SA;ESTRUTURA DA MATERIA
11202231492;NC1BIL0304-15SA;EVOLUCAO E DIVERSIFICACAO DA VIDA NA TERRA
11202231492;NC1BIS0003-15SA;BASES MATEMATICAS
11202231492;NC2BCS0001-15SA;BASE EXPERIMENTAL DAS CIENCIAS NATURAIS
11202231492;NC2BIS0005-15SA;BASES COMPUTACIONAIS DA CIENCIA
11202212462;NB1BIJ0207-15SB;BASES CONCEITUAIS DA ENERGIA
11202212462;NB1BIK0102-15SB;ESTRUTURA DA MATERIA
11202212462;NB1BIL0304-15SB;EVOLUCAO E DIVERSIFICACAO DA VIDA NA TERRA
11202212462;NB1BIS0003-15SB;BASES MATEMATICAS
11202212462;NB2BCS0001-15SB;BASE EXPERIMENTAL DAS CIENCIAS NATURAIS
11202212462;NB2BIS0005-15SB;BASES COMPUTACIONAIS DA CIENCIA
11202231833;DA2BIJ0207-15SA;BASES CONCEITUAIS DA ENERGIA
11202231833;DA2BIK0102-15SA;ESTRUTURA DA MATERIA
11202231833;DA2BIL0304-15SA;EVOLUCAO E DIVERSIFICACAO DA VIDA NA TERRA
11202231833;DA2BIS0003-15SA;BASES MATEMATICAS
11202231833;DA6BCS0001-15SA;BASE EXPERIMENTAL DAS CIENCIAS NATURAIS
11202231833;DA6BIS0005-15SA;BASES COMPUTACIONAIS DA CIENCIA
11202231670;DB1BIJ0207-15SB;BASES CONCEITUAIS DA ENERGIA
11202231670;DB1BIK0102-15SB;ESTRUTURA DA MATERIA
11202231670;DB1BIL0304-15SB;EVOLUCAO E DIVERSIFICACAO DA VIDA NA TERRA
11202231670;DB1BIS0003-15SB;BASES MATEMATICAS
11202231670;DB2BCS0001-15SB;BASE EXPERIMENTAL DAS CIENCIAS NATURAIS
11202231670;DB2BIS0005-15SB;BASES COMPUTACIONAIS DA CIENCIA
11202230766;DC2BIJ0207-15SA;BASES CONCEITUAIS DA ENERGIA
11202230766;DC2BIK0102-15SA;ESTRUTURA DA MATERIA
11202230766;DC2BIL0304-15SA;EVOLUCAO E DIVERSIFICACAO DA VIDA NA TERRA
11202230766;DC2BIS0003-15SA;BASES MATEMATICAS
11202230766;DC3BIS0005-15SA;BASES COMPUTACIONAIS DA CIENCIA
11202230766;DC4BCS0001-15SA;BASE EXPERIMENTAL DAS CIENCIAS NATURAIS
11202231864;DC1BCS0001-15SA;BASE EXPERIMENTAL DAS CIENCIAS NATURAIS
11202231864;DC1BIJ0207-15SA;BASES CONCEITUAIS DA ENERGIA
11202231864;DC1BIK0102-15SA;ESTRUTURA DA MATERIA
11202231864;DC1BIL0304-15SA;EVOLUCAO E DIVERSIFICACAO DA VIDA NA TERRA
11202231864;DC1BIS0003-15SA;BASES MATEMATICAS
11202231864;DC1BIS0005-15SA;BASES COMPUTACIONAIS DA CIENCIA
11202230527;NA1BIJ0207-15SA;BASES CONCEITUAIS DA ENERGIA
11202230527;NA1BIK0102-15SA;ESTRUTURA DA MATERIA
11202230527;NA1BIL0304-15SA;EVOLUCAO E DIVERSIFICACAO DA VIDA NA TERRA
11202230527;NA1BIS0003-15SA;BASES MATEMATICAS
11202230527;NA3BCS0001-15SA;BASE EXPERIMENTAL DAS CIENCIAS NATURAIS
11202230527;NA3BIS0005-15SA;BASES COMPUTACIONAIS DA CIENCIA
11202231717;DA1BIJ0207-15SA;BASES CONCEITUAIS DA ENERGIA
11202231717;DA1BIK0102-15SA;ESTRUTURA DA MATERIA
11202231717;DA1BIL0304-15SA;EVOLUCAO E DIVERSIFICACAO DA VIDA NA TERRA
11202231717;DA1BIS0003-15SA;BASES MATEMATICAS
11202231717;DA3BCS0001-15SA;BASE EXPERIMENTAL DAS CIENCIAS NATURAIS
11202231717;DA3BIS0005-15SA;BASES COMPUTACIONAIS DA CIENCIA
11202231021;NA1BIJ0207-15SA;BASES CONCEITUAIS DA ENERGIA
11202231021;NA1BIK0102-15SA;ESTRUTURA DA MATERIA
11202231021;NA1BIL0304-15SA;EVOLUCAO E DIVERSIFICACAO DA VIDA NA TERRA
11202231021;NA1BIS0003-15SA;BASES MATEMATICAS
11202231021;NA2BCS0001-15SA;BASE EXPERIMENTAL DAS CIENCIAS NATURAIS
11202231021;NA2BIS0005-15SA;BASES COMPUTACIONAIS DA CIENCIA
11202230786;DC1BIJ0207-15SB;BASES CONCEITUAIS DA ENERGIA
11202230786;DC1BIK0102-15SB;ESTRUTURA DA MATERIA
11202230786;DC1BIL0304-15SB;EVOLUCAO E DIVERSIFICACAO DA VIDA NA TERRA
11202230786;DC1BIS0003-15SB;BASES MATEMATICAS
11202230786;DC2BCS0001-15SB;BASE EXPERIMENTAL DAS CIENCIAS NATURAIS
11202230786;DC3BIS0005-15SB;BASES COMPUTACIONAIS DA CIENCIA
11202231143;DB2BCS0001-15SA;BASE EXPERIMENTAL DAS CIENCIAS NATURAIS
11202231143;DB2BIJ0207-15SA;BASES CONCEITUAIS DA ENERGIA
11202231143;DB2BIK0102-15SA;ESTRUTURA DA MATERIA
11202231143;DB2BIL0304-15SA;EVOLUCAO E DIVERSIFICACAO DA VIDA NA TERRA
11202231143;DB2BIS0003-15SA;BASES MATEMATICAS
11202231143;DB2BIS0005-15SA;BASES COMPUTACIONAIS DA CIENCIA
11202230945;NB1BIJ0207-15SA;BASES CONCEITUAIS DA ENERGIA
11202230945;NB1BIK0102-15SA;ESTRUTURA DA MATERIA
11202230945;NB1BIL0304-15SA;EVOLUCAO E DIVERSIFICACAO DA VIDA NA TERRA
11202230945;NB1BIS0003-15SA;BASES MATEMATICAS
11202230945;NB3BCS0001-15SA;BASE EXPERIMENTAL DAS CIENCIAS NATURAIS
11202230945;NB3BIS0005-15SA;BASES COMPUTACIONAIS DA CIENCIA
11202231593;NB1BCS0001-15SB;BASE EXPERIMENTAL DAS CIENCIAS NATURAIS
11202231593;NB1BIJ0207-15SB;BASES CONCEITUAIS DA ENERGIA
11202231593;NB1BIK0102-15SB;ESTRUTURA DA MATERIA
11202231593;NB1BIL0304-15SB;EVOLUCAO E DIVERSIFICACAO DA VIDA NA TERRA
11202231593;NB1BIS0003-15SB;BASES MATEMATICAS
11202231593;NB1BIS0005-15SB;BASES COMPUTACIONAIS DA CIENCIA
11202231129;NC2BIJ0207-15SA;BASES CONCEITUAIS DA ENERGIA
11202231129;NC2BIK0102-15SA;ESTRUTURA DA MATERIA
11202231129;NC2BIL0304-15SA;EVOLUCAO E DIVERSIFICACAO DA VIDA NA TERRA
11202231129;NC2BIS0003-15SA;BASES MATEMATICAS
11202231129;NC4BCS0001-15SA;BASE EXPERIMENTAL DAS CIENCIAS NATURAIS
11202231129;NC4BIS0005-15SA;BASES COMPUTACIONAIS DA CIENCIA
11202230650;DA1BHO0001-19SB;INTRODUCAO AS HUMANIDADES E AS CIENCIAS SOCIAIS
11202230650;DA1BHP0202-19SB;TEMAS E PROBLEMAS EM FILOSOFIA
11202230650;DA1BHQ0001-15SB;IDENTIDADE E CULTURA
11202230650;DA1BHQ0003-15SB;INTERPRETACOES DO BRASIL
11202230650;DA2BIQ0602-15SB;ESTRUTURA E DINAMICA SOCIAL
11202230650;DA5BIS0005-15SB;BASES COMPUTACIONAIS DA CIENCIA
11202231668;DA1BHO0001-19SB;INTRODUCAO AS HUMANIDADES E AS CIENCIAS SOCIAIS
11202231668;DA1BHP0202-19SB;TEMAS E PROBLEMAS EM FILOSOFIA
11202231668;DA1BHQ0001-15SB;IDENTIDADE E CULTURA
11202231668;DA1BHQ0003-15SB;INTERPRETACOES DO BRASIL
11202231668;DA2BIQ0602-15SB;ESTRUTURA E DINAMICA SOCIAL
11202231668;DA5BIS0005-15SB;BASES COMPUTACIONAIS DA CIENCIA
11202230669;DC2BIJ0207-15SA;BASES CONCEITUAIS DA ENERGIA
11202230669;DC2BIK0102-15SA;ESTRUTURA DA MATERIA
11202230669;DC2BIL0304-15SA;EVOLUCAO E DIVERSIFICACAO DA VIDA NA TERRA
11202230669;DC2BIS0003-15SA;BASES MATEMATICAS
11202230669;DC4BIS0005-15SA;BASES COMPUTACIONAIS DA CIENCIA
11202230669;DC5BCS0001-15SA;BASE EXPERIMENTAL DAS CIENCIAS NATURAIS
11202231974;DA1BIJ0207-15SA;BASES CONCEITUAIS DA ENERGIA
11202231974;DA1BIK0102-15SA;ESTRUTURA DA MATERIA
11202231974;DA1BIL0304-15SA;EVOLUCAO E DIVERSIFICACAO DA VIDA NA TERRA
11202231974;DA1BIS0003-15SA;BASES MATEMATICAS
11202231974;DA3BCS0001-15SA;BASE EXPERIMENTAL DAS CIENCIAS NATURAIS
11202231974;DA3BIS0005-15SA;BASES COMPUTACIONAIS DA CIENCIA
11202232359;NB1BIJ0207-15SB;BASES CONCEITUAIS DA ENERGIA
11202232359;NB1BIK0102-15SB;ESTRUTURA DA MATERIA
11202232359;NB1BIL0304-15SB;EVOLUCAO E DIVERSIFICACAO DA VIDA NA TERRA
11202232359;NB1BIS0003-15SB;BASES MATEMATICAS
11202232359;NB2BCS0001-15SB;BASE EXPERIMENTAL DAS CIENCIAS NATURAIS
11202232359;NB2BIS0005-15SB;BASES COMPUTACIONAIS DA CIENCIA
11202212422;NA1BHO0001-19SB;INTRODUCAO AS HUMANIDADES E AS CIENCIAS SOCIAIS
11202212422;NA1BHP0202-19SB;TEMAS E PROBLEMAS EM FILOSOFIA
11202212422;NA1BHQ0001-15SB;IDENTIDADE E CULTURA
11202212422;NA1BHQ0003-15SB;INTERPRETACOES DO BRASIL
11202212422;NA2BIQ0602-15SB;ESTRUTURA E DINAMICA SOCIAL
11202212422;NA4BIS0005-15SB;BASES COMPUTACIONAIS DA CIENCIA
11202231742;DA1BHO0001-19SB;INTRODUCAO AS HUMANIDADES E AS CIENCIAS SOCIAIS
11202231742;DA1BHP0202-19SB;TEMAS E PROBLEMAS EM FILOSOFIA
11202231742;DA1BHQ0001-15SB;IDENTIDADE E CULTURA
11202231742;DA1BHQ0003-15SB;INTERPRETACOES DO BRASIL
11202231742;DA2BIQ0602-15SB;ESTRUTURA E DINAMICA SOCIAL
11202231742;DA5BIS0005-15SB;BASES COMPUTACIONAIS DA CIENCIA
11202232484;NB7BIS0005-15SA;BASES COMPUTACIONAIS DA CIENCIA
11202232484;NB3BIJ0207-15SA;BASES CONCEITUAIS DA ENERGIA
11202232484;NB2BIR0603-15SA;CIENCIA, TECNOLOGIA E SOCIEDADE
11202232484;NB1NHI5001-15SA;DESENVOLVIMENTO E APRENDIZAGEM
11202232484;NB1NHZ5023-18SA;PRATICAS ESCOLARES EM EDUCACAO ESPECIAL E INCLUSIVA
11202232484;NB1NHZ2099-16SA;TOPICOS CONTEMPORANEOS EM EDUCACAO E FILOSOFIA
11202232006;NB1BIJ0207-15SA;BASES CONCEITUAIS DA ENERGIA
11202232006;NB1BIK0102-15SA;ESTRUTURA DA MATERIA
11202232006;NB1BIL0304-15SA;EVOLUCAO E DIVERSIFICACAO DA VIDA NA TERRA
11202232006;NB1BIS0003-15SA;BASES MATEMATICAS
11202232006;NB3BCS0001-15SA;BASE EXPERIMENTAL DAS CIENCIAS NATURAIS
11202232006;NB3BIS0005-15SA;BASES COMPUTACIONAIS DA CIENCIA
11202231087;DC1BCS0001-15SB;BASE EXPERIMENTAL DAS CIENCIAS NATURAIS
11202231087;DC1BIJ0207-15SB;BASES CONCEITUAIS DA ENERGIA
11202231087;DC1BIK0102-15SB;ESTRUTURA DA MATERIA
11202231087;DC1BIL0304-15SB;EVOLUCAO E DIVERSIFICACAO DA VIDA NA TERRA
11202231087;DC1BIS0003-15SB;BASES MATEMATICAS
11202231087;DC1BIS0005-15SB;BASES COMPUTACIONAIS DA CIENCIA
11202230664;NA1BIR0603-15SA;CIENCIA, TECNOLOGIA E SOCIEDADE
11202230664;NA1NHI5001-15SA;DESENVOLVIMENTO E APRENDIZAGEM
11202230664;NA1NHZ2099-16SA;TOPICOS CONTEMPORANEOS EM EDUCACAO E FILOSOFIA
11202230664;NA1NHZ5023-18SA;PRATICAS ESCOLARES EM EDUCACAO ESPECIAL E INCLUSIVA
11202230664;NA3BIJ0207-15SA;BASES CONCEITUAIS DA ENERGIA
11202230664;NA7BIS0005-15SA;BASES COMPUTACIONAIS DA CIENCIA
11202231334;DA1BHO0001-19SB;INTRODUCAO AS HUMANIDADES E AS CIENCIAS SOCIAIS
11202231334;DA1BHP0202-19SB;TEMAS E PROBLEMAS EM FILOSOFIA
11202231334;DA1BHQ0001-15SB;IDENTIDADE E CULTURA
11202231334;DA1BHQ0003-15SB;INTERPRETACOES DO BRASIL
11202231334;DA2BIQ0602-15SB;ESTRUTURA E DINAMICA SOCIAL
11202231334;DA5BIS0005-15SB;BASES COMPUTACIONAIS DA CIENCIA
11202231655;NB1BCS0001-15SB;BASE EXPERIMENTAL DAS CIENCIAS NATURAIS
11202231655;NB1BIJ0207-15SB;BASES CONCEITUAIS DA ENERGIA
11202231655;NB1BIK0102-15SB;ESTRUTURA DA MATERIA
11202231655;NB1BIL0304-15SB;EVOLUCAO E DIVERSIFICACAO DA VIDA NA TERRA
11202231655;NB1BIS0003-15SB;BASES MATEMATICAS
11202231655;NB1BIS0005-15SB;BASES COMPUTACIONAIS DA CIENCIA
11202231057;DA2BIJ0207-15SA;BASES CONCEITUAIS DA ENERGIA
11202231057;DA2BIK0102-15SA;ESTRUTURA DA MATERIA
11202231057;DA2BIL0304-15SA;EVOLUCAO E DIVERSIFICACAO DA VIDA NA TERRA
11202231057;DA2BIS0003-15SA;BASES MATEMATICAS
11202231057;DA5BIS0005-15SA;BASES COMPUTACIONAIS DA CIENCIA
11202231057;DA6BCS0001-15SA;BASE EXPERIMENTAL DAS CIENCIAS NATURAIS
11202232107;DC2BIJ0207-15SA;BASES CONCEITUAIS DA ENERGIA
11202232107;DC2BIK0102-15SA;ESTRUTURA DA MATERIA
11202232107;DC2BIL0304-15SA;EVOLUCAO E DIVERSIFICACAO DA VIDA NA TERRA
11202232107;DC2BIS0003-15SA;BASES MATEMATICAS
11202232107;DC4BIS0005-15SA;BASES COMPUTACIONAIS DA CIENCIA
11202232107;DC5BCS0001-15SA;BASE EXPERIMENTAL DAS CIENCIAS NATURAIS
11202231211;NA1BHO0001-19SB;INTRODUCAO AS HUMANIDADES E AS CIENCIAS SOCIAIS
11202231211;NA1BHP0202-19SB;TEMAS E PROBLEMAS EM FILOSOFIA
11202231211;NA1BHQ0001-15SB;IDENTIDADE E CULTURA
11202231211;NA1BHQ0003-15SB;INTERPRETACOES DO BRASIL
11202231211;NA2BIQ0602-15SB;ESTRUTURA E DINAMICA SOCIAL
11202231211;NA4BIS0005-15SB;BASES COMPUTACIONAIS DA CIENCIA
11202231926;DB1BIJ0207-15SA;BASES CONCEITUAIS DA ENERGIA
11202231926;DB1BIK0102-15SA;ESTRUTURA DA MATERIA
11202231926;DB1BIL0304-15SA;EVOLUCAO E DIVERSIFICACAO DA VIDA NA TERRA
11202231926;DB1BIS0003-15SA;BASES MATEMATICAS
11202231926;DB5BIS0005-15SA;BASES COMPUTACIONAIS DA CIENCIA
11202231926;DB6BCS0001-15SA;BASE EXPERIMENTAL DAS CIENCIAS NATURAIS
11202230722;DA1BHO0001-19SB;INTRODUCAO AS HUMANIDADES E AS CIENCIAS SOCIAIS
11202230722;DA1BHP0202-19SB;TEMAS E PROBLEMAS EM FILOSOFIA
11202230722;DA1BHQ0001-15SB;IDENTIDADE E CULTURA
11202230722;DA1BHQ0003-15SB;INTERPRETACOES DO BRASIL
11202230722;DA2BIQ0602-15SB;ESTRUTURA E DINAMICA SOCIAL
11202230722;DA5BIS0005-15SB;BASES COMPUTACIONAIS DA CIENCIA
11202231042;NC2BIJ0207-15SA;BASES CONCEITUAIS DA ENERGIA
11202231042;NC2BIK0102-15SA;ESTRUTURA DA MATERIA
11202231042;NC2BIL0304-15SA;EVOLUCAO E DIVERSIFICACAO DA VIDA NA TERRA
11202231042;NC2BIS0003-15SA;BASES MATEMATICAS
11202231042;NC5BCS0001-15SA;BASE EXPERIMENTAL DAS CIENCIAS NATURAIS
11202231042;NC5BIS0005-15SA;BASES COMPUTACIONAIS DA CIENCIA
11202231002;NA1BHO0001-19SB;INTRODUCAO AS HUMANIDADES E AS CIENCIAS SOCIAIS
11202231002;NA1BHP0202-19SB;TEMAS E PROBLEMAS EM FILOSOFIA
11202231002;NA1BHQ0001-15SB;IDENTIDADE E CULTURA
11202231002;NA1BHQ0003-15SB;INTERPRETACOES DO BRASIL
11202231002;NA2BIQ0602-15SB;ESTRUTURA E DINAMICA SOCIAL
11202231002;NA4BIS0005-15SB;BASES COMPUTACIONAIS DA CIENCIA
11202231505;DA1BHO0001-19SB;INTRODUCAO AS HUMANIDADES E AS CIENCIAS SOCIAIS
11202231505;DA1BHP0202-19SB;TEMAS E PROBLEMAS EM FILOSOFIA
11202231505;DA1BHQ0001-15SB;IDENTIDADE E CULTURA
11202231505;DA1BHQ0003-15SB;INTERPRETACOES DO BRASIL
11202231505;DA2BIQ0602-15SB;ESTRUTURA E DINAMICA SOCIAL
11202231505;DA5BIS0005-15SB;BASES COMPUTACIONAIS DA CIENCIA
11202230309;DA1BCS0001-15SA;BASE EXPERIMENTAL DAS CIENCIAS NATURAIS
11202230309;DA1BIJ0207-15SA;BASES CONCEITUAIS DA ENERGIA
11202230309;DA1BIK0102-15SA;ESTRUTURA DA MATERIA
11202230309;DA1BIL0304-15SA;EVOLUCAO E DIVERSIFICACAO DA VIDA NA TERRA
11202230309;DA1BIS0003-15SA;BASES MATEMATICAS
11202230309;DA1BIS0005-15SA;BASES COMPUTACIONAIS DA CIENCIA
11202230920;NA1BHO0001-19SB;INTRODUCAO AS HUMANIDADES E AS CIENCIAS SOCIAIS
11202230920;NA1BHP0202-19SB;TEMAS E PROBLEMAS EM FILOSOFIA
11202230920;NA1BHQ0001-15SB;IDENTIDADE E CULTURA
11202230920;NA1BHQ0003-15SB;INTERPRETACOES DO BRASIL
11202230920;NA2BIQ0602-15SB;ESTRUTURA E DINAMICA SOCIAL
11202230920;NA4BIS0005-15SB;BASES COMPUTACIONAIS DA CIENCIA
11202231950;NA1BIJ0207-15SB;BASES CONCEITUAIS DA ENERGIA
11202231950;NA1BIK0102-15SB;ESTRUTURA DA MATERIA
11202231950;NA1BIL0304-15SB;EVOLUCAO E DIVERSIFICACAO DA VIDA NA TERRA
11202231950;NA1BIS0003-15SB;BASES MATEMATICAS
11202231950;NA2BCS0001-15SB;BASE EXPERIMENTAL DAS CIENCIAS NATURAIS
11202231950;NA2BIS0005-15SB;BASES COMPUTACIONAIS DA CIENCIA
11202230630;DC1BCS0001-15SA;BASE EXPERIMENTAL DAS CIENCIAS NATURAIS
11202230630;DC1BIJ0207-15SA;BASES CONCEITUAIS DA ENERGIA
11202230630;DC1BIK0102-15SA;ESTRUTURA DA MATERIA
11202230630;DC1BIL0304-15SA;EVOLUCAO E DIVERSIFICACAO DA VIDA NA TERRA
11202230630;DC1BIS0003-15SA;BASES MATEMATICAS
11202230630;DC1BIS0005-15SA;BASES COMPUTACIONAIS DA CIENCIA
11202232126;NC1BIJ0207-15SA;BASES CONCEITUAIS DA ENERGIA
11202232126;NC1BIK0102-15SA;ESTRUTURA DA MATERIA
11202232126;NC1BIL0304-15SA;EVOLUCAO E DIVERSIFICACAO DA VIDA NA TERRA
11202232126;NC1BIS0003-15SA;BASES MATEMATICAS
11202232126;NC2BCS0001-15SA;BASE EXPERIMENTAL DAS CIENCIAS NATURAIS
11202232126;NC2BIS0005-15SA;BASES COMPUTACIONAIS DA CIENCIA
11202231754;DA2BIJ0207-15SA;BASES CONCEITUAIS DA ENERGIA
11202231754;DA2BIK0102-15SA;ESTRUTURA DA MATERIA
11202231754;DA2BIL0304-15SA;EVOLUCAO E DIVERSIFICACAO DA VIDA NA TERRA
11202231754;DA2BIS0003-15SA;BASES MATEMATICAS
11202231754;DA5BIS0005-15SA;BASES COMPUTACIONAIS DA CIENCIA
11202231754;DA6BCS0001-15SA;BASE EXPERIMENTAL DAS CIENCIAS NATURAIS
11202232361;NC1BIJ0207-15SB;BASES CONCEITUAIS DA ENERGIA
11202232361;NC1BIK0102-15SB;ESTRUTURA DA MATERIA
11202232361;NC1BIL0304-15SB;EVOLUCAO E DIVERSIFICACAO DA VIDA NA TERRA
11202232361;NC1BIS0003-15SB;BASES MATEMATICAS
11202232361;NC2BCS0001-15SB;BASE EXPERIMENTAL DAS CIENCIAS NATURAIS
11202232361;NC2BIS0005-15SB;BASES COMPUTACIONAIS DA CIENCIA
11202230372;DA1BIR0603-15SA;CIENCIA, TECNOLOGIA E SOCIEDADE
11202230372;DA1NHI5001-15SA;DESENVOLVIMENTO E APRENDIZAGEM
11202230372;DA1NHZ2099-16SA;TOPICOS CONTEMPORANEOS EM EDUCACAO E FILOSOFIA
11202230372;DA1NHZ5023-18SA;PRATICAS ESCOLARES EM EDUCACAO ESPECIAL E INCLUSIVA
11202230372;DA3BIJ0207-15SA;BASES CONCEITUAIS DA ENERGIA
11202230372;DA7BIS0005-15SA;BASES COMPUTACIONAIS DA CIENCIA
11202230622;DA1BIJ0207-15SB;BASES CONCEITUAIS DA ENERGIA
11202230622;DA1BIK0102-15SB;ESTRUTURA DA MATERIA
11202230622;DA1BIL0304-15SB;EVOLUCAO E DIVERSIFICACAO DA VIDA NA TERRA
11202230622;DA1BIS0003-15SB;BASES MATEMATICAS
11202230622;DA3BCS0001-15SB;BASE EXPERIMENTAL DAS CIENCIAS NATURAIS
11202230622;DA3BIS0005-15SB;BASES COMPUTACIONAIS DA CIENCIA
11202230835;DA2BCS0001-15SA;BASE EXPERIMENTAL DAS CIENCIAS NATURAIS
11202230835;DA2BIJ0207-15SA;BASES CONCEITUAIS DA ENERGIA
11202230835;DA2BIK0102-15SA;ESTRUTURA DA MATERIA
11202230835;DA2BIL0304-15SA;EVOLUCAO E DIVERSIFICACAO DA VIDA NA TERRA
11202230835;DA2BIS0003-15SA;BASES MATEMATICAS
11202230835;DA2BIS0005-15SA;BASES COMPUTACIONAIS DA CIENCIA
11202231671;NC2BIJ0207-15SA;BASES CONCEITUAIS DA ENERGIA
11202231671;NC2BIK0102-15SA;ESTRUTURA DA MATERIA
11202231671;NC2BIL0304-15SA;EVOLUCAO E DIVERSIFICACAO DA VIDA NA TERRA
11202231671;NC2BIS0003-15SA;BASES MATEMATICAS
11202231671;NC4BCS0001-15SA;BASE EXPERIMENTAL DAS CIENCIAS NATURAIS
11202231671;NC4BIS0005-15SA;BASES COMPUTACIONAIS DA CIENCIA
11202232175;NA1BIR0603-15SA;CIENCIA, TECNOLOGIA E SOCIEDADE
11202232175;NA1NHI5001-15SA;DESENVOLVIMENTO E APRENDIZAGEM
11202232175;NA1NHZ2099-16SA;TOPICOS CONTEMPORANEOS EM EDUCACAO E FILOSOFIA
11202232175;NA1NHZ5023-18SA;PRATICAS ESCOLARES EM EDUCACAO ESPECIAL E INCLUSIVA
11202232175;NA3BIJ0207-15SA;BASES CONCEITUAIS DA ENERGIA
11202232175;NA7BIS0005-15SA;BASES COMPUTACIONAIS DA CIENCIA
11202231897;NB1BIJ0207-15SA;BASES CONCEITUAIS DA ENERGIA
11202231897;NB1BIK0102-15SA;ESTRUTURA DA MATERIA
11202231897;NB1BIL0304-15SA;EVOLUCAO E DIVERSIFICACAO DA VIDA NA TERRA
11202231897;NB1BIS0003-15SA;BASES MATEMATICAS
11202231897;NB2BCS0001-15SA;BASE EXPERIMENTAL DAS CIENCIAS NATURAIS
11202231897;NB2BIS0005-15SA;BASES COMPUTACIONAIS DA CIENCIA
11202230783;DA1BHO0001-19SB;INTRODUCAO AS HUMANIDADES E AS CIENCIAS SOCIAIS
11202230783;DA1BHP0202-19SB;TEMAS E PROBLEMAS EM FILOSOFIA
11202230783;DA1BHQ0001-15SB;IDENTIDADE E CULTURA
11202230783;DA1BHQ0003-15SB;INTERPRETACOES DO BRASIL
11202230783;DA2BIQ0602-15SB;ESTRUTURA E DINAMICA SOCIAL
11202230783;DA5BIS0005-15SB;BASES COMPUTACIONAIS DA CIENCIA
11202230982;DB2BIJ0207-15SA;BASES CONCEITUAIS DA ENERGIA
11202230982;DB2BIK0102-15SA;ESTRUTURA DA MATERIA
11202230982;DB2BIL0304-15SA;EVOLUCAO E DIVERSIFICACAO DA VIDA NA TERRA
11202230982;DB2BIS0003-15SA;BASES MATEMATICAS
11202230982;DB2BIS0005-15SA;BASES COMPUTACIONAIS DA CIENCIA
11202230982;DB3BCS0001-15SA;BASE EXPERIMENTAL DAS CIENCIAS NATURAIS
11202212414;NB2BIJ0207-15SA;BASES CONCEITUAIS DA ENERGIA
11202212414;NB2BIK0102-15SA;ESTRUTURA DA MATERIA
11202212414;NB2BIL0304-15SA;EVOLUCAO E DIVERSIFICACAO DA VIDA NA TERRA
11202212414;NB2BIS0003-15SA;BASES MATEMATICAS
11202212414;NB5BIS0005-15SA;BASES COMPUTACIONAIS DA CIENCIA
11202212414;NB6BCS0001-15SA;BASE EXPERIMENTAL DAS CIENCIAS NATURAIS
11202231739;DA1BIR0603-15SA;CIENCIA, TECNOLOGIA E SOCIEDADE
11202231739;DA1NHI5001-15SA;DESENVOLVIMENTO E APRENDIZAGEM
11202231739;DA1NHZ2099-16SA;TOPICOS CONTEMPORANEOS EM EDUCACAO E FILOSOFIA
11202231739;DA1NHZ5023-18SA;PRATICAS ESCOLARES EM EDUCACAO ESPECIAL E INCLUSIVA
11202231739;DA3BIJ0207-15SA;BASES CONCEITUAIS DA ENERGIA
11202231739;DA7BIS0005-15SA;BASES COMPUTACIONAIS DA CIENCIA
11202232363;NA1BHO0001-19SB;INTRODUCAO AS HUMANIDADES E AS CIENCIAS SOCIAIS
11202232363;NA1BHP0202-19SB;TEMAS E PROBLEMAS EM FILOSOFIA
11202232363;NA1BHQ0001-15SB;IDENTIDADE E CULTURA
11202232363;NA1BHQ0003-15SB;INTERPRETACOES DO BRASIL
11202232363;NA2BIQ0602-15SB;ESTRUTURA E DINAMICA SOCIAL
11202232363;NA4BIS0005-15SB;BASES COMPUTACIONAIS DA CIENCIA
11202232030;DC1BCS0001-15SA;BASE EXPERIMENTAL DAS CIENCIAS NATURAIS
11202232030;DC1BIJ0207-15SA;BASES CONCEITUAIS DA ENERGIA
11202232030;DC1BIK0102-15SA;ESTRUTURA DA MATERIA
11202232030;DC1BIL0304-15SA;EVOLUCAO E DIVERSIFICACAO DA VIDA NA TERRA
11202232030;DC1BIS0003-15SA;BASES MATEMATICAS
11202232030;DC1BIS0005-15SA;BASES COMPUTACIONAIS DA CIENCIA
11202232366;DA2BIJ0207-15SA;BASES CONCEITUAIS DA ENERGIA
11202232366;DA2BIK0102-15SA;ESTRUTURA DA MATERIA
11202232366;DA2BIL0304-15SA;EVOLUCAO E DIVERSIFICACAO DA VIDA NA TERRA
11202232366;DA2BIS0003-15SA;BASES MATEMATICAS
11202232366;DA5BCS0001-15SA;BASE EXPERIMENTAL DAS CIENCIAS NATURAIS
11202232366;DA5BIS0005-15SA;BASES COMPUTACIONAIS DA CIENCIA
11202230770;NB2BIJ0207-15SA;BASES CONCEITUAIS DA ENERGIA
11202230770;NB2BIK0102-15SA;ESTRUTURA DA MATERIA
11202230770;NB2BIL0304-15SA;EVOLUCAO E DIVERSIFICACAO DA VIDA NA TERRA
11202230770;NB2BIS0003-15SA;BASES MATEMATICAS
11202230770;NB3BIS0005-15SA;BASES COMPUTACIONAIS DA CIENCIA
11202230770;NB4BCS0001-15SA;BASE EXPERIMENTAL DAS CIENCIAS NATURAIS
11202232105;DA1BCS0001-15SB;BASE EXPERIMENTAL DAS CIENCIAS NATURAIS
11202232105;DA1BIJ0207-15SB;BASES CONCEITUAIS DA ENERGIA
11202232105;DA1BIK0102-15SB;ESTRUTURA DA MATERIA
11202232105;DA1BIL0304-15SB;EVOLUCAO E DIVERSIFICACAO DA VIDA NA TERRA
11202232105;DA1BIS0003-15SB;BASES MATEMATICAS
11202232105;DA1BIS0005-15SB;BASES COMPUTACIONAIS DA CIENCIA
11202231124;NC1BIJ0207-15SA;BASES CONCEITUAIS DA ENERGIA
11202231124;NC1BIK0102-15SA;ESTRUTURA DA MATERIA
11202231124;NC1BIL0304-15SA;EVOLUCAO E DIVERSIFICACAO DA VIDA NA TERRA
11202231124;NC1BIS0003-15SA;BASES MATEMATICAS
11202231124;NC3BCS0001-15SA;BASE EXPERIMENTAL DAS CIENCIAS NATURAIS
11202231124;NC3BIS0005-15SA;BASES COMPUTACIONAIS DA CIENCIA
11202231336;DA1BHO0001-19SB;INTRODUCAO AS HUMANIDADES E AS CIENCIAS SOCIAIS
11202231336;DA1BHP0202-19SB;TEMAS E PROBLEMAS EM FILOSOFIA
11202231336;DA1BHQ0001-15SB;IDENTIDADE E CULTURA
11202231336;DA1BHQ0003-15SB;INTERPRETACOES DO BRASIL
11202231336;DA2BIQ0602-15SB;ESTRUTURA E DINAMICA SOCIAL
11202231336;DA5BIS0005-15SB;BASES COMPUTACIONAIS DA CIENCIA
11202231538;NA1BCS0001-15SA;BASE EXPERIMENTAL DAS CIENCIAS NATURAIS
11202231538;NA1BIJ0207-15SA;BASES CONCEITUAIS DA ENERGIA
11202231538;NA1BIK0102-15SA;ESTRUTURA DA MATERIA
11202231538;NA1BIL0304-15SA;EVOLUCAO E DIVERSIFICACAO DA VIDA NA TERRA
11202231538;NA1BIS0003-15SA;BASES MATEMATICAS
11202231538;NA1BIS0005-15SA;BASES COMPUTACIONAIS DA CIENCIA
11202231138;NA2BIJ0207-15SA;BASES CONCEITUAIS DA ENERGIA
11202231138;NA2BIK0102-15SA;ESTRUTURA DA MATERIA
11202231138;NA2BIL0304-15SA;EVOLUCAO E DIVERSIFICACAO DA VIDA NA TERRA
11202231138;NA2BIS0003-15SA;BASES MATEMATICAS
11202231138;NA3BIS0005-15SA;BASES COMPUTACIONAIS DA CIENCIA
11202231138;NA4BCS0001-15SA;BASE EXPERIMENTAL DAS CIENCIAS NATURAIS
11202230964;DA1BIR0603-15SA;CIENCIA, TECNOLOGIA E SOCIEDADE
11202230964;DA1NHI5001-15SA;DESENVOLVIMENTO E APRENDIZAGEM
11202230964;DA1NHZ2099-16SA;TOPICOS CONTEMPORANEOS EM EDUCACAO E FILOSOFIA
11202230964;DA1NHZ5023-18SA;PRATICAS ESCOLARES EM EDUCACAO ESPECIAL E INCLUSIVA
11202230964;DA3BIJ0207-15SA;BASES CONCEITUAIS DA ENERGIA
11202230964;DA7BIS0005-15SA;BASES COMPUTACIONAIS DA CIENCIA
11202231573;NC1BIJ0207-15SA;BASES CONCEITUAIS DA ENERGIA
11202231573;NC1BIK0102-15SA;ESTRUTURA DA MATERIA
11202231573;NC1BIL0304-15SA;EVOLUCAO E DIVERSIFICACAO DA VIDA NA TERRA
11202231573;NC1BIS0003-15SA;BASES MATEMATICAS
11202231573;NC3BCS0001-15SA;BASE EXPERIMENTAL DAS CIENCIAS NATURAIS
11202231573;NC3BIS0005-15SA;BASES COMPUTACIONAIS DA CIENCIA
11202231700;DB1BIJ0207-15SA;BASES CONCEITUAIS DA ENERGIA
11202231700;DB1BIK0102-15SA;ESTRUTURA DA MATERIA
11202231700;DB1BIL0304-15SA;EVOLUCAO E DIVERSIFICACAO DA VIDA NA TERRA
11202231700;DB1BIS0003-15SA;BASES MATEMATICAS
11202231700;DB4BCS0001-15SA;BASE EXPERIMENTAL DAS CIENCIAS NATURAIS
11202231700;DB4BIS0005-15SA;BASES COMPUTACIONAIS DA CIENCIA
11202232369;NB1BCS0001-15SB;BASE EXPERIMENTAL DAS CIENCIAS NATURAIS
11202232369;NB1BIJ0207-15SB;BASES CONCEITUAIS DA ENERGIA
11202232369;NB1BIK0102-15SB;ESTRUTURA DA MATERIA
11202232369;NB1BIL0304-15SB;EVOLUCAO E DIVERSIFICACAO DA VIDA NA TERRA
11202232369;NB1BIS0003-15SB;BASES MATEMATICAS
11202232369;NB1BIS0005-15SB;BASES COMPUTACIONAIS DA CIENCIA
11202230447;DC1BIJ0207-15SA;BASES CONCEITUAIS DA ENERGIA
11202230447;DC1BIK0102-15SA;ESTRUTURA DA MATERIA
11202230447;DC1BIL0304-15SA;EVOLUCAO E DIVERSIFICACAO DA VIDA NA TERRA
11202230447;DC1BIS0003-15SA;BASES MATEMATICAS
11202230447;DC2BIS0005-15SA;BASES COMPUTACIONAIS DA CIENCIA
11202230447;DC3BCS0001-15SA;BASE EXPERIMENTAL DAS CIENCIAS NATURAIS
11202231429;DB1BIJ0207-15SA;BASES CONCEITUAIS DA ENERGIA
11202231429;DB1BIK0102-15SA;ESTRUTURA DA MATERIA
11202231429;DB1BIL0304-15SA;EVOLUCAO E DIVERSIFICACAO DA VIDA NA TERRA
11202231429;DB1BIS0003-15SA;BASES MATEMATICAS
11202231429;DB5BIS0005-15SA;BASES COMPUTACIONAIS DA CIENCIA
11202231429;DB6BCS0001-15SA;BASE EXPERIMENTAL DAS CIENCIAS NATURAIS
11202231294;DA1BIR0603-15SA;CIENCIA, TECNOLOGIA E SOCIEDADE
11202231294;DA1NHI5001-15SA;DESENVOLVIMENTO E APRENDIZAGEM
11202231294;DA1NHZ2099-16SA;TOPICOS CONTEMPORANEOS EM EDUCACAO E FILOSOFIA
11202231294;DA1NHZ5023-18SA;PRATICAS ESCOLARES EM EDUCACAO ESPECIAL E INCLUSIVA
11202231294;DA3BIJ0207-15SA;BASES CONCEITUAIS DA ENERGIA
11202231294;DA7BIS0005-15SA;BASES COMPUTACIONAIS DA CIENCIA
11202232371;NA1BIJ0207-15SA;BASES CONCEITUAIS DA ENERGIA
11202232371;NA1BIK0102-15SA;ESTRUTURA DA MATERIA
11202232371;NA1BIL0304-15SA;EVOLUCAO E DIVERSIFICACAO DA VIDA NA TERRA
11202232371;NA1BIS0003-15SA;BASES MATEMATICAS
11202232371;NA3BCS0001-15SA;BASE EXPERIMENTAL DAS CIENCIAS NATURAIS
11202232371;NA3BIS0005-15SA;BASES COMPUTACIONAIS DA CIENCIA
11202212423;NC1BIJ0207-15SB;BASES CONCEITUAIS DA ENERGIA
11202212423;NC1BIK0102-15SB;ESTRUTURA DA MATERIA
11202212423;NC1BIL0304-15SB;EVOLUCAO E DIVERSIFICACAO DA VIDA NA TERRA
11202212423;NC1BIS0003-15SB;BASES MATEMATICAS
11202212423;NC2BCS0001-15SB;BASE EXPERIMENTAL DAS CIENCIAS NATURAIS
11202212423;NC2BIS0005-15SB;BASES COMPUTACIONAIS DA CIENCIA
11202230975;DA1BIJ0207-15SB;BASES CONCEITUAIS DA ENERGIA
11202230975;DA1BIK0102-15SB;ESTRUTURA DA MATERIA
11202230975;DA1BIL0304-15SB;EVOLUCAO E DIVERSIFICACAO DA VIDA NA TERRA
11202230975;DA1BIS0003-15SB;BASES MATEMATICAS
11202230975;DA3BCS0001-15SB;BASE EXPERIMENTAL DAS CIENCIAS NATURAIS
11202230975;DA3BIS0005-15SB;BASES COMPUTACIONAIS DA CIENCIA
11202231027;NB1BIJ0207-15SB;BASES CONCEITUAIS DA ENERGIA
11202231027;NB1BIK0102-15SB;ESTRUTURA DA MATERIA
11202231027;NB1BIL0304-15SB;EVOLUCAO E DIVERSIFICACAO DA VIDA NA TERRA
11202231027;NB1BIS0003-15SB;BASES MATEMATICAS
11202231027;NB2BCS0001-15SB;BASE EXPERIMENTAL DAS CIENCIAS NATURAIS
11202231027;NB2BIS0005-15SB;BASES COMPUTACIONAIS DA CIENCIA
11202230940;NA1BIJ0207-15SB;BASES CONCEITUAIS DA ENERGIA
11202230940;NA1BIK0102-15SB;ESTRUTURA DA MATERIA
11202230940;NA1BIL0304-15SB;EVOLUCAO E DIVERSIFICACAO DA VIDA NA TERRA
11202230940;NA1BIS0003-15SB;BASES MATEMATICAS
11202230940;NA2BCS0001-15SB;BASE EXPERIMENTAL DAS CIENCIAS NATURAIS
11202230940;NA2BIS0005-15SB;BASES COMPUTACIONAIS DA CIENCIA
11202230776;DA1BIR0603-15SA;CIENCIA, TECNOLOGIA E SOCIEDADE
11202230776;DA1NHI5001-15SA;DESENVOLVIMENTO E APRENDIZAGEM
11202230776;DA1NHZ2099-16SA;TOPICOS CONTEMPORANEOS EM EDUCACAO E FILOSOFIA
11202230776;DA1NHZ5023-18SA;PRATICAS ESCOLARES EM EDUCACAO ESPECIAL E INCLUSIVA
11202230776;DA3BIJ0207-15SA;BASES CONCEITUAIS DA ENERGIA
11202230776;DA7BIS0005-15SA;BASES COMPUTACIONAIS DA CIENCIA
11202231186;NA2BIJ0207-15SA;BASES CONCEITUAIS DA ENERGIA
11202231186;NA2BIK0102-15SA;ESTRUTURA DA MATERIA
11202231186;NA2BIL0304-15SA;EVOLUCAO E DIVERSIFICACAO DA VIDA NA TERRA
11202231186;NA2BIS0003-15SA;BASES MATEMATICAS
11202231186;NA3BIS0005-15SA;BASES COMPUTACIONAIS DA CIENCIA
11202231186;NA4BCS0001-15SA;BASE EXPERIMENTAL DAS CIENCIAS NATURAIS
11202230930;DC2BIJ0207-15SA;BASES CONCEITUAIS DA ENERGIA
11202230930;DC2BIK0102-15SA;ESTRUTURA DA MATERIA
11202230930;DC2BIL0304-15SA;EVOLUCAO E DIVERSIFICACAO DA VIDA NA TERRA
11202230930;DC2BIS0003-15SA;BASES MATEMATICAS
11202230930;DC4BIS0005-15SA;BASES COMPUTACIONAIS DA CIENCIA
11202230930;DC5BCS0001-15SA;BASE EXPERIMENTAL DAS CIENCIAS NATURAIS
11202231452;NB2BIJ0207-15SA;BASES CONCEITUAIS DA ENERGIA
11202231452;NB2BIK0102-15SA;ESTRUTURA DA MATERIA
11202231452;NB2BIL0304-15SA;EVOLUCAO E DIVERSIFICACAO DA VIDA NA TERRA
11202231452;NB2BIS0003-15SA;BASES MATEMATICAS
11202231452;NB3BIS0005-15SA;BASES COMPUTACIONAIS DA CIENCIA
11202231452;NB4BCS0001-15SA;BASE EXPERIMENTAL DAS CIENCIAS NATURAIS
11202231092;NA1BIR0603-15SA;CIENCIA, TECNOLOGIA E SOCIEDADE
11202231092;NA1NHI5001-15SA;DESENVOLVIMENTO E APRENDIZAGEM
11202231092;NA1NHZ2099-16SA;TOPICOS CONTEMPORANEOS EM EDUCACAO E FILOSOFIA
11202231092;NA1NHZ5023-18SA;PRATICAS ESCOLARES EM EDUCACAO ESPECIAL E INCLUSIVA
11202231092;NA3BIJ0207-15SA;BASES CONCEITUAIS DA ENERGIA
11202231092;NA7BIS0005-15SA;BASES COMPUTACIONAIS DA CIENCIA
11202212492;NC6BCS0001-15SA;BASE EXPERIMENTAL DAS CIENCIAS NATURAIS
11202212492;NC6BIS0005-15SA;BASES COMPUTACIONAIS DA CIENCIA
11202212492;NC2BIJ0207-15SA;BASES CONCEITUAIS DA ENERGIA
11202212492;NC2BIS0003-15SA;BASES MATEMATICAS
11202212492;NC2BIK0102-15SA;ESTRUTURA DA MATERIA
11202212492;NC2BIL0304-15SA;EVOLUCAO E DIVERSIFICACAO DA VIDA NA TERRA
11202230843;DB1BIJ0207-15SA;BASES CONCEITUAIS DA ENERGIA
11202230843;DB1BIK0102-15SA;ESTRUTURA DA MATERIA
11202230843;DB1BIL0304-15SA;EVOLUCAO E DIVERSIFICACAO DA VIDA NA TERRA
11202230843;DB1BIS0003-15SA;BASES MATEMATICAS
11202230843;DB4BIS0005-15SA;BASES COMPUTACIONAIS DA CIENCIA
11202230843;DB5BCS0001-15SA;BASE EXPERIMENTAL DAS CIENCIAS NATURAIS
11202212493;DC6BCS0001-15SA;BASE EXPERIMENTAL DAS CIENCIAS NATURAIS
11202212493;DC4BIS0005-15SA;BASES COMPUTACIONAIS DA CIENCIA
11202212493;DC2BIJ0207-15SA;BASES CONCEITUAIS DA ENERGIA
11202212493;DC2BIS0003-15SA;BASES MATEMATICAS
11202212493;DC2BIK0102-15SA;ESTRUTURA DA MATERIA
11202212493;DC2BIL0304-15SA;EVOLUCAO E DIVERSIFICACAO DA VIDA NA TERRA
11202231787;NA1BHO0001-19SB;INTRODUCAO AS HUMANIDADES E AS CIENCIAS SOCIAIS
11202231787;NA1BHP0202-19SB;TEMAS E PROBLEMAS EM FILOSOFIA
11202231787;NA1BHQ0001-15SB;IDENTIDADE E CULTURA
11202231787;NA1BHQ0003-15SB;INTERPRETACOES DO BRASIL
11202231787;NA2BIQ0602-15SB;ESTRUTURA E DINAMICA SOCIAL
11202231787;NA4BIS0005-15SB;BASES COMPUTACIONAIS DA CIENCIA
11202230462;DB2BCS0001-15SA;BASE EXPERIMENTAL DAS CIENCIAS NATURAIS
11202230462;DB2BIJ0207-15SA;BASES CONCEITUAIS DA ENERGIA
11202230462;DB2BIK0102-15SA;ESTRUTURA DA MATERIA
11202230462;DB2BIL0304-15SA;EVOLUCAO E DIVERSIFICACAO DA VIDA NA TERRA
11202230462;DB2BIS0003-15SA;BASES MATEMATICAS
11202230462;DB2BIS0005-15SA;BASES COMPUTACIONAIS DA CIENCIA
11202230243;DC2BIJ0207-15SA;BASES CONCEITUAIS DA ENERGIA
11202230243;DC2BIK0102-15SA;ESTRUTURA DA MATERIA
11202230243;DC2BIL0304-15SA;EVOLUCAO E DIVERSIFICACAO DA VIDA NA TERRA
11202230243;DC2BIS0003-15SA;BASES MATEMATICAS
11202230243;DC4BIS0005-15SA;BASES COMPUTACIONAIS DA CIENCIA
11202230243;DC5BCS0001-15SA;BASE EXPERIMENTAL DAS CIENCIAS NATURAIS
11202212424;DB1BIJ0207-15SA;BASES CONCEITUAIS DA ENERGIA
11202212424;DB1BIK0102-15SA;ESTRUTURA DA MATERIA
11202212424;DB1BIL0304-15SA;EVOLUCAO E DIVERSIFICACAO DA VIDA NA TERRA
11202212424;DB1BIS0003-15SA;BASES MATEMATICAS
11202212424;DB4BIS0005-15SA;BASES COMPUTACIONAIS DA CIENCIA
11202212424;DB5BCS0001-15SA;BASE EXPERIMENTAL DAS CIENCIAS NATURAIS
11202230455;DB1BIJ0207-15SB;BASES CONCEITUAIS DA ENERGIA
11202230455;DB1BIK0102-15SB;ESTRUTURA DA MATERIA
11202230455;DB1BIL0304-15SB;EVOLUCAO E DIVERSIFICACAO DA VIDA NA TERRA
11202230455;DB1BIS0003-15SB;BASES MATEMATICAS
11202230455;DB2BCS0001-15SB;BASE EXPERIMENTAL DAS CIENCIAS NATURAIS
11202230455;DB2BIS0005-15SB;BASES COMPUTACIONAIS DA CIENCIA
11202231473;DB1BCS0001-15SB;BASE EXPERIMENTAL DAS CIENCIAS NATURAIS
11202231473;DB1BIJ0207-15SB;BASES CONCEITUAIS DA ENERGIA
11202231473;DB1BIK0102-15SB;ESTRUTURA DA MATERIA
11202231473;DB1BIL0304-15SB;EVOLUCAO E DIVERSIFICACAO DA VIDA NA TERRA
11202231473;DB1BIS0003-15SB;BASES MATEMATICAS
11202231473;DB1BIS0005-15SB;BASES COMPUTACIONAIS DA CIENCIA
11202230358;NA2BIJ0207-15SA;BASES CONCEITUAIS DA ENERGIA
11202230358;NA2BIK0102-15SA;ESTRUTURA DA MATERIA
11202230358;NA2BIL0304-15SA;EVOLUCAO E DIVERSIFICACAO DA VIDA NA TERRA
11202230358;NA2BIS0003-15SA;BASES MATEMATICAS
11202230358;NA4BIS0005-15SA;BASES COMPUTACIONAIS DA CIENCIA
11202230358;NA5BCS0001-15SA;BASE EXPERIMENTAL DAS CIENCIAS NATURAIS
11202230778;DA1BCS0001-15SB;BASE EXPERIMENTAL DAS CIENCIAS NATURAIS
11202230778;DA1BIJ0207-15SB;BASES CONCEITUAIS DA ENERGIA
11202230778;DA1BIK0102-15SB;ESTRUTURA DA MATERIA
11202230778;DA1BIL0304-15SB;EVOLUCAO E DIVERSIFICACAO DA VIDA NA TERRA
11202230778;DA1BIS0003-15SB;BASES MATEMATICAS
11202230778;DA1BIS0005-15SB;BASES COMPUTACIONAIS DA CIENCIA
11202230577;NA1BIR0603-15SA;CIENCIA, TECNOLOGIA E SOCIEDADE
11202230577;NA1NHI5001-15SA;DESENVOLVIMENTO E APRENDIZAGEM
11202230577;NA1NHZ2099-16SA;TOPICOS CONTEMPORANEOS EM EDUCACAO E FILOSOFIA
11202230577;NA1NHZ5023-18SA;PRATICAS ESCOLARES EM EDUCACAO ESPECIAL E INCLUSIVA
11202230577;NA3BIJ0207-15SA;BASES CONCEITUAIS DA ENERGIA
11202230577;NA7BIS0005-15SA;BASES COMPUTACIONAIS DA CIENCIA
11202230780;DB2BIJ0207-15SA;BASES CONCEITUAIS DA ENERGIA
11202230780;DB2BIK0102-15SA;ESTRUTURA DA MATERIA
11202230780;DB2BIL0304-15SA;EVOLUCAO E DIVERSIFICACAO DA VIDA NA TERRA
11202230780;DB2BIS0003-15SA;BASES MATEMATICAS
11202230780;DB3BCS0001-15SA;BASE EXPERIMENTAL DAS CIENCIAS NATURAIS
11202230780;DB3BIS0005-15SA;BASES COMPUTACIONAIS DA CIENCIA
11202230321;NC1BCS0001-15SA;BASE EXPERIMENTAL DAS CIENCIAS NATURAIS
11202230321;NC1BIJ0207-15SA;BASES CONCEITUAIS DA ENERGIA
11202230321;NC1BIK0102-15SA;ESTRUTURA DA MATERIA
11202230321;NC1BIL0304-15SA;EVOLUCAO E DIVERSIFICACAO DA VIDA NA TERRA
11202230321;NC1BIS0003-15SA;BASES MATEMATICAS
11202230321;NC1BIS0005-15SA;BASES COMPUTACIONAIS DA CIENCIA
11202231098;NB1BIJ0207-15SB;BASES CONCEITUAIS DA ENERGIA
11202231098;NB1BIK0102-15SB;ESTRUTURA DA MATERIA
11202231098;NB1BIL0304-15SB;EVOLUCAO E DIVERSIFICACAO DA VIDA NA TERRA
11202231098;NB1BIS0003-15SB;BASES MATEMATICAS
11202231098;NB3BCS0001-15SB;BASE EXPERIMENTAL DAS CIENCIAS NATURAIS
11202231098;NB3BIS0005-15SB;BASES COMPUTACIONAIS DA CIENCIA
11202231669;NA1BIJ0207-15SB;BASES CONCEITUAIS DA ENERGIA
11202231669;NA1BIK0102-15SB;ESTRUTURA DA MATERIA
11202231669;NA1BIL0304-15SB;EVOLUCAO E DIVERSIFICACAO DA VIDA NA TERRA
11202231669;NA1BIS0003-15SB;BASES MATEMATICAS
11202231669;NA2BCS0001-15SB;BASE EXPERIMENTAL DAS CIENCIAS NATURAIS
11202231669;NA2BIS0005-15SB;BASES COMPUTACIONAIS DA CIENCIA
11202231778;NA1BHO0001-19SB;INTRODUCAO AS HUMANIDADES E AS CIENCIAS SOCIAIS
11202231778;NA1BHP0202-19SB;TEMAS E PROBLEMAS EM FILOSOFIA
11202231778;NA1BHQ0001-15SB;IDENTIDADE E CULTURA
11202231778;NA1BHQ0003-15SB;INTERPRETACOES DO BRASIL
11202231778;NA2BIQ0602-15SB;ESTRUTURA E DINAMICA SOCIAL
11202231778;NA4BIS0005-15SB;BASES COMPUTACIONAIS DA CIENCIA
11202230716;DB1BCS0001-15SA;BASE EXPERIMENTAL DAS CIENCIAS NATURAIS
11202230716;DB1BIS0005-15SA;BASES COMPUTACIONAIS DA CIENCIA
11202230716;DB2BIJ0207-15SA;BASES CONCEITUAIS DA ENERGIA
11202230716;DB2BIK0102-15SA;ESTRUTURA DA MATERIA
11202230716;DB2BIL0304-15SA;EVOLUCAO E DIVERSIFICACAO DA VIDA NA TERRA
11202230716;DB2BIS0003-15SA;BASES MATEMATICAS
11202231064;DA2BCS0001-15SA;BASE EXPERIMENTAL DAS CIENCIAS NATURAIS
11202231064;DA2BIJ0207-15SA;BASES CONCEITUAIS DA ENERGIA
11202231064;DA2BIK0102-15SA;ESTRUTURA DA MATERIA
11202231064;DA2BIL0304-15SA;EVOLUCAO E DIVERSIFICACAO DA VIDA NA TERRA
11202231064;DA2BIS0003-15SA;BASES MATEMATICAS
11202231064;DA2BIS0005-15SA;BASES COMPUTACIONAIS DA CIENCIA
11202231557;DA1BIJ0207-15SA;BASES CONCEITUAIS DA ENERGIA
11202231557;DA1BIK0102-15SA;ESTRUTURA DA MATERIA
11202231557;DA1BIL0304-15SA;EVOLUCAO E DIVERSIFICACAO DA VIDA NA TERRA
11202231557;DA1BIS0003-15SA;BASES MATEMATICAS
11202231557;DA3BCS0001-15SA;BASE EXPERIMENTAL DAS CIENCIAS NATURAIS
11202231557;DA3BIS0005-15SA;BASES COMPUTACIONAIS DA CIENCIA
11202230410;NB1BIJ0207-15SB;BASES CONCEITUAIS DA ENERGIA
11202230410;NB1BIK0102-15SB;ESTRUTURA DA MATERIA
11202230410;NB1BIL0304-15SB;EVOLUCAO E DIVERSIFICACAO DA VIDA NA TERRA
11202230410;NB1BIS0003-15SB;BASES MATEMATICAS
11202230410;NB3BCS0001-15SB;BASE EXPERIMENTAL DAS CIENCIAS NATURAIS
11202230410;NB3BIS0005-15SB;BASES COMPUTACIONAIS DA CIENCIA
11202232168;DC2BIJ0207-15SA;BASES CONCEITUAIS DA ENERGIA
11202232168;DC2BIK0102-15SA;ESTRUTURA DA MATERIA
11202232168;DC2BIL0304-15SA;EVOLUCAO E DIVERSIFICACAO DA VIDA NA TERRA
11202232168;DC2BIS0003-15SA;BASES MATEMATICAS
11202232168;DC3BIS0005-15SA;BASES COMPUTACIONAIS DA CIENCIA
11202232168;DC4BCS0001-15SA;BASE EXPERIMENTAL DAS CIENCIAS NATURAIS
11202231437;DA1BIJ0207-15SA;BASES CONCEITUAIS DA ENERGIA
11202231437;DA1BIK0102-15SA;ESTRUTURA DA MATERIA
11202231437;DA1BIL0304-15SA;EVOLUCAO E DIVERSIFICACAO DA VIDA NA TERRA
11202231437;DA1BIS0003-15SA;BASES MATEMATICAS
11202231437;DA4BCS0001-15SA;BASE EXPERIMENTAL DAS CIENCIAS NATURAIS
11202231437;DA4BIS0005-15SA;BASES COMPUTACIONAIS DA CIENCIA
11202231527;NC1BIJ0207-15SA;BASES CONCEITUAIS DA ENERGIA
11202231527;NC1BIK0102-15SA;ESTRUTURA DA MATERIA
11202231527;NC1BIL0304-15SA;EVOLUCAO E DIVERSIFICACAO DA VIDA NA TERRA
11202231527;NC1BIS0003-15SA;BASES MATEMATICAS
11202231527;NC3BCS0001-15SA;BASE EXPERIMENTAL DAS CIENCIAS NATURAIS
11202231527;NC3BIS0005-15SA;BASES COMPUTACIONAIS DA CIENCIA
11202231343;NA1NHI5001-15SB;DESENVOLVIMENTO E APRENDIZAGEM
11202231343;NA1NHZ2099-16SB;TOPICOS CONTEMPORANEOS EM EDUCACAO E FILOSOFIA
11202231343;NA1NHZ5023-18SB;PRATICAS ESCOLARES EM EDUCACAO ESPECIAL E INCLUSIVA
11202231343;NA6BIS0005-15SB;BASES COMPUTACIONAIS DA CIENCIA
11202231343;NC1BIJ0207-15SB;BASES CONCEITUAIS DA ENERGIA
11202231343;NA2BIR0603-15SB;CIENCIA, TECNOLOGIA E SOCIEDADE
11202230703;NB1BIJ0207-15SB;BASES CONCEITUAIS DA ENERGIA
11202230703;NB1BIK0102-15SB;ESTRUTURA DA MATERIA
11202230703;NB1BIL0304-15SB;EVOLUCAO E DIVERSIFICACAO DA VIDA NA TERRA
11202230703;NB1BIS0003-15SB;BASES MATEMATICAS
11202230703;NB3BCS0001-15SB;BASE EXPERIMENTAL DAS CIENCIAS NATURAIS
11202230703;NB3BIS0005-15SB;BASES COMPUTACIONAIS DA CIENCIA
11202231106;NA1BIR0603-15SA;CIENCIA, TECNOLOGIA E SOCIEDADE
11202231106;NA1NHI5001-15SA;DESENVOLVIMENTO E APRENDIZAGEM
11202231106;NA1NHZ2099-16SA;TOPICOS CONTEMPORANEOS EM EDUCACAO E FILOSOFIA
11202231106;NA1NHZ5023-18SA;PRATICAS ESCOLARES EM EDUCACAO ESPECIAL E INCLUSIVA
11202231106;NA3BIJ0207-15SA;BASES CONCEITUAIS DA ENERGIA
11202231106;NA7BIS0005-15SA;BASES COMPUTACIONAIS DA CIENCIA
11202231519;DB1BIJ0207-15SA;BASES CONCEITUAIS DA ENERGIA
11202231519;DB1BIK0102-15SA;ESTRUTURA DA MATERIA
11202231519;DB1BIL0304-15SA;EVOLUCAO E DIVERSIFICACAO DA VIDA NA TERRA
11202231519;DB1BIS0003-15SA;BASES MATEMATICAS
11202231519;DB4BIS0005-15SA;BASES COMPUTACIONAIS DA CIENCIA
11202231519;DB5BCS0001-15SA;BASE EXPERIMENTAL DAS CIENCIAS NATURAIS
11202230707;NA1BIJ0207-15SA;BASES CONCEITUAIS DA ENERGIA
11202230707;NA1BIK0102-15SA;ESTRUTURA DA MATERIA
11202230707;NA1BIL0304-15SA;EVOLUCAO E DIVERSIFICACAO DA VIDA NA TERRA
11202230707;NA1BIS0003-15SA;BASES MATEMATICAS
11202230707;NA2BCS0001-15SA;BASE EXPERIMENTAL DAS CIENCIAS NATURAIS
11202230707;NA2BIS0005-15SA;BASES COMPUTACIONAIS DA CIENCIA
11202230242;NC1BIJ0207-15SA;BASES CONCEITUAIS DA ENERGIA
11202230242;NC1BIK0102-15SA;ESTRUTURA DA MATERIA
11202230242;NC1BIL0304-15SA;EVOLUCAO E DIVERSIFICACAO DA VIDA NA TERRA
11202230242;NC1BIS0003-15SA;BASES MATEMATICAS
11202230242;NC2BCS0001-15SA;BASE EXPERIMENTAL DAS CIENCIAS NATURAIS
11202230242;NC2BIS0005-15SA;BASES COMPUTACIONAIS DA CIENCIA
11202231614;DB1BCS0001-15SB;BASE EXPERIMENTAL DAS CIENCIAS NATURAIS
11202231614;DB1BIJ0207-15SB;BASES CONCEITUAIS DA ENERGIA
11202231614;DB1BIK0102-15SB;ESTRUTURA DA MATERIA
11202231614;DB1BIL0304-15SB;EVOLUCAO E DIVERSIFICACAO DA VIDA NA TERRA
11202231614;DB1BIS0003-15SB;BASES MATEMATICAS
11202231614;DB1BIS0005-15SB;BASES COMPUTACIONAIS DA CIENCIA
11202231603;NA1BIR0603-15SA;CIENCIA, TECNOLOGIA E SOCIEDADE
11202231603;NA1NHI5001-15SA;DESENVOLVIMENTO E APRENDIZAGEM
11202231603;NA1NHZ2099-16SA;TOPICOS CONTEMPORANEOS EM EDUCACAO E FILOSOFIA
11202231603;NA1NHZ5023-18SA;PRATICAS ESCOLARES EM EDUCACAO ESPECIAL E INCLUSIVA
11202231603;NA3BIJ0207-15SA;BASES CONCEITUAIS DA ENERGIA
11202231603;NA7BIS0005-15SA;BASES COMPUTACIONAIS DA CIENCIA
11202231882;DA1BIJ0207-15SB;BASES CONCEITUAIS DA ENERGIA
11202231882;DA1BIK0102-15SB;ESTRUTURA DA MATERIA
11202231882;DA1BIL0304-15SB;EVOLUCAO E DIVERSIFICACAO DA VIDA NA TERRA
11202231882;DA1BIS0003-15SB;BASES MATEMATICAS
11202231882;DA3BCS0001-15SB;BASE EXPERIMENTAL DAS CIENCIAS NATURAIS
11202231882;DA3BIS0005-15SB;BASES COMPUTACIONAIS DA CIENCIA
11202230371;DB1BCS0001-15SB;BASE EXPERIMENTAL DAS CIENCIAS NATURAIS
11202230371;DB1BIJ0207-15SB;BASES CONCEITUAIS DA ENERGIA
11202230371;DB1BIK0102-15SB;ESTRUTURA DA MATERIA
11202230371;DB1BIL0304-15SB;EVOLUCAO E DIVERSIFICACAO DA VIDA NA TERRA
11202230371;DB1BIS0003-15SB;BASES MATEMATICAS
11202230371;DB1BIS0005-15SB;BASES COMPUTACIONAIS DA CIENCIA
11202231972;NC2BIJ0207-15SA;BASES CONCEITUAIS DA ENERGIA
11202231972;NC2BIK0102-15SA;ESTRUTURA DA MATERIA
11202231972;NC2BIL0304-15SA;EVOLUCAO E DIVERSIFICACAO DA VIDA NA TERRA
11202231972;NC2BIS0003-15SA;BASES MATEMATICAS
11202231972;NC4BCS0001-15SA;BASE EXPERIMENTAL DAS CIENCIAS NATURAIS
11202231972;NC4BIS0005-15SA;BASES COMPUTACIONAIS DA CIENCIA
11202230317;DC1BIJ0207-15SA;BASES CONCEITUAIS DA ENERGIA
11202230317;DC1BIK0102-15SA;ESTRUTURA DA MATERIA
11202230317;DC1BIL0304-15SA;EVOLUCAO E DIVERSIFICACAO DA VIDA NA TERRA
11202230317;DC1BIS0003-15SA;BASES MATEMATICAS
11202230317;DC2BCS0001-15SA;BASE EXPERIMENTAL DAS CIENCIAS NATURAIS
11202230317;DC2BIS0005-15SA;BASES COMPUTACIONAIS DA CIENCIA
11202212458;DA1BHO0001-19SB;INTRODUCAO AS HUMANIDADES E AS CIENCIAS SOCIAIS
11202212458;DA1BHP0202-19SB;TEMAS E PROBLEMAS EM FILOSOFIA
11202212458;DA1BHQ0001-15SB;IDENTIDADE E CULTURA
11202212458;DA1BHQ0003-15SB;INTERPRETACOES DO BRASIL
11202212458;DA2BIQ0602-15SB;ESTRUTURA E DINAMICA SOCIAL
11202212458;DA5BIS0005-15SB;BASES COMPUTACIONAIS DA CIENCIA
11202212425;NB1BCS0001-15SB;BASE EXPERIMENTAL DAS CIENCIAS NATURAIS
11202212425;NB1BIJ0207-15SB;BASES CONCEITUAIS DA ENERGIA
11202212425;NB1BIK0102-15SB;ESTRUTURA DA MATERIA
11202212425;NB1BIL0304-15SB;EVOLUCAO E DIVERSIFICACAO DA VIDA NA TERRA
11202212425;NB1BIS0003-15SB;BASES MATEMATICAS
11202212425;NB1BIS0005-15SB;BASES COMPUTACIONAIS DA CIENCIA
11202231980;DA1BIR0603-15SA;CIENCIA, TECNOLOGIA E SOCIEDADE
11202231980;DA1NHI5001-15SA;DESENVOLVIMENTO E APRENDIZAGEM
11202231980;DA1NHZ2099-16SA;TOPICOS CONTEMPORANEOS EM EDUCACAO E FILOSOFIA
11202231980;DA1NHZ5023-18SA;PRATICAS ESCOLARES EM EDUCACAO ESPECIAL E INCLUSIVA
11202231980;DA3BIJ0207-15SA;BASES CONCEITUAIS DA ENERGIA
11202231980;DA7BIS0005-15SA;BASES COMPUTACIONAIS DA CIENCIA
11202230443;NA1BHO0001-19SB;INTRODUCAO AS HUMANIDADES E AS CIENCIAS SOCIAIS
11202230443;NA1BHP0202-19SB;TEMAS E PROBLEMAS EM FILOSOFIA
11202230443;NA1BHQ0001-15SB;IDENTIDADE E CULTURA
11202230443;NA1BHQ0003-15SB;INTERPRETACOES DO BRASIL
11202230443;NA2BIQ0602-15SB;ESTRUTURA E DINAMICA SOCIAL
11202230443;NA4BIS0005-15SB;BASES COMPUTACIONAIS DA CIENCIA
11202230217;NA1BIJ0207-15SB;BASES CONCEITUAIS DA ENERGIA
11202230217;NA1BIK0102-15SB;ESTRUTURA DA MATERIA
11202230217;NA1BIL0304-15SB;EVOLUCAO E DIVERSIFICACAO DA VIDA NA TERRA
11202230217;NA1BIS0003-15SB;BASES MATEMATICAS
11202230217;NA2BCS0001-15SB;BASE EXPERIMENTAL DAS CIENCIAS NATURAIS
11202230217;NA2BIS0005-15SB;BASES COMPUTACIONAIS DA CIENCIA
11202230720;NC1BIJ0207-15SA;BASES CONCEITUAIS DA ENERGIA
11202230720;NC1BIK0102-15SA;ESTRUTURA DA MATERIA
11202230720;NC1BIL0304-15SA;EVOLUCAO E DIVERSIFICACAO DA VIDA NA TERRA
11202230720;NC1BIS0003-15SA;BASES MATEMATICAS
11202230720;NC3BCS0001-15SA;BASE EXPERIMENTAL DAS CIENCIAS NATURAIS
11202230720;NC3BIS0005-15SA;BASES COMPUTACIONAIS DA CIENCIA
11202231713;DA1BHO0001-19SB;INTRODUCAO AS HUMANIDADES E AS CIENCIAS SOCIAIS
11202231713;DA1BHP0202-19SB;TEMAS E PROBLEMAS EM FILOSOFIA
11202231713;DA1BHQ0001-15SB;IDENTIDADE E CULTURA
11202231713;DA1BHQ0003-15SB;INTERPRETACOES DO BRASIL
11202231713;DA2BIQ0602-15SB;ESTRUTURA E DINAMICA SOCIAL
11202231713;DA5BIS0005-15SB;BASES COMPUTACIONAIS DA CIENCIA
11202230416;NA1BIJ0207-15SA;BASES CONCEITUAIS DA ENERGIA
11202230416;NA1BIK0102-15SA;ESTRUTURA DA MATERIA
11202230416;NA1BIL0304-15SA;EVOLUCAO E DIVERSIFICACAO DA VIDA NA TERRA
11202230416;NA1BIS0003-15SA;BASES MATEMATICAS
11202230416;NA3BCS0001-15SA;BASE EXPERIMENTAL DAS CIENCIAS NATURAIS
11202230416;NA3BIS0005-15SA;BASES COMPUTACIONAIS DA CIENCIA
11202231120;NB1BIJ0207-15SA;BASES CONCEITUAIS DA ENERGIA
11202231120;NB1BIK0102-15SA;ESTRUTURA DA MATERIA
11202231120;NB1BIL0304-15SA;EVOLUCAO E DIVERSIFICACAO DA VIDA NA TERRA
11202231120;NB1BIS0003-15SA;BASES MATEMATICAS
11202231120;NB3BCS0001-15SA;BASE EXPERIMENTAL DAS CIENCIAS NATURAIS
11202231120;NB3BIS0005-15SA;BASES COMPUTACIONAIS DA CIENCIA
11202231009;DA1BHO0001-19SB;INTRODUCAO AS HUMANIDADES E AS CIENCIAS SOCIAIS
11202231009;DA1BHP0202-19SB;TEMAS E PROBLEMAS EM FILOSOFIA
11202231009;DA1BHQ0001-15SB;IDENTIDADE E CULTURA
11202231009;DA1BHQ0003-15SB;INTERPRETACOES DO BRASIL
11202231009;DA2BIQ0602-15SB;ESTRUTURA E DINAMICA SOCIAL
11202231009;DA5BIS0005-15SB;BASES COMPUTACIONAIS DA CIENCIA
11202230609;NA2BIJ0207-15SA;BASES CONCEITUAIS DA ENERGIA
11202230609;NA2BIK0102-15SA;ESTRUTURA DA MATERIA
11202230609;NA2BIL0304-15SA;EVOLUCAO E DIVERSIFICACAO DA VIDA NA TERRA
11202230609;NA2BIS0003-15SA;BASES MATEMATICAS
11202230609;NA4BIS0005-15SA;BASES COMPUTACIONAIS DA CIENCIA
11202230609;NA5BCS0001-15SA;BASE EXPERIMENTAL DAS CIENCIAS NATURAIS
11202212467;NB1BIJ0207-15SB;BASES CONCEITUAIS DA ENERGIA
11202212467;NB1BIK0102-15SB;ESTRUTURA DA MATERIA
11202212467;NB1BIL0304-15SB;EVOLUCAO E DIVERSIFICACAO DA VIDA NA TERRA
11202212467;NB1BIS0003-15SB;BASES MATEMATICAS
11202212467;NB3BCS0001-15SB;BASE EXPERIMENTAL DAS CIENCIAS NATURAIS
11202212467;NB3BIS0005-15SB;BASES COMPUTACIONAIS DA CIENCIA
11202230866;DB1BIJ0207-15SB;BASES CONCEITUAIS DA ENERGIA
11202230866;DB1BIK0102-15SB;ESTRUTURA DA MATERIA
11202230866;DB1BIL0304-15SB;EVOLUCAO E DIVERSIFICACAO DA VIDA NA TERRA
11202230866;DB1BIS0003-15SB;BASES MATEMATICAS
11202230866;DB3BCS0001-15SB;BASE EXPERIMENTAL DAS CIENCIAS NATURAIS
11202230866;DB3BIS0005-15SB;BASES COMPUTACIONAIS DA CIENCIA
11202230641;DA1BIJ0207-15SA;BASES CONCEITUAIS DA ENERGIA
11202230641;DA1BIK0102-15SA;ESTRUTURA DA MATERIA
11202230641;DA1BIL0304-15SA;EVOLUCAO E DIVERSIFICACAO DA VIDA NA TERRA
11202230641;DA1BIS0003-15SA;BASES MATEMATICAS
11202230641;DA3BCS0001-15SA;BASE EXPERIMENTAL DAS CIENCIAS NATURAIS
11202230641;DA3BIS0005-15SA;BASES COMPUTACIONAIS DA CIENCIA
11202230283;DA1BIJ0207-15SB;BASES CONCEITUAIS DA ENERGIA
11202230283;DA1BIK0102-15SB;ESTRUTURA DA MATERIA
11202230283;DA1BIL0304-15SB;EVOLUCAO E DIVERSIFICACAO DA VIDA NA TERRA
11202230283;DA1BIS0003-15SB;BASES MATEMATICAS
11202230283;DA3BCS0001-15SB;BASE EXPERIMENTAL DAS CIENCIAS NATURAIS
11202230283;DA3BIS0005-15SB;BASES COMPUTACIONAIS DA CIENCIA
11202232373;NA1NHI5001-15SB;DESENVOLVIMENTO E APRENDIZAGEM
11202232373;NA1NHZ2099-16SB;TOPICOS CONTEMPORANEOS EM EDUCACAO E FILOSOFIA
11202232373;NA1NHZ5023-18SB;PRATICAS ESCOLARES EM EDUCACAO ESPECIAL E INCLUSIVA
11202232373;NA6BIS0005-15SB;BASES COMPUTACIONAIS DA CIENCIA
11202232373;NC1BIJ0207-15SB;BASES CONCEITUAIS DA ENERGIA
11202232373;NA2BIR0603-15SB;CIENCIA, TECNOLOGIA E SOCIEDADE
11202231617;NA2BIJ0207-15SA;BASES CONCEITUAIS DA ENERGIA
11202231617;NA2BIK0102-15SA;ESTRUTURA DA MATERIA
11202231617;NA2BIL0304-15SA;EVOLUCAO E DIVERSIFICACAO DA VIDA NA TERRA
11202231617;NA2BIS0003-15SA;BASES MATEMATICAS
11202231617;NA5BCS0001-15SA;BASE EXPERIMENTAL DAS CIENCIAS NATURAIS
11202231617;NA5BIS0005-15SA;BASES COMPUTACIONAIS DA CIENCIA
11202212402;NA1BHO0001-19SB;INTRODUCAO AS HUMANIDADES E AS CIENCIAS SOCIAIS
11202212402;NA1BHP0202-19SB;TEMAS E PROBLEMAS EM FILOSOFIA
11202212402;NA1BHQ0001-15SB;IDENTIDADE E CULTURA
11202212402;NA1BHQ0003-15SB;INTERPRETACOES DO BRASIL
11202212402;NA2BIQ0602-15SB;ESTRUTURA E DINAMICA SOCIAL
11202212402;NA4BIS0005-15SB;BASES COMPUTACIONAIS DA CIENCIA
11202230693;NC1BCS0001-15SB;BASE EXPERIMENTAL DAS CIENCIAS NATURAIS
11202230693;NC1BIJ0207-15SB;BASES CONCEITUAIS DA ENERGIA
11202230693;NC1BIK0102-15SB;ESTRUTURA DA MATERIA
11202230693;NC1BIL0304-15SB;EVOLUCAO E DIVERSIFICACAO DA VIDA NA TERRA
11202230693;NC1BIS0003-15SB;BASES MATEMATICAS
11202230693;NC1BIS0005-15SB;BASES COMPUTACIONAIS DA CIENCIA
11202230356;DB2BCS0001-15SA;BASE EXPERIMENTAL DAS CIENCIAS NATURAIS
11202230356;DB2BIJ0207-15SA;BASES CONCEITUAIS DA ENERGIA
11202230356;DB2BIK0102-15SA;ESTRUTURA DA MATERIA
11202230356;DB2BIL0304-15SA;EVOLUCAO E DIVERSIFICACAO DA VIDA NA TERRA
11202230356;DB2BIS0003-15SA;BASES MATEMATICAS
11202230356;DB2BIS0005-15SA;BASES COMPUTACIONAIS DA CIENCIA
11202230796;NA2BIJ0207-15SA;BASES CONCEITUAIS DA ENERGIA
11202230796;NA2BIK0102-15SA;ESTRUTURA DA MATERIA
11202230796;NA2BIL0304-15SA;EVOLUCAO E DIVERSIFICACAO DA VIDA NA TERRA
11202230796;NA2BIS0003-15SA;BASES MATEMATICAS
11202230796;NA5BIS0005-15SA;BASES COMPUTACIONAIS DA CIENCIA
11202230796;NA6BCS0001-15SA;BASE EXPERIMENTAL DAS CIENCIAS NATURAIS
11202230276;NA2BIJ0207-15SA;BASES CONCEITUAIS DA ENERGIA
11202230276;NA2BIK0102-15SA;ESTRUTURA DA MATERIA
11202230276;NA2BIL0304-15SA;EVOLUCAO E DIVERSIFICACAO DA VIDA NA TERRA
11202230276;NA2BIS0003-15SA;BASES MATEMATICAS
11202230276;NA4BCS0001-15SA;BASE EXPERIMENTAL DAS CIENCIAS NATURAIS
11202230276;NA4BIS0005-15SA;BASES COMPUTACIONAIS DA CIENCIA
11202231201;NB2BIJ0207-15SA;BASES CONCEITUAIS DA ENERGIA
11202231201;NB2BIK0102-15SA;ESTRUTURA DA MATERIA
11202231201;NB2BIL0304-15SA;EVOLUCAO E DIVERSIFICACAO DA VIDA NA TERRA
11202231201;NB2BIS0003-15SA;BASES MATEMATICAS
11202231201;NB5BIS0005-15SA;BASES COMPUTACIONAIS DA CIENCIA
11202231201;NB6BCS0001-15SA;BASE EXPERIMENTAL DAS CIENCIAS NATURAIS
11202231648;NA1BCS0001-15SB;BASE EXPERIMENTAL DAS CIENCIAS NATURAIS
11202231648;NA1BIJ0207-15SB;BASES CONCEITUAIS DA ENERGIA
11202231648;NA1BIK0102-15SB;ESTRUTURA DA MATERIA
11202231648;NA1BIL0304-15SB;EVOLUCAO E DIVERSIFICACAO DA VIDA NA TERRA
11202231648;NA1BIS0003-15SB;BASES MATEMATICAS
11202231648;NA1BIS0005-15SB;BASES COMPUTACIONAIS DA CIENCIA
11202230574;NA1BIJ0207-15SB;BASES CONCEITUAIS DA ENERGIA
11202230574;NA1BIK0102-15SB;ESTRUTURA DA MATERIA
11202230574;NA1BIL0304-15SB;EVOLUCAO E DIVERSIFICACAO DA VIDA NA TERRA
11202230574;NA1BIS0003-15SB;BASES MATEMATICAS
11202230574;NA3BCS0001-15SB;BASE EXPERIMENTAL DAS CIENCIAS NATURAIS
11202230574;NA3BIS0005-15SB;BASES COMPUTACIONAIS DA CIENCIA
11202230576;NA1BCS0001-15SB;BASE EXPERIMENTAL DAS CIENCIAS NATURAIS
11202230576;NA1BIJ0207-15SB;BASES CONCEITUAIS DA ENERGIA
11202230576;NA1BIK0102-15SB;ESTRUTURA DA MATERIA
11202230576;NA1BIL0304-15SB;EVOLUCAO E DIVERSIFICACAO DA VIDA NA TERRA
11202230576;NA1BIS0003-15SB;BASES MATEMATICAS
11202230576;NA1BIS0005-15SB;BASES COMPUTACIONAIS DA CIENCIA
11202230828;NC2BIJ0207-15SA;BASES CONCEITUAIS DA ENERGIA
11202230828;NC2BIK0102-15SA;ESTRUTURA DA MATERIA
11202230828;NC2BIL0304-15SA;EVOLUCAO E DIVERSIFICACAO DA VIDA NA TERRA
11202230828;NC2BIS0003-15SA;BASES MATEMATICAS
11202230828;NC4BCS0001-15SA;BASE EXPERIMENTAL DAS CIENCIAS NATURAIS
11202230828;NC4BIS0005-15SA;BASES COMPUTACIONAIS DA CIENCIA
11202212470;NA1BIR0603-15SA;CIENCIA, TECNOLOGIA E SOCIEDADE
11202212470;NA1NHI5001-15SA;DESENVOLVIMENTO E APRENDIZAGEM
11202212470;NA1NHZ2099-16SA;TOPICOS CONTEMPORANEOS EM EDUCACAO E FILOSOFIA
11202212470;NA1NHZ5023-18SA;PRATICAS ESCOLARES EM EDUCACAO ESPECIAL E INCLUSIVA
11202212470;NA3BIJ0207-15SA;BASES CONCEITUAIS DA ENERGIA
11202212470;NA7BIS0005-15SA;BASES COMPUTACIONAIS DA CIENCIA
11202230632;NB2BIJ0207-15SA;BASES CONCEITUAIS DA ENERGIA
11202230632;NB2BIK0102-15SA;ESTRUTURA DA MATERIA
11202230632;NB2BIL0304-15SA;EVOLUCAO E DIVERSIFICACAO DA VIDA NA TERRA
11202230632;NB2BIS0003-15SA;BASES MATEMATICAS
11202230632;NB4BCS0001-15SA;BASE EXPERIMENTAL DAS CIENCIAS NATURAIS
11202230632;NB4BIS0005-15SA;BASES COMPUTACIONAIS DA CIENCIA
11202230764;DA1BHO0001-19SB;INTRODUCAO AS HUMANIDADES E AS CIENCIAS SOCIAIS
11202230764;DA1BHP0202-19SB;TEMAS E PROBLEMAS EM FILOSOFIA
11202230764;DA1BHQ0001-15SB;IDENTIDADE E CULTURA
11202230764;DA1BHQ0003-15SB;INTERPRETACOES DO BRASIL
11202230764;DA2BIQ0602-15SB;ESTRUTURA E DINAMICA SOCIAL
11202230764;DA5BIS0005-15SB;BASES COMPUTACIONAIS DA CIENCIA
11202230837;NA1BIJ0207-15SA;BASES CONCEITUAIS DA ENERGIA
11202230837;NA1BIK0102-15SA;ESTRUTURA DA MATERIA
11202230837;NA1BIL0304-15SA;EVOLUCAO E DIVERSIFICACAO DA VIDA NA TERRA
11202230837;NA1BIS0003-15SA;BASES MATEMATICAS
11202230837;NA2BCS0001-15SA;BASE EXPERIMENTAL DAS CIENCIAS NATURAIS
11202230837;NA2BIS0005-15SA;BASES COMPUTACIONAIS DA CIENCIA
11202231018;DC1BIJ0207-15SA;BASES CONCEITUAIS DA ENERGIA
11202231018;DC1BIK0102-15SA;ESTRUTURA DA MATERIA
11202231018;DC1BIL0304-15SA;EVOLUCAO E DIVERSIFICACAO DA VIDA NA TERRA
11202231018;DC1BIS0003-15SA;BASES MATEMATICAS
11202231018;DC2BCS0001-15SA;BASE EXPERIMENTAL DAS CIENCIAS NATURAIS
11202231018;DC2BIS0005-15SA;BASES COMPUTACIONAIS DA CIENCIA
11202231786;NA1BHO0001-19SB;INTRODUCAO AS HUMANIDADES E AS CIENCIAS SOCIAIS
11202231786;NA1BHP0202-19SB;TEMAS E PROBLEMAS EM FILOSOFIA
11202231786;NA1BHQ0001-15SB;IDENTIDADE E CULTURA
11202231786;NA1BHQ0003-15SB;INTERPRETACOES DO BRASIL
11202231786;NA2BIQ0602-15SB;ESTRUTURA E DINAMICA SOCIAL
11202231786;NA4BIS0005-15SB;BASES COMPUTACIONAIS DA CIENCIA
11202231516;DB2BIJ0207-15SA;BASES CONCEITUAIS DA ENERGIA
11202231516;DB2BIK0102-15SA;ESTRUTURA DA MATERIA
11202231516;DB2BIL0304-15SA;EVOLUCAO E DIVERSIFICACAO DA VIDA NA TERRA
11202231516;DB2BIS0003-15SA;BASES MATEMATICAS
11202231516;DB3BCS0001-15SA;BASE EXPERIMENTAL DAS CIENCIAS NATURAIS
11202231516;DB3BIS0005-15SA;BASES COMPUTACIONAIS DA CIENCIA
11202231366;NC1BIJ0207-15SA;BASES CONCEITUAIS DA ENERGIA
11202231366;NC1BIK0102-15SA;ESTRUTURA DA MATERIA
11202231366;NC1BIL0304-15SA;EVOLUCAO E DIVERSIFICACAO DA VIDA NA TERRA
11202231366;NC1BIS0003-15SA;BASES MATEMATICAS
11202231366;NC3BCS0001-15SA;BASE EXPERIMENTAL DAS CIENCIAS NATURAIS
11202231366;NC3BIS0005-15SA;BASES COMPUTACIONAIS DA CIENCIA
11202230759;DA2BIJ0207-15SA;BASES CONCEITUAIS DA ENERGIA
11202230759;DA2BIK0102-15SA;ESTRUTURA DA MATERIA
11202230759;DA2BIL0304-15SA;EVOLUCAO E DIVERSIFICACAO DA VIDA NA TERRA
11202230759;DA2BIS0003-15SA;BASES MATEMATICAS
11202230759;DA5BCS0001-15SA;BASE EXPERIMENTAL DAS CIENCIAS NATURAIS
11202230759;DA5BIS0005-15SA;BASES COMPUTACIONAIS DA CIENCIA
11202231199;NA1BHO0001-19SB;INTRODUCAO AS HUMANIDADES E AS CIENCIAS SOCIAIS
11202231199;NA1BHP0202-19SB;TEMAS E PROBLEMAS EM FILOSOFIA
11202231199;NA1BHQ0001-15SB;IDENTIDADE E CULTURA
11202231199;NA1BHQ0003-15SB;INTERPRETACOES DO BRASIL
11202231199;NA2BIQ0602-15SB;ESTRUTURA E DINAMICA SOCIAL
11202231199;NA5BIS0005-15SB;BASES COMPUTACIONAIS DA CIENCIA
11202230303;NA1BIJ0207-15SA;BASES CONCEITUAIS DA ENERGIA
11202230303;NA1BIK0102-15SA;ESTRUTURA DA MATERIA
11202230303;NA1BIL0304-15SA;EVOLUCAO E DIVERSIFICACAO DA VIDA NA TERRA
11202230303;NA1BIS0003-15SA;BASES MATEMATICAS
11202230303;NA3BCS0001-15SA;BASE EXPERIMENTAL DAS CIENCIAS NATURAIS
11202230303;NA3BIS0005-15SA;BASES COMPUTACIONAIS DA CIENCIA
11202231422;DB1BIJ0207-15SA;BASES CONCEITUAIS DA ENERGIA
11202231422;DB1BIK0102-15SA;ESTRUTURA DA MATERIA
11202231422;DB1BIL0304-15SA;EVOLUCAO E DIVERSIFICACAO DA VIDA NA TERRA
11202231422;DB1BIS0003-15SA;BASES MATEMATICAS
11202231422;DB5BCS0001-15SA;BASE EXPERIMENTAL DAS CIENCIAS NATURAIS
11202231422;DB5BIS0005-15SA;BASES COMPUTACIONAIS DA CIENCIA
11202232375;NC1BIJ0207-15SA;BASES CONCEITUAIS DA ENERGIA
11202232375;NC1BIK0102-15SA;ESTRUTURA DA MATERIA
11202232375;NC1BIL0304-15SA;EVOLUCAO E DIVERSIFICACAO DA VIDA NA TERRA
11202232375;NC1BIS0003-15SA;BASES MATEMATICAS
11202232375;NC2BCS0001-15SA;BASE EXPERIMENTAL DAS CIENCIAS NATURAIS
11202232375;NC2BIS0005-15SA;BASES COMPUTACIONAIS DA CIENCIA
11202231290;NA1BIJ0207-15SA;BASES CONCEITUAIS DA ENERGIA
11202231290;NA1BIK0102-15SA;ESTRUTURA DA MATERIA
11202231290;NA1BIL0304-15SA;EVOLUCAO E DIVERSIFICACAO DA VIDA NA TERRA
11202231290;NA1BIS0003-15SA;BASES MATEMATICAS
11202231290;NA3BCS0001-15SA;BASE EXPERIMENTAL DAS CIENCIAS NATURAIS
11202231290;NA3BIS0005-15SA;BASES COMPUTACIONAIS DA CIENCIA
11202230910;NB1BCS0001-15SA;BASE EXPERIMENTAL DAS CIENCIAS NATURAIS
11202230910;NB1BIJ0207-15SA;BASES CONCEITUAIS DA ENERGIA
11202230910;NB1BIK0102-15SA;ESTRUTURA DA MATERIA
11202230910;NB1BIL0304-15SA;EVOLUCAO E DIVERSIFICACAO DA VIDA NA TERRA
11202230910;NB1BIS0003-15SA;BASES MATEMATICAS
11202230910;NB1BIS0005-15SA;BASES COMPUTACIONAIS DA CIENCIA
11202232164;NA1BHO0001-19SB;INTRODUCAO AS HUMANIDADES E AS CIENCIAS SOCIAIS
11202232164;NA1BHP0202-19SB;TEMAS E PROBLEMAS EM FILOSOFIA
11202232164;NA1BHQ0001-15SB;IDENTIDADE E CULTURA
11202232164;NA1BHQ0003-15SB;INTERPRETACOES DO BRASIL
11202232164;NA2BIQ0602-15SB;ESTRUTURA E DINAMICA SOCIAL
11202232164;NA5BIS0005-15SB;BASES COMPUTACIONAIS DA CIENCIA
11202231269;NA1BIJ0207-15SB;BASES CONCEITUAIS DA ENERGIA
11202231269;NA1BIK0102-15SB;ESTRUTURA DA MATERIA
11202231269;NA1BIL0304-15SB;EVOLUCAO E DIVERSIFICACAO DA VIDA NA TERRA
11202231269;NA1BIS0003-15SB;BASES MATEMATICAS
11202231269;NA2BCS0001-15SB;BASE EXPERIMENTAL DAS CIENCIAS NATURAIS
11202231269;NA2BIS0005-15SB;BASES COMPUTACIONAIS DA CIENCIA
11202230739;NB2BIJ0207-15SA;BASES CONCEITUAIS DA ENERGIA
11202230739;NB2BIK0102-15SA;ESTRUTURA DA MATERIA
11202230739;NB2BIL0304-15SA;EVOLUCAO E DIVERSIFICACAO DA VIDA NA TERRA
11202230739;NB2BIS0003-15SA;BASES MATEMATICAS
11202230739;NB5BIS0005-15SA;BASES COMPUTACIONAIS DA CIENCIA
11202230739;NB6BCS0001-15SA;BASE EXPERIMENTAL DAS CIENCIAS NATURAIS
11202231650;NC1BCS0001-15SA;BASE EXPERIMENTAL DAS CIENCIAS NATURAIS
11202231650;NC1BIJ0207-15SA;BASES CONCEITUAIS DA ENERGIA
11202231650;NC1BIK0102-15SA;ESTRUTURA DA MATERIA
11202231650;NC1BIL0304-15SA;EVOLUCAO E DIVERSIFICACAO DA VIDA NA TERRA
11202231650;NC1BIS0003-15SA;BASES MATEMATICAS
11202231650;NC1BIS0005-15SA;BASES COMPUTACIONAIS DA CIENCIA
11202230215;DB1BIJ0207-15SA;BASES CONCEITUAIS DA ENERGIA
11202230215;DB1BIK0102-15SA;ESTRUTURA DA MATERIA
11202230215;DB1BIL0304-15SA;EVOLUCAO E DIVERSIFICACAO DA VIDA NA TERRA
11202230215;DB1BIS0003-15SA;BASES MATEMATICAS
11202230215;DB4BCS0001-15SA;BASE EXPERIMENTAL DAS CIENCIAS NATURAIS
11202230215;DB4BIS0005-15SA;BASES COMPUTACIONAIS DA CIENCIA
11202231801;DA1BHO0001-19SB;INTRODUCAO AS HUMANIDADES E AS CIENCIAS SOCIAIS
11202231801;DA1BHP0202-19SB;TEMAS E PROBLEMAS EM FILOSOFIA
11202231801;DA1BHQ0001-15SB;IDENTIDADE E CULTURA
11202231801;DA1BHQ0003-15SB;INTERPRETACOES DO BRASIL
11202231801;DA2BIQ0602-15SB;ESTRUTURA E DINAMICA SOCIAL
11202231801;DA5BIS0005-15SB;BASES COMPUTACIONAIS DA CIENCIA
11202230504;NB2BIJ0207-15SA;BASES CONCEITUAIS DA ENERGIA
11202230504;NB2BIK0102-15SA;ESTRUTURA DA MATERIA
11202230504;NB2BIL0304-15SA;EVOLUCAO E DIVERSIFICACAO DA VIDA NA TERRA
11202230504;NB2BIS0003-15SA;BASES MATEMATICAS
11202230504;NB5BIS0005-15SA;BASES COMPUTACIONAIS DA CIENCIA
11202230504;NB6BCS0001-15SA;BASE EXPERIMENTAL DAS CIENCIAS NATURAIS
11202232377;DC2BIJ0207-15SA;BASES CONCEITUAIS DA ENERGIA
11202232377;DC2BIK0102-15SA;ESTRUTURA DA MATERIA
11202232377;DC2BIL0304-15SA;EVOLUCAO E DIVERSIFICACAO DA VIDA NA TERRA
11202232377;DC2BIS0003-15SA;BASES MATEMATICAS
11202232377;DC4BIS0005-15SA;BASES COMPUTACIONAIS DA CIENCIA
11202232377;DC5BCS0001-15SA;BASE EXPERIMENTAL DAS CIENCIAS NATURAIS
11202231652;NC2BIJ0207-15SA;BASES CONCEITUAIS DA ENERGIA
11202231652;NC2BIK0102-15SA;ESTRUTURA DA MATERIA
11202231652;NC2BIL0304-15SA;EVOLUCAO E DIVERSIFICACAO DA VIDA NA TERRA
11202231652;NC2BIS0003-15SA;BASES MATEMATICAS
11202231652;NC5BCS0001-15SA;BASE EXPERIMENTAL DAS CIENCIAS NATURAIS
11202231652;NC5BIS0005-15SA;BASES COMPUTACIONAIS DA CIENCIA
11202212454;NB1BCS0001-15SB;BASE EXPERIMENTAL DAS CIENCIAS NATURAIS
11202212454;NB1BIJ0207-15SB;BASES CONCEITUAIS DA ENERGIA
11202212454;NB1BIK0102-15SB;ESTRUTURA DA MATERIA
11202212454;NB1BIL0304-15SB;EVOLUCAO E DIVERSIFICACAO DA VIDA NA TERRA
11202212454;NB1BIS0003-15SB;BASES MATEMATICAS
11202212454;NB1BIS0005-15SB;BASES COMPUTACIONAIS DA CIENCIA
11202231798;DC1BIJ0207-15SA;BASES CONCEITUAIS DA ENERGIA
11202231798;DC1BIK0102-15SA;ESTRUTURA DA MATERIA
11202231798;DC1BIL0304-15SA;EVOLUCAO E DIVERSIFICACAO DA VIDA NA TERRA
11202231798;DC1BIS0003-15SA;BASES MATEMATICAS
11202231798;DC2BIS0005-15SA;BASES COMPUTACIONAIS DA CIENCIA
11202231798;DC3BCS0001-15SA;BASE EXPERIMENTAL DAS CIENCIAS NATURAIS
11202232379;DB1BIJ0207-15SB;BASES CONCEITUAIS DA ENERGIA
11202232379;DB1BIK0102-15SB;ESTRUTURA DA MATERIA
11202232379;DB1BIL0304-15SB;EVOLUCAO E DIVERSIFICACAO DA VIDA NA TERRA
11202232379;DB1BIS0003-15SB;BASES MATEMATICAS
11202232379;DB2BCS0001-15SB;BASE EXPERIMENTAL DAS CIENCIAS NATURAIS
11202232379;DB2BIS0005-15SB;BASES COMPUTACIONAIS DA CIENCIA
11202212481;DB1BCS0001-15SA;BASE EXPERIMENTAL DAS CIENCIAS NATURAIS
11202212481;DB1BIS0005-15SA;BASES COMPUTACIONAIS DA CIENCIA
11202212481;DB2BIJ0207-15SA;BASES CONCEITUAIS DA ENERGIA
11202212481;DB2BIK0102-15SA;ESTRUTURA DA MATERIA
11202212481;DB2BIL0304-15SA;EVOLUCAO E DIVERSIFICACAO DA VIDA NA TERRA
11202212481;DB2BIS0003-15SA;BASES MATEMATICAS
11202230629;NA1BCS0001-15SA;BASE EXPERIMENTAL DAS CIENCIAS NATURAIS
11202230629;NA1BIJ0207-15SA;BASES CONCEITUAIS DA ENERGIA
11202230629;NA1BIK0102-15SA;ESTRUTURA DA MATERIA
11202230629;NA1BIL0304-15SA;EVOLUCAO E DIVERSIFICACAO DA VIDA NA TERRA
11202230629;NA1BIS0003-15SA;BASES MATEMATICAS
11202230629;NA1BIS0005-15SA;BASES COMPUTACIONAIS DA CIENCIA
11202232142;NA1BIJ0207-15SA;BASES CONCEITUAIS DA ENERGIA
11202232142;NA1BIK0102-15SA;ESTRUTURA DA MATERIA
11202232142;NA1BIL0304-15SA;EVOLUCAO E DIVERSIFICACAO DA VIDA NA TERRA
11202232142;NA1BIS0003-15SA;BASES MATEMATICAS
11202232142;NA3BCS0001-15SA;BASE EXPERIMENTAL DAS CIENCIAS NATURAIS
11202232142;NA3BIS0005-15SA;BASES COMPUTACIONAIS DA CIENCIA
11202231790;NA1BCS0001-15SB;BASE EXPERIMENTAL DAS CIENCIAS NATURAIS
11202231790;NA1BIJ0207-15SB;BASES CONCEITUAIS DA ENERGIA
11202231790;NA1BIK0102-15SB;ESTRUTURA DA MATERIA
11202231790;NA1BIL0304-15SB;EVOLUCAO E DIVERSIFICACAO DA VIDA NA TERRA
11202231790;NA1BIS0003-15SB;BASES MATEMATICAS
11202231790;NA1BIS0005-15SB;BASES COMPUTACIONAIS DA CIENCIA
11202230706;NA1BHO0001-19SB;INTRODUCAO AS HUMANIDADES E AS CIENCIAS SOCIAIS
11202230706;NA1BHP0202-19SB;TEMAS E PROBLEMAS EM FILOSOFIA
11202230706;NA1BHQ0001-15SB;IDENTIDADE E CULTURA
11202230706;NA1BHQ0003-15SB;INTERPRETACOES DO BRASIL
11202230706;NA2BIQ0602-15SB;ESTRUTURA E DINAMICA SOCIAL
11202230706;NA5BIS0005-15SB;BASES COMPUTACIONAIS DA CIENCIA
11202230223;NC1BCS0001-15SB;BASE EXPERIMENTAL DAS CIENCIAS NATURAIS
11202230223;NC1BIJ0207-15SB;BASES CONCEITUAIS DA ENERGIA
11202230223;NC1BIK0102-15SB;ESTRUTURA DA MATERIA
11202230223;NC1BIL0304-15SB;EVOLUCAO E DIVERSIFICACAO DA VIDA NA TERRA
11202230223;NC1BIS0003-15SB;BASES MATEMATICAS
11202230223;NC1BIS0005-15SB;BASES COMPUTACIONAIS DA CIENCIA
11202232044;DA1BHO0001-19SB;INTRODUCAO AS HUMANIDADES E AS CIENCIAS SOCIAIS
11202232044;DA1BHP0202-19SB;TEMAS E PROBLEMAS EM FILOSOFIA
11202232044;DA1BHQ0001-15SB;IDENTIDADE E CULTURA
11202232044;DA1BHQ0003-15SB;INTERPRETACOES DO BRASIL
11202232044;DA2BIQ0602-15SB;ESTRUTURA E DINAMICA SOCIAL
11202232044;DA5BIS0005-15SB;BASES COMPUTACIONAIS DA CIENCIA
11202230264;DA2BIJ0207-15SA;BASES CONCEITUAIS DA ENERGIA
11202230264;DA2BIK0102-15SA;ESTRUTURA DA MATERIA
11202230264;DA2BIL0304-15SA;EVOLUCAO E DIVERSIFICACAO DA VIDA NA TERRA
11202230264;DA2BIS0003-15SA;BASES MATEMATICAS
11202230264;DA5BCS0001-15SA;BASE EXPERIMENTAL DAS CIENCIAS NATURAIS
11202230264;DA5BIS0005-15SA;BASES COMPUTACIONAIS DA CIENCIA
11202231772;DA1BIR0603-15SA;CIENCIA, TECNOLOGIA E SOCIEDADE
11202231772;DA1NHI5001-15SA;DESENVOLVIMENTO E APRENDIZAGEM
11202231772;DA1NHZ2099-16SA;TOPICOS CONTEMPORANEOS EM EDUCACAO E FILOSOFIA
11202231772;DA1NHZ5023-18SA;PRATICAS ESCOLARES EM EDUCACAO ESPECIAL E INCLUSIVA
11202231772;DA3BIJ0207-15SA;BASES CONCEITUAIS DA ENERGIA
11202231772;DA7BIS0005-15SA;BASES COMPUTACIONAIS DA CIENCIA
11202231408;DB1BCS0001-15SB;BASE EXPERIMENTAL DAS CIENCIAS NATURAIS
11202231408;DB1BIJ0207-15SB;BASES CONCEITUAIS DA ENERGIA
11202231408;DB1BIK0102-15SB;ESTRUTURA DA MATERIA
11202231408;DB1BIL0304-15SB;EVOLUCAO E DIVERSIFICACAO DA VIDA NA TERRA
11202231408;DB1BIS0003-15SB;BASES MATEMATICAS
11202231408;DB1BIS0005-15SB;BASES COMPUTACIONAIS DA CIENCIA
11202230258;NC1BCS0001-15SB;BASE EXPERIMENTAL DAS CIENCIAS NATURAIS
11202230258;NC1BIJ0207-15SB;BASES CONCEITUAIS DA ENERGIA
11202230258;NC1BIK0102-15SB;ESTRUTURA DA MATERIA
11202230258;NC1BIL0304-15SB;EVOLUCAO E DIVERSIFICACAO DA VIDA NA TERRA
11202230258;NC1BIS0003-15SB;BASES MATEMATICAS
11202230258;NC1BIS0005-15SB;BASES COMPUTACIONAIS DA CIENCIA
11202231347;DA1BHO0001-19SB;INTRODUCAO AS HUMANIDADES E AS CIENCIAS SOCIAIS
11202231347;DA1BHP0202-19SB;TEMAS E PROBLEMAS EM FILOSOFIA
11202231347;DA1BHQ0001-15SB;IDENTIDADE E CULTURA
11202231347;DA1BHQ0003-15SB;INTERPRETACOES DO BRASIL
11202231347;DA2BIQ0602-15SB;ESTRUTURA E DINAMICA SOCIAL
11202231347;DA5BIS0005-15SB;BASES COMPUTACIONAIS DA CIENCIA
11202212468;NC2BIJ0207-15SA;BASES CONCEITUAIS DA ENERGIA
11202212468;NC2BIK0102-15SA;ESTRUTURA DA MATERIA
11202212468;NC2BIL0304-15SA;EVOLUCAO E DIVERSIFICACAO DA VIDA NA TERRA
11202212468;NC2BIS0003-15SA;BASES MATEMATICAS
11202212468;NC5BCS0001-15SA;BASE EXPERIMENTAL DAS CIENCIAS NATURAIS
11202212468;NC5BIS0005-15SA;BASES COMPUTACIONAIS DA CIENCIA
11202230925;NB1BIJ0207-15SB;BASES CONCEITUAIS DA ENERGIA
11202230925;NB1BIK0102-15SB;ESTRUTURA DA MATERIA
11202230925;NB1BIL0304-15SB;EVOLUCAO E DIVERSIFICACAO DA VIDA NA TERRA
11202230925;NB1BIS0003-15SB;BASES MATEMATICAS
11202230925;NB3BCS0001-15SB;BASE EXPERIMENTAL DAS CIENCIAS NATURAIS
11202230925;NB3BIS0005-15SB;BASES COMPUTACIONAIS DA CIENCIA
11202230248;NB2BIJ0207-15SA;BASES CONCEITUAIS DA ENERGIA
11202230248;NB2BIK0102-15SA;ESTRUTURA DA MATERIA
11202230248;NB2BIL0304-15SA;EVOLUCAO E DIVERSIFICACAO DA VIDA NA TERRA
11202230248;NB2BIS0003-15SA;BASES MATEMATICAS
11202230248;NB4BCS0001-15SA;BASE EXPERIMENTAL DAS CIENCIAS NATURAIS
11202230248;NB4BIS0005-15SA;BASES COMPUTACIONAIS DA CIENCIA
11202230701;NB2BIJ0207-15SA;BASES CONCEITUAIS DA ENERGIA
11202230701;NB2BIK0102-15SA;ESTRUTURA DA MATERIA
11202230701;NB2BIL0304-15SA;EVOLUCAO E DIVERSIFICACAO DA VIDA NA TERRA
11202230701;NB2BIS0003-15SA;BASES MATEMATICAS
11202230701;NB4BIS0005-15SA;BASES COMPUTACIONAIS DA CIENCIA
11202230701;NB5BCS0001-15SA;BASE EXPERIMENTAL DAS CIENCIAS NATURAIS
11202231474;NC1BIJ0207-15SA;BASES CONCEITUAIS DA ENERGIA
11202231474;NC1BIK0102-15SA;ESTRUTURA DA MATERIA
11202231474;NC1BIL0304-15SA;EVOLUCAO E DIVERSIFICACAO DA VIDA NA TERRA
11202231474;NC1BIS0003-15SA;BASES MATEMATICAS
11202231474;NC3BCS0001-15SA;BASE EXPERIMENTAL DAS CIENCIAS NATURAIS
11202231474;NC3BIS0005-15SA;BASES COMPUTACIONAIS DA CIENCIA
11202230322;DA1BIJ0207-15SA;BASES CONCEITUAIS DA ENERGIA
11202230322;DA1BIK0102-15SA;ESTRUTURA DA MATERIA
11202230322;DA1BIL0304-15SA;EVOLUCAO E DIVERSIFICACAO DA VIDA NA TERRA
11202230322;DA1BIS0003-15SA;BASES MATEMATICAS
11202230322;DA3BIS0005-15SA;BASES COMPUTACIONAIS DA CIENCIA
11202230322;DA4BCS0001-15SA;BASE EXPERIMENTAL DAS CIENCIAS NATURAIS
11202231302;DA2BCS0001-15SA;BASE EXPERIMENTAL DAS CIENCIAS NATURAIS
11202231302;DA2BIJ0207-15SA;BASES CONCEITUAIS DA ENERGIA
11202231302;DA2BIK0102-15SA;ESTRUTURA DA MATERIA
11202231302;DA2BIL0304-15SA;EVOLUCAO E DIVERSIFICACAO DA VIDA NA TERRA
11202231302;DA2BIS0003-15SA;BASES MATEMATICAS
11202231302;DA2BIS0005-15SA;BASES COMPUTACIONAIS DA CIENCIA
11202230889;NA1BHO0001-19SB;INTRODUCAO AS HUMANIDADES E AS CIENCIAS SOCIAIS
11202230889;NA1BHP0202-19SB;TEMAS E PROBLEMAS EM FILOSOFIA
11202230889;NA1BHQ0001-15SB;IDENTIDADE E CULTURA
11202230889;NA1BHQ0003-15SB;INTERPRETACOES DO BRASIL
11202230889;NA2BIQ0602-15SB;ESTRUTURA E DINAMICA SOCIAL
11202230889;NA5BIS0005-15SB;BASES COMPUTACIONAIS DA CIENCIA
11202230723;NA1BHO0001-19SB;INTRODUCAO AS HUMANIDADES E AS CIENCIAS SOCIAIS
11202230723;NA1BHP0202-19SB;TEMAS E PROBLEMAS EM FILOSOFIA
11202230723;NA1BHQ0001-15SB;IDENTIDADE E CULTURA
11202230723;NA1BHQ0003-15SB;INTERPRETACOES DO BRASIL
11202230723;NA2BIQ0602-15SB;ESTRUTURA E DINAMICA SOCIAL
11202230723;NA5BIS0005-15SB;BASES COMPUTACIONAIS DA CIENCIA
11202230332;NA2BIJ0207-15SA;BASES CONCEITUAIS DA ENERGIA
11202230332;NA2BIK0102-15SA;ESTRUTURA DA MATERIA
11202230332;NA2BIL0304-15SA;EVOLUCAO E DIVERSIFICACAO DA VIDA NA TERRA
11202230332;NA2BIS0003-15SA;BASES MATEMATICAS
11202230332;NA5BCS0001-15SA;BASE EXPERIMENTAL DAS CIENCIAS NATURAIS
11202230332;NA5BIS0005-15SA;BASES COMPUTACIONAIS DA CIENCIA
11202231159;DB1BIJ0207-15SA;BASES CONCEITUAIS DA ENERGIA
11202231159;DB1BIK0102-15SA;ESTRUTURA DA MATERIA
11202231159;DB1BIL0304-15SA;EVOLUCAO E DIVERSIFICACAO DA VIDA NA TERRA
11202231159;DB1BIS0003-15SA;BASES MATEMATICAS
11202231159;DB5BIS0005-15SA;BASES COMPUTACIONAIS DA CIENCIA
11202231159;DB6BCS0001-15SA;BASE EXPERIMENTAL DAS CIENCIAS NATURAIS
11202231714;NB1BIJ0207-15SA;BASES CONCEITUAIS DA ENERGIA
11202231714;NB1BIK0102-15SA;ESTRUTURA DA MATERIA
11202231714;NB1BIL0304-15SA;EVOLUCAO E DIVERSIFICACAO DA VIDA NA TERRA
11202231714;NB1BIS0003-15SA;BASES MATEMATICAS
11202231714;NB3BCS0001-15SA;BASE EXPERIMENTAL DAS CIENCIAS NATURAIS
11202231714;NB3BIS0005-15SA;BASES COMPUTACIONAIS DA CIENCIA
11202230738;NA1BIR0603-15SA;CIENCIA, TECNOLOGIA E SOCIEDADE
11202230738;NA1NHI5001-15SA;DESENVOLVIMENTO E APRENDIZAGEM
11202230738;NA1NHZ2099-16SA;TOPICOS CONTEMPORANEOS EM EDUCACAO E FILOSOFIA
11202230738;NA1NHZ5023-18SA;PRATICAS ESCOLARES EM EDUCACAO ESPECIAL E INCLUSIVA
11202230738;NA3BIJ0207-15SA;BASES CONCEITUAIS DA ENERGIA
11202230738;NA7BIS0005-15SA;BASES COMPUTACIONAIS DA CIENCIA
11202231136;DA1BHO0001-19SB;INTRODUCAO AS HUMANIDADES E AS CIENCIAS SOCIAIS
11202231136;DA1BHP0202-19SB;TEMAS E PROBLEMAS EM FILOSOFIA
11202231136;DA1BHQ0001-15SB;IDENTIDADE E CULTURA
11202231136;DA1BHQ0003-15SB;INTERPRETACOES DO BRASIL
11202231136;DA2BIQ0602-15SB;ESTRUTURA E DINAMICA SOCIAL
11202231136;DA5BIS0005-15SB;BASES COMPUTACIONAIS DA CIENCIA
11202231385;NA1NHI5001-15SB;DESENVOLVIMENTO E APRENDIZAGEM
11202231385;NA1NHZ2099-16SB;TOPICOS CONTEMPORANEOS EM EDUCACAO E FILOSOFIA
11202231385;NA1NHZ5023-18SB;PRATICAS ESCOLARES EM EDUCACAO ESPECIAL E INCLUSIVA
11202231385;NA6BIS0005-15SB;BASES COMPUTACIONAIS DA CIENCIA
11202231385;NC1BIJ0207-15SB;BASES CONCEITUAIS DA ENERGIA
11202231385;NA2BIR0603-15SB;CIENCIA, TECNOLOGIA E SOCIEDADE
11202230240;DB2BIJ0207-15SA;BASES CONCEITUAIS DA ENERGIA
11202230240;DB2BIK0102-15SA;ESTRUTURA DA MATERIA
11202230240;DB2BIL0304-15SA;EVOLUCAO E DIVERSIFICACAO DA VIDA NA TERRA
11202230240;DB2BIS0003-15SA;BASES MATEMATICAS
11202230240;DB3BCS0001-15SA;BASE EXPERIMENTAL DAS CIENCIAS NATURAIS
11202230240;DB3BIS0005-15SA;BASES COMPUTACIONAIS DA CIENCIA
11202231373;NB1BIJ0207-15SA;BASES CONCEITUAIS DA ENERGIA
11202231373;NB1BIK0102-15SA;ESTRUTURA DA MATERIA
11202231373;NB1BIL0304-15SA;EVOLUCAO E DIVERSIFICACAO DA VIDA NA TERRA
11202231373;NB1BIS0003-15SA;BASES MATEMATICAS
11202231373;NB3BCS0001-15SA;BASE EXPERIMENTAL DAS CIENCIAS NATURAIS
11202231373;NB3BIS0005-15SA;BASES COMPUTACIONAIS DA CIENCIA
11202212400;NA1BHO0001-19SB;INTRODUCAO AS HUMANIDADES E AS CIENCIAS SOCIAIS
11202212400;NA1BHP0202-19SB;TEMAS E PROBLEMAS EM FILOSOFIA
11202212400;NA1BHQ0001-15SB;IDENTIDADE E CULTURA
11202212400;NA1BHQ0003-15SB;INTERPRETACOES DO BRASIL
11202212400;NA2BIQ0602-15SB;ESTRUTURA E DINAMICA SOCIAL
11202212400;NA5BIS0005-15SB;BASES COMPUTACIONAIS DA CIENCIA
11202230468;NB1BCS0001-15SA;BASE EXPERIMENTAL DAS CIENCIAS NATURAIS
11202230468;NB1BIJ0207-15SA;BASES CONCEITUAIS DA ENERGIA
11202230468;NB1BIK0102-15SA;ESTRUTURA DA MATERIA
11202230468;NB1BIL0304-15SA;EVOLUCAO E DIVERSIFICACAO DA VIDA NA TERRA
11202230468;NB1BIS0003-15SA;BASES MATEMATICAS
11202230468;NB1BIS0005-15SA;BASES COMPUTACIONAIS DA CIENCIA
11202230535;DA1BCS0001-15SB;BASE EXPERIMENTAL DAS CIENCIAS NATURAIS
11202230535;DA1BIJ0207-15SB;BASES CONCEITUAIS DA ENERGIA
11202230535;DA1BIK0102-15SB;ESTRUTURA DA MATERIA
11202230535;DA1BIL0304-15SB;EVOLUCAO E DIVERSIFICACAO DA VIDA NA TERRA
11202230535;DA1BIS0003-15SB;BASES MATEMATICAS
11202230535;DA1BIS0005-15SB;BASES COMPUTACIONAIS DA CIENCIA
11202231077;DB1BCS0001-15SB;BASE EXPERIMENTAL DAS CIENCIAS NATURAIS
11202231077;DB1BIJ0207-15SB;BASES CONCEITUAIS DA ENERGIA
11202231077;DB1BIK0102-15SB;ESTRUTURA DA MATERIA
11202231077;DB1BIL0304-15SB;EVOLUCAO E DIVERSIFICACAO DA VIDA NA TERRA
11202231077;DB1BIS0003-15SB;BASES MATEMATICAS
11202231077;DB1BIS0005-15SB;BASES COMPUTACIONAIS DA CIENCIA
11202231720;DA1BHO0001-19SB;INTRODUCAO AS HUMANIDADES E AS CIENCIAS SOCIAIS
11202231720;DA1BHP0202-19SB;TEMAS E PROBLEMAS EM FILOSOFIA
11202231720;DA1BHQ0001-15SB;IDENTIDADE E CULTURA
11202231720;DA1BHQ0003-15SB;INTERPRETACOES DO BRASIL
11202231720;DA2BIQ0602-15SB;ESTRUTURA E DINAMICA SOCIAL
11202231720;DA5BIS0005-15SB;BASES COMPUTACIONAIS DA CIENCIA
11202231749;NA1BIR0603-15SA;CIENCIA, TECNOLOGIA E SOCIEDADE
11202231749;NA1NHI5001-15SA;DESENVOLVIMENTO E APRENDIZAGEM
11202231749;NA1NHZ2099-16SA;TOPICOS CONTEMPORANEOS EM EDUCACAO E FILOSOFIA
11202231749;NA1NHZ5023-18SA;PRATICAS ESCOLARES EM EDUCACAO ESPECIAL E INCLUSIVA
11202231749;NA3BIJ0207-15SA;BASES CONCEITUAIS DA ENERGIA
11202231749;NA7BIS0005-15SA;BASES COMPUTACIONAIS DA CIENCIA
11202230415;NA1BCS0001-15SB;BASE EXPERIMENTAL DAS CIENCIAS NATURAIS
11202230415;NA1BIJ0207-15SB;BASES CONCEITUAIS DA ENERGIA
11202230415;NA1BIK0102-15SB;ESTRUTURA DA MATERIA
11202230415;NA1BIL0304-15SB;EVOLUCAO E DIVERSIFICACAO DA VIDA NA TERRA
11202230415;NA1BIS0003-15SB;BASES MATEMATICAS
11202230415;NA1BIS0005-15SB;BASES COMPUTACIONAIS DA CIENCIA
11202230323;NA2BIJ0207-15SA;BASES CONCEITUAIS DA ENERGIA
11202230323;NA2BIK0102-15SA;ESTRUTURA DA MATERIA
11202230323;NA2BIL0304-15SA;EVOLUCAO E DIVERSIFICACAO DA VIDA NA TERRA
11202230323;NA2BIS0003-15SA;BASES MATEMATICAS
11202230323;NA5BCS0001-15SA;BASE EXPERIMENTAL DAS CIENCIAS NATURAIS
11202230323;NA5BIS0005-15SA;BASES COMPUTACIONAIS DA CIENCIA
11202231457;NC2BIJ0207-15SA;BASES CONCEITUAIS DA ENERGIA
11202231457;NC2BIK0102-15SA;ESTRUTURA DA MATERIA
11202231457;NC2BIL0304-15SA;EVOLUCAO E DIVERSIFICACAO DA VIDA NA TERRA
11202231457;NC2BIS0003-15SA;BASES MATEMATICAS
11202231457;NC5BCS0001-15SA;BASE EXPERIMENTAL DAS CIENCIAS NATURAIS
11202231457;NC5BIS0005-15SA;BASES COMPUTACIONAIS DA CIENCIA
11202231561;NC1BCS0001-15SA;BASE EXPERIMENTAL DAS CIENCIAS NATURAIS
11202231561;NC1BIJ0207-15SA;BASES CONCEITUAIS DA ENERGIA
11202231561;NC1BIK0102-15SA;ESTRUTURA DA MATERIA
11202231561;NC1BIL0304-15SA;EVOLUCAO E DIVERSIFICACAO DA VIDA NA TERRA
11202231561;NC1BIS0003-15SA;BASES MATEMATICAS
11202231561;NC1BIS0005-15SA;BASES COMPUTACIONAIS DA CIENCIA
11202231089;NB2BIJ0207-15SA;BASES CONCEITUAIS DA ENERGIA
11202231089;NB2BIK0102-15SA;ESTRUTURA DA MATERIA
11202231089;NB2BIL0304-15SA;EVOLUCAO E DIVERSIFICACAO DA VIDA NA TERRA
11202231089;NB2BIS0003-15SA;BASES MATEMATICAS
11202231089;NB4BIS0005-15SA;BASES COMPUTACIONAIS DA CIENCIA
11202231089;NB5BCS0001-15SA;BASE EXPERIMENTAL DAS CIENCIAS NATURAIS
11202231860;NA1NHI5001-15SB;DESENVOLVIMENTO E APRENDIZAGEM
11202231860;NA1NHZ2099-16SB;TOPICOS CONTEMPORANEOS EM EDUCACAO E FILOSOFIA
11202231860;NA1NHZ5023-18SB;PRATICAS ESCOLARES EM EDUCACAO ESPECIAL E INCLUSIVA
11202231860;NA6BIS0005-15SB;BASES COMPUTACIONAIS DA CIENCIA
11202231860;NC1BIJ0207-15SB;BASES CONCEITUAIS DA ENERGIA
11202231860;NA2BIR0603-15SB;CIENCIA, TECNOLOGIA E SOCIEDADE
11202212426;DB1BCS0001-15SB;BASE EXPERIMENTAL DAS CIENCIAS NATURAIS
11202212426;DB1BIJ0207-15SB;BASES CONCEITUAIS DA ENERGIA
11202212426;DB1BIK0102-15SB;ESTRUTURA DA MATERIA
11202212426;DB1BIL0304-15SB;EVOLUCAO E DIVERSIFICACAO DA VIDA NA TERRA
11202212426;DB1BIS0003-15SB;BASES MATEMATICAS
11202212426;DB1BIS0005-15SB;BASES COMPUTACIONAIS DA CIENCIA
11202230754;NC1BCS0001-15SA;BASE EXPERIMENTAL DAS CIENCIAS NATURAIS
11202230754;NC1BIJ0207-15SA;BASES CONCEITUAIS DA ENERGIA
11202230754;NC1BIK0102-15SA;ESTRUTURA DA MATERIA
11202230754;NC1BIL0304-15SA;EVOLUCAO E DIVERSIFICACAO DA VIDA NA TERRA
11202230754;NC1BIS0003-15SA;BASES MATEMATICAS
11202230754;NC1BIS0005-15SA;BASES COMPUTACIONAIS DA CIENCIA
11202231014;DA1BIJ0207-15SB;BASES CONCEITUAIS DA ENERGIA
11202231014;DA1BIK0102-15SB;ESTRUTURA DA MATERIA
11202231014;DA1BIL0304-15SB;EVOLUCAO E DIVERSIFICACAO DA VIDA NA TERRA
11202231014;DA1BIS0003-15SB;BASES MATEMATICAS
11202231014;DA2BCS0001-15SB;BASE EXPERIMENTAL DAS CIENCIAS NATURAIS
11202231014;DA2BIS0005-15SB;BASES COMPUTACIONAIS DA CIENCIA
11202231256;NA1BCS0001-15SB;BASE EXPERIMENTAL DAS CIENCIAS NATURAIS
11202231256;NA1BIJ0207-15SB;BASES CONCEITUAIS DA ENERGIA
11202231256;NA1BIK0102-15SB;ESTRUTURA DA MATERIA
11202231256;NA1BIL0304-15SB;EVOLUCAO E DIVERSIFICACAO DA VIDA NA TERRA
11202231256;NA1BIS0003-15SB;BASES MATEMATICAS
11202231256;NA1BIS0005-15SB;BASES COMPUTACIONAIS DA CIENCIA
11202231210;DC2BIJ0207-15SA;BASES CONCEITUAIS DA ENERGIA
11202231210;DC2BIK0102-15SA;ESTRUTURA DA MATERIA
11202231210;DC2BIL0304-15SA;EVOLUCAO E DIVERSIFICACAO DA VIDA NA TERRA
11202231210;DC2BIS0003-15SA;BASES MATEMATICAS
11202231210;DC4BIS0005-15SA;BASES COMPUTACIONAIS DA CIENCIA
11202231210;DC5BCS0001-15SA;BASE EXPERIMENTAL DAS CIENCIAS NATURAIS
11202231583;NB1BIJ0207-15SB;BASES CONCEITUAIS DA ENERGIA
11202231583;NB1BIK0102-15SB;ESTRUTURA DA MATERIA
11202231583;NB1BIL0304-15SB;EVOLUCAO E DIVERSIFICACAO DA VIDA NA TERRA
11202231583;NB1BIS0003-15SB;BASES MATEMATICAS
11202231583;NB3BCS0001-15SB;BASE EXPERIMENTAL DAS CIENCIAS NATURAIS
11202231583;NB3BIS0005-15SB;BASES COMPUTACIONAIS DA CIENCIA
11202230745;NC1BCS0001-15SA;BASE EXPERIMENTAL DAS CIENCIAS NATURAIS
11202230745;NC1BIJ0207-15SA;BASES CONCEITUAIS DA ENERGIA
11202230745;NC1BIK0102-15SA;ESTRUTURA DA MATERIA
11202230745;NC1BIL0304-15SA;EVOLUCAO E DIVERSIFICACAO DA VIDA NA TERRA
11202230745;NC1BIS0003-15SA;BASES MATEMATICAS
11202230745;NC1BIS0005-15SA;BASES COMPUTACIONAIS DA CIENCIA
11202232013;DC2BIJ0207-15SA;BASES CONCEITUAIS DA ENERGIA
11202232013;DC2BIK0102-15SA;ESTRUTURA DA MATERIA
11202232013;DC2BIL0304-15SA;EVOLUCAO E DIVERSIFICACAO DA VIDA NA TERRA
11202232013;DC2BIS0003-15SA;BASES MATEMATICAS
11202232013;DC4BCS0001-15SA;BASE EXPERIMENTAL DAS CIENCIAS NATURAIS
11202232013;DC4BIS0005-15SA;BASES COMPUTACIONAIS DA CIENCIA
11202230949;DA1BIJ0207-15SA;BASES CONCEITUAIS DA ENERGIA
11202230949;DA1BIK0102-15SA;ESTRUTURA DA MATERIA
11202230949;DA1BIL0304-15SA;EVOLUCAO E DIVERSIFICACAO DA VIDA NA TERRA
11202230949;DA1BIS0003-15SA;BASES MATEMATICAS
11202230949;DA3BCS0001-15SA;BASE EXPERIMENTAL DAS CIENCIAS NATURAIS
11202230949;DA3BIS0005-15SA;BASES COMPUTACIONAIS DA CIENCIA
11202230403;NB1BIJ0207-15SB;BASES CONCEITUAIS DA ENERGIA
11202230403;NB1BIK0102-15SB;ESTRUTURA DA MATERIA
11202230403;NB1BIL0304-15SB;EVOLUCAO E DIVERSIFICACAO DA VIDA NA TERRA
11202230403;NB1BIS0003-15SB;BASES MATEMATICAS
11202230403;NB3BCS0001-15SB;BASE EXPERIMENTAL DAS CIENCIAS NATURAIS
11202230403;NB3BIS0005-15SB;BASES COMPUTACIONAIS DA CIENCIA
11202231283;NA1BHO0001-19SB;INTRODUCAO AS HUMANIDADES E AS CIENCIAS SOCIAIS
11202231283;NA1BHP0202-19SB;TEMAS E PROBLEMAS EM FILOSOFIA
11202231283;NA1BHQ0001-15SB;IDENTIDADE E CULTURA
11202231283;NA1BHQ0003-15SB;INTERPRETACOES DO BRASIL
11202231283;NA2BIQ0602-15SB;ESTRUTURA E DINAMICA SOCIAL
11202231283;NA5BIS0005-15SB;BASES COMPUTACIONAIS DA CIENCIA
11202230816;NB1BCS0001-15SA;BASE EXPERIMENTAL DAS CIENCIAS NATURAIS
11202230816;NB1BIJ0207-15SA;BASES CONCEITUAIS DA ENERGIA
11202230816;NB1BIK0102-15SA;ESTRUTURA DA MATERIA
11202230816;NB1BIL0304-15SA;EVOLUCAO E DIVERSIFICACAO DA VIDA NA TERRA
11202230816;NB1BIS0003-15SA;BASES MATEMATICAS
11202230816;NB1BIS0005-15SA;BASES COMPUTACIONAIS DA CIENCIA
11202230316;NC2BIJ0207-15SA;BASES CONCEITUAIS DA ENERGIA
11202230316;NC2BIK0102-15SA;ESTRUTURA DA MATERIA
11202230316;NC2BIL0304-15SA;EVOLUCAO E DIVERSIFICACAO DA VIDA NA TERRA
11202230316;NC2BIS0003-15SA;BASES MATEMATICAS
11202230316;NC5BCS0001-15SA;BASE EXPERIMENTAL DAS CIENCIAS NATURAIS
11202230316;NC5BIS0005-15SA;BASES COMPUTACIONAIS DA CIENCIA
11202230531;NB1BCS0001-15SA;BASE EXPERIMENTAL DAS CIENCIAS NATURAIS
11202230531;NB1BIJ0207-15SA;BASES CONCEITUAIS DA ENERGIA
11202230531;NB1BIK0102-15SA;ESTRUTURA DA MATERIA
11202230531;NB1BIL0304-15SA;EVOLUCAO E DIVERSIFICACAO DA VIDA NA TERRA
11202230531;NB1BIS0003-15SA;BASES MATEMATICAS
11202230531;NB1BIS0005-15SA;BASES COMPUTACIONAIS DA CIENCIA
11202231036;NC1BCS0001-15SB;BASE EXPERIMENTAL DAS CIENCIAS NATURAIS
11202231036;NC1BIJ0207-15SB;BASES CONCEITUAIS DA ENERGIA
11202231036;NC1BIK0102-15SB;ESTRUTURA DA MATERIA
11202231036;NC1BIL0304-15SB;EVOLUCAO E DIVERSIFICACAO DA VIDA NA TERRA
11202231036;NC1BIS0003-15SB;BASES MATEMATICAS
11202231036;NC1BIS0005-15SB;BASES COMPUTACIONAIS DA CIENCIA
11202231694;NA1BIR0603-15SA;CIENCIA, TECNOLOGIA E SOCIEDADE
11202231694;NA1NHI5001-15SA;DESENVOLVIMENTO E APRENDIZAGEM
11202231694;NA1NHZ2099-16SA;TOPICOS CONTEMPORANEOS EM EDUCACAO E FILOSOFIA
11202231694;NA1NHZ5023-18SA;PRATICAS ESCOLARES EM EDUCACAO ESPECIAL E INCLUSIVA
11202231694;NA3BIJ0207-15SA;BASES CONCEITUAIS DA ENERGIA
11202231694;NA7BIS0005-15SA;BASES COMPUTACIONAIS DA CIENCIA
11202231766;NB1BIJ0207-15SA;BASES CONCEITUAIS DA ENERGIA
11202231766;NB1BIK0102-15SA;ESTRUTURA DA MATERIA
11202231766;NB1BIL0304-15SA;EVOLUCAO E DIVERSIFICACAO DA VIDA NA TERRA
11202231766;NB1BIS0003-15SA;BASES MATEMATICAS
11202231766;NB2BCS0001-15SA;BASE EXPERIMENTAL DAS CIENCIAS NATURAIS
11202231766;NB2BIS0005-15SA;BASES COMPUTACIONAIS DA CIENCIA
11202230585;DA1BCS0001-15SA;BASE EXPERIMENTAL DAS CIENCIAS NATURAIS
11202230585;DA1BIJ0207-15SA;BASES CONCEITUAIS DA ENERGIA
11202230585;DA1BIK0102-15SA;ESTRUTURA DA MATERIA
11202230585;DA1BIL0304-15SA;EVOLUCAO E DIVERSIFICACAO DA VIDA NA TERRA
11202230585;DA1BIS0003-15SA;BASES MATEMATICAS
11202230585;DA1BIS0005-15SA;BASES COMPUTACIONAIS DA CIENCIA
11202230249;NA1BIJ0207-15SA;BASES CONCEITUAIS DA ENERGIA
11202230249;NA1BIK0102-15SA;ESTRUTURA DA MATERIA
11202230249;NA1BIL0304-15SA;EVOLUCAO E DIVERSIFICACAO DA VIDA NA TERRA
11202230249;NA1BIS0003-15SA;BASES MATEMATICAS
11202230249;NA2BCS0001-15SA;BASE EXPERIMENTAL DAS CIENCIAS NATURAIS
11202230249;NA2BIS0005-15SA;BASES COMPUTACIONAIS DA CIENCIA
11202230603;NA1BIJ0207-15SB;BASES CONCEITUAIS DA ENERGIA
11202230603;NA1BIK0102-15SB;ESTRUTURA DA MATERIA
11202230603;NA1BIL0304-15SB;EVOLUCAO E DIVERSIFICACAO DA VIDA NA TERRA
11202230603;NA1BIS0003-15SB;BASES MATEMATICAS
11202230603;NA2BCS0001-15SB;BASE EXPERIMENTAL DAS CIENCIAS NATURAIS
11202230603;NA2BIS0005-15SB;BASES COMPUTACIONAIS DA CIENCIA
11202231107;NC1BIJ0207-15SA;BASES CONCEITUAIS DA ENERGIA
11202231107;NC1BIK0102-15SA;ESTRUTURA DA MATERIA
11202231107;NC1BIL0304-15SA;EVOLUCAO E DIVERSIFICACAO DA VIDA NA TERRA
11202231107;NC1BIS0003-15SA;BASES MATEMATICAS
11202231107;NC3BCS0001-15SA;BASE EXPERIMENTAL DAS CIENCIAS NATURAIS
11202231107;NC3BIS0005-15SA;BASES COMPUTACIONAIS DA CIENCIA
11202231710;NB1BIJ0207-15SA;BASES CONCEITUAIS DA ENERGIA
11202231710;NB1BIK0102-15SA;ESTRUTURA DA MATERIA
11202231710;NB1BIL0304-15SA;EVOLUCAO E DIVERSIFICACAO DA VIDA NA TERRA
11202231710;NB1BIS0003-15SA;BASES MATEMATICAS
11202231710;NB2BCS0001-15SA;BASE EXPERIMENTAL DAS CIENCIAS NATURAIS
11202231710;NB2BIS0005-15SA;BASES COMPUTACIONAIS DA CIENCIA
11202230539;DA1BIR0603-15SA;CIENCIA, TECNOLOGIA E SOCIEDADE
11202230539;DA1NHI5001-15SA;DESENVOLVIMENTO E APRENDIZAGEM
11202230539;DA1NHZ2099-16SA;TOPICOS CONTEMPORANEOS EM EDUCACAO E FILOSOFIA
11202230539;DA1NHZ5023-18SA;PRATICAS ESCOLARES EM EDUCACAO ESPECIAL E INCLUSIVA
11202230539;DA3BIJ0207-15SA;BASES CONCEITUAIS DA ENERGIA
11202230539;DA7BIS0005-15SA;BASES COMPUTACIONAIS DA CIENCIA
11202232026;NB1BCS0001-15SB;BASE EXPERIMENTAL DAS CIENCIAS NATURAIS
11202232026;NB1BIJ0207-15SB;BASES CONCEITUAIS DA ENERGIA
11202232026;NB1BIK0102-15SB;ESTRUTURA DA MATERIA
11202232026;NB1BIL0304-15SB;EVOLUCAO E DIVERSIFICACAO DA VIDA NA TERRA
11202232026;NB1BIS0003-15SB;BASES MATEMATICAS
11202232026;NB1BIS0005-15SB;BASES COMPUTACIONAIS DA CIENCIA
11202230656;NB2BIJ0207-15SA;BASES CONCEITUAIS DA ENERGIA
11202230656;NB2BIK0102-15SA;ESTRUTURA DA MATERIA
11202230656;NB2BIL0304-15SA;EVOLUCAO E DIVERSIFICACAO DA VIDA NA TERRA
11202230656;NB2BIS0003-15SA;BASES MATEMATICAS
11202230656;NB5BIS0005-15SA;BASES COMPUTACIONAIS DA CIENCIA
11202230656;NB6BCS0001-15SA;BASE EXPERIMENTAL DAS CIENCIAS NATURAIS
11202212407;DC2BIJ0207-15SA;BASES CONCEITUAIS DA ENERGIA
11202212407;DC2BIK0102-15SA;ESTRUTURA DA MATERIA
11202212407;DC2BIL0304-15SA;EVOLUCAO E DIVERSIFICACAO DA VIDA NA TERRA
11202212407;DC2BIS0003-15SA;BASES MATEMATICAS
11202212407;DC3BIS0005-15SA;BASES COMPUTACIONAIS DA CIENCIA
11202212407;DC4BCS0001-15SA;BASE EXPERIMENTAL DAS CIENCIAS NATURAIS
11202231625;DC1BCS0001-15SB;BASE EXPERIMENTAL DAS CIENCIAS NATURAIS
11202231625;DC1BIJ0207-15SB;BASES CONCEITUAIS DA ENERGIA
11202231625;DC1BIK0102-15SB;ESTRUTURA DA MATERIA
11202231625;DC1BIL0304-15SB;EVOLUCAO E DIVERSIFICACAO DA VIDA NA TERRA
11202231625;DC1BIS0003-15SB;BASES MATEMATICAS
11202231625;DC1BIS0005-15SB;BASES COMPUTACIONAIS DA CIENCIA
11202231060;DA1BIR0603-15SA;CIENCIA, TECNOLOGIA E SOCIEDADE
11202231060;DA1NHI5001-15SA;DESENVOLVIMENTO E APRENDIZAGEM
11202231060;DA1NHZ2099-16SA;TOPICOS CONTEMPORANEOS EM EDUCACAO E FILOSOFIA
11202231060;DA1NHZ5023-18SA;PRATICAS ESCOLARES EM EDUCACAO ESPECIAL E INCLUSIVA
11202231060;DA3BIJ0207-15SA;BASES CONCEITUAIS DA ENERGIA
11202231060;DA7BIS0005-15SA;BASES COMPUTACIONAIS DA CIENCIA
11202230490;DC1BIJ0207-15SA;BASES CONCEITUAIS DA ENERGIA
11202230490;DC1BIK0102-15SA;ESTRUTURA DA MATERIA
11202230490;DC1BIL0304-15SA;EVOLUCAO E DIVERSIFICACAO DA VIDA NA TERRA
11202230490;DC1BIS0003-15SA;BASES MATEMATICAS
11202230490;DC1BIS0005-15SA;BASES COMPUTACIONAIS DA CIENCIA
11202230490;DC2BCS0001-15SA;BASE EXPERIMENTAL DAS CIENCIAS NATURAIS
11202232010;NC2BIJ0207-15SA;BASES CONCEITUAIS DA ENERGIA
11202232010;NC2BIK0102-15SA;ESTRUTURA DA MATERIA
11202232010;NC2BIL0304-15SA;EVOLUCAO E DIVERSIFICACAO DA VIDA NA TERRA
11202232010;NC2BIS0003-15SA;BASES MATEMATICAS
11202232010;NC4BCS0001-15SA;BASE EXPERIMENTAL DAS CIENCIAS NATURAIS
11202232010;NC4BIS0005-15SA;BASES COMPUTACIONAIS DA CIENCIA
11202230543;DA1BIR0603-15SA;CIENCIA, TECNOLOGIA E SOCIEDADE
11202230543;DA1NHI5001-15SA;DESENVOLVIMENTO E APRENDIZAGEM
11202230543;DA1NHZ2099-16SA;TOPICOS CONTEMPORANEOS EM EDUCACAO E FILOSOFIA
11202230543;DA1NHZ5023-18SA;PRATICAS ESCOLARES EM EDUCACAO ESPECIAL E INCLUSIVA
11202230543;DA3BIJ0207-15SA;BASES CONCEITUAIS DA ENERGIA
11202230543;DA7BIS0005-15SA;BASES COMPUTACIONAIS DA CIENCIA
11202230832;NC1BIJ0207-15SA;BASES CONCEITUAIS DA ENERGIA
11202230832;NC1BIK0102-15SA;ESTRUTURA DA MATERIA
11202230832;NC1BIL0304-15SA;EVOLUCAO E DIVERSIFICACAO DA VIDA NA TERRA
11202230832;NC1BIS0003-15SA;BASES MATEMATICAS
11202230832;NC2BCS0001-15SA;BASE EXPERIMENTAL DAS CIENCIAS NATURAIS
11202230832;NC2BIS0005-15SA;BASES COMPUTACIONAIS DA CIENCIA
11202230386;DA1BHO0001-19SB;INTRODUCAO AS HUMANIDADES E AS CIENCIAS SOCIAIS
11202230386;DA1BHP0202-19SB;TEMAS E PROBLEMAS EM FILOSOFIA
11202230386;DA1BHQ0001-15SB;IDENTIDADE E CULTURA
11202230386;DA1BHQ0003-15SB;INTERPRETACOES DO BRASIL
11202230386;DA2BIQ0602-15SB;ESTRUTURA E DINAMICA SOCIAL
11202230386;DA5BIS0005-15SB;BASES COMPUTACIONAIS DA CIENCIA
11202231827;DA1BHO0001-19SB;INTRODUCAO AS HUMANIDADES E AS CIENCIAS SOCIAIS
11202231827;DA1BHP0202-19SB;TEMAS E PROBLEMAS EM FILOSOFIA
11202231827;DA1BHQ0001-15SB;IDENTIDADE E CULTURA
11202231827;DA1BHQ0003-15SB;INTERPRETACOES DO BRASIL
11202231827;DA2BIQ0602-15SB;ESTRUTURA E DINAMICA SOCIAL
11202231827;DA5BIS0005-15SB;BASES COMPUTACIONAIS DA CIENCIA
11202231566;NB1BIJ0207-15SA;BASES CONCEITUAIS DA ENERGIA
11202231566;NB1BIK0102-15SA;ESTRUTURA DA MATERIA
11202231566;NB1BIL0304-15SA;EVOLUCAO E DIVERSIFICACAO DA VIDA NA TERRA
11202231566;NB1BIS0003-15SA;BASES MATEMATICAS
11202231566;NB3BCS0001-15SA;BASE EXPERIMENTAL DAS CIENCIAS NATURAIS
11202231566;NB3BIS0005-15SA;BASES COMPUTACIONAIS DA CIENCIA
11202230279;DA1BIR0603-15SA;CIENCIA, TECNOLOGIA E SOCIEDADE
11202230279;DA1NHI5001-15SA;DESENVOLVIMENTO E APRENDIZAGEM
11202230279;DA1NHZ2099-16SA;TOPICOS CONTEMPORANEOS EM EDUCACAO E FILOSOFIA
11202230279;DA1NHZ5023-18SA;PRATICAS ESCOLARES EM EDUCACAO ESPECIAL E INCLUSIVA
11202230279;DA3BIJ0207-15SA;BASES CONCEITUAIS DA ENERGIA
11202230279;DA7BIS0005-15SA;BASES COMPUTACIONAIS DA CIENCIA
11202232165;DA1BHO0001-19SB;INTRODUCAO AS HUMANIDADES E AS CIENCIAS SOCIAIS
11202232165;DA1BHP0202-19SB;TEMAS E PROBLEMAS EM FILOSOFIA
11202232165;DA1BHQ0001-15SB;IDENTIDADE E CULTURA
11202232165;DA1BHQ0003-15SB;INTERPRETACOES DO BRASIL
11202232165;DA2BIQ0602-15SB;ESTRUTURA E DINAMICA SOCIAL
11202232165;DA5BIS0005-15SB;BASES COMPUTACIONAIS DA CIENCIA
11202232034;DA1BIJ0207-15SB;BASES CONCEITUAIS DA ENERGIA
11202232034;DA1BIK0102-15SB;ESTRUTURA DA MATERIA
11202232034;DA1BIL0304-15SB;EVOLUCAO E DIVERSIFICACAO DA VIDA NA TERRA
11202232034;DA1BIS0003-15SB;BASES MATEMATICAS
11202232034;DA3BCS0001-15SB;BASE EXPERIMENTAL DAS CIENCIAS NATURAIS
11202232034;DA3BIS0005-15SB;BASES COMPUTACIONAIS DA CIENCIA
11202230368;NA1BIJ0207-15SA;BASES CONCEITUAIS DA ENERGIA
11202230368;NA1BIK0102-15SA;ESTRUTURA DA MATERIA
11202230368;NA1BIL0304-15SA;EVOLUCAO E DIVERSIFICACAO DA VIDA NA TERRA
11202230368;NA1BIS0003-15SA;BASES MATEMATICAS
11202230368;NA3BCS0001-15SA;BASE EXPERIMENTAL DAS CIENCIAS NATURAIS
11202230368;NA3BIS0005-15SA;BASES COMPUTACIONAIS DA CIENCIA
11202231465;NB1BIJ0207-15SA;BASES CONCEITUAIS DA ENERGIA
11202231465;NB1BIK0102-15SA;ESTRUTURA DA MATERIA
11202231465;NB1BIL0304-15SA;EVOLUCAO E DIVERSIFICACAO DA VIDA NA TERRA
11202231465;NB1BIS0003-15SA;BASES MATEMATICAS
11202231465;NB3BCS0001-15SA;BASE EXPERIMENTAL DAS CIENCIAS NATURAIS
11202231465;NB3BIS0005-15SA;BASES COMPUTACIONAIS DA CIENCIA
11202231150;DA1BHO0001-19SB;INTRODUCAO AS HUMANIDADES E AS CIENCIAS SOCIAIS
11202231150;DA1BHP0202-19SB;TEMAS E PROBLEMAS EM FILOSOFIA
11202231150;DA1BHQ0001-15SB;IDENTIDADE E CULTURA
11202231150;DA1BHQ0003-15SB;INTERPRETACOES DO BRASIL
11202231150;DA2BIQ0602-15SB;ESTRUTURA E DINAMICA SOCIAL
11202231150;DA5BIS0005-15SB;BASES COMPUTACIONAIS DA CIENCIA
11202230307;DC1BCS0001-15SB;BASE EXPERIMENTAL DAS CIENCIAS NATURAIS
11202230307;DC1BIJ0207-15SB;BASES CONCEITUAIS DA ENERGIA
11202230307;DC1BIK0102-15SB;ESTRUTURA DA MATERIA
11202230307;DC1BIL0304-15SB;EVOLUCAO E DIVERSIFICACAO DA VIDA NA TERRA
11202230307;DC1BIS0003-15SB;BASES MATEMATICAS
11202230307;DC1BIS0005-15SB;BASES COMPUTACIONAIS DA CIENCIA
11202231154;DB1BIJ0207-15SA;BASES CONCEITUAIS DA ENERGIA
11202231154;DB1BIK0102-15SA;ESTRUTURA DA MATERIA
11202231154;DB1BIL0304-15SA;EVOLUCAO E DIVERSIFICACAO DA VIDA NA TERRA
11202231154;DB1BIS0003-15SA;BASES MATEMATICAS
11202231154;DB4BCS0001-15SA;BASE EXPERIMENTAL DAS CIENCIAS NATURAIS
11202231154;DB4BIS0005-15SA;BASES COMPUTACIONAIS DA CIENCIA
11202230747;NA1BCS0001-15SB;BASE EXPERIMENTAL DAS CIENCIAS NATURAIS
11202230747;NA1BIJ0207-15SB;BASES CONCEITUAIS DA ENERGIA
11202230747;NA1BIK0102-15SB;ESTRUTURA DA MATERIA
11202230747;NA1BIL0304-15SB;EVOLUCAO E DIVERSIFICACAO DA VIDA NA TERRA
11202230747;NA1BIS0003-15SB;BASES MATEMATICAS
11202230747;NA1BIS0005-15SB;BASES COMPUTACIONAIS DA CIENCIA
11202230868;DB2BCS0001-15SA;BASE EXPERIMENTAL DAS CIENCIAS NATURAIS
11202230868;DB2BIJ0207-15SA;BASES CONCEITUAIS DA ENERGIA
11202230868;DB2BIK0102-15SA;ESTRUTURA DA MATERIA
11202230868;DB2BIL0304-15SA;EVOLUCAO E DIVERSIFICACAO DA VIDA NA TERRA
11202230868;DB2BIS0003-15SA;BASES MATEMATICAS
11202230868;DB2BIS0005-15SA;BASES COMPUTACIONAIS DA CIENCIA
11202230587;NA2BIJ0207-15SA;BASES CONCEITUAIS DA ENERGIA
11202230587;NA2BIK0102-15SA;ESTRUTURA DA MATERIA
11202230587;NA2BIL0304-15SA;EVOLUCAO E DIVERSIFICACAO DA VIDA NA TERRA
11202230587;NA2BIS0003-15SA;BASES MATEMATICAS
11202230587;NA4BCS0001-15SA;BASE EXPERIMENTAL DAS CIENCIAS NATURAIS
11202230587;NA4BIS0005-15SA;BASES COMPUTACIONAIS DA CIENCIA
11202230465;NA1BHO0001-19SB;INTRODUCAO AS HUMANIDADES E AS CIENCIAS SOCIAIS
11202230465;NA1BHP0202-19SB;TEMAS E PROBLEMAS EM FILOSOFIA
11202230465;NA1BHQ0001-15SB;IDENTIDADE E CULTURA
11202230465;NA1BHQ0003-15SB;INTERPRETACOES DO BRASIL
11202230465;NA2BIQ0602-15SB;ESTRUTURA E DINAMICA SOCIAL
11202230465;NA5BIS0005-15SB;BASES COMPUTACIONAIS DA CIENCIA
11202231286;DA1BIJ0207-15SB;BASES CONCEITUAIS DA ENERGIA
11202231286;DA1BIK0102-15SB;ESTRUTURA DA MATERIA
11202231286;DA1BIL0304-15SB;EVOLUCAO E DIVERSIFICACAO DA VIDA NA TERRA
11202231286;DA1BIS0003-15SB;BASES MATEMATICAS
11202231286;DA2BCS0001-15SB;BASE EXPERIMENTAL DAS CIENCIAS NATURAIS
11202231286;DA2BIS0005-15SB;BASES COMPUTACIONAIS DA CIENCIA
11202231718;NA1BIJ0207-15SB;BASES CONCEITUAIS DA ENERGIA
11202231718;NA1BIK0102-15SB;ESTRUTURA DA MATERIA
11202231718;NA1BIL0304-15SB;EVOLUCAO E DIVERSIFICACAO DA VIDA NA TERRA
11202231718;NA1BIS0003-15SB;BASES MATEMATICAS
11202231718;NA3BCS0001-15SB;BASE EXPERIMENTAL DAS CIENCIAS NATURAIS
11202231718;NA3BIS0005-15SB;BASES COMPUTACIONAIS DA CIENCIA
11202231208;DA1BHO0001-19SB;INTRODUCAO AS HUMANIDADES E AS CIENCIAS SOCIAIS
11202231208;DA1BHP0202-19SB;TEMAS E PROBLEMAS EM FILOSOFIA
11202231208;DA1BHQ0001-15SB;IDENTIDADE E CULTURA
11202231208;DA1BHQ0003-15SB;INTERPRETACOES DO BRASIL
11202231208;DA2BIQ0602-15SB;ESTRUTURA E DINAMICA SOCIAL
11202231208;DA5BIS0005-15SB;BASES COMPUTACIONAIS DA CIENCIA
11202230712;DC2BIJ0207-15SA;BASES CONCEITUAIS DA ENERGIA
11202230712;DC2BIK0102-15SA;ESTRUTURA DA MATERIA
11202230712;DC2BIL0304-15SA;EVOLUCAO E DIVERSIFICACAO DA VIDA NA TERRA
11202230712;DC2BIS0003-15SA;BASES MATEMATICAS
11202230712;DC3BIS0005-15SA;BASES COMPUTACIONAIS DA CIENCIA
11202230712;DC4BCS0001-15SA;BASE EXPERIMENTAL DAS CIENCIAS NATURAIS
11202230612;DA1BHO0001-19SB;INTRODUCAO AS HUMANIDADES E AS CIENCIAS SOCIAIS
11202230612;DA1BHP0202-19SB;TEMAS E PROBLEMAS EM FILOSOFIA
11202230612;DA1BHQ0001-15SB;IDENTIDADE E CULTURA
11202230612;DA1BHQ0003-15SB;INTERPRETACOES DO BRASIL
11202230612;DA2BIQ0602-15SB;ESTRUTURA E DINAMICA SOCIAL
11202230612;DA5BIS0005-15SB;BASES COMPUTACIONAIS DA CIENCIA
11202232032;DA1BIR0603-15SA;CIENCIA, TECNOLOGIA E SOCIEDADE
11202232032;DA1NHI5001-15SA;DESENVOLVIMENTO E APRENDIZAGEM
11202232032;DA1NHZ2099-16SA;TOPICOS CONTEMPORANEOS EM EDUCACAO E FILOSOFIA
11202232032;DA1NHZ5023-18SA;PRATICAS ESCOLARES EM EDUCACAO ESPECIAL E INCLUSIVA
11202232032;DA3BIJ0207-15SA;BASES CONCEITUAIS DA ENERGIA
11202232032;DA7BIS0005-15SA;BASES COMPUTACIONAIS DA CIENCIA
11202212494;DC2BCS0001-15SB;BASE EXPERIMENTAL DAS CIENCIAS NATURAIS
11202212494;DC3BIS0005-15SB;BASES COMPUTACIONAIS DA CIENCIA
11202212494;DC1BIJ0207-15SB;BASES CONCEITUAIS DA ENERGIA
11202212494;DC1BIS0003-15SB;BASES MATEMATICAS
11202212494;DC1BIK0102-15SB;ESTRUTURA DA MATERIA
11202212494;DC1BIL0304-15SB;EVOLUCAO E DIVERSIFICACAO DA VIDA NA TERRA
11202230830;NC1BIJ0207-15SB;BASES CONCEITUAIS DA ENERGIA
11202230830;NC1BIK0102-15SB;ESTRUTURA DA MATERIA
11202230830;NC1BIL0304-15SB;EVOLUCAO E DIVERSIFICACAO DA VIDA NA TERRA
11202230830;NC1BIS0003-15SB;BASES MATEMATICAS
11202230830;NC2BCS0001-15SB;BASE EXPERIMENTAL DAS CIENCIAS NATURAIS
11202230830;NC2BIS0005-15SB;BASES COMPUTACIONAIS DA CIENCIA
11202230355;DA1BHO0001-19SB;INTRODUCAO AS HUMANIDADES E AS CIENCIAS SOCIAIS
11202230355;DA1BHP0202-19SB;TEMAS E PROBLEMAS EM FILOSOFIA
11202230355;DA1BHQ0001-15SB;IDENTIDADE E CULTURA
11202230355;DA1BHQ0003-15SB;INTERPRETACOES DO BRASIL
11202230355;DA2BIQ0602-15SB;ESTRUTURA E DINAMICA SOCIAL
11202230355;DA5BIS0005-15SB;BASES COMPUTACIONAIS DA CIENCIA
11202230631;NA2BIJ0207-15SA;BASES CONCEITUAIS DA ENERGIA
11202230631;NA2BIK0102-15SA;ESTRUTURA DA MATERIA
11202230631;NA2BIL0304-15SA;EVOLUCAO E DIVERSIFICACAO DA VIDA NA TERRA
11202230631;NA2BIS0003-15SA;BASES MATEMATICAS
11202230631;NA5BIS0005-15SA;BASES COMPUTACIONAIS DA CIENCIA
11202230631;NA6BCS0001-15SA;BASE EXPERIMENTAL DAS CIENCIAS NATURAIS
11202232140;NB1BIJ0207-15SB;BASES CONCEITUAIS DA ENERGIA
11202232140;NB1BIK0102-15SB;ESTRUTURA DA MATERIA
11202232140;NB1BIL0304-15SB;EVOLUCAO E DIVERSIFICACAO DA VIDA NA TERRA
11202232140;NB1BIS0003-15SB;BASES MATEMATICAS
11202232140;NB3BCS0001-15SB;BASE EXPERIMENTAL DAS CIENCIAS NATURAIS
11202232140;NB3BIS0005-15SB;BASES COMPUTACIONAIS DA CIENCIA
11202230968;NA1BHO0001-19SB;INTRODUCAO AS HUMANIDADES E AS CIENCIAS SOCIAIS
11202230968;NA1BHP0202-19SB;TEMAS E PROBLEMAS EM FILOSOFIA
11202230968;NA1BHQ0001-15SB;IDENTIDADE E CULTURA
11202230968;NA1BHQ0003-15SB;INTERPRETACOES DO BRASIL
11202230968;NA2BIQ0602-15SB;ESTRUTURA E DINAMICA SOCIAL
11202230968;NA5BIS0005-15SB;BASES COMPUTACIONAIS DA CIENCIA
11202232382;DB1BIJ0207-15SB;BASES CONCEITUAIS DA ENERGIA
11202232382;DB1BIK0102-15SB;ESTRUTURA DA MATERIA
11202232382;DB1BIL0304-15SB;EVOLUCAO E DIVERSIFICACAO DA VIDA NA TERRA
11202232382;DB1BIS0003-15SB;BASES MATEMATICAS
11202232382;DB2BCS0001-15SB;BASE EXPERIMENTAL DAS CIENCIAS NATURAIS
11202232382;DB2BIS0005-15SB;BASES COMPUTACIONAIS DA CIENCIA
11202231242;NB2BIJ0207-15SA;BASES CONCEITUAIS DA ENERGIA
11202231242;NB2BIK0102-15SA;ESTRUTURA DA MATERIA
11202231242;NB2BIL0304-15SA;EVOLUCAO E DIVERSIFICACAO DA VIDA NA TERRA
11202231242;NB2BIS0003-15SA;BASES MATEMATICAS
11202231242;NB6BCS0001-15SA;BASE EXPERIMENTAL DAS CIENCIAS NATURAIS
11202231242;NB6BIS0005-15SA;BASES COMPUTACIONAIS DA CIENCIA
11202230503;NA1BHO0001-19SB;INTRODUCAO AS HUMANIDADES E AS CIENCIAS SOCIAIS
11202230503;NA1BHP0202-19SB;TEMAS E PROBLEMAS EM FILOSOFIA
11202230503;NA1BHQ0001-15SB;IDENTIDADE E CULTURA
11202230503;NA1BHQ0003-15SB;INTERPRETACOES DO BRASIL
11202230503;NA2BIQ0602-15SB;ESTRUTURA E DINAMICA SOCIAL
11202230503;NA5BIS0005-15SB;BASES COMPUTACIONAIS DA CIENCIA
11202230620;NA2BIJ0207-15SA;BASES CONCEITUAIS DA ENERGIA
11202230620;NA2BIK0102-15SA;ESTRUTURA DA MATERIA
11202230620;NA2BIL0304-15SA;EVOLUCAO E DIVERSIFICACAO DA VIDA NA TERRA
11202230620;NA2BIS0003-15SA;BASES MATEMATICAS
11202230620;NA5BCS0001-15SA;BASE EXPERIMENTAL DAS CIENCIAS NATURAIS
11202230620;NA5BIS0005-15SA;BASES COMPUTACIONAIS DA CIENCIA
11202232171;DA1BHO0001-19SB;INTRODUCAO AS HUMANIDADES E AS CIENCIAS SOCIAIS
11202232171;DA1BHP0202-19SB;TEMAS E PROBLEMAS EM FILOSOFIA
11202232171;DA1BHQ0001-15SB;IDENTIDADE E CULTURA
11202232171;DA1BHQ0003-15SB;INTERPRETACOES DO BRASIL
11202232171;DA2BIQ0602-15SB;ESTRUTURA E DINAMICA SOCIAL
11202232171;DA5BIS0005-15SB;BASES COMPUTACIONAIS DA CIENCIA
11202230922;DA1BHO0001-19SB;INTRODUCAO AS HUMANIDADES E AS CIENCIAS SOCIAIS
11202230922;DA1BHP0202-19SB;TEMAS E PROBLEMAS EM FILOSOFIA
11202230922;DA1BHQ0001-15SB;IDENTIDADE E CULTURA
11202230922;DA1BHQ0003-15SB;INTERPRETACOES DO BRASIL
11202230922;DA2BIQ0602-15SB;ESTRUTURA E DINAMICA SOCIAL
11202230922;DA6BIS0005-15SB;BASES COMPUTACIONAIS DA CIENCIA
11202232145;NA1NHI5001-15SB;DESENVOLVIMENTO E APRENDIZAGEM
11202232145;NA1NHZ2099-16SB;TOPICOS CONTEMPORANEOS EM EDUCACAO E FILOSOFIA
11202232145;NA1NHZ5023-18SB;PRATICAS ESCOLARES EM EDUCACAO ESPECIAL E INCLUSIVA
11202232145;NA6BIS0005-15SB;BASES COMPUTACIONAIS DA CIENCIA
11202232145;NC1BIJ0207-15SB;BASES CONCEITUAIS DA ENERGIA
11202232145;NA2BIR0603-15SB;CIENCIA, TECNOLOGIA E SOCIEDADE
11202230401;DA1BHO0001-19SB;INTRODUCAO AS HUMANIDADES E AS CIENCIAS SOCIAIS
11202230401;DA1BHP0202-19SB;TEMAS E PROBLEMAS EM FILOSOFIA
11202230401;DA1BHQ0001-15SB;IDENTIDADE E CULTURA
11202230401;DA1BHQ0003-15SB;INTERPRETACOES DO BRASIL
11202230401;DA2BIQ0602-15SB;ESTRUTURA E DINAMICA SOCIAL
11202230401;DA6BIS0005-15SB;BASES COMPUTACIONAIS DA CIENCIA
11202230472;DC1BIJ0207-15SB;BASES CONCEITUAIS DA ENERGIA
11202230472;DC1BIK0102-15SB;ESTRUTURA DA MATERIA
11202230472;DC1BIL0304-15SB;EVOLUCAO E DIVERSIFICACAO DA VIDA NA TERRA
11202230472;DC1BIS0003-15SB;BASES MATEMATICAS
11202230472;DC2BCS0001-15SB;BASE EXPERIMENTAL DAS CIENCIAS NATURAIS
11202230472;DC3BIS0005-15SB;BASES COMPUTACIONAIS DA CIENCIA
11202231392;DB2BIJ0207-15SA;BASES CONCEITUAIS DA ENERGIA
11202231392;DB2BIK0102-15SA;ESTRUTURA DA MATERIA
11202231392;DB2BIL0304-15SA;EVOLUCAO E DIVERSIFICACAO DA VIDA NA TERRA
11202231392;DB2BIS0003-15SA;BASES MATEMATICAS
11202231392;DB3BCS0001-15SA;BASE EXPERIMENTAL DAS CIENCIAS NATURAIS
11202231392;DB3BIS0005-15SA;BASES COMPUTACIONAIS DA CIENCIA
11202231949;NA2BIJ0207-15SA;BASES CONCEITUAIS DA ENERGIA
11202231949;NA2BIK0102-15SA;ESTRUTURA DA MATERIA
11202231949;NA2BIL0304-15SA;EVOLUCAO E DIVERSIFICACAO DA VIDA NA TERRA
11202231949;NA2BIS0003-15SA;BASES MATEMATICAS
11202231949;NA5BIS0005-15SA;BASES COMPUTACIONAIS DA CIENCIA
11202231949;NA6BCS0001-15SA;BASE EXPERIMENTAL DAS CIENCIAS NATURAIS
11202231834;NC2BIJ0207-15SA;BASES CONCEITUAIS DA ENERGIA
11202231834;NC2BIK0102-15SA;ESTRUTURA DA MATERIA
11202231834;NC2BIL0304-15SA;EVOLUCAO E DIVERSIFICACAO DA VIDA NA TERRA
11202231834;NC2BIS0003-15SA;BASES MATEMATICAS
11202231834;NC6BCS0001-15SA;BASE EXPERIMENTAL DAS CIENCIAS NATURAIS
11202231834;NC6BIS0005-15SA;BASES COMPUTACIONAIS DA CIENCIA
11202231468;NB1BIJ0207-15SA;BASES CONCEITUAIS DA ENERGIA
11202231468;NB1BIK0102-15SA;ESTRUTURA DA MATERIA
11202231468;NB1BIL0304-15SA;EVOLUCAO E DIVERSIFICACAO DA VIDA NA TERRA
11202231468;NB1BIS0003-15SA;BASES MATEMATICAS
11202231468;NB3BCS0001-15SA;BASE EXPERIMENTAL DAS CIENCIAS NATURAIS
11202231468;NB3BIS0005-15SA;BASES COMPUTACIONAIS DA CIENCIA
11202232150;DA1BHO0001-19SB;INTRODUCAO AS HUMANIDADES E AS CIENCIAS SOCIAIS
11202232150;DA1BHP0202-19SB;TEMAS E PROBLEMAS EM FILOSOFIA
11202232150;DA1BHQ0001-15SB;IDENTIDADE E CULTURA
11202232150;DA1BHQ0003-15SB;INTERPRETACOES DO BRASIL
11202232150;DA2BIQ0602-15SB;ESTRUTURA E DINAMICA SOCIAL
11202232150;DA6BIS0005-15SB;BASES COMPUTACIONAIS DA CIENCIA
11202230934;NB1BIJ0207-15SA;BASES CONCEITUAIS DA ENERGIA
11202230934;NB1BIK0102-15SA;ESTRUTURA DA MATERIA
11202230934;NB1BIL0304-15SA;EVOLUCAO E DIVERSIFICACAO DA VIDA NA TERRA
11202230934;NB1BIS0003-15SA;BASES MATEMATICAS
11202230934;NB2BCS0001-15SA;BASE EXPERIMENTAL DAS CIENCIAS NATURAIS
11202230934;NB2BIS0005-15SA;BASES COMPUTACIONAIS DA CIENCIA
11202231693;DA2BIJ0207-15SA;BASES CONCEITUAIS DA ENERGIA
11202231693;DA2BIK0102-15SA;ESTRUTURA DA MATERIA
11202231693;DA2BIL0304-15SA;EVOLUCAO E DIVERSIFICACAO DA VIDA NA TERRA
11202231693;DA2BIS0003-15SA;BASES MATEMATICAS
11202231693;DA5BIS0005-15SA;BASES COMPUTACIONAIS DA CIENCIA
11202231693;DA6BCS0001-15SA;BASE EXPERIMENTAL DAS CIENCIAS NATURAIS
11202230996;NC1BIJ0207-15SA;BASES CONCEITUAIS DA ENERGIA
11202230996;NC1BIK0102-15SA;ESTRUTURA DA MATERIA
11202230996;NC1BIL0304-15SA;EVOLUCAO E DIVERSIFICACAO DA VIDA NA TERRA
11202230996;NC1BIS0003-15SA;BASES MATEMATICAS
11202230996;NC4BCS0001-15SA;BASE EXPERIMENTAL DAS CIENCIAS NATURAIS
11202230996;NC4BIS0005-15SA;BASES COMPUTACIONAIS DA CIENCIA
11202230955;NB1BIJ0207-15SA;BASES CONCEITUAIS DA ENERGIA
11202230955;NB1BIK0102-15SA;ESTRUTURA DA MATERIA
11202230955;NB1BIL0304-15SA;EVOLUCAO E DIVERSIFICACAO DA VIDA NA TERRA
11202230955;NB1BIS0003-15SA;BASES MATEMATICAS
11202230955;NB2BCS0001-15SA;BASE EXPERIMENTAL DAS CIENCIAS NATURAIS
11202230955;NB2BIS0005-15SA;BASES COMPUTACIONAIS DA CIENCIA
11202230448;DC2BIJ0207-15SA;BASES CONCEITUAIS DA ENERGIA
11202230448;DC2BIK0102-15SA;ESTRUTURA DA MATERIA
11202230448;DC2BIL0304-15SA;EVOLUCAO E DIVERSIFICACAO DA VIDA NA TERRA
11202230448;DC2BIS0003-15SA;BASES MATEMATICAS
11202230448;DC4BIS0005-15SA;BASES COMPUTACIONAIS DA CIENCIA
11202230448;DC5BCS0001-15SA;BASE EXPERIMENTAL DAS CIENCIAS NATURAIS
11202231367;DA2BCS0001-15SA;BASE EXPERIMENTAL DAS CIENCIAS NATURAIS
11202231367;DA2BIJ0207-15SA;BASES CONCEITUAIS DA ENERGIA
11202231367;DA2BIK0102-15SA;ESTRUTURA DA MATERIA
11202231367;DA2BIL0304-15SA;EVOLUCAO E DIVERSIFICACAO DA VIDA NA TERRA
11202231367;DA2BIS0003-15SA;BASES MATEMATICAS
11202231367;DA2BIS0005-15SA;BASES COMPUTACIONAIS DA CIENCIA
11202212461;DA1BIJ0207-15SA;BASES CONCEITUAIS DA ENERGIA
11202212461;DA1BIK0102-15SA;ESTRUTURA DA MATERIA
11202212461;DA1BIL0304-15SA;EVOLUCAO E DIVERSIFICACAO DA VIDA NA TERRA
11202212461;DA1BIS0003-15SA;BASES MATEMATICAS
11202212461;DA3BCS0001-15SA;BASE EXPERIMENTAL DAS CIENCIAS NATURAIS
11202212461;DA3BIS0005-15SA;BASES COMPUTACIONAIS DA CIENCIA
11202231418;NB1BIJ0207-15SB;BASES CONCEITUAIS DA ENERGIA
11202231418;NB1BIK0102-15SB;ESTRUTURA DA MATERIA
11202231418;NB1BIL0304-15SB;EVOLUCAO E DIVERSIFICACAO DA VIDA NA TERRA
11202231418;NB1BIS0003-15SB;BASES MATEMATICAS
11202231418;NB2BCS0001-15SB;BASE EXPERIMENTAL DAS CIENCIAS NATURAIS
11202231418;NB2BIS0005-15SB;BASES COMPUTACIONAIS DA CIENCIA
11202230633;NA1BHO0001-19SB;INTRODUCAO AS HUMANIDADES E AS CIENCIAS SOCIAIS
11202230633;NA1BHP0202-19SB;TEMAS E PROBLEMAS EM FILOSOFIA
11202230633;NA1BHQ0001-15SB;IDENTIDADE E CULTURA
11202230633;NA1BHQ0003-15SB;INTERPRETACOES DO BRASIL
11202230633;NA2BIQ0602-15SB;ESTRUTURA E DINAMICA SOCIAL
11202230633;NA5BIS0005-15SB;BASES COMPUTACIONAIS DA CIENCIA
11202230923;NA2BIJ0207-15SA;BASES CONCEITUAIS DA ENERGIA
11202230923;NA2BIK0102-15SA;ESTRUTURA DA MATERIA
11202230923;NA2BIL0304-15SA;EVOLUCAO E DIVERSIFICACAO DA VIDA NA TERRA
11202230923;NA2BIS0003-15SA;BASES MATEMATICAS
11202230923;NA5BCS0001-15SA;BASE EXPERIMENTAL DAS CIENCIAS NATURAIS
11202230923;NA5BIS0005-15SA;BASES COMPUTACIONAIS DA CIENCIA
11202230849;DA1BHO0001-19SB;INTRODUCAO AS HUMANIDADES E AS CIENCIAS SOCIAIS
11202230849;DA1BHP0202-19SB;TEMAS E PROBLEMAS EM FILOSOFIA
11202230849;DA1BHQ0001-15SB;IDENTIDADE E CULTURA
11202230849;DA1BHQ0003-15SB;INTERPRETACOES DO BRASIL
11202230849;DA2BIQ0602-15SB;ESTRUTURA E DINAMICA SOCIAL
11202230849;DA6BIS0005-15SB;BASES COMPUTACIONAIS DA CIENCIA
11202231679;DA2BIJ0207-15SA;BASES CONCEITUAIS DA ENERGIA
11202231679;DA2BIK0102-15SA;ESTRUTURA DA MATERIA
11202231679;DA2BIL0304-15SA;EVOLUCAO E DIVERSIFICACAO DA VIDA NA TERRA
11202231679;DA2BIS0003-15SA;BASES MATEMATICAS
11202231679;DA6BCS0001-15SA;BASE EXPERIMENTAL DAS CIENCIAS NATURAIS
11202231679;DA6BIS0005-15SA;BASES COMPUTACIONAIS DA CIENCIA
11202231537;NB1BIJ0207-15SA;BASES CONCEITUAIS DA ENERGIA
11202231537;NB1BIK0102-15SA;ESTRUTURA DA MATERIA
11202231537;NB1BIL0304-15SA;EVOLUCAO E DIVERSIFICACAO DA VIDA NA TERRA
11202231537;NB1BIS0003-15SA;BASES MATEMATICAS
11202231537;NB2BCS0001-15SA;BASE EXPERIMENTAL DAS CIENCIAS NATURAIS
11202231537;NB2BIS0005-15SA;BASES COMPUTACIONAIS DA CIENCIA
11202231415;DB1BCS0001-15SB;BASE EXPERIMENTAL DAS CIENCIAS NATURAIS
11202231415;DB1BIJ0207-15SB;BASES CONCEITUAIS DA ENERGIA
11202231415;DB1BIK0102-15SB;ESTRUTURA DA MATERIA
11202231415;DB1BIL0304-15SB;EVOLUCAO E DIVERSIFICACAO DA VIDA NA TERRA
11202231415;DB1BIS0003-15SB;BASES MATEMATICAS
11202231415;DB1BIS0005-15SB;BASES COMPUTACIONAIS DA CIENCIA
11202230297;NB1BIJ0207-15SB;BASES CONCEITUAIS DA ENERGIA
11202230297;NB1BIK0102-15SB;ESTRUTURA DA MATERIA
11202230297;NB1BIL0304-15SB;EVOLUCAO E DIVERSIFICACAO DA VIDA NA TERRA
11202230297;NB1BIS0003-15SB;BASES MATEMATICAS
11202230297;NB3BCS0001-15SB;BASE EXPERIMENTAL DAS CIENCIAS NATURAIS
11202230297;NB3BIS0005-15SB;BASES COMPUTACIONAIS DA CIENCIA
11202230513;NA1BHO0001-19SB;INTRODUCAO AS HUMANIDADES E AS CIENCIAS SOCIAIS
11202230513;NA1BHP0202-19SB;TEMAS E PROBLEMAS EM FILOSOFIA
11202230513;NA1BHQ0001-15SB;IDENTIDADE E CULTURA
11202230513;NA1BHQ0003-15SB;INTERPRETACOES DO BRASIL
11202230513;NA2BIQ0602-15SB;ESTRUTURA E DINAMICA SOCIAL
11202230513;NA5BIS0005-15SB;BASES COMPUTACIONAIS DA CIENCIA
11202230380;DA1BHO0001-19SB;INTRODUCAO AS HUMANIDADES E AS CIENCIAS SOCIAIS
11202230380;DA1BHP0202-19SB;TEMAS E PROBLEMAS EM FILOSOFIA
11202230380;DA1BHQ0001-15SB;IDENTIDADE E CULTURA
11202230380;DA1BHQ0003-15SB;INTERPRETACOES DO BRASIL
11202230380;DA2BIQ0602-15SB;ESTRUTURA E DINAMICA SOCIAL
11202230380;DA6BIS0005-15SB;BASES COMPUTACIONAIS DA CIENCIA
11202230575;NB1BIJ0207-15SA;BASES CONCEITUAIS DA ENERGIA
11202230575;NB1BIK0102-15SA;ESTRUTURA DA MATERIA
11202230575;NB1BIL0304-15SA;EVOLUCAO E DIVERSIFICACAO DA VIDA NA TERRA
11202230575;NB1BIS0003-15SA;BASES MATEMATICAS
11202230575;NB2BCS0001-15SA;BASE EXPERIMENTAL DAS CIENCIAS NATURAIS
11202230575;NB2BIS0005-15SA;BASES COMPUTACIONAIS DA CIENCIA
11202231571;NA1NHI5001-15SB;DESENVOLVIMENTO E APRENDIZAGEM
11202231571;NA1NHZ2099-16SB;TOPICOS CONTEMPORANEOS EM EDUCACAO E FILOSOFIA
11202231571;NA1NHZ5023-18SB;PRATICAS ESCOLARES EM EDUCACAO ESPECIAL E INCLUSIVA
11202231571;NA6BIS0005-15SB;BASES COMPUTACIONAIS DA CIENCIA
11202231571;NC1BIJ0207-15SB;BASES CONCEITUAIS DA ENERGIA
11202231571;NA2BIR0603-15SB;CIENCIA, TECNOLOGIA E SOCIEDADE
11202212495;NB6BIS0005-15SB;BASES COMPUTACIONAIS DA CIENCIA
11202212495;NB2BIQ0602-15SB;ESTRUTURA E DINAMICA SOCIAL
11202212495;NB1BHQ0001-15SB;IDENTIDADE E CULTURA
11202212495;NB1BHQ0003-15SB;INTERPRETACOES DO BRASIL
11202212495;NB1BHO0001-19SB;INTRODUCAO AS HUMANIDADES E AS CIENCIAS SOCIAIS
11202212495;NB1BHP0202-19SB;TEMAS E PROBLEMAS EM FILOSOFIA
11202231476;DC1BIJ0207-15SA;BASES CONCEITUAIS DA ENERGIA
11202231476;DC1BIK0102-15SA;ESTRUTURA DA MATERIA
11202231476;DC1BIL0304-15SA;EVOLUCAO E DIVERSIFICACAO DA VIDA NA TERRA
11202231476;DC1BIS0003-15SA;BASES MATEMATICAS
11202231476;DC2BIS0005-15SA;BASES COMPUTACIONAIS DA CIENCIA
11202231476;DC3BCS0001-15SA;BASE EXPERIMENTAL DAS CIENCIAS NATURAIS
11202230997;NC1BCS0001-15SA;BASE EXPERIMENTAL DAS CIENCIAS NATURAIS
11202230997;NC1BIJ0207-15SA;BASES CONCEITUAIS DA ENERGIA
11202230997;NC1BIK0102-15SA;ESTRUTURA DA MATERIA
11202230997;NC1BIL0304-15SA;EVOLUCAO E DIVERSIFICACAO DA VIDA NA TERRA
11202230997;NC1BIS0003-15SA;BASES MATEMATICAS
11202230997;NC1BIS0005-15SA;BASES COMPUTACIONAIS DA CIENCIA
11202230567;DC1BIJ0207-15SB;BASES CONCEITUAIS DA ENERGIA
11202230567;DC1BIK0102-15SB;ESTRUTURA DA MATERIA
11202230567;DC1BIL0304-15SB;EVOLUCAO E DIVERSIFICACAO DA VIDA NA TERRA
11202230567;DC1BIS0003-15SB;BASES MATEMATICAS
11202230567;DC2BCS0001-15SB;BASE EXPERIMENTAL DAS CIENCIAS NATURAIS
11202230567;DC3BIS0005-15SB;BASES COMPUTACIONAIS DA CIENCIA
11202232180;DB1BIJ0207-15SB;BASES CONCEITUAIS DA ENERGIA
11202232180;DB1BIK0102-15SB;ESTRUTURA DA MATERIA
11202232180;DB1BIL0304-15SB;EVOLUCAO E DIVERSIFICACAO DA VIDA NA TERRA
11202232180;DB1BIS0003-15SB;BASES MATEMATICAS
11202232180;DB2BCS0001-15SB;BASE EXPERIMENTAL DAS CIENCIAS NATURAIS
11202232180;DB2BIS0005-15SB;BASES COMPUTACIONAIS DA CIENCIA
11202231282;NB2BIJ0207-15SA;BASES CONCEITUAIS DA ENERGIA
11202231282;NB2BIK0102-15SA;ESTRUTURA DA MATERIA
11202231282;NB2BIL0304-15SA;EVOLUCAO E DIVERSIFICACAO DA VIDA NA TERRA
11202231282;NB2BIS0003-15SA;BASES MATEMATICAS
11202231282;NB4BCS0001-15SA;BASE EXPERIMENTAL DAS CIENCIAS NATURAIS
11202231282;NB4BIS0005-15SA;BASES COMPUTACIONAIS DA CIENCIA
11202231207;DA1BCS0001-15SB;BASE EXPERIMENTAL DAS CIENCIAS NATURAIS
11202231207;DA1BIJ0207-15SB;BASES CONCEITUAIS DA ENERGIA
11202231207;DA1BIK0102-15SB;ESTRUTURA DA MATERIA
11202231207;DA1BIL0304-15SB;EVOLUCAO E DIVERSIFICACAO DA VIDA NA TERRA
11202231207;DA1BIS0003-15SB;BASES MATEMATICAS
11202231207;DA1BIS0005-15SB;BASES COMPUTACIONAIS DA CIENCIA
11202231736;NC1BIJ0207-15SA;BASES CONCEITUAIS DA ENERGIA
11202231736;NC1BIK0102-15SA;ESTRUTURA DA MATERIA
11202231736;NC1BIL0304-15SA;EVOLUCAO E DIVERSIFICACAO DA VIDA NA TERRA
11202231736;NC1BIS0003-15SA;BASES MATEMATICAS
11202231736;NC2BCS0001-15SA;BASE EXPERIMENTAL DAS CIENCIAS NATURAIS
11202231736;NC2BIS0005-15SA;BASES COMPUTACIONAIS DA CIENCIA
11202230235;NA1BCS0001-15SA;BASE EXPERIMENTAL DAS CIENCIAS NATURAIS
11202230235;NA1BIJ0207-15SA;BASES CONCEITUAIS DA ENERGIA
11202230235;NA1BIK0102-15SA;ESTRUTURA DA MATERIA
11202230235;NA1BIL0304-15SA;EVOLUCAO E DIVERSIFICACAO DA VIDA NA TERRA
11202230235;NA1BIS0003-15SA;BASES MATEMATICAS
11202230235;NA1BIS0005-15SA;BASES COMPUTACIONAIS DA CIENCIA
11202232162;DA1BIJ0207-15SA;BASES CONCEITUAIS DA ENERGIA
11202232162;DA1BIK0102-15SA;ESTRUTURA DA MATERIA
11202232162;DA1BIL0304-15SA;EVOLUCAO E DIVERSIFICACAO DA VIDA NA TERRA
11202232162;DA1BIS0003-15SA;BASES MATEMATICAS
11202232162;DA1BIS0005-15SA;BASES COMPUTACIONAIS DA CIENCIA
11202232162;DA3BCS0001-15SA;BASE EXPERIMENTAL DAS CIENCIAS NATURAIS
11202231744;DA1BIR0603-15SA;CIENCIA, TECNOLOGIA E SOCIEDADE
11202231744;DA1NHI5001-15SA;DESENVOLVIMENTO E APRENDIZAGEM
11202231744;DA1NHZ2099-16SA;TOPICOS CONTEMPORANEOS EM EDUCACAO E FILOSOFIA
11202231744;DA1NHZ5023-18SA;PRATICAS ESCOLARES EM EDUCACAO ESPECIAL E INCLUSIVA
11202231744;DA3BIJ0207-15SA;BASES CONCEITUAIS DA ENERGIA
11202231744;DA7BIS0005-15SA;BASES COMPUTACIONAIS DA CIENCIA
11202231667;DA2BIJ0207-15SA;BASES CONCEITUAIS DA ENERGIA
11202231667;DA2BIK0102-15SA;ESTRUTURA DA MATERIA
11202231667;DA2BIL0304-15SA;EVOLUCAO E DIVERSIFICACAO DA VIDA NA TERRA
11202231667;DA2BIS0003-15SA;BASES MATEMATICAS
11202231667;DA4BIS0005-15SA;BASES COMPUTACIONAIS DA CIENCIA
11202231667;DA5BCS0001-15SA;BASE EXPERIMENTAL DAS CIENCIAS NATURAIS
11202230534;NA1BHO0001-19SB;INTRODUCAO AS HUMANIDADES E AS CIENCIAS SOCIAIS
11202230534;NA1BHP0202-19SB;TEMAS E PROBLEMAS EM FILOSOFIA
11202230534;NA1BHQ0001-15SB;IDENTIDADE E CULTURA
11202230534;NA1BHQ0003-15SB;INTERPRETACOES DO BRASIL
11202230534;NA2BIQ0602-15SB;ESTRUTURA E DINAMICA SOCIAL
11202230534;NA5BIS0005-15SB;BASES COMPUTACIONAIS DA CIENCIA
11202231609;NC1BIJ0207-15SB;BASES CONCEITUAIS DA ENERGIA
11202231609;NC1BIK0102-15SB;ESTRUTURA DA MATERIA
11202231609;NC1BIL0304-15SB;EVOLUCAO E DIVERSIFICACAO DA VIDA NA TERRA
11202231609;NC1BIS0003-15SB;BASES MATEMATICAS
11202231609;NC2BCS0001-15SB;BASE EXPERIMENTAL DAS CIENCIAS NATURAIS
11202231609;NC2BIS0005-15SB;BASES COMPUTACIONAIS DA CIENCIA
11202230413;DA1BIR0603-15SB;CIENCIA, TECNOLOGIA E SOCIEDADE
11202230413;DA1NHI5001-15SB;DESENVOLVIMENTO E APRENDIZAGEM
11202230413;DA1NHZ2099-16SB;TOPICOS CONTEMPORANEOS EM EDUCACAO E FILOSOFIA
11202230413;DA1NHZ5023-18SB;PRATICAS ESCOLARES EM EDUCACAO ESPECIAL E INCLUSIVA
11202230413;DA7BIS0005-15SB;BASES COMPUTACIONAIS DA CIENCIA
11202230413;DC1BIJ0207-15SB;BASES CONCEITUAIS DA ENERGIA
11202230639;DA1BCS0001-15SB;BASE EXPERIMENTAL DAS CIENCIAS NATURAIS
11202230639;DA1BIJ0207-15SB;BASES CONCEITUAIS DA ENERGIA
11202230639;DA1BIK0102-15SB;ESTRUTURA DA MATERIA
11202230639;DA1BIL0304-15SB;EVOLUCAO E DIVERSIFICACAO DA VIDA NA TERRA
11202230639;DA1BIS0003-15SB;BASES MATEMATICAS
11202230639;DA1BIS0005-15SB;BASES COMPUTACIONAIS DA CIENCIA
11202232381;DA1BHO0001-19SB;INTRODUCAO AS HUMANIDADES E AS CIENCIAS SOCIAIS
11202232381;DA1BHP0202-19SB;TEMAS E PROBLEMAS EM FILOSOFIA
11202232381;DA1BHQ0001-15SB;IDENTIDADE E CULTURA
11202232381;DA1BHQ0003-15SB;INTERPRETACOES DO BRASIL
11202232381;DA2BIQ0602-15SB;ESTRUTURA E DINAMICA SOCIAL
11202232381;DA6BIS0005-15SB;BASES COMPUTACIONAIS DA CIENCIA
11202230856;NA2BIJ0207-15SA;BASES CONCEITUAIS DA ENERGIA
11202230856;NA2BIK0102-15SA;ESTRUTURA DA MATERIA
11202230856;NA2BIL0304-15SA;EVOLUCAO E DIVERSIFICACAO DA VIDA NA TERRA
11202230856;NA2BIS0003-15SA;BASES MATEMATICAS
11202230856;NA4BCS0001-15SA;BASE EXPERIMENTAL DAS CIENCIAS NATURAIS
11202230856;NA4BIS0005-15SA;BASES COMPUTACIONAIS DA CIENCIA
11202231088;DA1BHO0001-19SB;INTRODUCAO AS HUMANIDADES E AS CIENCIAS SOCIAIS
11202231088;DA1BHP0202-19SB;TEMAS E PROBLEMAS EM FILOSOFIA
11202231088;DA1BHQ0001-15SB;IDENTIDADE E CULTURA
11202231088;DA1BHQ0003-15SB;INTERPRETACOES DO BRASIL
11202231088;DA2BIQ0602-15SB;ESTRUTURA E DINAMICA SOCIAL
11202231088;DA6BIS0005-15SB;BASES COMPUTACIONAIS DA CIENCIA
11202232177;NC1BIJ0207-15SB;BASES CONCEITUAIS DA ENERGIA
11202232177;NC1BIK0102-15SB;ESTRUTURA DA MATERIA
11202232177;NC1BIL0304-15SB;EVOLUCAO E DIVERSIFICACAO DA VIDA NA TERRA
11202232177;NC1BIS0003-15SB;BASES MATEMATICAS
11202232177;NC2BCS0001-15SB;BASE EXPERIMENTAL DAS CIENCIAS NATURAIS
11202232177;NC2BIS0005-15SB;BASES COMPUTACIONAIS DA CIENCIA
11202231236;NC1BIJ0207-15SA;BASES CONCEITUAIS DA ENERGIA
11202231236;NC1BIK0102-15SA;ESTRUTURA DA MATERIA
11202231236;NC1BIL0304-15SA;EVOLUCAO E DIVERSIFICACAO DA VIDA NA TERRA
11202231236;NC1BIS0003-15SA;BASES MATEMATICAS
11202231236;NC2BCS0001-15SA;BASE EXPERIMENTAL DAS CIENCIAS NATURAIS
11202231236;NC2BIS0005-15SA;BASES COMPUTACIONAIS DA CIENCIA
11202230414;DA1BIR0603-15SB;CIENCIA, TECNOLOGIA E SOCIEDADE
11202230414;DA1NHI5001-15SB;DESENVOLVIMENTO E APRENDIZAGEM
11202230414;DA1NHZ2099-16SB;TOPICOS CONTEMPORANEOS EM EDUCACAO E FILOSOFIA
11202230414;DA1NHZ5023-18SB;PRATICAS ESCOLARES EM EDUCACAO ESPECIAL E INCLUSIVA
11202230414;DA7BIS0005-15SB;BASES COMPUTACIONAIS DA CIENCIA
11202230414;DC1BIJ0207-15SB;BASES CONCEITUAIS DA ENERGIA
11202230911;NA1BIJ0207-15SA;BASES CONCEITUAIS DA ENERGIA
11202230911;NA1BIK0102-15SA;ESTRUTURA DA MATERIA
11202230911;NA1BIL0304-15SA;EVOLUCAO E DIVERSIFICACAO DA VIDA NA TERRA
11202230911;NA1BIS0003-15SA;BASES MATEMATICAS
11202230911;NA2BCS0001-15SA;BASE EXPERIMENTAL DAS CIENCIAS NATURAIS
11202230911;NA2BIS0005-15SA;BASES COMPUTACIONAIS DA CIENCIA
11202232156;NA1BHO0001-19SB;INTRODUCAO AS HUMANIDADES E AS CIENCIAS SOCIAIS
11202232156;NA1BHP0202-19SB;TEMAS E PROBLEMAS EM FILOSOFIA
11202232156;NA1BHQ0001-15SB;IDENTIDADE E CULTURA
11202232156;NA1BHQ0003-15SB;INTERPRETACOES DO BRASIL
11202232156;NA2BIQ0602-15SB;ESTRUTURA E DINAMICA SOCIAL
11202232156;NA5BIS0005-15SB;BASES COMPUTACIONAIS DA CIENCIA
11202231456;NA2BIJ0207-15SA;BASES CONCEITUAIS DA ENERGIA
11202231456;NA2BIK0102-15SA;ESTRUTURA DA MATERIA
11202231456;NA2BIL0304-15SA;EVOLUCAO E DIVERSIFICACAO DA VIDA NA TERRA
11202231456;NA2BIS0003-15SA;BASES MATEMATICAS
11202231456;NA4BCS0001-15SA;BASE EXPERIMENTAL DAS CIENCIAS NATURAIS
11202231456;NA4BIS0005-15SA;BASES COMPUTACIONAIS DA CIENCIA
11202232124;DC2BIJ0207-15SA;BASES CONCEITUAIS DA ENERGIA
11202232124;DC2BIK0102-15SA;ESTRUTURA DA MATERIA
11202232124;DC2BIL0304-15SA;EVOLUCAO E DIVERSIFICACAO DA VIDA NA TERRA
11202232124;DC2BIS0003-15SA;BASES MATEMATICAS
11202232124;DC3BIS0005-15SA;BASES COMPUTACIONAIS DA CIENCIA
11202232124;DC4BCS0001-15SA;BASE EXPERIMENTAL DAS CIENCIAS NATURAIS
11202231255;DB1BIJ0207-15SA;BASES CONCEITUAIS DA ENERGIA
11202231255;DB1BIK0102-15SA;ESTRUTURA DA MATERIA
11202231255;DB1BIL0304-15SA;EVOLUCAO E DIVERSIFICACAO DA VIDA NA TERRA
11202231255;DB1BIS0003-15SA;BASES MATEMATICAS
11202231255;DB4BCS0001-15SA;BASE EXPERIMENTAL DAS CIENCIAS NATURAIS
11202231255;DB4BIS0005-15SA;BASES COMPUTACIONAIS DA CIENCIA
11202231245;NA1BIR0603-15SA;CIENCIA, TECNOLOGIA E SOCIEDADE
11202231245;NA1NHI5001-15SA;DESENVOLVIMENTO E APRENDIZAGEM
11202231245;NA1NHZ2099-16SA;TOPICOS CONTEMPORANEOS EM EDUCACAO E FILOSOFIA
11202231245;NA1NHZ5023-18SA;PRATICAS ESCOLARES EM EDUCACAO ESPECIAL E INCLUSIVA
11202231245;NA3BIJ0207-15SA;BASES CONCEITUAIS DA ENERGIA
11202231245;NA7BIS0005-15SA;BASES COMPUTACIONAIS DA CIENCIA
11202231990;DA1BIJ0207-15SB;BASES CONCEITUAIS DA ENERGIA
11202231990;DA1BIK0102-15SB;ESTRUTURA DA MATERIA
11202231990;DA1BIL0304-15SB;EVOLUCAO E DIVERSIFICACAO DA VIDA NA TERRA
11202231990;DA1BIS0003-15SB;BASES MATEMATICAS
11202231990;DA2BCS0001-15SB;BASE EXPERIMENTAL DAS CIENCIAS NATURAIS
11202231990;DA2BIS0005-15SB;BASES COMPUTACIONAIS DA CIENCIA
11202230588;NC1BIJ0207-15SA;BASES CONCEITUAIS DA ENERGIA
11202230588;NC1BIK0102-15SA;ESTRUTURA DA MATERIA
11202230588;NC1BIL0304-15SA;EVOLUCAO E DIVERSIFICACAO DA VIDA NA TERRA
11202230588;NC1BIS0003-15SA;BASES MATEMATICAS
11202230588;NC2BCS0001-15SA;BASE EXPERIMENTAL DAS CIENCIAS NATURAIS
11202230588;NC2BIS0005-15SA;BASES COMPUTACIONAIS DA CIENCIA
11202231005;NA1NHI5001-15SB;DESENVOLVIMENTO E APRENDIZAGEM
11202231005;NA1NHZ2099-16SB;TOPICOS CONTEMPORANEOS EM EDUCACAO E FILOSOFIA
11202231005;NA1NHZ5023-18SB;PRATICAS ESCOLARES EM EDUCACAO ESPECIAL E INCLUSIVA
11202231005;NA6BIS0005-15SB;BASES COMPUTACIONAIS DA CIENCIA
11202231005;NC1BIJ0207-15SB;BASES CONCEITUAIS DA ENERGIA
11202231005;NA2BIR0603-15SB;CIENCIA, TECNOLOGIA E SOCIEDADE
11202230382;NA1BHO0001-19SB;INTRODUCAO AS HUMANIDADES E AS CIENCIAS SOCIAIS
11202230382;NA1BHP0202-19SB;TEMAS E PROBLEMAS EM FILOSOFIA
11202230382;NA1BHQ0001-15SB;IDENTIDADE E CULTURA
11202230382;NA1BHQ0003-15SB;INTERPRETACOES DO BRASIL
11202230382;NA2BIQ0602-15SB;ESTRUTURA E DINAMICA SOCIAL
11202230382;NA5BIS0005-15SB;BASES COMPUTACIONAIS DA CIENCIA
11202212396;DC1BIJ0207-15SA;BASES CONCEITUAIS DA ENERGIA
11202212396;DC1BIK0102-15SA;ESTRUTURA DA MATERIA
11202212396;DC1BIL0304-15SA;EVOLUCAO E DIVERSIFICACAO DA VIDA NA TERRA
11202212396;DC1BIS0003-15SA;BASES MATEMATICAS
11202212396;DC2BIS0005-15SA;BASES COMPUTACIONAIS DA CIENCIA
11202212396;DC3BCS0001-15SA;BASE EXPERIMENTAL DAS CIENCIAS NATURAIS
11202231329;DB1BIJ0207-15SB;BASES CONCEITUAIS DA ENERGIA
11202231329;DB1BIK0102-15SB;ESTRUTURA DA MATERIA
11202231329;DB1BIL0304-15SB;EVOLUCAO E DIVERSIFICACAO DA VIDA NA TERRA
11202231329;DB1BIS0003-15SB;BASES MATEMATICAS
11202231329;DB2BCS0001-15SB;BASE EXPERIMENTAL DAS CIENCIAS NATURAIS
11202231329;DB2BIS0005-15SB;BASES COMPUTACIONAIS DA CIENCIA
11202231966;DA1BIJ0207-15SB;BASES CONCEITUAIS DA ENERGIA
11202231966;DA1BIK0102-15SB;ESTRUTURA DA MATERIA
11202231966;DA1BIL0304-15SB;EVOLUCAO E DIVERSIFICACAO DA VIDA NA TERRA
11202231966;DA1BIS0003-15SB;BASES MATEMATICAS
11202231966;DA2BCS0001-15SB;BASE EXPERIMENTAL DAS CIENCIAS NATURAIS
11202231966;DA2BIS0005-15SB;BASES COMPUTACIONAIS DA CIENCIA
11202231594;NC1BIJ0207-15SA;BASES CONCEITUAIS DA ENERGIA
11202231594;NC1BIK0102-15SA;ESTRUTURA DA MATERIA
11202231594;NC1BIL0304-15SA;EVOLUCAO E DIVERSIFICACAO DA VIDA NA TERRA
11202231594;NC1BIS0003-15SA;BASES MATEMATICAS
11202231594;NC2BCS0001-15SA;BASE EXPERIMENTAL DAS CIENCIAS NATURAIS
11202231594;NC2BIS0005-15SA;BASES COMPUTACIONAIS DA CIENCIA
11202230971;NC2BIJ0207-15SA;BASES CONCEITUAIS DA ENERGIA
11202230971;NC2BIK0102-15SA;ESTRUTURA DA MATERIA
11202230971;NC2BIL0304-15SA;EVOLUCAO E DIVERSIFICACAO DA VIDA NA TERRA
11202230971;NC2BIS0003-15SA;BASES MATEMATICAS
11202230971;NC5BCS0001-15SA;BASE EXPERIMENTAL DAS CIENCIAS NATURAIS
11202230971;NC5BIS0005-15SA;BASES COMPUTACIONAIS DA CIENCIA
11202230748;DB1BCS0001-15SA;BASE EXPERIMENTAL DAS CIENCIAS NATURAIS
11202230748;DB1BIS0005-15SA;BASES COMPUTACIONAIS DA CIENCIA
11202230748;DB2BIJ0207-15SA;BASES CONCEITUAIS DA ENERGIA
11202230748;DB2BIK0102-15SA;ESTRUTURA DA MATERIA
11202230748;DB2BIL0304-15SA;EVOLUCAO E DIVERSIFICACAO DA VIDA NA TERRA
11202230748;DB2BIS0003-15SA;BASES MATEMATICAS
11202230839;DB1BIJ0207-15SB;BASES CONCEITUAIS DA ENERGIA
11202230839;DB1BIK0102-15SB;ESTRUTURA DA MATERIA
11202230839;DB1BIL0304-15SB;EVOLUCAO E DIVERSIFICACAO DA VIDA NA TERRA
11202230839;DB1BIS0003-15SB;BASES MATEMATICAS
11202230839;DB3BCS0001-15SB;BASE EXPERIMENTAL DAS CIENCIAS NATURAIS
11202230839;DB3BIS0005-15SB;BASES COMPUTACIONAIS DA CIENCIA
11202231352;NA2BIJ0207-15SA;BASES CONCEITUAIS DA ENERGIA
11202231352;NA2BIK0102-15SA;ESTRUTURA DA MATERIA
11202231352;NA2BIL0304-15SA;EVOLUCAO E DIVERSIFICACAO DA VIDA NA TERRA
11202231352;NA2BIS0003-15SA;BASES MATEMATICAS
11202231352;NA5BIS0005-15SA;BASES COMPUTACIONAIS DA CIENCIA
11202231352;NA6BCS0001-15SA;BASE EXPERIMENTAL DAS CIENCIAS NATURAIS
11202231852;DB1BCS0001-15SA;BASE EXPERIMENTAL DAS CIENCIAS NATURAIS
11202231852;DB1BIS0005-15SA;BASES COMPUTACIONAIS DA CIENCIA
11202231852;DB2BIJ0207-15SA;BASES CONCEITUAIS DA ENERGIA
11202231852;DB2BIK0102-15SA;ESTRUTURA DA MATERIA
11202231852;DB2BIL0304-15SA;EVOLUCAO E DIVERSIFICACAO DA VIDA NA TERRA
11202231852;DB2BIS0003-15SA;BASES MATEMATICAS
11202232127;DC1BCS0001-15SA;BASE EXPERIMENTAL DAS CIENCIAS NATURAIS
11202232127;DC1BIJ0207-15SA;BASES CONCEITUAIS DA ENERGIA
11202232127;DC1BIK0102-15SA;ESTRUTURA DA MATERIA
11202232127;DC1BIL0304-15SA;EVOLUCAO E DIVERSIFICACAO DA VIDA NA TERRA
11202232127;DC1BIS0003-15SA;BASES MATEMATICAS
11202232127;DC5BIS0005-15SA;BASES COMPUTACIONAIS DA CIENCIA
11202230319;NB2BIJ0207-15SA;BASES CONCEITUAIS DA ENERGIA
11202230319;NB2BIK0102-15SA;ESTRUTURA DA MATERIA
11202230319;NB2BIL0304-15SA;EVOLUCAO E DIVERSIFICACAO DA VIDA NA TERRA
11202230319;NB2BIS0003-15SA;BASES MATEMATICAS
11202230319;NB4BCS0001-15SA;BASE EXPERIMENTAL DAS CIENCIAS NATURAIS
11202230319;NB4BIS0005-15SA;BASES COMPUTACIONAIS DA CIENCIA
11202231126;NA1BIJ0207-15SB;BASES CONCEITUAIS DA ENERGIA
11202231126;NA1BIK0102-15SB;ESTRUTURA DA MATERIA
11202231126;NA1BIL0304-15SB;EVOLUCAO E DIVERSIFICACAO DA VIDA NA TERRA
11202231126;NA1BIS0003-15SB;BASES MATEMATICAS
11202231126;NA3BCS0001-15SB;BASE EXPERIMENTAL DAS CIENCIAS NATURAIS
11202231126;NA3BIS0005-15SB;BASES COMPUTACIONAIS DA CIENCIA
11202231149;NB1BIJ0207-15SA;BASES CONCEITUAIS DA ENERGIA
11202231149;NB1BIK0102-15SA;ESTRUTURA DA MATERIA
11202231149;NB1BIL0304-15SA;EVOLUCAO E DIVERSIFICACAO DA VIDA NA TERRA
11202231149;NB1BIS0003-15SA;BASES MATEMATICAS
11202231149;NB3BCS0001-15SA;BASE EXPERIMENTAL DAS CIENCIAS NATURAIS
11202231149;NB3BIS0005-15SA;BASES COMPUTACIONAIS DA CIENCIA
11202231815;NA2BIJ0207-15SA;BASES CONCEITUAIS DA ENERGIA
11202231815;NA2BIK0102-15SA;ESTRUTURA DA MATERIA
11202231815;NA2BIL0304-15SA;EVOLUCAO E DIVERSIFICACAO DA VIDA NA TERRA
11202231815;NA2BIS0003-15SA;BASES MATEMATICAS
11202231815;NA5BCS0001-15SA;BASE EXPERIMENTAL DAS CIENCIAS NATURAIS
11202231815;NA5BIS0005-15SA;BASES COMPUTACIONAIS DA CIENCIA
11202231563;NA1BIJ0207-15SB;BASES CONCEITUAIS DA ENERGIA
11202231563;NA1BIK0102-15SB;ESTRUTURA DA MATERIA
11202231563;NA1BIL0304-15SB;EVOLUCAO E DIVERSIFICACAO DA VIDA NA TERRA
11202231563;NA1BIS0003-15SB;BASES MATEMATICAS
11202231563;NA3BCS0001-15SB;BASE EXPERIMENTAL DAS CIENCIAS NATURAIS
11202231563;NA3BIS0005-15SB;BASES COMPUTACIONAIS DA CIENCIA
11202231919;DA1BIR0603-15SA;CIENCIA, TECNOLOGIA E SOCIEDADE
11202231919;DA1NHI5001-15SA;DESENVOLVIMENTO E APRENDIZAGEM
11202231919;DA1NHZ2099-16SA;TOPICOS CONTEMPORANEOS EM EDUCACAO E FILOSOFIA
11202231919;DA1NHZ5023-18SA;PRATICAS ESCOLARES EM EDUCACAO ESPECIAL E INCLUSIVA
11202231919;DA3BIJ0207-15SA;BASES CONCEITUAIS DA ENERGIA
11202231919;DA6BIS0005-15SA;BASES COMPUTACIONAIS DA CIENCIA
11202230989;NB2BIJ0207-15SA;BASES CONCEITUAIS DA ENERGIA
11202230989;NB2BIK0102-15SA;ESTRUTURA DA MATERIA
11202230989;NB2BIL0304-15SA;EVOLUCAO E DIVERSIFICACAO DA VIDA NA TERRA
11202230989;NB2BIS0003-15SA;BASES MATEMATICAS
11202230989;NB4BCS0001-15SA;BASE EXPERIMENTAL DAS CIENCIAS NATURAIS
11202230989;NB4BIS0005-15SA;BASES COMPUTACIONAIS DA CIENCIA
11202230757;NA1BCS0001-15SB;BASE EXPERIMENTAL DAS CIENCIAS NATURAIS
11202230757;NA1BIJ0207-15SB;BASES CONCEITUAIS DA ENERGIA
11202230757;NA1BIK0102-15SB;ESTRUTURA DA MATERIA
11202230757;NA1BIL0304-15SB;EVOLUCAO E DIVERSIFICACAO DA VIDA NA TERRA
11202230757;NA1BIS0003-15SB;BASES MATEMATICAS
11202230757;NA1BIS0005-15SB;BASES COMPUTACIONAIS DA CIENCIA
11202231096;NA1BCS0001-15SA;BASE EXPERIMENTAL DAS CIENCIAS NATURAIS
11202231096;NA1BIJ0207-15SA;BASES CONCEITUAIS DA ENERGIA
11202231096;NA1BIK0102-15SA;ESTRUTURA DA MATERIA
11202231096;NA1BIL0304-15SA;EVOLUCAO E DIVERSIFICACAO DA VIDA NA TERRA
11202231096;NA1BIS0003-15SA;BASES MATEMATICAS
11202231096;NA1BIS0005-15SA;BASES COMPUTACIONAIS DA CIENCIA
11202231193;NC1BIJ0207-15SA;BASES CONCEITUAIS DA ENERGIA
11202231193;NC1BIK0102-15SA;ESTRUTURA DA MATERIA
11202231193;NC1BIL0304-15SA;EVOLUCAO E DIVERSIFICACAO DA VIDA NA TERRA
11202231193;NC1BIS0003-15SA;BASES MATEMATICAS
11202231193;NC2BCS0001-15SA;BASE EXPERIMENTAL DAS CIENCIAS NATURAIS
11202231193;NC2BIS0005-15SA;BASES COMPUTACIONAIS DA CIENCIA
11202230804;NB2BIJ0207-15SA;BASES CONCEITUAIS DA ENERGIA
11202230804;NB2BIK0102-15SA;ESTRUTURA DA MATERIA
11202230804;NB2BIL0304-15SA;EVOLUCAO E DIVERSIFICACAO DA VIDA NA TERRA
11202230804;NB2BIS0003-15SA;BASES MATEMATICAS
11202230804;NB4BIS0005-15SA;BASES COMPUTACIONAIS DA CIENCIA
11202230804;NB5BCS0001-15SA;BASE EXPERIMENTAL DAS CIENCIAS NATURAIS
11202230334;NA1BHO0001-19SB;INTRODUCAO AS HUMANIDADES E AS CIENCIAS SOCIAIS
11202230334;NA1BHP0202-19SB;TEMAS E PROBLEMAS EM FILOSOFIA
11202230334;NA1BHQ0001-15SB;IDENTIDADE E CULTURA
11202230334;NA1BHQ0003-15SB;INTERPRETACOES DO BRASIL
11202230334;NA2BIQ0602-15SB;ESTRUTURA E DINAMICA SOCIAL
11202230334;NA5BIS0005-15SB;BASES COMPUTACIONAIS DA CIENCIA
11202231879;NB1BIJ0207-15SA;BASES CONCEITUAIS DA ENERGIA
11202231879;NB1BIK0102-15SA;ESTRUTURA DA MATERIA
11202231879;NB1BIL0304-15SA;EVOLUCAO E DIVERSIFICACAO DA VIDA NA TERRA
11202231879;NB1BIS0003-15SA;BASES MATEMATICAS
11202231879;NB2BCS0001-15SA;BASE EXPERIMENTAL DAS CIENCIAS NATURAIS
11202231879;NB2BIS0005-15SA;BASES COMPUTACIONAIS DA CIENCIA
11202230571;NC2BIJ0207-15SA;BASES CONCEITUAIS DA ENERGIA
11202230571;NC2BIK0102-15SA;ESTRUTURA DA MATERIA
11202230571;NC2BIL0304-15SA;EVOLUCAO E DIVERSIFICACAO DA VIDA NA TERRA
11202230571;NC2BIS0003-15SA;BASES MATEMATICAS
11202230571;NC4BCS0001-15SA;BASE EXPERIMENTAL DAS CIENCIAS NATURAIS
11202230571;NC4BIS0005-15SA;BASES COMPUTACIONAIS DA CIENCIA
11202230596;DA1BIJ0207-15SB;BASES CONCEITUAIS DA ENERGIA
11202230596;DA1BIK0102-15SB;ESTRUTURA DA MATERIA
11202230596;DA1BIL0304-15SB;EVOLUCAO E DIVERSIFICACAO DA VIDA NA TERRA
11202230596;DA1BIS0003-15SB;BASES MATEMATICAS
11202230596;DA2BCS0001-15SB;BASE EXPERIMENTAL DAS CIENCIAS NATURAIS
11202230596;DA2BIS0005-15SB;BASES COMPUTACIONAIS DA CIENCIA
11202230882;DA2BCS0001-15SA;BASE EXPERIMENTAL DAS CIENCIAS NATURAIS
11202230882;DA2BIJ0207-15SA;BASES CONCEITUAIS DA ENERGIA
11202230882;DA2BIK0102-15SA;ESTRUTURA DA MATERIA
11202230882;DA2BIL0304-15SA;EVOLUCAO E DIVERSIFICACAO DA VIDA NA TERRA
11202230882;DA2BIS0003-15SA;BASES MATEMATICAS
11202230882;DA2BIS0005-15SA;BASES COMPUTACIONAIS DA CIENCIA
11202231228;NA1BIJ0207-15SA;BASES CONCEITUAIS DA ENERGIA
11202231228;NA1BIK0102-15SA;ESTRUTURA DA MATERIA
11202231228;NA1BIL0304-15SA;EVOLUCAO E DIVERSIFICACAO DA VIDA NA TERRA
11202231228;NA1BIS0003-15SA;BASES MATEMATICAS
11202231228;NA3BCS0001-15SA;BASE EXPERIMENTAL DAS CIENCIAS NATURAIS
11202231228;NA3BIS0005-15SA;BASES COMPUTACIONAIS DA CIENCIA
11202232123;NA1BCS0001-15SA;BASE EXPERIMENTAL DAS CIENCIAS NATURAIS
11202232123;NA1BIJ0207-15SA;BASES CONCEITUAIS DA ENERGIA
11202232123;NA1BIK0102-15SA;ESTRUTURA DA MATERIA
11202232123;NA1BIL0304-15SA;EVOLUCAO E DIVERSIFICACAO DA VIDA NA TERRA
11202232123;NA1BIS0003-15SA;BASES MATEMATICAS
11202232123;NA1BIS0005-15SA;BASES COMPUTACIONAIS DA CIENCIA
11202230540;DB1BIJ0207-15SA;BASES CONCEITUAIS DA ENERGIA
11202230540;DB1BIK0102-15SA;ESTRUTURA DA MATERIA
11202230540;DB1BIL0304-15SA;EVOLUCAO E DIVERSIFICACAO DA VIDA NA TERRA
11202230540;DB1BIS0003-15SA;BASES MATEMATICAS
11202230540;DB5BCS0001-15SA;BASE EXPERIMENTAL DAS CIENCIAS NATURAIS
11202230540;DB5BIS0005-15SA;BASES COMPUTACIONAIS DA CIENCIA
11202231737;DA1BIR0603-15SA;CIENCIA, TECNOLOGIA E SOCIEDADE
11202231737;DA1NHI5001-15SA;DESENVOLVIMENTO E APRENDIZAGEM
11202231737;DA1NHZ2099-16SA;TOPICOS CONTEMPORANEOS EM EDUCACAO E FILOSOFIA
11202231737;DA1NHZ5023-18SA;PRATICAS ESCOLARES EM EDUCACAO ESPECIAL E INCLUSIVA
11202231737;DA3BIJ0207-15SA;BASES CONCEITUAIS DA ENERGIA
11202231737;DA6BIS0005-15SA;BASES COMPUTACIONAIS DA CIENCIA
11202230218;NC2BIJ0207-15SA;BASES CONCEITUAIS DA ENERGIA
11202230218;NC2BIK0102-15SA;ESTRUTURA DA MATERIA
11202230218;NC2BIL0304-15SA;EVOLUCAO E DIVERSIFICACAO DA VIDA NA TERRA
11202230218;NC2BIS0003-15SA;BASES MATEMATICAS
11202230218;NC4BCS0001-15SA;BASE EXPERIMENTAL DAS CIENCIAS NATURAIS
11202230218;NC4BIS0005-15SA;BASES COMPUTACIONAIS DA CIENCIA
11202230549;NB1BIJ0207-15SB;BASES CONCEITUAIS DA ENERGIA
11202230549;NB1BIK0102-15SB;ESTRUTURA DA MATERIA
11202230549;NB1BIL0304-15SB;EVOLUCAO E DIVERSIFICACAO DA VIDA NA TERRA
11202230549;NB1BIS0003-15SB;BASES MATEMATICAS
11202230549;NB2BCS0001-15SB;BASE EXPERIMENTAL DAS CIENCIAS NATURAIS
11202230549;NB2BIS0005-15SB;BASES COMPUTACIONAIS DA CIENCIA
11202231722;DA2BIJ0207-15SA;BASES CONCEITUAIS DA ENERGIA
11202231722;DA2BIK0102-15SA;ESTRUTURA DA MATERIA
11202231722;DA2BIL0304-15SA;EVOLUCAO E DIVERSIFICACAO DA VIDA NA TERRA
11202231722;DA2BIS0003-15SA;BASES MATEMATICAS
11202231722;DA5BCS0001-15SA;BASE EXPERIMENTAL DAS CIENCIAS NATURAIS
11202231722;DA5BIS0005-15SA;BASES COMPUTACIONAIS DA CIENCIA
11202230717;NA1BIJ0207-15SA;BASES CONCEITUAIS DA ENERGIA
11202230717;NA1BIK0102-15SA;ESTRUTURA DA MATERIA
11202230717;NA1BIL0304-15SA;EVOLUCAO E DIVERSIFICACAO DA VIDA NA TERRA
11202230717;NA1BIS0003-15SA;BASES MATEMATICAS
11202230717;NA2BCS0001-15SA;BASE EXPERIMENTAL DAS CIENCIAS NATURAIS
11202230717;NA2BIS0005-15SA;BASES COMPUTACIONAIS DA CIENCIA
11202230718;DB1BCS0001-15SA;BASE EXPERIMENTAL DAS CIENCIAS NATURAIS
11202230718;DB1BIS0005-15SA;BASES COMPUTACIONAIS DA CIENCIA
11202230718;DB2BIJ0207-15SA;BASES CONCEITUAIS DA ENERGIA
11202230718;DB2BIK0102-15SA;ESTRUTURA DA MATERIA
11202230718;DB2BIL0304-15SA;EVOLUCAO E DIVERSIFICACAO DA VIDA NA TERRA
11202230718;DB2BIS0003-15SA;BASES MATEMATICAS
11202231229;DA1BHO0001-19SB;INTRODUCAO AS HUMANIDADES E AS CIENCIAS SOCIAIS
11202231229;DA1BHP0202-19SB;TEMAS E PROBLEMAS EM FILOSOFIA
11202231229;DA1BHQ0001-15SB;IDENTIDADE E CULTURA
11202231229;DA1BHQ0003-15SB;INTERPRETACOES DO BRASIL
11202231229;DA2BIQ0602-15SB;ESTRUTURA E DINAMICA SOCIAL
11202231229;DA6BIS0005-15SB;BASES COMPUTACIONAIS DA CIENCIA
11202231424;DC1BCS0001-15SA;BASE EXPERIMENTAL DAS CIENCIAS NATURAIS
11202231424;DC1BIJ0207-15SA;BASES CONCEITUAIS DA ENERGIA
11202231424;DC1BIK0102-15SA;ESTRUTURA DA MATERIA
11202231424;DC1BIL0304-15SA;EVOLUCAO E DIVERSIFICACAO DA VIDA NA TERRA
11202231424;DC1BIS0003-15SA;BASES MATEMATICAS
11202231424;DC5BIS0005-15SA;BASES COMPUTACIONAIS DA CIENCIA
11202231524;NB2BIJ0207-15SA;BASES CONCEITUAIS DA ENERGIA
11202231524;NB2BIK0102-15SA;ESTRUTURA DA MATERIA
11202231524;NB2BIL0304-15SA;EVOLUCAO E DIVERSIFICACAO DA VIDA NA TERRA
11202231524;NB2BIS0003-15SA;BASES MATEMATICAS
11202231524;NB4BIS0005-15SA;BASES COMPUTACIONAIS DA CIENCIA
11202231524;NB5BCS0001-15SA;BASE EXPERIMENTAL DAS CIENCIAS NATURAIS
11202231748;NA1BIR0603-15SA;CIENCIA, TECNOLOGIA E SOCIEDADE
11202231748;NA1NHI5001-15SA;DESENVOLVIMENTO E APRENDIZAGEM
11202231748;NA1NHZ2099-16SA;TOPICOS CONTEMPORANEOS EM EDUCACAO E FILOSOFIA
11202231748;NA1NHZ5023-18SA;PRATICAS ESCOLARES EM EDUCACAO ESPECIAL E INCLUSIVA
11202231748;NA3BIJ0207-15SA;BASES CONCEITUAIS DA ENERGIA
11202231748;NA7BIS0005-15SA;BASES COMPUTACIONAIS DA CIENCIA
11202231994;NB2BIJ0207-15SA;BASES CONCEITUAIS DA ENERGIA
11202231994;NB2BIK0102-15SA;ESTRUTURA DA MATERIA
11202231994;NB2BIL0304-15SA;EVOLUCAO E DIVERSIFICACAO DA VIDA NA TERRA
11202231994;NB2BIS0003-15SA;BASES MATEMATICAS
11202231994;NB6BCS0001-15SA;BASE EXPERIMENTAL DAS CIENCIAS NATURAIS
11202231994;NB6BIS0005-15SA;BASES COMPUTACIONAIS DA CIENCIA
11202230473;NA1BHO0001-19SB;INTRODUCAO AS HUMANIDADES E AS CIENCIAS SOCIAIS
11202230473;NA1BHP0202-19SB;TEMAS E PROBLEMAS EM FILOSOFIA
11202230473;NA1BHQ0001-15SB;IDENTIDADE E CULTURA
11202230473;NA1BHQ0003-15SB;INTERPRETACOES DO BRASIL
11202230473;NA2BIQ0602-15SB;ESTRUTURA E DINAMICA SOCIAL
11202230473;NA5BIS0005-15SB;BASES COMPUTACIONAIS DA CIENCIA
11202230961;NB1BIJ0207-15SB;BASES CONCEITUAIS DA ENERGIA
11202230961;NB1BIK0102-15SB;ESTRUTURA DA MATERIA
11202230961;NB1BIL0304-15SB;EVOLUCAO E DIVERSIFICACAO DA VIDA NA TERRA
11202230961;NB1BIS0003-15SB;BASES MATEMATICAS
11202230961;NB3BCS0001-15SB;BASE EXPERIMENTAL DAS CIENCIAS NATURAIS
11202230961;NB3BIS0005-15SB;BASES COMPUTACIONAIS DA CIENCIA
11202230365;NC2BIJ0207-15SA;BASES CONCEITUAIS DA ENERGIA
11202230365;NC2BIK0102-15SA;ESTRUTURA DA MATERIA
11202230365;NC2BIL0304-15SA;EVOLUCAO E DIVERSIFICACAO DA VIDA NA TERRA
11202230365;NC2BIS0003-15SA;BASES MATEMATICAS
11202230365;NC5BCS0001-15SA;BASE EXPERIMENTAL DAS CIENCIAS NATURAIS
11202230365;NC5BIS0005-15SA;BASES COMPUTACIONAIS DA CIENCIA
11202231168;NB1BIJ0207-15SB;BASES CONCEITUAIS DA ENERGIA
11202231168;NB1BIK0102-15SB;ESTRUTURA DA MATERIA
11202231168;NB1BIL0304-15SB;EVOLUCAO E DIVERSIFICACAO DA VIDA NA TERRA
11202231168;NB1BIS0003-15SB;BASES MATEMATICAS
11202231168;NB3BCS0001-15SB;BASE EXPERIMENTAL DAS CIENCIAS NATURAIS
11202231168;NB3BIS0005-15SB;BASES COMPUTACIONAIS DA CIENCIA
11202231820;DA2BIJ0207-15SA;BASES CONCEITUAIS DA ENERGIA
11202231820;DA2BIK0102-15SA;ESTRUTURA DA MATERIA
11202231820;DA2BIL0304-15SA;EVOLUCAO E DIVERSIFICACAO DA VIDA NA TERRA
11202231820;DA2BIS0003-15SA;BASES MATEMATICAS
11202231820;DA6BCS0001-15SA;BASE EXPERIMENTAL DAS CIENCIAS NATURAIS
11202231820;DA6BIS0005-15SA;BASES COMPUTACIONAIS DA CIENCIA
11202231640;DB1BCS0001-15SA;BASE EXPERIMENTAL DAS CIENCIAS NATURAIS
11202231640;DB1BIS0005-15SA;BASES COMPUTACIONAIS DA CIENCIA
11202231640;DB2BIJ0207-15SA;BASES CONCEITUAIS DA ENERGIA
11202231640;DB2BIK0102-15SA;ESTRUTURA DA MATERIA
11202231640;DB2BIL0304-15SA;EVOLUCAO E DIVERSIFICACAO DA VIDA NA TERRA
11202231640;DB2BIS0003-15SA;BASES MATEMATICAS
11202232380;NC1BIJ0207-15SA;BASES CONCEITUAIS DA ENERGIA
11202232380;NC1BIK0102-15SA;ESTRUTURA DA MATERIA
11202232380;NC1BIL0304-15SA;EVOLUCAO E DIVERSIFICACAO DA VIDA NA TERRA
11202232380;NC1BIS0003-15SA;BASES MATEMATICAS
11202232380;NC3BCS0001-15SA;BASE EXPERIMENTAL DAS CIENCIAS NATURAIS
11202232380;NC3BIS0005-15SA;BASES COMPUTACIONAIS DA CIENCIA
11202230608;DB2BIJ0207-15SA;BASES CONCEITUAIS DA ENERGIA
11202230608;DB2BIK0102-15SA;ESTRUTURA DA MATERIA
11202230608;DB2BIL0304-15SA;EVOLUCAO E DIVERSIFICACAO DA VIDA NA TERRA
11202230608;DB2BIS0003-15SA;BASES MATEMATICAS
11202230608;DB3BCS0001-15SA;BASE EXPERIMENTAL DAS CIENCIAS NATURAIS
11202230608;DB3BIS0005-15SA;BASES COMPUTACIONAIS DA CIENCIA
11202230589;NC1BIJ0207-15SA;BASES CONCEITUAIS DA ENERGIA
11202230589;NC1BIK0102-15SA;ESTRUTURA DA MATERIA
11202230589;NC1BIL0304-15SA;EVOLUCAO E DIVERSIFICACAO DA VIDA NA TERRA
11202230589;NC1BIS0003-15SA;BASES MATEMATICAS
11202230589;NC3BCS0001-15SA;BASE EXPERIMENTAL DAS CIENCIAS NATURAIS
11202230589;NC3BIS0005-15SA;BASES COMPUTACIONAIS DA CIENCIA
11202230857;NA1BIJ0207-15SA;BASES CONCEITUAIS DA ENERGIA
11202230857;NA1BIK0102-15SA;ESTRUTURA DA MATERIA
11202230857;NA1BIL0304-15SA;EVOLUCAO E DIVERSIFICACAO DA VIDA NA TERRA
11202230857;NA1BIS0003-15SA;BASES MATEMATICAS
11202230857;NA2BCS0001-15SA;BASE EXPERIMENTAL DAS CIENCIAS NATURAIS
11202230857;NA2BIS0005-15SA;BASES COMPUTACIONAIS DA CIENCIA
11202231100;NA1BHO0001-19SB;INTRODUCAO AS HUMANIDADES E AS CIENCIAS SOCIAIS
11202231100;NA1BHP0202-19SB;TEMAS E PROBLEMAS EM FILOSOFIA
11202231100;NA1BHQ0001-15SB;IDENTIDADE E CULTURA
11202231100;NA1BHQ0003-15SB;INTERPRETACOES DO BRASIL
11202231100;NA2BIQ0602-15SB;ESTRUTURA E DINAMICA SOCIAL
11202231100;NA5BIS0005-15SB;BASES COMPUTACIONAIS DA CIENCIA
11202230219;DC2BIJ0207-15SA;BASES CONCEITUAIS DA ENERGIA
11202230219;DC2BIK0102-15SA;ESTRUTURA DA MATERIA
11202230219;DC2BIL0304-15SA;EVOLUCAO E DIVERSIFICACAO DA VIDA NA TERRA
11202230219;DC2BIS0003-15SA;BASES MATEMATICAS
11202230219;DC4BCS0001-15SA;BASE EXPERIMENTAL DAS CIENCIAS NATURAIS
11202230219;DC4BIS0005-15SA;BASES COMPUTACIONAIS DA CIENCIA
11202232378;DB1BIJ0207-15SB;BASES CONCEITUAIS DA ENERGIA
11202232378;DB1BIK0102-15SB;ESTRUTURA DA MATERIA
11202232378;DB1BIL0304-15SB;EVOLUCAO E DIVERSIFICACAO DA VIDA NA TERRA
11202232378;DB1BIS0003-15SB;BASES MATEMATICAS
11202232378;DB3BCS0001-15SB;BASE EXPERIMENTAL DAS CIENCIAS NATURAIS
11202232378;DB3BIS0005-15SB;BASES COMPUTACIONAIS DA CIENCIA
11202231923;NC1BIJ0207-15SA;BASES CONCEITUAIS DA ENERGIA
11202231923;NC1BIK0102-15SA;ESTRUTURA DA MATERIA
11202231923;NC1BIL0304-15SA;EVOLUCAO E DIVERSIFICACAO DA VIDA NA TERRA
11202231923;NC1BIS0003-15SA;BASES MATEMATICAS
11202231923;NC3BCS0001-15SA;BASE EXPERIMENTAL DAS CIENCIAS NATURAIS
11202231923;NC3BIS0005-15SA;BASES COMPUTACIONAIS DA CIENCIA
11202230331;NB1BIJ0207-15SA;BASES CONCEITUAIS DA ENERGIA
11202230331;NB1BIK0102-15SA;ESTRUTURA DA MATERIA
11202230331;NB1BIL0304-15SA;EVOLUCAO E DIVERSIFICACAO DA VIDA NA TERRA
11202230331;NB1BIS0003-15SA;BASES MATEMATICAS
11202230331;NB3BCS0001-15SA;BASE EXPERIMENTAL DAS CIENCIAS NATURAIS
11202230331;NB3BIS0005-15SA;BASES COMPUTACIONAIS DA CIENCIA
11202230363;DC1BCS0001-15SB;BASE EXPERIMENTAL DAS CIENCIAS NATURAIS
11202230363;DC1BIJ0207-15SB;BASES CONCEITUAIS DA ENERGIA
11202230363;DC1BIK0102-15SB;ESTRUTURA DA MATERIA
11202230363;DC1BIL0304-15SB;EVOLUCAO E DIVERSIFICACAO DA VIDA NA TERRA
11202230363;DC1BIS0003-15SB;BASES MATEMATICAS
11202230363;DC1BIS0005-15SB;BASES COMPUTACIONAIS DA CIENCIA
11202231166;NB1BCS0001-15SB;BASE EXPERIMENTAL DAS CIENCIAS NATURAIS
11202231166;NB1BIJ0207-15SB;BASES CONCEITUAIS DA ENERGIA
11202231166;NB1BIK0102-15SB;ESTRUTURA DA MATERIA
11202231166;NB1BIL0304-15SB;EVOLUCAO E DIVERSIFICACAO DA VIDA NA TERRA
11202231166;NB1BIS0003-15SB;BASES MATEMATICAS
11202231166;NB1BIS0005-15SB;BASES COMPUTACIONAIS DA CIENCIA
11202230970;NB1BCS0001-15SA;BASE EXPERIMENTAL DAS CIENCIAS NATURAIS
11202230970;NB1BIJ0207-15SA;BASES CONCEITUAIS DA ENERGIA
11202230970;NB1BIK0102-15SA;ESTRUTURA DA MATERIA
11202230970;NB1BIL0304-15SA;EVOLUCAO E DIVERSIFICACAO DA VIDA NA TERRA
11202230970;NB1BIS0003-15SA;BASES MATEMATICAS
11202230970;NB1BIS0005-15SA;BASES COMPUTACIONAIS DA CIENCIA
11202230337;DB2BCS0001-15SA;BASE EXPERIMENTAL DAS CIENCIAS NATURAIS
11202230337;DB2BIJ0207-15SA;BASES CONCEITUAIS DA ENERGIA
11202230337;DB2BIK0102-15SA;ESTRUTURA DA MATERIA
11202230337;DB2BIL0304-15SA;EVOLUCAO E DIVERSIFICACAO DA VIDA NA TERRA
11202230337;DB2BIS0003-15SA;BASES MATEMATICAS
11202230337;DB2BIS0005-15SA;BASES COMPUTACIONAIS DA CIENCIA
11202230412;NB1BIJ0207-15SA;BASES CONCEITUAIS DA ENERGIA
11202230412;NB1BIK0102-15SA;ESTRUTURA DA MATERIA
11202230412;NB1BIL0304-15SA;EVOLUCAO E DIVERSIFICACAO DA VIDA NA TERRA
11202230412;NB1BIS0003-15SA;BASES MATEMATICAS
11202230412;NB2BCS0001-15SA;BASE EXPERIMENTAL DAS CIENCIAS NATURAIS
11202230412;NB2BIS0005-15SA;BASES COMPUTACIONAIS DA CIENCIA
11202232109;DC1BIJ0207-15SA;BASES CONCEITUAIS DA ENERGIA
11202232109;DC1BIK0102-15SA;ESTRUTURA DA MATERIA
11202232109;DC1BIL0304-15SA;EVOLUCAO E DIVERSIFICACAO DA VIDA NA TERRA
11202232109;DC1BIS0003-15SA;BASES MATEMATICAS
11202232109;DC3BCS0001-15SA;BASE EXPERIMENTAL DAS CIENCIAS NATURAIS
11202232109;DC3BIS0005-15SA;BASES COMPUTACIONAIS DA CIENCIA
11202230379;DC1BIJ0207-15SB;BASES CONCEITUAIS DA ENERGIA
11202230379;DC1BIK0102-15SB;ESTRUTURA DA MATERIA
11202230379;DC1BIL0304-15SB;EVOLUCAO E DIVERSIFICACAO DA VIDA NA TERRA
11202230379;DC1BIS0003-15SB;BASES MATEMATICAS
11202230379;DC2BCS0001-15SB;BASE EXPERIMENTAL DAS CIENCIAS NATURAIS
11202230379;DC3BIS0005-15SB;BASES COMPUTACIONAIS DA CIENCIA
11202231835;NB1BIJ0207-15SA;BASES CONCEITUAIS DA ENERGIA
11202231835;NB1BIK0102-15SA;ESTRUTURA DA MATERIA
11202231835;NB1BIL0304-15SA;EVOLUCAO E DIVERSIFICACAO DA VIDA NA TERRA
11202231835;NB1BIS0003-15SA;BASES MATEMATICAS
11202231835;NB2BCS0001-15SA;BASE EXPERIMENTAL DAS CIENCIAS NATURAIS
11202231835;NB2BIS0005-15SA;BASES COMPUTACIONAIS DA CIENCIA
11202231241;DC1BIJ0207-15SA;BASES CONCEITUAIS DA ENERGIA
11202231241;DC1BIK0102-15SA;ESTRUTURA DA MATERIA
11202231241;DC1BIL0304-15SA;EVOLUCAO E DIVERSIFICACAO DA VIDA NA TERRA
11202231241;DC1BIS0003-15SA;BASES MATEMATICAS
11202231241;DC2BIS0005-15SA;BASES COMPUTACIONAIS DA CIENCIA
11202231241;DC3BCS0001-15SA;BASE EXPERIMENTAL DAS CIENCIAS NATURAIS
11202231987;DA2BIJ0207-15SA;BASES CONCEITUAIS DA ENERGIA
11202231987;DA2BIK0102-15SA;ESTRUTURA DA MATERIA
11202231987;DA2BIL0304-15SA;EVOLUCAO E DIVERSIFICACAO DA VIDA NA TERRA
11202231987;DA2BIS0003-15SA;BASES MATEMATICAS
11202231987;DA5BCS0001-15SA;BASE EXPERIMENTAL DAS CIENCIAS NATURAIS
11202231987;DA5BIS0005-15SA;BASES COMPUTACIONAIS DA CIENCIA
11202231552;DA1BCS0001-15SB;BASE EXPERIMENTAL DAS CIENCIAS NATURAIS
11202231552;DA1BIJ0207-15SB;BASES CONCEITUAIS DA ENERGIA
11202231552;DA1BIK0102-15SB;ESTRUTURA DA MATERIA
11202231552;DA1BIL0304-15SB;EVOLUCAO E DIVERSIFICACAO DA VIDA NA TERRA
11202231552;DA1BIS0003-15SB;BASES MATEMATICAS
11202231552;DA1BIS0005-15SB;BASES COMPUTACIONAIS DA CIENCIA
11202230471;NA1BHO0001-19SB;INTRODUCAO AS HUMANIDADES E AS CIENCIAS SOCIAIS
11202230471;NA1BHP0202-19SB;TEMAS E PROBLEMAS EM FILOSOFIA
11202230471;NA1BHQ0001-15SB;IDENTIDADE E CULTURA
11202230471;NA1BHQ0003-15SB;INTERPRETACOES DO BRASIL
11202230471;NA2BIQ0602-15SB;ESTRUTURA E DINAMICA SOCIAL
11202230471;NA5BIS0005-15SB;BASES COMPUTACIONAIS DA CIENCIA
11202232376;NB2BIJ0207-15SA;BASES CONCEITUAIS DA ENERGIA
11202232376;NB2BIK0102-15SA;ESTRUTURA DA MATERIA
11202232376;NB2BIL0304-15SA;EVOLUCAO E DIVERSIFICACAO DA VIDA NA TERRA
11202232376;NB2BIS0003-15SA;BASES MATEMATICAS
11202232376;NB5BCS0001-15SA;BASE EXPERIMENTAL DAS CIENCIAS NATURAIS
11202232376;NB5BIS0005-15SA;BASES COMPUTACIONAIS DA CIENCIA
11202230304;NC2BIJ0207-15SA;BASES CONCEITUAIS DA ENERGIA
11202230304;NC2BIK0102-15SA;ESTRUTURA DA MATERIA
11202230304;NC2BIL0304-15SA;EVOLUCAO E DIVERSIFICACAO DA VIDA NA TERRA
11202230304;NC2BIS0003-15SA;BASES MATEMATICAS
11202230304;NC4BCS0001-15SA;BASE EXPERIMENTAL DAS CIENCIAS NATURAIS
11202230304;NC4BIS0005-15SA;BASES COMPUTACIONAIS DA CIENCIA
11202230667;NA1BIJ0207-15SB;BASES CONCEITUAIS DA ENERGIA
11202230667;NA1BIK0102-15SB;ESTRUTURA DA MATERIA
11202230667;NA1BIL0304-15SB;EVOLUCAO E DIVERSIFICACAO DA VIDA NA TERRA
11202230667;NA1BIS0003-15SB;BASES MATEMATICAS
11202230667;NA2BCS0001-15SB;BASE EXPERIMENTAL DAS CIENCIAS NATURAIS
11202230667;NA2BIS0005-15SB;BASES COMPUTACIONAIS DA CIENCIA
11202231623;DB1BIJ0207-15SB;BASES CONCEITUAIS DA ENERGIA
11202231623;DB1BIK0102-15SB;ESTRUTURA DA MATERIA
11202231623;DB1BIL0304-15SB;EVOLUCAO E DIVERSIFICACAO DA VIDA NA TERRA
11202231623;DB1BIS0003-15SB;BASES MATEMATICAS
11202231623;DB3BCS0001-15SB;BASE EXPERIMENTAL DAS CIENCIAS NATURAIS
11202231623;DB3BIS0005-15SB;BASES COMPUTACIONAIS DA CIENCIA
11202230993;NA1BHO0001-19SB;INTRODUCAO AS HUMANIDADES E AS CIENCIAS SOCIAIS
11202230993;NA1BHP0202-19SB;TEMAS E PROBLEMAS EM FILOSOFIA
11202230993;NA1BHQ0001-15SB;IDENTIDADE E CULTURA
11202230993;NA1BHQ0003-15SB;INTERPRETACOES DO BRASIL
11202230993;NA2BIQ0602-15SB;ESTRUTURA E DINAMICA SOCIAL
11202230993;NA5BIS0005-15SB;BASES COMPUTACIONAIS DA CIENCIA
11202231165;NA1BIR0603-15SA;CIENCIA, TECNOLOGIA E SOCIEDADE
11202231165;NA1NHI5001-15SA;DESENVOLVIMENTO E APRENDIZAGEM
11202231165;NA1NHZ2099-16SA;TOPICOS CONTEMPORANEOS EM EDUCACAO E FILOSOFIA
11202231165;NA1NHZ5023-18SA;PRATICAS ESCOLARES EM EDUCACAO ESPECIAL E INCLUSIVA
11202231165;NA3BIJ0207-15SA;BASES CONCEITUAIS DA ENERGIA
11202231165;NA7BIS0005-15SA;BASES COMPUTACIONAIS DA CIENCIA
11202231782;DC1BCS0001-15SA;BASE EXPERIMENTAL DAS CIENCIAS NATURAIS
11202231782;DC1BIJ0207-15SA;BASES CONCEITUAIS DA ENERGIA
11202231782;DC1BIK0102-15SA;ESTRUTURA DA MATERIA
11202231782;DC1BIL0304-15SA;EVOLUCAO E DIVERSIFICACAO DA VIDA NA TERRA
11202231782;DC1BIS0003-15SA;BASES MATEMATICAS
11202231782;DC1BIS0005-15SA;BASES COMPUTACIONAIS DA CIENCIA
11202230852;DB2BCS0001-15SA;BASE EXPERIMENTAL DAS CIENCIAS NATURAIS
11202230852;DB2BIJ0207-15SA;BASES CONCEITUAIS DA ENERGIA
11202230852;DB2BIK0102-15SA;ESTRUTURA DA MATERIA
11202230852;DB2BIL0304-15SA;EVOLUCAO E DIVERSIFICACAO DA VIDA NA TERRA
11202230852;DB2BIS0003-15SA;BASES MATEMATICAS
11202230852;DB2BIS0005-15SA;BASES COMPUTACIONAIS DA CIENCIA
11202212427;NA1BHO0001-19SB;INTRODUCAO AS HUMANIDADES E AS CIENCIAS SOCIAIS
11202212427;NA1BHP0202-19SB;TEMAS E PROBLEMAS EM FILOSOFIA
11202212427;NA1BHQ0001-15SB;IDENTIDADE E CULTURA
11202212427;NA1BHQ0003-15SB;INTERPRETACOES DO BRASIL
11202212427;NA2BIQ0602-15SB;ESTRUTURA E DINAMICA SOCIAL
11202212427;NA5BIS0005-15SB;BASES COMPUTACIONAIS DA CIENCIA
11202230444;DB1BIJ0207-15SA;BASES CONCEITUAIS DA ENERGIA
11202230444;DB1BIK0102-15SA;ESTRUTURA DA MATERIA
11202230444;DB1BIL0304-15SA;EVOLUCAO E DIVERSIFICACAO DA VIDA NA TERRA
11202230444;DB1BIS0003-15SA;BASES MATEMATICAS
11202230444;DB5BCS0001-15SA;BASE EXPERIMENTAL DAS CIENCIAS NATURAIS
11202230444;DB5BIS0005-15SA;BASES COMPUTACIONAIS DA CIENCIA
11202232169;NC1BIJ0207-15SA;BASES CONCEITUAIS DA ENERGIA
11202232169;NC1BIK0102-15SA;ESTRUTURA DA MATERIA
11202232169;NC1BIL0304-15SA;EVOLUCAO E DIVERSIFICACAO DA VIDA NA TERRA
11202232169;NC1BIS0003-15SA;BASES MATEMATICAS
11202232169;NC2BCS0001-15SA;BASE EXPERIMENTAL DAS CIENCIAS NATURAIS
11202232169;NC2BIS0005-15SA;BASES COMPUTACIONAIS DA CIENCIA
11202230973;NA1BCS0001-15SB;BASE EXPERIMENTAL DAS CIENCIAS NATURAIS
11202230973;NA1BIJ0207-15SB;BASES CONCEITUAIS DA ENERGIA
11202230973;NA1BIK0102-15SB;ESTRUTURA DA MATERIA
11202230973;NA1BIL0304-15SB;EVOLUCAO E DIVERSIFICACAO DA VIDA NA TERRA
11202230973;NA1BIS0003-15SB;BASES MATEMATICAS
11202230973;NA1BIS0005-15SB;BASES COMPUTACIONAIS DA CIENCIA
11202231821;DB1BIJ0207-15SA;BASES CONCEITUAIS DA ENERGIA
11202231821;DB1BIK0102-15SA;ESTRUTURA DA MATERIA
11202231821;DB1BIL0304-15SA;EVOLUCAO E DIVERSIFICACAO DA VIDA NA TERRA
11202231821;DB1BIS0003-15SA;BASES MATEMATICAS
11202231821;DB5BIS0005-15SA;BASES COMPUTACIONAIS DA CIENCIA
11202231821;DB6BCS0001-15SA;BASE EXPERIMENTAL DAS CIENCIAS NATURAIS
11202231673;DB1BIJ0207-15SA;BASES CONCEITUAIS DA ENERGIA
11202231673;DB1BIK0102-15SA;ESTRUTURA DA MATERIA
11202231673;DB1BIL0304-15SA;EVOLUCAO E DIVERSIFICACAO DA VIDA NA TERRA
11202231673;DB1BIS0003-15SA;BASES MATEMATICAS
11202231673;DB5BIS0005-15SA;BASES COMPUTACIONAIS DA CIENCIA
11202231673;DB6BCS0001-15SA;BASE EXPERIMENTAL DAS CIENCIAS NATURAIS
11202231350;DB1BCS0001-15SB;BASE EXPERIMENTAL DAS CIENCIAS NATURAIS
11202231350;DB1BIJ0207-15SB;BASES CONCEITUAIS DA ENERGIA
11202231350;DB1BIK0102-15SB;ESTRUTURA DA MATERIA
11202231350;DB1BIL0304-15SB;EVOLUCAO E DIVERSIFICACAO DA VIDA NA TERRA
11202231350;DB1BIS0003-15SB;BASES MATEMATICAS
11202231350;DB1BIS0005-15SB;BASES COMPUTACIONAIS DA CIENCIA
11202231750;NB1BCS0001-15SA;BASE EXPERIMENTAL DAS CIENCIAS NATURAIS
11202231750;NB1BIJ0207-15SA;BASES CONCEITUAIS DA ENERGIA
11202231750;NB1BIK0102-15SA;ESTRUTURA DA MATERIA
11202231750;NB1BIL0304-15SA;EVOLUCAO E DIVERSIFICACAO DA VIDA NA TERRA
11202231750;NB1BIS0003-15SA;BASES MATEMATICAS
11202231750;NB1BIS0005-15SA;BASES COMPUTACIONAIS DA CIENCIA
11202230424;DA1BIJ0207-15SB;BASES CONCEITUAIS DA ENERGIA
11202230424;DA1BIK0102-15SB;ESTRUTURA DA MATERIA
11202230424;DA1BIL0304-15SB;EVOLUCAO E DIVERSIFICACAO DA VIDA NA TERRA
11202230424;DA1BIS0003-15SB;BASES MATEMATICAS
11202230424;DA3BCS0001-15SB;BASE EXPERIMENTAL DAS CIENCIAS NATURAIS
11202230424;DA3BIS0005-15SB;BASES COMPUTACIONAIS DA CIENCIA
11202230887;NC1BCS0001-15SA;BASE EXPERIMENTAL DAS CIENCIAS NATURAIS
11202230887;NC1BIJ0207-15SA;BASES CONCEITUAIS DA ENERGIA
11202230887;NC1BIK0102-15SA;ESTRUTURA DA MATERIA
11202230887;NC1BIL0304-15SA;EVOLUCAO E DIVERSIFICACAO DA VIDA NA TERRA
11202230887;NC1BIS0003-15SA;BASES MATEMATICAS
11202230887;NC1BIS0005-15SA;BASES COMPUTACIONAIS DA CIENCIA
11202230779;DA1BHO0001-19SB;INTRODUCAO AS HUMANIDADES E AS CIENCIAS SOCIAIS
11202230779;DA1BHP0202-19SB;TEMAS E PROBLEMAS EM FILOSOFIA
11202230779;DA1BHQ0001-15SB;IDENTIDADE E CULTURA
11202230779;DA1BHQ0003-15SB;INTERPRETACOES DO BRASIL
11202230779;DA2BIQ0602-15SB;ESTRUTURA E DINAMICA SOCIAL
11202230779;DA6BIS0005-15SB;BASES COMPUTACIONAIS DA CIENCIA
11202232179;DB2BIJ0207-15SA;BASES CONCEITUAIS DA ENERGIA
11202232179;DB2BIK0102-15SA;ESTRUTURA DA MATERIA
11202232179;DB2BIL0304-15SA;EVOLUCAO E DIVERSIFICACAO DA VIDA NA TERRA
11202232179;DB2BIS0003-15SA;BASES MATEMATICAS
11202232179;DB3BCS0001-15SA;BASE EXPERIMENTAL DAS CIENCIAS NATURAIS
11202232179;DB3BIS0005-15SA;BASES COMPUTACIONAIS DA CIENCIA
11202231702;DC1BIJ0207-15SA;BASES CONCEITUAIS DA ENERGIA
11202231702;DC1BIK0102-15SA;ESTRUTURA DA MATERIA
11202231702;DC1BIL0304-15SA;EVOLUCAO E DIVERSIFICACAO DA VIDA NA TERRA
11202231702;DC1BIS0003-15SA;BASES MATEMATICAS
11202231702;DC2BIS0005-15SA;BASES COMPUTACIONAIS DA CIENCIA
11202231702;DC3BCS0001-15SA;BASE EXPERIMENTAL DAS CIENCIAS NATURAIS
11202230744;NC1BIJ0207-15SA;BASES CONCEITUAIS DA ENERGIA
11202230744;NC1BIK0102-15SA;ESTRUTURA DA MATERIA
11202230744;NC1BIL0304-15SA;EVOLUCAO E DIVERSIFICACAO DA VIDA NA TERRA
11202230744;NC1BIS0003-15SA;BASES MATEMATICAS
11202230744;NC2BCS0001-15SA;BASE EXPERIMENTAL DAS CIENCIAS NATURAIS
11202230744;NC2BIS0005-15SA;BASES COMPUTACIONAIS DA CIENCIA
11202232043;DB1BCS0001-15SB;BASE EXPERIMENTAL DAS CIENCIAS NATURAIS
11202232043;DB1BIJ0207-15SB;BASES CONCEITUAIS DA ENERGIA
11202232043;DB1BIK0102-15SB;ESTRUTURA DA MATERIA
11202232043;DB1BIL0304-15SB;EVOLUCAO E DIVERSIFICACAO DA VIDA NA TERRA
11202232043;DB1BIS0003-15SB;BASES MATEMATICAS
11202232043;DB1BIS0005-15SB;BASES COMPUTACIONAIS DA CIENCIA
11202212428;NB1BIJ0207-15SB;BASES CONCEITUAIS DA ENERGIA
11202212428;NB1BIK0102-15SB;ESTRUTURA DA MATERIA
11202212428;NB1BIL0304-15SB;EVOLUCAO E DIVERSIFICACAO DA VIDA NA TERRA
11202212428;NB1BIS0003-15SB;BASES MATEMATICAS
11202212428;NB3BCS0001-15SB;BASE EXPERIMENTAL DAS CIENCIAS NATURAIS
11202212428;NB3BIS0005-15SB;BASES COMPUTACIONAIS DA CIENCIA
11202232374;NA1BIR0603-15SA;CIENCIA, TECNOLOGIA E SOCIEDADE
11202232374;NA1NHI5001-15SA;DESENVOLVIMENTO E APRENDIZAGEM
11202232374;NA1NHZ2099-16SA;TOPICOS CONTEMPORANEOS EM EDUCACAO E FILOSOFIA
11202232374;NA1NHZ5023-18SA;PRATICAS ESCOLARES EM EDUCACAO ESPECIAL E INCLUSIVA
11202232374;NA3BIJ0207-15SA;BASES CONCEITUAIS DA ENERGIA
11202232374;NA7BIS0005-15SA;BASES COMPUTACIONAIS DA CIENCIA
11202230658;DA1BCS0001-15SB;BASE EXPERIMENTAL DAS CIENCIAS NATURAIS
11202230658;DA1BIJ0207-15SB;BASES CONCEITUAIS DA ENERGIA
11202230658;DA1BIK0102-15SB;ESTRUTURA DA MATERIA
11202230658;DA1BIL0304-15SB;EVOLUCAO E DIVERSIFICACAO DA VIDA NA TERRA
11202230658;DA1BIS0003-15SB;BASES MATEMATICAS
11202230658;DA1BIS0005-15SB;BASES COMPUTACIONAIS DA CIENCIA
11202230435;NA2BIJ0207-15SA;BASES CONCEITUAIS DA ENERGIA
11202230435;NA2BIK0102-15SA;ESTRUTURA DA MATERIA
11202230435;NA2BIL0304-15SA;EVOLUCAO E DIVERSIFICACAO DA VIDA NA TERRA
11202230435;NA2BIS0003-15SA;BASES MATEMATICAS
11202230435;NA4BCS0001-15SA;BASE EXPERIMENTAL DAS CIENCIAS NATURAIS
11202230435;NA4BIS0005-15SA;BASES COMPUTACIONAIS DA CIENCIA
11202232372;NA1BHO0001-19SB;INTRODUCAO AS HUMANIDADES E AS CIENCIAS SOCIAIS
11202232372;NA1BHP0202-19SB;TEMAS E PROBLEMAS EM FILOSOFIA
11202232372;NA1BHQ0001-15SB;IDENTIDADE E CULTURA
11202232372;NA1BHQ0003-15SB;INTERPRETACOES DO BRASIL
11202232372;NA2BIQ0602-15SB;ESTRUTURA E DINAMICA SOCIAL
11202232372;NA5BIS0005-15SB;BASES COMPUTACIONAIS DA CIENCIA
11202212429;NC1BIJ0207-15SB;BASES CONCEITUAIS DA ENERGIA
11202212429;NC1BIK0102-15SB;ESTRUTURA DA MATERIA
11202212429;NC1BIL0304-15SB;EVOLUCAO E DIVERSIFICACAO DA VIDA NA TERRA
11202212429;NC1BIS0003-15SB;BASES MATEMATICAS
11202212429;NC2BCS0001-15SB;BASE EXPERIMENTAL DAS CIENCIAS NATURAIS
11202212429;NC2BIS0005-15SB;BASES COMPUTACIONAIS DA CIENCIA
11202230518;NA1BHO0001-19SB;INTRODUCAO AS HUMANIDADES E AS CIENCIAS SOCIAIS
11202230518;NA1BHP0202-19SB;TEMAS E PROBLEMAS EM FILOSOFIA
11202230518;NA1BHQ0001-15SB;IDENTIDADE E CULTURA
11202230518;NA1BHQ0003-15SB;INTERPRETACOES DO BRASIL
11202230518;NA2BIQ0602-15SB;ESTRUTURA E DINAMICA SOCIAL
11202230518;NA5BIS0005-15SB;BASES COMPUTACIONAIS DA CIENCIA
11202230272;DA1BIJ0207-15SB;BASES CONCEITUAIS DA ENERGIA
11202230272;DA1BIK0102-15SB;ESTRUTURA DA MATERIA
11202230272;DA1BIL0304-15SB;EVOLUCAO E DIVERSIFICACAO DA VIDA NA TERRA
11202230272;DA1BIS0003-15SB;BASES MATEMATICAS
11202230272;DA2BCS0001-15SB;BASE EXPERIMENTAL DAS CIENCIAS NATURAIS
11202230272;DA2BIS0005-15SB;BASES COMPUTACIONAIS DA CIENCIA
11202230496;NA1BIR0603-15SA;CIENCIA, TECNOLOGIA E SOCIEDADE
11202230496;NA1NHI5001-15SA;DESENVOLVIMENTO E APRENDIZAGEM
11202230496;NA1NHZ2099-16SA;TOPICOS CONTEMPORANEOS EM EDUCACAO E FILOSOFIA
11202230496;NA1NHZ5023-18SA;PRATICAS ESCOLARES EM EDUCACAO ESPECIAL E INCLUSIVA
11202230496;NA3BIJ0207-15SA;BASES CONCEITUAIS DA ENERGIA
11202230496;NA7BIS0005-15SA;BASES COMPUTACIONAIS DA CIENCIA
11202231305;DA1BIR0603-15SA;CIENCIA, TECNOLOGIA E SOCIEDADE
11202231305;DA1NHI5001-15SA;DESENVOLVIMENTO E APRENDIZAGEM
11202231305;DA1NHZ2099-16SA;TOPICOS CONTEMPORANEOS EM EDUCACAO E FILOSOFIA
11202231305;DA1NHZ5023-18SA;PRATICAS ESCOLARES EM EDUCACAO ESPECIAL E INCLUSIVA
11202231305;DA3BIJ0207-15SA;BASES CONCEITUAIS DA ENERGIA
11202231305;DA6BIS0005-15SA;BASES COMPUTACIONAIS DA CIENCIA
11202231423;NA1BHO0001-19SB;INTRODUCAO AS HUMANIDADES E AS CIENCIAS SOCIAIS
11202231423;NA1BHP0202-19SB;TEMAS E PROBLEMAS EM FILOSOFIA
11202231423;NA1BHQ0001-15SB;IDENTIDADE E CULTURA
11202231423;NA1BHQ0003-15SB;INTERPRETACOES DO BRASIL
11202231423;NA2BIQ0602-15SB;ESTRUTURA E DINAMICA SOCIAL
11202231423;NA5BIS0005-15SB;BASES COMPUTACIONAIS DA CIENCIA
11202231464;DA1BIR0603-15SA;CIENCIA, TECNOLOGIA E SOCIEDADE
11202231464;DA1NHI5001-15SA;DESENVOLVIMENTO E APRENDIZAGEM
11202231464;DA1NHZ2099-16SA;TOPICOS CONTEMPORANEOS EM EDUCACAO E FILOSOFIA
11202231464;DA1NHZ5023-18SA;PRATICAS ESCOLARES EM EDUCACAO ESPECIAL E INCLUSIVA
11202231464;DA3BIJ0207-15SA;BASES CONCEITUAIS DA ENERGIA
11202231464;DA6BIS0005-15SA;BASES COMPUTACIONAIS DA CIENCIA
11202231257;DA1BIJ0207-15SA;BASES CONCEITUAIS DA ENERGIA
11202231257;DA1BIK0102-15SA;ESTRUTURA DA MATERIA
11202231257;DA1BIL0304-15SA;EVOLUCAO E DIVERSIFICACAO DA VIDA NA TERRA
11202231257;DA1BIS0003-15SA;BASES MATEMATICAS
11202231257;DA4BCS0001-15SA;BASE EXPERIMENTAL DAS CIENCIAS NATURAIS
11202231257;DA4BIS0005-15SA;BASES COMPUTACIONAIS DA CIENCIA
11202230696;DB1BIJ0207-15SA;BASES CONCEITUAIS DA ENERGIA
11202230696;DB1BIK0102-15SA;ESTRUTURA DA MATERIA
11202230696;DB1BIL0304-15SA;EVOLUCAO E DIVERSIFICACAO DA VIDA NA TERRA
11202230696;DB1BIS0003-15SA;BASES MATEMATICAS
11202230696;DB5BIS0005-15SA;BASES COMPUTACIONAIS DA CIENCIA
11202230696;DB6BCS0001-15SA;BASE EXPERIMENTAL DAS CIENCIAS NATURAIS
11202230348;NA2BIJ0207-15SA;BASES CONCEITUAIS DA ENERGIA
11202230348;NA2BIK0102-15SA;ESTRUTURA DA MATERIA
11202230348;NA2BIL0304-15SA;EVOLUCAO E DIVERSIFICACAO DA VIDA NA TERRA
11202230348;NA2BIS0003-15SA;BASES MATEMATICAS
11202230348;NA5BCS0001-15SA;BASE EXPERIMENTAL DAS CIENCIAS NATURAIS
11202230348;NA5BIS0005-15SA;BASES COMPUTACIONAIS DA CIENCIA
11202231218;DA1BIJ0207-15SA;BASES CONCEITUAIS DA ENERGIA
11202231218;DA1BIK0102-15SA;ESTRUTURA DA MATERIA
11202231218;DA1BIL0304-15SA;EVOLUCAO E DIVERSIFICACAO DA VIDA NA TERRA
11202231218;DA1BIS0003-15SA;BASES MATEMATICAS
11202231218;DA3BCS0001-15SA;BASE EXPERIMENTAL DAS CIENCIAS NATURAIS
11202231218;DA3BIS0005-15SA;BASES COMPUTACIONAIS DA CIENCIA
11202231716;NA1BIR0603-15SA;CIENCIA, TECNOLOGIA E SOCIEDADE
11202231716;NA1NHI5001-15SA;DESENVOLVIMENTO E APRENDIZAGEM
11202231716;NA1NHZ2099-16SA;TOPICOS CONTEMPORANEOS EM EDUCACAO E FILOSOFIA
11202231716;NA1NHZ5023-18SA;PRATICAS ESCOLARES EM EDUCACAO ESPECIAL E INCLUSIVA
11202231716;NA3BIJ0207-15SA;BASES CONCEITUAIS DA ENERGIA
11202231716;NA7BIS0005-15SA;BASES COMPUTACIONAIS DA CIENCIA
11202231526;DB1BIJ0207-15SA;BASES CONCEITUAIS DA ENERGIA
11202231526;DB1BIK0102-15SA;ESTRUTURA DA MATERIA
11202231526;DB1BIL0304-15SA;EVOLUCAO E DIVERSIFICACAO DA VIDA NA TERRA
11202231526;DB1BIS0003-15SA;BASES MATEMATICAS
11202231526;DB6BCS0001-15SA;BASE EXPERIMENTAL DAS CIENCIAS NATURAIS
11202231526;DB6BIS0005-15SA;BASES COMPUTACIONAIS DA CIENCIA
11202231638;DA2BIJ0207-15SA;BASES CONCEITUAIS DA ENERGIA
11202231638;DA2BIK0102-15SA;ESTRUTURA DA MATERIA
11202231638;DA2BIL0304-15SA;EVOLUCAO E DIVERSIFICACAO DA VIDA NA TERRA
11202231638;DA2BIS0003-15SA;BASES MATEMATICAS
11202231638;DA6BCS0001-15SA;BASE EXPERIMENTAL DAS CIENCIAS NATURAIS
11202231638;DA6BIS0005-15SA;BASES COMPUTACIONAIS DA CIENCIA
11202231530;NA1BIR0603-15SA;CIENCIA, TECNOLOGIA E SOCIEDADE
11202231530;NA1NHI5001-15SA;DESENVOLVIMENTO E APRENDIZAGEM
11202231530;NA1NHZ2099-16SA;TOPICOS CONTEMPORANEOS EM EDUCACAO E FILOSOFIA
11202231530;NA1NHZ5023-18SA;PRATICAS ESCOLARES EM EDUCACAO ESPECIAL E INCLUSIVA
11202231530;NA3BIJ0207-15SA;BASES CONCEITUAIS DA ENERGIA
11202231530;NA7BIS0005-15SA;BASES COMPUTACIONAIS DA CIENCIA
11202231989;DA1BIR0603-15SB;CIENCIA, TECNOLOGIA E SOCIEDADE
11202231989;DA1NHI5001-15SB;DESENVOLVIMENTO E APRENDIZAGEM
11202231989;DA1NHZ2099-16SB;TOPICOS CONTEMPORANEOS EM EDUCACAO E FILOSOFIA
11202231989;DA1NHZ5023-18SB;PRATICAS ESCOLARES EM EDUCACAO ESPECIAL E INCLUSIVA
11202231989;DA7BIS0005-15SB;BASES COMPUTACIONAIS DA CIENCIA
11202231989;DC1BIJ0207-15SB;BASES CONCEITUAIS DA ENERGIA
11202230933;NA1BCS0001-15SA;BASE EXPERIMENTAL DAS CIENCIAS NATURAIS
11202230933;NA1BIJ0207-15SA;BASES CONCEITUAIS DA ENERGIA
11202230933;NA1BIK0102-15SA;ESTRUTURA DA MATERIA
11202230933;NA1BIL0304-15SA;EVOLUCAO E DIVERSIFICACAO DA VIDA NA TERRA
11202230933;NA1BIS0003-15SA;BASES MATEMATICAS
11202230933;NA1BIS0005-15SA;BASES COMPUTACIONAIS DA CIENCIA
11202212411;DA1BHO0001-19SB;INTRODUCAO AS HUMANIDADES E AS CIENCIAS SOCIAIS
11202212411;DA1BHP0202-19SB;TEMAS E PROBLEMAS EM FILOSOFIA
11202212411;DA1BHQ0001-15SB;IDENTIDADE E CULTURA
11202212411;DA1BHQ0003-15SB;INTERPRETACOES DO BRASIL
11202212411;DA2BIQ0602-15SB;ESTRUTURA E DINAMICA SOCIAL
11202212411;DA6BIS0005-15SB;BASES COMPUTACIONAIS DA CIENCIA
11202230820;DB1BIJ0207-15SA;BASES CONCEITUAIS DA ENERGIA
11202230820;DB1BIK0102-15SA;ESTRUTURA DA MATERIA
11202230820;DB1BIL0304-15SA;EVOLUCAO E DIVERSIFICACAO DA VIDA NA TERRA
11202230820;DB1BIS0003-15SA;BASES MATEMATICAS
11202230820;DB4BCS0001-15SA;BASE EXPERIMENTAL DAS CIENCIAS NATURAIS
11202230820;DB4BIS0005-15SA;BASES COMPUTACIONAIS DA CIENCIA
11202230374;DA1BCS0001-15SB;BASE EXPERIMENTAL DAS CIENCIAS NATURAIS
11202230374;DA1BIJ0207-15SB;BASES CONCEITUAIS DA ENERGIA
11202230374;DA1BIK0102-15SB;ESTRUTURA DA MATERIA
11202230374;DA1BIL0304-15SB;EVOLUCAO E DIVERSIFICACAO DA VIDA NA TERRA
11202230374;DA1BIS0003-15SB;BASES MATEMATICAS
11202230374;DA1BIS0005-15SB;BASES COMPUTACIONAIS DA CIENCIA
11202231868;DA1BIR0603-15SB;CIENCIA, TECNOLOGIA E SOCIEDADE
11202231868;DA1NHI5001-15SB;DESENVOLVIMENTO E APRENDIZAGEM
11202231868;DA1NHZ2099-16SB;TOPICOS CONTEMPORANEOS EM EDUCACAO E FILOSOFIA
11202231868;DA1NHZ5023-18SB;PRATICAS ESCOLARES EM EDUCACAO ESPECIAL E INCLUSIVA
11202231868;DA7BIS0005-15SB;BASES COMPUTACIONAIS DA CIENCIA
11202231868;DC1BIJ0207-15SB;BASES CONCEITUAIS DA ENERGIA
11202231030;DA1BHO0001-19SB;INTRODUCAO AS HUMANIDADES E AS CIENCIAS SOCIAIS
11202231030;DA1BHP0202-19SB;TEMAS E PROBLEMAS EM FILOSOFIA
11202231030;DA1BHQ0001-15SB;IDENTIDADE E CULTURA
11202231030;DA1BHQ0003-15SB;INTERPRETACOES DO BRASIL
11202231030;DA2BIQ0602-15SB;ESTRUTURA E DINAMICA SOCIAL
11202231030;DA6BIS0005-15SB;BASES COMPUTACIONAIS DA CIENCIA
11202230342;DB1BIJ0207-15SB;BASES CONCEITUAIS DA ENERGIA
11202230342;DB1BIK0102-15SB;ESTRUTURA DA MATERIA
11202230342;DB1BIL0304-15SB;EVOLUCAO E DIVERSIFICACAO DA VIDA NA TERRA
11202230342;DB1BIS0003-15SB;BASES MATEMATICAS
11202230342;DB3BCS0001-15SB;BASE EXPERIMENTAL DAS CIENCIAS NATURAIS
11202230342;DB3BIS0005-15SB;BASES COMPUTACIONAIS DA CIENCIA
11202231845;NA1NHI5001-15SB;DESENVOLVIMENTO E APRENDIZAGEM
11202231845;NA1NHZ2099-16SB;TOPICOS CONTEMPORANEOS EM EDUCACAO E FILOSOFIA
11202231845;NA1NHZ5023-18SB;PRATICAS ESCOLARES EM EDUCACAO ESPECIAL E INCLUSIVA
11202231845;NA6BIS0005-15SB;BASES COMPUTACIONAIS DA CIENCIA
11202231845;NC1BIJ0207-15SB;BASES CONCEITUAIS DA ENERGIA
11202231845;NA2BIR0603-15SB;CIENCIA, TECNOLOGIA E SOCIEDADE
11202231955;DC1BIJ0207-15SB;BASES CONCEITUAIS DA ENERGIA
11202231955;DC1BIK0102-15SB;ESTRUTURA DA MATERIA
11202231955;DC1BIL0304-15SB;EVOLUCAO E DIVERSIFICACAO DA VIDA NA TERRA
11202231955;DC1BIS0003-15SB;BASES MATEMATICAS
11202231955;DC2BCS0001-15SB;BASE EXPERIMENTAL DAS CIENCIAS NATURAIS
11202231955;DC3BIS0005-15SB;BASES COMPUTACIONAIS DA CIENCIA
11202231721;DA1BIJ0207-15SA;BASES CONCEITUAIS DA ENERGIA
11202231721;DA1BIK0102-15SA;ESTRUTURA DA MATERIA
11202231721;DA1BIL0304-15SA;EVOLUCAO E DIVERSIFICACAO DA VIDA NA TERRA
11202231721;DA1BIS0003-15SA;BASES MATEMATICAS
11202231721;DA4BCS0001-15SA;BASE EXPERIMENTAL DAS CIENCIAS NATURAIS
11202231721;DA4BIS0005-15SA;BASES COMPUTACIONAIS DA CIENCIA
11202232115;DC1BIJ0207-15SA;BASES CONCEITUAIS DA ENERGIA
11202232115;DC1BIK0102-15SA;ESTRUTURA DA MATERIA
11202232115;DC1BIL0304-15SA;EVOLUCAO E DIVERSIFICACAO DA VIDA NA TERRA
11202232115;DC1BIS0003-15SA;BASES MATEMATICAS
11202232115;DC2BIS0005-15SA;BASES COMPUTACIONAIS DA CIENCIA
11202232115;DC3BCS0001-15SA;BASE EXPERIMENTAL DAS CIENCIAS NATURAIS
11202231425;NA1BHO0001-19SB;INTRODUCAO AS HUMANIDADES E AS CIENCIAS SOCIAIS
11202231425;NA1BHP0202-19SB;TEMAS E PROBLEMAS EM FILOSOFIA
11202231425;NA1BHQ0001-15SB;IDENTIDADE E CULTURA
11202231425;NA1BHQ0003-15SB;INTERPRETACOES DO BRASIL
11202231425;NA2BIQ0602-15SB;ESTRUTURA E DINAMICA SOCIAL
11202231425;NA5BIS0005-15SB;BASES COMPUTACIONAIS DA CIENCIA
11202230500;DA1BHO0001-19SB;INTRODUCAO AS HUMANIDADES E AS CIENCIAS SOCIAIS
11202230500;DA1BHP0202-19SB;TEMAS E PROBLEMAS EM FILOSOFIA
11202230500;DA1BHQ0001-15SB;IDENTIDADE E CULTURA
11202230500;DA1BHQ0003-15SB;INTERPRETACOES DO BRASIL
11202230500;DA2BIQ0602-15SB;ESTRUTURA E DINAMICA SOCIAL
11202230500;DA6BIS0005-15SB;BASES COMPUTACIONAIS DA CIENCIA
11202231804;DC1BCS0001-15SA;BASE EXPERIMENTAL DAS CIENCIAS NATURAIS
11202231804;DC1BIJ0207-15SA;BASES CONCEITUAIS DA ENERGIA
11202231804;DC1BIK0102-15SA;ESTRUTURA DA MATERIA
11202231804;DC1BIL0304-15SA;EVOLUCAO E DIVERSIFICACAO DA VIDA NA TERRA
11202231804;DC1BIS0003-15SA;BASES MATEMATICAS
11202231804;DC1BIS0005-15SA;BASES COMPUTACIONAIS DA CIENCIA
11202232103;DC1BCS0001-15SB;BASE EXPERIMENTAL DAS CIENCIAS NATURAIS
11202232103;DC1BIJ0207-15SB;BASES CONCEITUAIS DA ENERGIA
11202232103;DC1BIK0102-15SB;ESTRUTURA DA MATERIA
11202232103;DC1BIL0304-15SB;EVOLUCAO E DIVERSIFICACAO DA VIDA NA TERRA
11202232103;DC1BIS0003-15SB;BASES MATEMATICAS
11202232103;DC1BIS0005-15SB;BASES COMPUTACIONAIS DA CIENCIA
11202231206;NB1BCS0001-15SA;BASE EXPERIMENTAL DAS CIENCIAS NATURAIS
11202231206;NB1BIJ0207-15SA;BASES CONCEITUAIS DA ENERGIA
11202231206;NB1BIK0102-15SA;ESTRUTURA DA MATERIA
11202231206;NB1BIL0304-15SA;EVOLUCAO E DIVERSIFICACAO DA VIDA NA TERRA
11202231206;NB1BIS0003-15SA;BASES MATEMATICAS
11202231206;NB1BIS0005-15SA;BASES COMPUTACIONAIS DA CIENCIA
11202230674;DA1BIJ0207-15SB;BASES CONCEITUAIS DA ENERGIA
11202230674;DA1BIK0102-15SB;ESTRUTURA DA MATERIA
11202230674;DA1BIL0304-15SB;EVOLUCAO E DIVERSIFICACAO DA VIDA NA TERRA
11202230674;DA1BIS0003-15SB;BASES MATEMATICAS
11202230674;DA3BCS0001-15SB;BASE EXPERIMENTAL DAS CIENCIAS NATURAIS
11202230674;DA3BIS0005-15SB;BASES COMPUTACIONAIS DA CIENCIA
11202230777;NA1BHO0001-19SB;INTRODUCAO AS HUMANIDADES E AS CIENCIAS SOCIAIS
11202230777;NA1BHP0202-19SB;TEMAS E PROBLEMAS EM FILOSOFIA
11202230777;NA1BHQ0001-15SB;IDENTIDADE E CULTURA
11202230777;NA1BHQ0003-15SB;INTERPRETACOES DO BRASIL
11202230777;NA2BIQ0602-15SB;ESTRUTURA E DINAMICA SOCIAL
11202230777;NA5BIS0005-15SB;BASES COMPUTACIONAIS DA CIENCIA
11202230270;NB1BIJ0207-15SA;BASES CONCEITUAIS DA ENERGIA
11202230270;NB1BIK0102-15SA;ESTRUTURA DA MATERIA
11202230270;NB1BIL0304-15SA;EVOLUCAO E DIVERSIFICACAO DA VIDA NA TERRA
11202230270;NB1BIS0003-15SA;BASES MATEMATICAS
11202230270;NB2BCS0001-15SA;BASE EXPERIMENTAL DAS CIENCIAS NATURAIS
11202230270;NB2BIS0005-15SA;BASES COMPUTACIONAIS DA CIENCIA
11202231600;NA1BIJ0207-15SB;BASES CONCEITUAIS DA ENERGIA
11202231600;NA1BIK0102-15SB;ESTRUTURA DA MATERIA
11202231600;NA1BIL0304-15SB;EVOLUCAO E DIVERSIFICACAO DA VIDA NA TERRA
11202231600;NA1BIS0003-15SB;BASES MATEMATICAS
11202231600;NA2BCS0001-15SB;BASE EXPERIMENTAL DAS CIENCIAS NATURAIS
11202231600;NA2BIS0005-15SB;BASES COMPUTACIONAIS DA CIENCIA
11202231204;DC1BCS0001-15SB;BASE EXPERIMENTAL DAS CIENCIAS NATURAIS
11202231204;DC1BIJ0207-15SB;BASES CONCEITUAIS DA ENERGIA
11202231204;DC1BIK0102-15SB;ESTRUTURA DA MATERIA
11202231204;DC1BIL0304-15SB;EVOLUCAO E DIVERSIFICACAO DA VIDA NA TERRA
11202231204;DC1BIS0003-15SB;BASES MATEMATICAS
11202231204;DC1BIS0005-15SB;BASES COMPUTACIONAIS DA CIENCIA
11202231104;NB2BIJ0207-15SA;BASES CONCEITUAIS DA ENERGIA
11202231104;NB2BIK0102-15SA;ESTRUTURA DA MATERIA
11202231104;NB2BIL0304-15SA;EVOLUCAO E DIVERSIFICACAO DA VIDA NA TERRA
11202231104;NB2BIS0003-15SA;BASES MATEMATICAS
11202231104;NB4BCS0001-15SA;BASE EXPERIMENTAL DAS CIENCIAS NATURAIS
11202231104;NB4BIS0005-15SA;BASES COMPUTACIONAIS DA CIENCIA
11202231967;DA1BHO0001-19SB;INTRODUCAO AS HUMANIDADES E AS CIENCIAS SOCIAIS
11202231967;DA1BHP0202-19SB;TEMAS E PROBLEMAS EM FILOSOFIA
11202231967;DA1BHQ0001-15SB;IDENTIDADE E CULTURA
11202231967;DA1BHQ0003-15SB;INTERPRETACOES DO BRASIL
11202231967;DA2BIQ0602-15SB;ESTRUTURA E DINAMICA SOCIAL
11202231967;DA6BIS0005-15SB;BASES COMPUTACIONAIS DA CIENCIA
11202231038;DA2BCS0001-15SA;BASE EXPERIMENTAL DAS CIENCIAS NATURAIS
11202231038;DA2BIJ0207-15SA;BASES CONCEITUAIS DA ENERGIA
11202231038;DA2BIK0102-15SA;ESTRUTURA DA MATERIA
11202231038;DA2BIL0304-15SA;EVOLUCAO E DIVERSIFICACAO DA VIDA NA TERRA
11202231038;DA2BIS0003-15SA;BASES MATEMATICAS
11202231038;DA2BIS0005-15SA;BASES COMPUTACIONAIS DA CIENCIA
11202230582;NA1NHI5001-15SB;DESENVOLVIMENTO E APRENDIZAGEM
11202230582;NA1NHZ2099-16SB;TOPICOS CONTEMPORANEOS EM EDUCACAO E FILOSOFIA
11202230582;NA1NHZ5023-18SB;PRATICAS ESCOLARES EM EDUCACAO ESPECIAL E INCLUSIVA
11202230582;NA6BIS0005-15SB;BASES COMPUTACIONAIS DA CIENCIA
11202230582;NC1BIJ0207-15SB;BASES CONCEITUAIS DA ENERGIA
11202230582;NA2BIR0603-15SB;CIENCIA, TECNOLOGIA E SOCIEDADE
11202230349;NC1BCS0001-15SB;BASE EXPERIMENTAL DAS CIENCIAS NATURAIS
11202230349;NC1BIJ0207-15SB;BASES CONCEITUAIS DA ENERGIA
11202230349;NC1BIK0102-15SB;ESTRUTURA DA MATERIA
11202230349;NC1BIL0304-15SB;EVOLUCAO E DIVERSIFICACAO DA VIDA NA TERRA
11202230349;NC1BIS0003-15SB;BASES MATEMATICAS
11202230349;NC1BIS0005-15SB;BASES COMPUTACIONAIS DA CIENCIA
11202230228;NA1BHO0001-19SB;INTRODUCAO AS HUMANIDADES E AS CIENCIAS SOCIAIS
11202230228;NA1BHP0202-19SB;TEMAS E PROBLEMAS EM FILOSOFIA
11202230228;NA1BHQ0001-15SB;IDENTIDADE E CULTURA
11202230228;NA1BHQ0003-15SB;INTERPRETACOES DO BRASIL
11202230228;NA2BIQ0602-15SB;ESTRUTURA E DINAMICA SOCIAL
11202230228;NA5BIS0005-15SB;BASES COMPUTACIONAIS DA CIENCIA
11202231803;DB1BIJ0207-15SB;BASES CONCEITUAIS DA ENERGIA
11202231803;DB1BIK0102-15SB;ESTRUTURA DA MATERIA
11202231803;DB1BIL0304-15SB;EVOLUCAO E DIVERSIFICACAO DA VIDA NA TERRA
11202231803;DB1BIS0003-15SB;BASES MATEMATICAS
11202231803;DB3BCS0001-15SB;BASE EXPERIMENTAL DAS CIENCIAS NATURAIS
11202231803;DB3BIS0005-15SB;BASES COMPUTACIONAIS DA CIENCIA
11202231611;NC1BIJ0207-15SB;BASES CONCEITUAIS DA ENERGIA
11202231611;NC1BIK0102-15SB;ESTRUTURA DA MATERIA
11202231611;NC1BIL0304-15SB;EVOLUCAO E DIVERSIFICACAO DA VIDA NA TERRA
11202231611;NC1BIS0003-15SB;BASES MATEMATICAS
11202231611;NC2BCS0001-15SB;BASE EXPERIMENTAL DAS CIENCIAS NATURAIS
11202231611;NC2BIS0005-15SB;BASES COMPUTACIONAIS DA CIENCIA
11202230474;NB1BIJ0207-15SA;BASES CONCEITUAIS DA ENERGIA
11202230474;NB1BIK0102-15SA;ESTRUTURA DA MATERIA
11202230474;NB1BIL0304-15SA;EVOLUCAO E DIVERSIFICACAO DA VIDA NA TERRA
11202230474;NB1BIS0003-15SA;BASES MATEMATICAS
11202230474;NB3BCS0001-15SA;BASE EXPERIMENTAL DAS CIENCIAS NATURAIS
11202230474;NB3BIS0005-15SA;BASES COMPUTACIONAIS DA CIENCIA
11202232102;NB1BIJ0207-15SA;BASES CONCEITUAIS DA ENERGIA
11202232102;NB1BIK0102-15SA;ESTRUTURA DA MATERIA
11202232102;NB1BIL0304-15SA;EVOLUCAO E DIVERSIFICACAO DA VIDA NA TERRA
11202232102;NB1BIS0003-15SA;BASES MATEMATICAS
11202232102;NB3BCS0001-15SA;BASE EXPERIMENTAL DAS CIENCIAS NATURAIS
11202232102;NB3BIS0005-15SA;BASES COMPUTACIONAIS DA CIENCIA
11202231564;NB1BCS0001-15SA;BASE EXPERIMENTAL DAS CIENCIAS NATURAIS
11202231564;NB1BIJ0207-15SA;BASES CONCEITUAIS DA ENERGIA
11202231564;NB1BIK0102-15SA;ESTRUTURA DA MATERIA
11202231564;NB1BIL0304-15SA;EVOLUCAO E DIVERSIFICACAO DA VIDA NA TERRA
11202231564;NB1BIS0003-15SA;BASES MATEMATICAS
11202231564;NB1BIS0005-15SA;BASES COMPUTACIONAIS DA CIENCIA
11202230768;DB2BCS0001-15SA;BASE EXPERIMENTAL DAS CIENCIAS NATURAIS
11202230768;DB2BIJ0207-15SA;BASES CONCEITUAIS DA ENERGIA
11202230768;DB2BIK0102-15SA;ESTRUTURA DA MATERIA
11202230768;DB2BIL0304-15SA;EVOLUCAO E DIVERSIFICACAO DA VIDA NA TERRA
11202230768;DB2BIS0003-15SA;BASES MATEMATICAS
11202230768;DB2BIS0005-15SA;BASES COMPUTACIONAIS DA CIENCIA
11202230627;NB1BIJ0207-15SB;BASES CONCEITUAIS DA ENERGIA
11202230627;NB1BIK0102-15SB;ESTRUTURA DA MATERIA
11202230627;NB1BIL0304-15SB;EVOLUCAO E DIVERSIFICACAO DA VIDA NA TERRA
11202230627;NB1BIS0003-15SB;BASES MATEMATICAS
11202230627;NB3BCS0001-15SB;BASE EXPERIMENTAL DAS CIENCIAS NATURAIS
11202230627;NB3BIS0005-15SB;BASES COMPUTACIONAIS DA CIENCIA
11202231875;DB1BIJ0207-15SB;BASES CONCEITUAIS DA ENERGIA
11202231875;DB1BIK0102-15SB;ESTRUTURA DA MATERIA
11202231875;DB1BIL0304-15SB;EVOLUCAO E DIVERSIFICACAO DA VIDA NA TERRA
11202231875;DB1BIS0003-15SB;BASES MATEMATICAS
11202231875;DB2BCS0001-15SB;BASE EXPERIMENTAL DAS CIENCIAS NATURAIS
11202231875;DB2BIS0005-15SB;BASES COMPUTACIONAIS DA CIENCIA
11202231509;DA1BIJ0207-15SB;BASES CONCEITUAIS DA ENERGIA
11202231509;DA1BIK0102-15SB;ESTRUTURA DA MATERIA
11202231509;DA1BIL0304-15SB;EVOLUCAO E DIVERSIFICACAO DA VIDA NA TERRA
11202231509;DA1BIS0003-15SB;BASES MATEMATICAS
11202231509;DA2BCS0001-15SB;BASE EXPERIMENTAL DAS CIENCIAS NATURAIS
11202231509;DA2BIS0005-15SB;BASES COMPUTACIONAIS DA CIENCIA
11202231155;DA1BCS0001-15SA;BASE EXPERIMENTAL DAS CIENCIAS NATURAIS
11202231155;DA1BIJ0207-15SA;BASES CONCEITUAIS DA ENERGIA
11202231155;DA1BIK0102-15SA;ESTRUTURA DA MATERIA
11202231155;DA1BIL0304-15SA;EVOLUCAO E DIVERSIFICACAO DA VIDA NA TERRA
11202231155;DA1BIS0003-15SA;BASES MATEMATICAS
11202231155;DA1BIS0005-15SA;BASES COMPUTACIONAIS DA CIENCIA
11202231222;DB1BIJ0207-15SA;BASES CONCEITUAIS DA ENERGIA
11202231222;DB1BIK0102-15SA;ESTRUTURA DA MATERIA
11202231222;DB1BIL0304-15SA;EVOLUCAO E DIVERSIFICACAO DA VIDA NA TERRA
11202231222;DB1BIS0003-15SA;BASES MATEMATICAS
11202231222;DB5BCS0001-15SA;BASE EXPERIMENTAL DAS CIENCIAS NATURAIS
11202231222;DB5BIS0005-15SA;BASES COMPUTACIONAIS DA CIENCIA
11202230992;DA1BCS0001-15SA;BASE EXPERIMENTAL DAS CIENCIAS NATURAIS
11202230992;DA1BIJ0207-15SA;BASES CONCEITUAIS DA ENERGIA
11202230992;DA1BIK0102-15SA;ESTRUTURA DA MATERIA
11202230992;DA1BIL0304-15SA;EVOLUCAO E DIVERSIFICACAO DA VIDA NA TERRA
11202230992;DA1BIS0003-15SA;BASES MATEMATICAS
11202230992;DA1BIS0005-15SA;BASES COMPUTACIONAIS DA CIENCIA
11202230260;NA1BIR0603-15SA;CIENCIA, TECNOLOGIA E SOCIEDADE
11202230260;NA1NHI5001-15SA;DESENVOLVIMENTO E APRENDIZAGEM
11202230260;NA1NHZ2099-16SA;TOPICOS CONTEMPORANEOS EM EDUCACAO E FILOSOFIA
11202230260;NA1NHZ5023-18SA;PRATICAS ESCOLARES EM EDUCACAO ESPECIAL E INCLUSIVA
11202230260;NA3BIJ0207-15SA;BASES CONCEITUAIS DA ENERGIA
11202230260;NA6BIS0005-15SA;BASES COMPUTACIONAIS DA CIENCIA
11202231263;DA1BHO0001-19SB;INTRODUCAO AS HUMANIDADES E AS CIENCIAS SOCIAIS
11202231263;DA1BHP0202-19SB;TEMAS E PROBLEMAS EM FILOSOFIA
11202231263;DA1BHQ0001-15SB;IDENTIDADE E CULTURA
11202231263;DA1BHQ0003-15SB;INTERPRETACOES DO BRASIL
11202231263;DA2BIQ0602-15SB;ESTRUTURA E DINAMICA SOCIAL
11202231263;DA6BIS0005-15SB;BASES COMPUTACIONAIS DA CIENCIA
11202230494;DA1BIJ0207-15SB;BASES CONCEITUAIS DA ENERGIA
11202230494;DA1BIK0102-15SB;ESTRUTURA DA MATERIA
11202230494;DA1BIL0304-15SB;EVOLUCAO E DIVERSIFICACAO DA VIDA NA TERRA
11202230494;DA1BIS0003-15SB;BASES MATEMATICAS
11202230494;DA3BCS0001-15SB;BASE EXPERIMENTAL DAS CIENCIAS NATURAIS
11202230494;DA3BIS0005-15SB;BASES COMPUTACIONAIS DA CIENCIA
11202232160;NA1BHO0001-19SB;INTRODUCAO AS HUMANIDADES E AS CIENCIAS SOCIAIS
11202232160;NA1BHP0202-19SB;TEMAS E PROBLEMAS EM FILOSOFIA
11202232160;NA1BHQ0001-15SB;IDENTIDADE E CULTURA
11202232160;NA1BHQ0003-15SB;INTERPRETACOES DO BRASIL
11202232160;NA2BIQ0602-15SB;ESTRUTURA E DINAMICA SOCIAL
11202232160;NA5BIS0005-15SB;BASES COMPUTACIONAIS DA CIENCIA
11202231182;NC1BIJ0207-15SA;BASES CONCEITUAIS DA ENERGIA
11202231182;NC1BIK0102-15SA;ESTRUTURA DA MATERIA
11202231182;NC1BIL0304-15SA;EVOLUCAO E DIVERSIFICACAO DA VIDA NA TERRA
11202231182;NC1BIS0003-15SA;BASES MATEMATICAS
11202231182;NC2BCS0001-15SA;BASE EXPERIMENTAL DAS CIENCIAS NATURAIS
11202231182;NC2BIS0005-15SA;BASES COMPUTACIONAIS DA CIENCIA
11202231998;DA1BIR0603-15SA;CIENCIA, TECNOLOGIA E SOCIEDADE
11202231998;DA1NHI5001-15SA;DESENVOLVIMENTO E APRENDIZAGEM
11202231998;DA1NHZ2099-16SA;TOPICOS CONTEMPORANEOS EM EDUCACAO E FILOSOFIA
11202231998;DA1NHZ5023-18SA;PRATICAS ESCOLARES EM EDUCACAO ESPECIAL E INCLUSIVA
11202231998;DA3BIJ0207-15SA;BASES CONCEITUAIS DA ENERGIA
11202231998;DA6BIS0005-15SA;BASES COMPUTACIONAIS DA CIENCIA
11202230883;NC1BIJ0207-15SB;BASES CONCEITUAIS DA ENERGIA
11202230883;NC1BIK0102-15SB;ESTRUTURA DA MATERIA
11202230883;NC1BIL0304-15SB;EVOLUCAO E DIVERSIFICACAO DA VIDA NA TERRA
11202230883;NC1BIS0003-15SB;BASES MATEMATICAS
11202230883;NC2BCS0001-15SB;BASE EXPERIMENTAL DAS CIENCIAS NATURAIS
11202230883;NC2BIS0005-15SB;BASES COMPUTACIONAIS DA CIENCIA
11202232016;NC2BIJ0207-15SA;BASES CONCEITUAIS DA ENERGIA
11202232016;NC2BIK0102-15SA;ESTRUTURA DA MATERIA
11202232016;NC2BIL0304-15SA;EVOLUCAO E DIVERSIFICACAO DA VIDA NA TERRA
11202232016;NC2BIS0003-15SA;BASES MATEMATICAS
11202232016;NC4BCS0001-15SA;BASE EXPERIMENTAL DAS CIENCIAS NATURAIS
11202232016;NC4BIS0005-15SA;BASES COMPUTACIONAIS DA CIENCIA
11202230546;DC2BIJ0207-15SA;BASES CONCEITUAIS DA ENERGIA
11202230546;DC2BIK0102-15SA;ESTRUTURA DA MATERIA
11202230546;DC2BIL0304-15SA;EVOLUCAO E DIVERSIFICACAO DA VIDA NA TERRA
11202230546;DC2BIS0003-15SA;BASES MATEMATICAS
11202230546;DC4BIS0005-15SA;BASES COMPUTACIONAIS DA CIENCIA
11202230546;DC5BCS0001-15SA;BASE EXPERIMENTAL DAS CIENCIAS NATURAIS
11202231288;NA1BIJ0207-15SB;BASES CONCEITUAIS DA ENERGIA
11202231288;NA1BIK0102-15SB;ESTRUTURA DA MATERIA
11202231288;NA1BIL0304-15SB;EVOLUCAO E DIVERSIFICACAO DA VIDA NA TERRA
11202231288;NA1BIS0003-15SB;BASES MATEMATICAS
11202231288;NA3BCS0001-15SB;BASE EXPERIMENTAL DAS CIENCIAS NATURAIS
11202231288;NA3BIS0005-15SB;BASES COMPUTACIONAIS DA CIENCIA
11202230760;NB1BIJ0207-15SB;BASES CONCEITUAIS DA ENERGIA
11202230760;NB1BIK0102-15SB;ESTRUTURA DA MATERIA
11202230760;NB1BIL0304-15SB;EVOLUCAO E DIVERSIFICACAO DA VIDA NA TERRA
11202230760;NB1BIS0003-15SB;BASES MATEMATICAS
11202230760;NB2BCS0001-15SB;BASE EXPERIMENTAL DAS CIENCIAS NATURAIS
11202230760;NB2BIS0005-15SB;BASES COMPUTACIONAIS DA CIENCIA
11202231615;NA1BHO0001-19SB;INTRODUCAO AS HUMANIDADES E AS CIENCIAS SOCIAIS
11202231615;NA1BHP0202-19SB;TEMAS E PROBLEMAS EM FILOSOFIA
11202231615;NA1BHQ0001-15SB;IDENTIDADE E CULTURA
11202231615;NA1BHQ0003-15SB;INTERPRETACOES DO BRASIL
11202231615;NA2BIQ0602-15SB;ESTRUTURA E DINAMICA SOCIAL
11202231615;NA5BIS0005-15SB;BASES COMPUTACIONAIS DA CIENCIA
11202231316;NB1BCS0001-15SB;BASE EXPERIMENTAL DAS CIENCIAS NATURAIS
11202231316;NB1BIJ0207-15SB;BASES CONCEITUAIS DA ENERGIA
11202231316;NB1BIK0102-15SB;ESTRUTURA DA MATERIA
11202231316;NB1BIL0304-15SB;EVOLUCAO E DIVERSIFICACAO DA VIDA NA TERRA
11202231316;NB1BIS0003-15SB;BASES MATEMATICAS
11202231316;NB1BIS0005-15SB;BASES COMPUTACIONAIS DA CIENCIA
11202212430;DA1BIJ0207-15SB;BASES CONCEITUAIS DA ENERGIA
11202212430;DA1BIK0102-15SB;ESTRUTURA DA MATERIA
11202212430;DA1BIL0304-15SB;EVOLUCAO E DIVERSIFICACAO DA VIDA NA TERRA
11202212430;DA1BIS0003-15SB;BASES MATEMATICAS
11202212430;DA2BCS0001-15SB;BASE EXPERIMENTAL DAS CIENCIAS NATURAIS
11202212430;DA2BIS0005-15SB;BASES COMPUTACIONAIS DA CIENCIA
11202212431;DB1BCS0001-15SA;BASE EXPERIMENTAL DAS CIENCIAS NATURAIS
11202212431;DB1BIS0005-15SA;BASES COMPUTACIONAIS DA CIENCIA
11202212431;DB2BIJ0207-15SA;BASES CONCEITUAIS DA ENERGIA
11202212431;DB2BIK0102-15SA;ESTRUTURA DA MATERIA
11202212431;DB2BIL0304-15SA;EVOLUCAO E DIVERSIFICACAO DA VIDA NA TERRA
11202212431;DB2BIS0003-15SA;BASES MATEMATICAS
11202230918;NB1BIJ0207-15SB;BASES CONCEITUAIS DA ENERGIA
11202230918;NB1BIK0102-15SB;ESTRUTURA DA MATERIA
11202230918;NB1BIL0304-15SB;EVOLUCAO E DIVERSIFICACAO DA VIDA NA TERRA
11202230918;NB1BIS0003-15SB;BASES MATEMATICAS
11202230918;NB2BCS0001-15SB;BASE EXPERIMENTAL DAS CIENCIAS NATURAIS
11202230918;NB2BIS0005-15SB;BASES COMPUTACIONAIS DA CIENCIA
11202212496;NA1NHI5001-15SB;DESENVOLVIMENTO E APRENDIZAGEM
11202212496;NA1NHZ2099-16SB;TOPICOS CONTEMPORANEOS EM EDUCACAO E FILOSOFIA
11202212496;NA1NHZ5023-18SB;PRATICAS ESCOLARES EM EDUCACAO ESPECIAL E INCLUSIVA
11202212496;NA6BIS0005-15SB;BASES COMPUTACIONAIS DA CIENCIA
11202212496;NC1BIJ0207-15SB;BASES CONCEITUAIS DA ENERGIA
11202212496;NA2BIR0603-15SB;CIENCIA, TECNOLOGIA E SOCIEDADE
11202231478;DB2BIJ0207-15SA;BASES CONCEITUAIS DA ENERGIA
11202231478;DB2BIK0102-15SA;ESTRUTURA DA MATERIA
11202231478;DB2BIL0304-15SA;EVOLUCAO E DIVERSIFICACAO DA VIDA NA TERRA
11202231478;DB2BIS0003-15SA;BASES MATEMATICAS
11202231478;DB3BCS0001-15SA;BASE EXPERIMENTAL DAS CIENCIAS NATURAIS
11202231478;DB3BIS0005-15SA;BASES COMPUTACIONAIS DA CIENCIA
11202231978;NB2BIJ0207-15SA;BASES CONCEITUAIS DA ENERGIA
11202231978;NB2BIK0102-15SA;ESTRUTURA DA MATERIA
11202231978;NB2BIL0304-15SA;EVOLUCAO E DIVERSIFICACAO DA VIDA NA TERRA
11202231978;NB2BIS0003-15SA;BASES MATEMATICAS
11202231978;NB6BCS0001-15SA;BASE EXPERIMENTAL DAS CIENCIAS NATURAIS
11202231978;NB6BIS0005-15SA;BASES COMPUTACIONAIS DA CIENCIA
11202232370;NC2BIJ0207-15SA;BASES CONCEITUAIS DA ENERGIA
11202232370;NC2BIK0102-15SA;ESTRUTURA DA MATERIA
11202232370;NC2BIL0304-15SA;EVOLUCAO E DIVERSIFICACAO DA VIDA NA TERRA
11202232370;NC2BIS0003-15SA;BASES MATEMATICAS
11202232370;NC5BCS0001-15SA;BASE EXPERIMENTAL DAS CIENCIAS NATURAIS
11202232370;NC5BIS0005-15SA;BASES COMPUTACIONAIS DA CIENCIA
11202231395;NA1BHO0001-19SB;INTRODUCAO AS HUMANIDADES E AS CIENCIAS SOCIAIS
11202231395;NA1BHP0202-19SB;TEMAS E PROBLEMAS EM FILOSOFIA
11202231395;NA1BHQ0001-15SB;IDENTIDADE E CULTURA
11202231395;NA1BHQ0003-15SB;INTERPRETACOES DO BRASIL
11202231395;NA2BIQ0602-15SB;ESTRUTURA E DINAMICA SOCIAL
11202231395;NA5BIS0005-15SB;BASES COMPUTACIONAIS DA CIENCIA
11202232485;NB7BIS0005-15SA;BASES COMPUTACIONAIS DA CIENCIA
11202232485;NB3BIJ0207-15SA;BASES CONCEITUAIS DA ENERGIA
11202232485;NB2BIR0603-15SA;CIENCIA, TECNOLOGIA E SOCIEDADE
11202232485;NB1NHI5001-15SA;DESENVOLVIMENTO E APRENDIZAGEM
11202232485;NB1NHZ5023-18SA;PRATICAS ESCOLARES EM EDUCACAO ESPECIAL E INCLUSIVA
11202232485;NB1NHZ2099-16SA;TOPICOS CONTEMPORANEOS EM EDUCACAO E FILOSOFIA
11202232368;NA1BIR0603-15SA;CIENCIA, TECNOLOGIA E SOCIEDADE
11202232368;NA1NHI5001-15SA;DESENVOLVIMENTO E APRENDIZAGEM
11202232368;NA1NHZ2099-16SA;TOPICOS CONTEMPORANEOS EM EDUCACAO E FILOSOFIA
11202232368;NA1NHZ5023-18SA;PRATICAS ESCOLARES EM EDUCACAO ESPECIAL E INCLUSIVA
11202232368;NA3BIJ0207-15SA;BASES CONCEITUAIS DA ENERGIA
11202232368;NA6BIS0005-15SA;BASES COMPUTACIONAIS DA CIENCIA
11202230819;NA1BIJ0207-15SB;BASES CONCEITUAIS DA ENERGIA
11202230819;NA1BIK0102-15SB;ESTRUTURA DA MATERIA
11202230819;NA1BIL0304-15SB;EVOLUCAO E DIVERSIFICACAO DA VIDA NA TERRA
11202230819;NA1BIS0003-15SB;BASES MATEMATICAS
11202230819;NA2BCS0001-15SB;BASE EXPERIMENTAL DAS CIENCIAS NATURAIS
11202230819;NA2BIS0005-15SB;BASES COMPUTACIONAIS DA CIENCIA
11202231192;DA1BIJ0207-15SA;BASES CONCEITUAIS DA ENERGIA
11202231192;DA1BIK0102-15SA;ESTRUTURA DA MATERIA
11202231192;DA1BIL0304-15SA;EVOLUCAO E DIVERSIFICACAO DA VIDA NA TERRA
11202231192;DA1BIS0003-15SA;BASES MATEMATICAS
11202231192;DA4BCS0001-15SA;BASE EXPERIMENTAL DAS CIENCIAS NATURAIS
11202231192;DA4BIS0005-15SA;BASES COMPUTACIONAIS DA CIENCIA
11202232367;NB1BIJ0207-15SA;BASES CONCEITUAIS DA ENERGIA
11202232367;NB1BIK0102-15SA;ESTRUTURA DA MATERIA
11202232367;NB1BIL0304-15SA;EVOLUCAO E DIVERSIFICACAO DA VIDA NA TERRA
11202232367;NB1BIS0003-15SA;BASES MATEMATICAS
11202232367;NB2BCS0001-15SA;BASE EXPERIMENTAL DAS CIENCIAS NATURAIS
11202232367;NB2BIS0005-15SA;BASES COMPUTACIONAIS DA CIENCIA
11202231381;NA1BIR0603-15SA;CIENCIA, TECNOLOGIA E SOCIEDADE
11202231381;NA1NHI5001-15SA;DESENVOLVIMENTO E APRENDIZAGEM
11202231381;NA1NHZ2099-16SA;TOPICOS CONTEMPORANEOS EM EDUCACAO E FILOSOFIA
11202231381;NA1NHZ5023-18SA;PRATICAS ESCOLARES EM EDUCACAO ESPECIAL E INCLUSIVA
11202231381;NA3BIJ0207-15SA;BASES CONCEITUAIS DA ENERGIA
11202231381;NA6BIS0005-15SA;BASES COMPUTACIONAIS DA CIENCIA
11202232365;NC1BCS0001-15SA;BASE EXPERIMENTAL DAS CIENCIAS NATURAIS
11202232365;NC1BIJ0207-15SA;BASES CONCEITUAIS DA ENERGIA
11202232365;NC1BIK0102-15SA;ESTRUTURA DA MATERIA
11202232365;NC1BIL0304-15SA;EVOLUCAO E DIVERSIFICACAO DA VIDA NA TERRA
11202232365;NC1BIS0003-15SA;BASES MATEMATICAS
11202232365;NC1BIS0005-15SA;BASES COMPUTACIONAIS DA CIENCIA
11202231837;NA2BIJ0207-15SA;BASES CONCEITUAIS DA ENERGIA
11202231837;NA2BIK0102-15SA;ESTRUTURA DA MATERIA
11202231837;NA2BIL0304-15SA;EVOLUCAO E DIVERSIFICACAO DA VIDA NA TERRA
11202231837;NA2BIS0003-15SA;BASES MATEMATICAS
11202231837;NA5BIS0005-15SA;BASES COMPUTACIONAIS DA CIENCIA
11202231837;NA6BCS0001-15SA;BASE EXPERIMENTAL DAS CIENCIAS NATURAIS
11202212497;DC6BCS0001-15SA;BASE EXPERIMENTAL DAS CIENCIAS NATURAIS
11202212497;DC4BIS0005-15SA;BASES COMPUTACIONAIS DA CIENCIA
11202212497;DC2BIJ0207-15SA;BASES CONCEITUAIS DA ENERGIA
11202212497;DC2BIS0003-15SA;BASES MATEMATICAS
11202212497;DC2BIK0102-15SA;ESTRUTURA DA MATERIA
11202212497;DC2BIL0304-15SA;EVOLUCAO E DIVERSIFICACAO DA VIDA NA TERRA
11202231398;NA1BHO0001-19SB;INTRODUCAO AS HUMANIDADES E AS CIENCIAS SOCIAIS
11202231398;NA1BHP0202-19SB;TEMAS E PROBLEMAS EM FILOSOFIA
11202231398;NA1BHQ0001-15SB;IDENTIDADE E CULTURA
11202231398;NA1BHQ0003-15SB;INTERPRETACOES DO BRASIL
11202231398;NA2BIQ0602-15SB;ESTRUTURA E DINAMICA SOCIAL
11202231398;NA5BIS0005-15SB;BASES COMPUTACIONAIS DA CIENCIA
11202230393;DA1BIJ0207-15SA;BASES CONCEITUAIS DA ENERGIA
11202230393;DA1BIK0102-15SA;ESTRUTURA DA MATERIA
11202230393;DA1BIL0304-15SA;EVOLUCAO E DIVERSIFICACAO DA VIDA NA TERRA
11202230393;DA1BIS0003-15SA;BASES MATEMATICAS
11202230393;DA4BCS0001-15SA;BASE EXPERIMENTAL DAS CIENCIAS NATURAIS
11202230393;DA4BIS0005-15SA;BASES COMPUTACIONAIS DA CIENCIA
11202212432;NA1BIJ0207-15SB;BASES CONCEITUAIS DA ENERGIA
11202212432;NA1BIK0102-15SB;ESTRUTURA DA MATERIA
11202212432;NA1BIL0304-15SB;EVOLUCAO E DIVERSIFICACAO DA VIDA NA TERRA
11202212432;NA1BIS0003-15SB;BASES MATEMATICAS
11202212432;NA3BCS0001-15SB;BASE EXPERIMENTAL DAS CIENCIAS NATURAIS
11202212432;NA3BIS0005-15SB;BASES COMPUTACIONAIS DA CIENCIA
11202231185;DB1BIJ0207-15SB;BASES CONCEITUAIS DA ENERGIA
11202231185;DB1BIK0102-15SB;ESTRUTURA DA MATERIA
11202231185;DB1BIL0304-15SB;EVOLUCAO E DIVERSIFICACAO DA VIDA NA TERRA
11202231185;DB1BIS0003-15SB;BASES MATEMATICAS
11202231185;DB2BCS0001-15SB;BASE EXPERIMENTAL DAS CIENCIAS NATURAIS
11202231185;DB2BIS0005-15SB;BASES COMPUTACIONAIS DA CIENCIA
11202231545;DB1BIJ0207-15SB;BASES CONCEITUAIS DA ENERGIA
11202231545;DB1BIK0102-15SB;ESTRUTURA DA MATERIA
11202231545;DB1BIL0304-15SB;EVOLUCAO E DIVERSIFICACAO DA VIDA NA TERRA
11202231545;DB1BIS0003-15SB;BASES MATEMATICAS
11202231545;DB2BCS0001-15SB;BASE EXPERIMENTAL DAS CIENCIAS NATURAIS
11202231545;DB2BIS0005-15SB;BASES COMPUTACIONAIS DA CIENCIA
11202232364;NB2BIJ0207-15SA;BASES CONCEITUAIS DA ENERGIA
11202232364;NB2BIK0102-15SA;ESTRUTURA DA MATERIA
11202232364;NB2BIL0304-15SA;EVOLUCAO E DIVERSIFICACAO DA VIDA NA TERRA
11202232364;NB2BIS0003-15SA;BASES MATEMATICAS
11202232364;NB4BCS0001-15SA;BASE EXPERIMENTAL DAS CIENCIAS NATURAIS
11202232364;NB4BIS0005-15SA;BASES COMPUTACIONAIS DA CIENCIA
11202231969;DC2BIJ0207-15SA;BASES CONCEITUAIS DA ENERGIA
11202231969;DC2BIK0102-15SA;ESTRUTURA DA MATERIA
11202231969;DC2BIL0304-15SA;EVOLUCAO E DIVERSIFICACAO DA VIDA NA TERRA
11202231969;DC2BIS0003-15SA;BASES MATEMATICAS
11202231969;DC4BIS0005-15SA;BASES COMPUTACIONAIS DA CIENCIA
11202231969;DC5BCS0001-15SA;BASE EXPERIMENTAL DAS CIENCIAS NATURAIS
11202231591;NA1BCS0001-15SB;BASE EXPERIMENTAL DAS CIENCIAS NATURAIS
11202231591;NA1BIJ0207-15SB;BASES CONCEITUAIS DA ENERGIA
11202231591;NA1BIK0102-15SB;ESTRUTURA DA MATERIA
11202231591;NA1BIL0304-15SB;EVOLUCAO E DIVERSIFICACAO DA VIDA NA TERRA
11202231591;NA1BIS0003-15SB;BASES MATEMATICAS
11202231591;NA1BIS0005-15SB;BASES COMPUTACIONAIS DA CIENCIA
11202230699;NC1BIJ0207-15SA;BASES CONCEITUAIS DA ENERGIA
11202230699;NC1BIK0102-15SA;ESTRUTURA DA MATERIA
11202230699;NC1BIL0304-15SA;EVOLUCAO E DIVERSIFICACAO DA VIDA NA TERRA
11202230699;NC1BIS0003-15SA;BASES MATEMATICAS
11202230699;NC3BCS0001-15SA;BASE EXPERIMENTAL DAS CIENCIAS NATURAIS
11202230699;NC3BIS0005-15SA;BASES COMPUTACIONAIS DA CIENCIA
11202231819;NA2BIJ0207-15SA;BASES CONCEITUAIS DA ENERGIA
11202231819;NA2BIK0102-15SA;ESTRUTURA DA MATERIA
11202231819;NA2BIL0304-15SA;EVOLUCAO E DIVERSIFICACAO DA VIDA NA TERRA
11202231819;NA2BIS0003-15SA;BASES MATEMATICAS
11202231819;NA4BCS0001-15SA;BASE EXPERIMENTAL DAS CIENCIAS NATURAIS
11202231819;NA4BIS0005-15SA;BASES COMPUTACIONAIS DA CIENCIA
11202231633;NA1BCS0001-15SB;BASE EXPERIMENTAL DAS CIENCIAS NATURAIS
11202231633;NA1BIJ0207-15SB;BASES CONCEITUAIS DA ENERGIA
11202231633;NA1BIK0102-15SB;ESTRUTURA DA MATERIA
11202231633;NA1BIL0304-15SB;EVOLUCAO E DIVERSIFICACAO DA VIDA NA TERRA
11202231633;NA1BIS0003-15SB;BASES MATEMATICAS
11202231633;NA1BIS0005-15SB;BASES COMPUTACIONAIS DA CIENCIA
11202230640;NB1BCS0001-15SA;BASE EXPERIMENTAL DAS CIENCIAS NATURAIS
11202230640;NB1BIJ0207-15SA;BASES CONCEITUAIS DA ENERGIA
11202230640;NB1BIK0102-15SA;ESTRUTURA DA MATERIA
11202230640;NB1BIL0304-15SA;EVOLUCAO E DIVERSIFICACAO DA VIDA NA TERRA
11202230640;NB1BIS0003-15SA;BASES MATEMATICAS
11202230640;NB1BIS0005-15SA;BASES COMPUTACIONAIS DA CIENCIA
11202231921;NB1BIJ0207-15SA;BASES CONCEITUAIS DA ENERGIA
11202231921;NB1BIK0102-15SA;ESTRUTURA DA MATERIA
11202231921;NB1BIL0304-15SA;EVOLUCAO E DIVERSIFICACAO DA VIDA NA TERRA
11202231921;NB1BIS0003-15SA;BASES MATEMATICAS
11202231921;NB3BCS0001-15SA;BASE EXPERIMENTAL DAS CIENCIAS NATURAIS
11202231921;NB3BIS0005-15SA;BASES COMPUTACIONAIS DA CIENCIA
11202231455;NB2BIJ0207-15SA;BASES CONCEITUAIS DA ENERGIA
11202231455;NB2BIK0102-15SA;ESTRUTURA DA MATERIA
11202231455;NB2BIL0304-15SA;EVOLUCAO E DIVERSIFICACAO DA VIDA NA TERRA
11202231455;NB2BIS0003-15SA;BASES MATEMATICAS
11202231455;NB4BCS0001-15SA;BASE EXPERIMENTAL DAS CIENCIAS NATURAIS
11202231455;NB4BIS0005-15SA;BASES COMPUTACIONAIS DA CIENCIA
11202230871;NA1BIJ0207-15SB;BASES CONCEITUAIS DA ENERGIA
11202230871;NA1BIK0102-15SB;ESTRUTURA DA MATERIA
11202230871;NA1BIL0304-15SB;EVOLUCAO E DIVERSIFICACAO DA VIDA NA TERRA
11202230871;NA1BIS0003-15SB;BASES MATEMATICAS
11202230871;NA2BCS0001-15SB;BASE EXPERIMENTAL DAS CIENCIAS NATURAIS
11202230871;NA2BIS0005-15SB;BASES COMPUTACIONAIS DA CIENCIA
11202231130;NB1BCS0001-15SB;BASE EXPERIMENTAL DAS CIENCIAS NATURAIS
11202231130;NB1BIJ0207-15SB;BASES CONCEITUAIS DA ENERGIA
11202231130;NB1BIK0102-15SB;ESTRUTURA DA MATERIA
11202231130;NB1BIL0304-15SB;EVOLUCAO E DIVERSIFICACAO DA VIDA NA TERRA
11202231130;NB1BIS0003-15SB;BASES MATEMATICAS
11202231130;NB1BIS0005-15SB;BASES COMPUTACIONAIS DA CIENCIA
11202230683;NB2BIJ0207-15SA;BASES CONCEITUAIS DA ENERGIA
11202230683;NB2BIK0102-15SA;ESTRUTURA DA MATERIA
11202230683;NB2BIL0304-15SA;EVOLUCAO E DIVERSIFICACAO DA VIDA NA TERRA
11202230683;NB2BIS0003-15SA;BASES MATEMATICAS
11202230683;NB5BCS0001-15SA;BASE EXPERIMENTAL DAS CIENCIAS NATURAIS
11202230683;NB5BIS0005-15SA;BASES COMPUTACIONAIS DA CIENCIA
11202231740;DC2BIJ0207-15SA;BASES CONCEITUAIS DA ENERGIA
11202231740;DC2BIK0102-15SA;ESTRUTURA DA MATERIA
11202231740;DC2BIL0304-15SA;EVOLUCAO E DIVERSIFICACAO DA VIDA NA TERRA
11202231740;DC2BIS0003-15SA;BASES MATEMATICAS
11202231740;DC4BIS0005-15SA;BASES COMPUTACIONAIS DA CIENCIA
11202231740;DC5BCS0001-15SA;BASE EXPERIMENTAL DAS CIENCIAS NATURAIS
11202230591;DC1BCS0001-15SB;BASE EXPERIMENTAL DAS CIENCIAS NATURAIS
11202230591;DC1BIJ0207-15SB;BASES CONCEITUAIS DA ENERGIA
11202230591;DC1BIK0102-15SB;ESTRUTURA DA MATERIA
11202230591;DC1BIL0304-15SB;EVOLUCAO E DIVERSIFICACAO DA VIDA NA TERRA
11202230591;DC1BIS0003-15SB;BASES MATEMATICAS
11202230591;DC1BIS0005-15SB;BASES COMPUTACIONAIS DA CIENCIA
11202231581;DA1BCS0001-15SA;BASE EXPERIMENTAL DAS CIENCIAS NATURAIS
11202231581;DA1BIJ0207-15SA;BASES CONCEITUAIS DA ENERGIA
11202231581;DA1BIK0102-15SA;ESTRUTURA DA MATERIA
11202231581;DA1BIL0304-15SA;EVOLUCAO E DIVERSIFICACAO DA VIDA NA TERRA
11202231581;DA1BIS0003-15SA;BASES MATEMATICAS
11202231581;DA2BIS0005-15SA;BASES COMPUTACIONAIS DA CIENCIA
11202231847;DB1BIJ0207-15SA;BASES CONCEITUAIS DA ENERGIA
11202231847;DB1BIK0102-15SA;ESTRUTURA DA MATERIA
11202231847;DB1BIL0304-15SA;EVOLUCAO E DIVERSIFICACAO DA VIDA NA TERRA
11202231847;DB1BIS0003-15SA;BASES MATEMATICAS
11202231847;DB6BCS0001-15SA;BASE EXPERIMENTAL DAS CIENCIAS NATURAIS
11202231847;DB6BIS0005-15SA;BASES COMPUTACIONAIS DA CIENCIA
11202212498;DB7BIS0005-15SA;BASES COMPUTACIONAIS DA CIENCIA
11202212498;DB3BIJ0207-15SA;BASES CONCEITUAIS DA ENERGIA
11202212498;DB2BIR0603-15SA;CIENCIA, TECNOLOGIA E SOCIEDADE
11202212498;DB1NHI5001-15SA;DESENVOLVIMENTO E APRENDIZAGEM
11202212498;DB1NHZ5023-18SA;PRATICAS ESCOLARES EM EDUCACAO ESPECIAL E INCLUSIVA
11202212498;DB1NHZ2099-16SA;TOPICOS CONTEMPORANEOS EM EDUCACAO E FILOSOFIA
11202230880;DA1BCS0001-15SB;BASE EXPERIMENTAL DAS CIENCIAS NATURAIS
11202230880;DA1BIJ0207-15SB;BASES CONCEITUAIS DA ENERGIA
11202230880;DA1BIK0102-15SB;ESTRUTURA DA MATERIA
11202230880;DA1BIL0304-15SB;EVOLUCAO E DIVERSIFICACAO DA VIDA NA TERRA
11202230880;DA1BIS0003-15SB;BASES MATEMATICAS
11202230880;DA1BIS0005-15SB;BASES COMPUTACIONAIS DA CIENCIA
11202231301;NC1BCS0001-15SB;BASE EXPERIMENTAL DAS CIENCIAS NATURAIS
11202231301;NC1BIJ0207-15SB;BASES CONCEITUAIS DA ENERGIA
11202231301;NC1BIK0102-15SB;ESTRUTURA DA MATERIA
11202231301;NC1BIL0304-15SB;EVOLUCAO E DIVERSIFICACAO DA VIDA NA TERRA
11202231301;NC1BIS0003-15SB;BASES MATEMATICAS
11202231301;NC1BIS0005-15SB;BASES COMPUTACIONAIS DA CIENCIA
11202231170;DC1BCS0001-15SA;BASE EXPERIMENTAL DAS CIENCIAS NATURAIS
11202231170;DC1BIJ0207-15SA;BASES CONCEITUAIS DA ENERGIA
11202231170;DC1BIK0102-15SA;ESTRUTURA DA MATERIA
11202231170;DC1BIL0304-15SA;EVOLUCAO E DIVERSIFICACAO DA VIDA NA TERRA
11202231170;DC1BIS0003-15SA;BASES MATEMATICAS
11202231170;DC5BIS0005-15SA;BASES COMPUTACIONAIS DA CIENCIA
11202230969;DA1BIJ0207-15SB;BASES CONCEITUAIS DA ENERGIA
11202230969;DA1BIK0102-15SB;ESTRUTURA DA MATERIA
11202230969;DA1BIL0304-15SB;EVOLUCAO E DIVERSIFICACAO DA VIDA NA TERRA
11202230969;DA1BIS0003-15SB;BASES MATEMATICAS
11202230969;DA2BCS0001-15SB;BASE EXPERIMENTAL DAS CIENCIAS NATURAIS
11202230969;DA2BIS0005-15SB;BASES COMPUTACIONAIS DA CIENCIA
11202232148;DA2BIJ0207-15SA;BASES CONCEITUAIS DA ENERGIA
11202232148;DA2BIK0102-15SA;ESTRUTURA DA MATERIA
11202232148;DA2BIL0304-15SA;EVOLUCAO E DIVERSIFICACAO DA VIDA NA TERRA
11202232148;DA2BIS0003-15SA;BASES MATEMATICAS
11202232148;DA5BIS0005-15SA;BASES COMPUTACIONAIS DA CIENCIA
11202232148;DA6BCS0001-15SA;BASE EXPERIMENTAL DAS CIENCIAS NATURAIS
11202230840;NA1BHO0001-19SB;INTRODUCAO AS HUMANIDADES E AS CIENCIAS SOCIAIS
11202230840;NA1BHP0202-19SB;TEMAS E PROBLEMAS EM FILOSOFIA
11202230840;NA1BHQ0001-15SB;IDENTIDADE E CULTURA
11202230840;NA1BHQ0003-15SB;INTERPRETACOES DO BRASIL
11202230840;NA2BIQ0602-15SB;ESTRUTURA E DINAMICA SOCIAL
11202230840;NA5BIS0005-15SB;BASES COMPUTACIONAIS DA CIENCIA
11202230610;NB1BIJ0207-15SB;BASES CONCEITUAIS DA ENERGIA
11202230610;NB1BIK0102-15SB;ESTRUTURA DA MATERIA
11202230610;NB1BIL0304-15SB;EVOLUCAO E DIVERSIFICACAO DA VIDA NA TERRA
11202230610;NB1BIS0003-15SB;BASES MATEMATICAS
11202230610;NB3BCS0001-15SB;BASE EXPERIMENTAL DAS CIENCIAS NATURAIS
11202230610;NB3BIS0005-15SB;BASES COMPUTACIONAIS DA CIENCIA
11202231029;NB1BIJ0207-15SB;BASES CONCEITUAIS DA ENERGIA
11202231029;NB1BIK0102-15SB;ESTRUTURA DA MATERIA
11202231029;NB1BIL0304-15SB;EVOLUCAO E DIVERSIFICACAO DA VIDA NA TERRA
11202231029;NB1BIS0003-15SB;BASES MATEMATICAS
11202231029;NB2BCS0001-15SB;BASE EXPERIMENTAL DAS CIENCIAS NATURAIS
11202231029;NB2BIS0005-15SB;BASES COMPUTACIONAIS DA CIENCIA
11202230958;DB1BIJ0207-15SB;BASES CONCEITUAIS DA ENERGIA
11202230958;DB1BIK0102-15SB;ESTRUTURA DA MATERIA
11202230958;DB1BIL0304-15SB;EVOLUCAO E DIVERSIFICACAO DA VIDA NA TERRA
11202230958;DB1BIS0003-15SB;BASES MATEMATICAS
11202230958;DB2BCS0001-15SB;BASE EXPERIMENTAL DAS CIENCIAS NATURAIS
11202230958;DB2BIS0005-15SB;BASES COMPUTACIONAIS DA CIENCIA
11202231015;NA1BHO0001-19SB;INTRODUCAO AS HUMANIDADES E AS CIENCIAS SOCIAIS
11202231015;NA1BHP0202-19SB;TEMAS E PROBLEMAS EM FILOSOFIA
11202231015;NA1BHQ0001-15SB;IDENTIDADE E CULTURA
11202231015;NA1BHQ0003-15SB;INTERPRETACOES DO BRASIL
11202231015;NA2BIQ0602-15SB;ESTRUTURA E DINAMICA SOCIAL
11202231015;NA5BIS0005-15SB;BASES COMPUTACIONAIS DA CIENCIA
11202231826;NB2BIJ0207-15SA;BASES CONCEITUAIS DA ENERGIA
11202231826;NB2BIK0102-15SA;ESTRUTURA DA MATERIA
11202231826;NB2BIL0304-15SA;EVOLUCAO E DIVERSIFICACAO DA VIDA NA TERRA
11202231826;NB2BIS0003-15SA;BASES MATEMATICAS
11202231826;NB4BCS0001-15SA;BASE EXPERIMENTAL DAS CIENCIAS NATURAIS
11202231826;NB4BIS0005-15SA;BASES COMPUTACIONAIS DA CIENCIA
11202232008;DB1BIJ0207-15SB;BASES CONCEITUAIS DA ENERGIA
11202232008;DB1BIK0102-15SB;ESTRUTURA DA MATERIA
11202232008;DB1BIL0304-15SB;EVOLUCAO E DIVERSIFICACAO DA VIDA NA TERRA
11202232008;DB1BIS0003-15SB;BASES MATEMATICAS
11202232008;DB3BCS0001-15SB;BASE EXPERIMENTAL DAS CIENCIAS NATURAIS
11202232008;DB3BIS0005-15SB;BASES COMPUTACIONAIS DA CIENCIA
11202231289;NA1BHO0001-19SB;INTRODUCAO AS HUMANIDADES E AS CIENCIAS SOCIAIS
11202231289;NA1BHP0202-19SB;TEMAS E PROBLEMAS EM FILOSOFIA
11202231289;NA1BHQ0001-15SB;IDENTIDADE E CULTURA
11202231289;NA1BHQ0003-15SB;INTERPRETACOES DO BRASIL
11202231289;NA2BIQ0602-15SB;ESTRUTURA E DINAMICA SOCIAL
11202231289;NA5BIS0005-15SB;BASES COMPUTACIONAIS DA CIENCIA
11202231284;NA1BCS0001-15SA;BASE EXPERIMENTAL DAS CIENCIAS NATURAIS
11202231284;NA1BIJ0207-15SA;BASES CONCEITUAIS DA ENERGIA
11202231284;NA1BIK0102-15SA;ESTRUTURA DA MATERIA
11202231284;NA1BIL0304-15SA;EVOLUCAO E DIVERSIFICACAO DA VIDA NA TERRA
11202231284;NA1BIS0003-15SA;BASES MATEMATICAS
11202231284;NA1BIS0005-15SA;BASES COMPUTACIONAIS DA CIENCIA
11202230257;DA1BHO0001-19SB;INTRODUCAO AS HUMANIDADES E AS CIENCIAS SOCIAIS
11202230257;DA1BHP0202-19SB;TEMAS E PROBLEMAS EM FILOSOFIA
11202230257;DA1BHQ0001-15SB;IDENTIDADE E CULTURA
11202230257;DA1BHQ0003-15SB;INTERPRETACOES DO BRASIL
11202230257;DA2BIQ0602-15SB;ESTRUTURA E DINAMICA SOCIAL
11202230257;DA6BIS0005-15SB;BASES COMPUTACIONAIS DA CIENCIA
11202230216;NB2BIJ0207-15SA;BASES CONCEITUAIS DA ENERGIA
11202230216;NB2BIK0102-15SA;ESTRUTURA DA MATERIA
11202230216;NB2BIL0304-15SA;EVOLUCAO E DIVERSIFICACAO DA VIDA NA TERRA
11202230216;NB2BIS0003-15SA;BASES MATEMATICAS
11202230216;NB5BCS0001-15SA;BASE EXPERIMENTAL DAS CIENCIAS NATURAIS
11202230216;NB5BIS0005-15SA;BASES COMPUTACIONAIS DA CIENCIA
11202230651;DA1BIJ0207-15SA;BASES CONCEITUAIS DA ENERGIA
11202230651;DA1BIK0102-15SA;ESTRUTURA DA MATERIA
11202230651;DA1BIL0304-15SA;EVOLUCAO E DIVERSIFICACAO DA VIDA NA TERRA
11202230651;DA1BIS0003-15SA;BASES MATEMATICAS
11202230651;DA3BCS0001-15SA;BASE EXPERIMENTAL DAS CIENCIAS NATURAIS
11202230651;DA3BIS0005-15SA;BASES COMPUTACIONAIS DA CIENCIA
11202231604;DA1BIR0603-15SB;CIENCIA, TECNOLOGIA E SOCIEDADE
11202231604;DA1NHI5001-15SB;DESENVOLVIMENTO E APRENDIZAGEM
11202231604;DA1NHZ2099-16SB;TOPICOS CONTEMPORANEOS EM EDUCACAO E FILOSOFIA
11202231604;DA1NHZ5023-18SB;PRATICAS ESCOLARES EM EDUCACAO ESPECIAL E INCLUSIVA
11202231604;DA7BIS0005-15SB;BASES COMPUTACIONAIS DA CIENCIA
11202231604;DC1BIJ0207-15SB;BASES CONCEITUAIS DA ENERGIA
11202231335;NC1BIJ0207-15SA;BASES CONCEITUAIS DA ENERGIA
11202231335;NC1BIK0102-15SA;ESTRUTURA DA MATERIA
11202231335;NC1BIL0304-15SA;EVOLUCAO E DIVERSIFICACAO DA VIDA NA TERRA
11202231335;NC1BIS0003-15SA;BASES MATEMATICAS
11202231335;NC3BCS0001-15SA;BASE EXPERIMENTAL DAS CIENCIAS NATURAIS
11202231335;NC3BIS0005-15SA;BASES COMPUTACIONAIS DA CIENCIA
11202230812;NC2BIJ0207-15SA;BASES CONCEITUAIS DA ENERGIA
11202230812;NC2BIK0102-15SA;ESTRUTURA DA MATERIA
11202230812;NC2BIL0304-15SA;EVOLUCAO E DIVERSIFICACAO DA VIDA NA TERRA
11202230812;NC2BIS0003-15SA;BASES MATEMATICAS
11202230812;NC4BCS0001-15SA;BASE EXPERIMENTAL DAS CIENCIAS NATURAIS
11202230812;NC4BIS0005-15SA;BASES COMPUTACIONAIS DA CIENCIA
11202231962;NC2BIJ0207-15SA;BASES CONCEITUAIS DA ENERGIA
11202231962;NC2BIK0102-15SA;ESTRUTURA DA MATERIA
11202231962;NC2BIL0304-15SA;EVOLUCAO E DIVERSIFICACAO DA VIDA NA TERRA
11202231962;NC2BIS0003-15SA;BASES MATEMATICAS
11202231962;NC5BCS0001-15SA;BASE EXPERIMENTAL DAS CIENCIAS NATURAIS
11202231962;NC5BIS0005-15SA;BASES COMPUTACIONAIS DA CIENCIA
11202231234;DC1BCS0001-15SB;BASE EXPERIMENTAL DAS CIENCIAS NATURAIS
11202231234;DC1BIJ0207-15SB;BASES CONCEITUAIS DA ENERGIA
11202231234;DC1BIK0102-15SB;ESTRUTURA DA MATERIA
11202231234;DC1BIL0304-15SB;EVOLUCAO E DIVERSIFICACAO DA VIDA NA TERRA
11202231234;DC1BIS0003-15SB;BASES MATEMATICAS
11202231234;DC1BIS0005-15SB;BASES COMPUTACIONAIS DA CIENCIA
11202231375;DA1BIJ0207-15SA;BASES CONCEITUAIS DA ENERGIA
11202231375;DA1BIK0102-15SA;ESTRUTURA DA MATERIA
11202231375;DA1BIL0304-15SA;EVOLUCAO E DIVERSIFICACAO DA VIDA NA TERRA
11202231375;DA1BIS0003-15SA;BASES MATEMATICAS
11202231375;DA3BCS0001-15SA;BASE EXPERIMENTAL DAS CIENCIAS NATURAIS
11202231375;DA3BIS0005-15SA;BASES COMPUTACIONAIS DA CIENCIA
11202230580;DB1BIJ0207-15SA;BASES CONCEITUAIS DA ENERGIA
11202230580;DB1BIK0102-15SA;ESTRUTURA DA MATERIA
11202230580;DB1BIL0304-15SA;EVOLUCAO E DIVERSIFICACAO DA VIDA NA TERRA
11202230580;DB1BIS0003-15SA;BASES MATEMATICAS
11202230580;DB4BCS0001-15SA;BASE EXPERIMENTAL DAS CIENCIAS NATURAIS
11202230580;DB4BIS0005-15SA;BASES COMPUTACIONAIS DA CIENCIA
11202230344;DA1BIJ0207-15SA;BASES CONCEITUAIS DA ENERGIA
11202230344;DA1BIK0102-15SA;ESTRUTURA DA MATERIA
11202230344;DA1BIL0304-15SA;EVOLUCAO E DIVERSIFICACAO DA VIDA NA TERRA
11202230344;DA1BIS0003-15SA;BASES MATEMATICAS
11202230344;DA4BCS0001-15SA;BASE EXPERIMENTAL DAS CIENCIAS NATURAIS
11202230344;DA4BIS0005-15SA;BASES COMPUTACIONAIS DA CIENCIA
11202231435;NA1BIJ0207-15SA;BASES CONCEITUAIS DA ENERGIA
11202231435;NA1BIK0102-15SA;ESTRUTURA DA MATERIA
11202231435;NA1BIL0304-15SA;EVOLUCAO E DIVERSIFICACAO DA VIDA NA TERRA
11202231435;NA1BIS0003-15SA;BASES MATEMATICAS
11202231435;NA2BCS0001-15SA;BASE EXPERIMENTAL DAS CIENCIAS NATURAIS
11202231435;NA2BIS0005-15SA;BASES COMPUTACIONAIS DA CIENCIA
11202231701;NA1BIJ0207-15SA;BASES CONCEITUAIS DA ENERGIA
11202231701;NA1BIK0102-15SA;ESTRUTURA DA MATERIA
11202231701;NA1BIL0304-15SA;EVOLUCAO E DIVERSIFICACAO DA VIDA NA TERRA
11202231701;NA1BIS0003-15SA;BASES MATEMATICAS
11202231701;NA3BCS0001-15SA;BASE EXPERIMENTAL DAS CIENCIAS NATURAIS
11202231701;NA3BIS0005-15SA;BASES COMPUTACIONAIS DA CIENCIA
11202212433;NB1BIJ0207-15SB;BASES CONCEITUAIS DA ENERGIA
11202212433;NB1BIK0102-15SB;ESTRUTURA DA MATERIA
11202212433;NB1BIL0304-15SB;EVOLUCAO E DIVERSIFICACAO DA VIDA NA TERRA
11202212433;NB1BIS0003-15SB;BASES MATEMATICAS
11202212433;NB2BCS0001-15SB;BASE EXPERIMENTAL DAS CIENCIAS NATURAIS
11202212433;NB2BIS0005-15SB;BASES COMPUTACIONAIS DA CIENCIA
11202212455;DB1BIJ0207-15SB;BASES CONCEITUAIS DA ENERGIA
11202212455;DB1BIK0102-15SB;ESTRUTURA DA MATERIA
11202212455;DB1BIL0304-15SB;EVOLUCAO E DIVERSIFICACAO DA VIDA NA TERRA
11202212455;DB1BIS0003-15SB;BASES MATEMATICAS
11202212455;DB3BCS0001-15SB;BASE EXPERIMENTAL DAS CIENCIAS NATURAIS
11202212455;DB3BIS0005-15SB;BASES COMPUTACIONAIS DA CIENCIA
11202230551;DB1BIJ0207-15SB;BASES CONCEITUAIS DA ENERGIA
11202230551;DB1BIK0102-15SB;ESTRUTURA DA MATERIA
11202230551;DB1BIL0304-15SB;EVOLUCAO E DIVERSIFICACAO DA VIDA NA TERRA
11202230551;DB1BIS0003-15SB;BASES MATEMATICAS
11202230551;DB2BCS0001-15SB;BASE EXPERIMENTAL DAS CIENCIAS NATURAIS
11202230551;DB2BIS0005-15SB;BASES COMPUTACIONAIS DA CIENCIA
11202232027;DA1BIJ0207-15SA;BASES CONCEITUAIS DA ENERGIA
11202232027;DA1BIK0102-15SA;ESTRUTURA DA MATERIA
11202232027;DA1BIL0304-15SA;EVOLUCAO E DIVERSIFICACAO DA VIDA NA TERRA
11202232027;DA1BIS0003-15SA;BASES MATEMATICAS
11202232027;DA4BCS0001-15SA;BASE EXPERIMENTAL DAS CIENCIAS NATURAIS
11202232027;DA4BIS0005-15SA;BASES COMPUTACIONAIS DA CIENCIA
11202212499;DC6BCS0001-15SA;BASE EXPERIMENTAL DAS CIENCIAS NATURAIS
11202212499;DC4BIS0005-15SA;BASES COMPUTACIONAIS DA CIENCIA
11202212499;DC2BIJ0207-15SA;BASES CONCEITUAIS DA ENERGIA
11202212499;DC2BIS0003-15SA;BASES MATEMATICAS
11202212499;DC2BIK0102-15SA;ESTRUTURA DA MATERIA
11202212499;DC2BIL0304-15SA;EVOLUCAO E DIVERSIFICACAO DA VIDA NA TERRA
11202230449;NA1BHO0001-19SB;INTRODUCAO AS HUMANIDADES E AS CIENCIAS SOCIAIS
11202230449;NA1BHP0202-19SB;TEMAS E PROBLEMAS EM FILOSOFIA
11202230449;NA1BHQ0001-15SB;IDENTIDADE E CULTURA
11202230449;NA1BHQ0003-15SB;INTERPRETACOES DO BRASIL
11202230449;NA2BIQ0602-15SB;ESTRUTURA E DINAMICA SOCIAL
11202230449;NA5BIS0005-15SB;BASES COMPUTACIONAIS DA CIENCIA
11202230908;DA2BIJ0207-15SA;BASES CONCEITUAIS DA ENERGIA
11202230908;DA2BIK0102-15SA;ESTRUTURA DA MATERIA
11202230908;DA2BIL0304-15SA;EVOLUCAO E DIVERSIFICACAO DA VIDA NA TERRA
11202230908;DA2BIS0003-15SA;BASES MATEMATICAS
11202230908;DA5BCS0001-15SA;BASE EXPERIMENTAL DAS CIENCIAS NATURAIS
11202230908;DA5BIS0005-15SA;BASES COMPUTACIONAIS DA CIENCIA
11202231226;NA1BHO0001-19SB;INTRODUCAO AS HUMANIDADES E AS CIENCIAS SOCIAIS
11202231226;NA1BHP0202-19SB;TEMAS E PROBLEMAS EM FILOSOFIA
11202231226;NA1BHQ0001-15SB;IDENTIDADE E CULTURA
11202231226;NA1BHQ0003-15SB;INTERPRETACOES DO BRASIL
11202231226;NA2BIQ0602-15SB;ESTRUTURA E DINAMICA SOCIAL
11202231226;NA5BIS0005-15SB;BASES COMPUTACIONAIS DA CIENCIA
11202231501;DC2BCS0001-15SB;BASE EXPERIMENTAL DAS CIENCIAS NATURAIS
11202231501;DC3BIS0005-15SB;BASES COMPUTACIONAIS DA CIENCIA
11202231501;DC1BIJ0207-15SB;BASES CONCEITUAIS DA ENERGIA
11202231501;DC1BIS0003-15SB;BASES MATEMATICAS
11202231501;DC1BIK0102-15SB;ESTRUTURA DA MATERIA
11202231501;DC1BIL0304-15SB;EVOLUCAO E DIVERSIFICACAO DA VIDA NA TERRA
11202231901;DB2BIJ0207-15SA;BASES CONCEITUAIS DA ENERGIA
11202231901;DB2BIK0102-15SA;ESTRUTURA DA MATERIA
11202231901;DB2BIL0304-15SA;EVOLUCAO E DIVERSIFICACAO DA VIDA NA TERRA
11202231901;DB2BIS0003-15SA;BASES MATEMATICAS
11202231901;DB3BCS0001-15SA;BASE EXPERIMENTAL DAS CIENCIAS NATURAIS
11202231901;DB3BIS0005-15SA;BASES COMPUTACIONAIS DA CIENCIA
11202232362;NB2BIJ0207-15SA;BASES CONCEITUAIS DA ENERGIA
11202232362;NB2BIK0102-15SA;ESTRUTURA DA MATERIA
11202232362;NB2BIL0304-15SA;EVOLUCAO E DIVERSIFICACAO DA VIDA NA TERRA
11202232362;NB2BIS0003-15SA;BASES MATEMATICAS
11202232362;NB5BCS0001-15SA;BASE EXPERIMENTAL DAS CIENCIAS NATURAIS
11202232362;NB5BIS0005-15SA;BASES COMPUTACIONAIS DA CIENCIA
11202230340;DA2BIJ0207-15SA;BASES CONCEITUAIS DA ENERGIA
11202230340;DA2BIK0102-15SA;ESTRUTURA DA MATERIA
11202230340;DA2BIL0304-15SA;EVOLUCAO E DIVERSIFICACAO DA VIDA NA TERRA
11202230340;DA2BIS0003-15SA;BASES MATEMATICAS
11202230340;DA6BCS0001-15SA;BASE EXPERIMENTAL DAS CIENCIAS NATURAIS
11202230340;DA6BIS0005-15SA;BASES COMPUTACIONAIS DA CIENCIA
11202231010;NA2BIJ0207-15SA;BASES CONCEITUAIS DA ENERGIA
11202231010;NA2BIK0102-15SA;ESTRUTURA DA MATERIA
11202231010;NA2BIL0304-15SA;EVOLUCAO E DIVERSIFICACAO DA VIDA NA TERRA
11202231010;NA2BIS0003-15SA;BASES MATEMATICAS
11202231010;NA6BCS0001-15SA;BASE EXPERIMENTAL DAS CIENCIAS NATURAIS
11202231010;NA6BIS0005-15SA;BASES COMPUTACIONAIS DA CIENCIA
11202231238;NA1BHO0001-19SB;INTRODUCAO AS HUMANIDADES E AS CIENCIAS SOCIAIS
11202231238;NA1BHP0202-19SB;TEMAS E PROBLEMAS EM FILOSOFIA
11202231238;NA1BHQ0001-15SB;IDENTIDADE E CULTURA
11202231238;NA1BHQ0003-15SB;INTERPRETACOES DO BRASIL
11202231238;NA2BIQ0602-15SB;ESTRUTURA E DINAMICA SOCIAL
11202231238;NA5BIS0005-15SB;BASES COMPUTACIONAIS DA CIENCIA
11202232360;DB1BIJ0207-15SB;BASES CONCEITUAIS DA ENERGIA
11202232360;DB1BIK0102-15SB;ESTRUTURA DA MATERIA
11202232360;DB1BIL0304-15SB;EVOLUCAO E DIVERSIFICACAO DA VIDA NA TERRA
11202232360;DB1BIS0003-15SB;BASES MATEMATICAS
11202232360;DB2BCS0001-15SB;BASE EXPERIMENTAL DAS CIENCIAS NATURAIS
11202232360;DB2BIS0005-15SB;BASES COMPUTACIONAIS DA CIENCIA
11202231554;NA2BIJ0207-15SA;BASES CONCEITUAIS DA ENERGIA
11202231554;NA2BIK0102-15SA;ESTRUTURA DA MATERIA
11202231554;NA2BIL0304-15SA;EVOLUCAO E DIVERSIFICACAO DA VIDA NA TERRA
11202231554;NA2BIS0003-15SA;BASES MATEMATICAS
11202231554;NA5BCS0001-15SA;BASE EXPERIMENTAL DAS CIENCIAS NATURAIS
11202231554;NA5BIS0005-15SA;BASES COMPUTACIONAIS DA CIENCIA
11202230370;DA1BCS0001-15SA;BASE EXPERIMENTAL DAS CIENCIAS NATURAIS
11202230370;DA1BIJ0207-15SA;BASES CONCEITUAIS DA ENERGIA
11202230370;DA1BIK0102-15SA;ESTRUTURA DA MATERIA
11202230370;DA1BIL0304-15SA;EVOLUCAO E DIVERSIFICACAO DA VIDA NA TERRA
11202230370;DA1BIS0003-15SA;BASES MATEMATICAS
11202230370;DA1BIS0005-15SA;BASES COMPUTACIONAIS DA CIENCIA
11202231644;NA1BIR0603-15SA;CIENCIA, TECNOLOGIA E SOCIEDADE
11202231644;NA1NHI5001-15SA;DESENVOLVIMENTO E APRENDIZAGEM
11202231644;NA1NHZ2099-16SA;TOPICOS CONTEMPORANEOS EM EDUCACAO E FILOSOFIA
11202231644;NA1NHZ5023-18SA;PRATICAS ESCOLARES EM EDUCACAO ESPECIAL E INCLUSIVA
11202231644;NA3BIJ0207-15SA;BASES CONCEITUAIS DA ENERGIA
11202231644;NA6BIS0005-15SA;BASES COMPUTACIONAIS DA CIENCIA
11202231330;NA1BIJ0207-15SA;BASES CONCEITUAIS DA ENERGIA
11202231330;NA1BIK0102-15SA;ESTRUTURA DA MATERIA
11202231330;NA1BIL0304-15SA;EVOLUCAO E DIVERSIFICACAO DA VIDA NA TERRA
11202231330;NA1BIS0003-15SA;BASES MATEMATICAS
11202231330;NA3BCS0001-15SA;BASE EXPERIMENTAL DAS CIENCIAS NATURAIS
11202231330;NA3BIS0005-15SA;BASES COMPUTACIONAIS DA CIENCIA
11202231125;DB1BCS0001-15SA;BASE EXPERIMENTAL DAS CIENCIAS NATURAIS
11202231125;DB1BIS0005-15SA;BASES COMPUTACIONAIS DA CIENCIA
11202231125;DB2BIJ0207-15SA;BASES CONCEITUAIS DA ENERGIA
11202231125;DB2BIK0102-15SA;ESTRUTURA DA MATERIA
11202231125;DB2BIL0304-15SA;EVOLUCAO E DIVERSIFICACAO DA VIDA NA TERRA
11202231125;DB2BIS0003-15SA;BASES MATEMATICAS
11202230728;NA1BIR0603-15SA;CIENCIA, TECNOLOGIA E SOCIEDADE
11202230728;NA1NHI5001-15SA;DESENVOLVIMENTO E APRENDIZAGEM
11202230728;NA1NHZ2099-16SA;TOPICOS CONTEMPORANEOS EM EDUCACAO E FILOSOFIA
11202230728;NA1NHZ5023-18SA;PRATICAS ESCOLARES EM EDUCACAO ESPECIAL E INCLUSIVA
11202230728;NA3BIJ0207-15SA;BASES CONCEITUAIS DA ENERGIA
11202230728;NA6BIS0005-15SA;BASES COMPUTACIONAIS DA CIENCIA
11202212434;NB2BIJ0207-15SA;BASES CONCEITUAIS DA ENERGIA
11202212434;NB2BIK0102-15SA;ESTRUTURA DA MATERIA
11202212434;NB2BIL0304-15SA;EVOLUCAO E DIVERSIFICACAO DA VIDA NA TERRA
11202212434;NB2BIS0003-15SA;BASES MATEMATICAS
11202212434;NB6BCS0001-15SA;BASE EXPERIMENTAL DAS CIENCIAS NATURAIS
11202212434;NB6BIS0005-15SA;BASES COMPUTACIONAIS DA CIENCIA
11202230927;DA1BHO0001-19SB;INTRODUCAO AS HUMANIDADES E AS CIENCIAS SOCIAIS
11202230927;DA1BHP0202-19SB;TEMAS E PROBLEMAS EM FILOSOFIA
11202230927;DA1BHQ0001-15SB;IDENTIDADE E CULTURA
11202230927;DA1BHQ0003-15SB;INTERPRETACOES DO BRASIL
11202230927;DA2BIQ0602-15SB;ESTRUTURA E DINAMICA SOCIAL
11202230927;DA6BIS0005-15SB;BASES COMPUTACIONAIS DA CIENCIA
11202232114;NB2BIJ0207-15SA;BASES CONCEITUAIS DA ENERGIA
11202232114;NB2BIK0102-15SA;ESTRUTURA DA MATERIA
11202232114;NB2BIL0304-15SA;EVOLUCAO E DIVERSIFICACAO DA VIDA NA TERRA
11202232114;NB2BIS0003-15SA;BASES MATEMATICAS
11202232114;NB6BCS0001-15SA;BASE EXPERIMENTAL DAS CIENCIAS NATURAIS
11202232114;NB6BIS0005-15SA;BASES COMPUTACIONAIS DA CIENCIA
11202230943;DA2BCS0001-15SA;BASE EXPERIMENTAL DAS CIENCIAS NATURAIS
11202230943;DA2BIJ0207-15SA;BASES CONCEITUAIS DA ENERGIA
11202230943;DA2BIK0102-15SA;ESTRUTURA DA MATERIA
11202230943;DA2BIL0304-15SA;EVOLUCAO E DIVERSIFICACAO DA VIDA NA TERRA
11202230943;DA2BIS0003-15SA;BASES MATEMATICAS
11202230943;DA2BIS0005-15SA;BASES COMPUTACIONAIS DA CIENCIA
11202230685;DA1BHO0001-19SB;INTRODUCAO AS HUMANIDADES E AS CIENCIAS SOCIAIS
11202230685;DA1BHP0202-19SB;TEMAS E PROBLEMAS EM FILOSOFIA
11202230685;DA1BHQ0001-15SB;IDENTIDADE E CULTURA
11202230685;DA1BHQ0003-15SB;INTERPRETACOES DO BRASIL
11202230685;DA2BIQ0602-15SB;ESTRUTURA E DINAMICA SOCIAL
11202230685;DA6BIS0005-15SB;BASES COMPUTACIONAIS DA CIENCIA
11202231958;DC2BIJ0207-15SA;BASES CONCEITUAIS DA ENERGIA
11202231958;DC2BIK0102-15SA;ESTRUTURA DA MATERIA
11202231958;DC2BIL0304-15SA;EVOLUCAO E DIVERSIFICACAO DA VIDA NA TERRA
11202231958;DC2BIS0003-15SA;BASES MATEMATICAS
11202231958;DC3BIS0005-15SA;BASES COMPUTACIONAIS DA CIENCIA
11202231958;DC4BCS0001-15SA;BASE EXPERIMENTAL DAS CIENCIAS NATURAIS
11202230721;DA2BIJ0207-15SA;BASES CONCEITUAIS DA ENERGIA
11202230721;DA2BIK0102-15SA;ESTRUTURA DA MATERIA
11202230721;DA2BIL0304-15SA;EVOLUCAO E DIVERSIFICACAO DA VIDA NA TERRA
11202230721;DA2BIS0003-15SA;BASES MATEMATICAS
11202230721;DA4BIS0005-15SA;BASES COMPUTACIONAIS DA CIENCIA
11202230721;DA5BCS0001-15SA;BASE EXPERIMENTAL DAS CIENCIAS NATURAIS
11202230220;DC1BIJ0207-15SB;BASES CONCEITUAIS DA ENERGIA
11202230220;DC1BIK0102-15SB;ESTRUTURA DA MATERIA
11202230220;DC1BIL0304-15SB;EVOLUCAO E DIVERSIFICACAO DA VIDA NA TERRA
11202230220;DC1BIS0003-15SB;BASES MATEMATICAS
11202230220;DC2BCS0001-15SB;BASE EXPERIMENTAL DAS CIENCIAS NATURAIS
11202230220;DC3BIS0005-15SB;BASES COMPUTACIONAIS DA CIENCIA
11202232159;DA1BHO0001-19SB;INTRODUCAO AS HUMANIDADES E AS CIENCIAS SOCIAIS
11202232159;DA1BHP0202-19SB;TEMAS E PROBLEMAS EM FILOSOFIA
11202232159;DA1BHQ0001-15SB;IDENTIDADE E CULTURA
11202232159;DA1BHQ0003-15SB;INTERPRETACOES DO BRASIL
11202232159;DA2BIQ0602-15SB;ESTRUTURA E DINAMICA SOCIAL
11202232159;DA6BIS0005-15SB;BASES COMPUTACIONAIS DA CIENCIA
11202232172;NB1BIJ0207-15SA;BASES CONCEITUAIS DA ENERGIA
11202232172;NB1BIK0102-15SA;ESTRUTURA DA MATERIA
11202232172;NB1BIL0304-15SA;EVOLUCAO E DIVERSIFICACAO DA VIDA NA TERRA
11202232172;NB1BIS0003-15SA;BASES MATEMATICAS
11202232172;NB3BCS0001-15SA;BASE EXPERIMENTAL DAS CIENCIAS NATURAIS
11202232172;NB3BIS0005-15SA;BASES COMPUTACIONAIS DA CIENCIA
11202231761;NA1BIJ0207-15SA;BASES CONCEITUAIS DA ENERGIA
11202231761;NA1BIK0102-15SA;ESTRUTURA DA MATERIA
11202231761;NA1BIL0304-15SA;EVOLUCAO E DIVERSIFICACAO DA VIDA NA TERRA
11202231761;NA1BIS0003-15SA;BASES MATEMATICAS
11202231761;NA3BCS0001-15SA;BASE EXPERIMENTAL DAS CIENCIAS NATURAIS
11202231761;NA3BIS0005-15SA;BASES COMPUTACIONAIS DA CIENCIA
11202230286;DC1BIJ0207-15SA;BASES CONCEITUAIS DA ENERGIA
11202230286;DC1BIK0102-15SA;ESTRUTURA DA MATERIA
11202230286;DC1BIL0304-15SA;EVOLUCAO E DIVERSIFICACAO DA VIDA NA TERRA
11202230286;DC1BIS0003-15SA;BASES MATEMATICAS
11202230286;DC2BCS0001-15SA;BASE EXPERIMENTAL DAS CIENCIAS NATURAIS
11202230286;DC4BIS0005-15SA;BASES COMPUTACIONAIS DA CIENCIA
11202232358;NA1BHO0001-19SB;INTRODUCAO AS HUMANIDADES E AS CIENCIAS SOCIAIS
11202232358;NA1BHP0202-19SB;TEMAS E PROBLEMAS EM FILOSOFIA
11202232358;NA1BHQ0001-15SB;IDENTIDADE E CULTURA
11202232358;NA1BHQ0003-15SB;INTERPRETACOES DO BRASIL
11202232358;NA2BIQ0602-15SB;ESTRUTURA E DINAMICA SOCIAL
11202232358;NA6BIS0005-15SB;BASES COMPUTACIONAIS DA CIENCIA
11202230788;NB1BIJ0207-15SA;BASES CONCEITUAIS DA ENERGIA
11202230788;NB1BIK0102-15SA;ESTRUTURA DA MATERIA
11202230788;NB1BIL0304-15SA;EVOLUCAO E DIVERSIFICACAO DA VIDA NA TERRA
11202230788;NB1BIS0003-15SA;BASES MATEMATICAS
11202230788;NB3BCS0001-15SA;BASE EXPERIMENTAL DAS CIENCIAS NATURAIS
11202230788;NB3BIS0005-15SA;BASES COMPUTACIONAIS DA CIENCIA
11202230512;NA1BHO0001-19SB;INTRODUCAO AS HUMANIDADES E AS CIENCIAS SOCIAIS
11202230512;NA1BHP0202-19SB;TEMAS E PROBLEMAS EM FILOSOFIA
11202230512;NA1BHQ0001-15SB;IDENTIDADE E CULTURA
11202230512;NA1BHQ0003-15SB;INTERPRETACOES DO BRASIL
11202230512;NA2BIQ0602-15SB;ESTRUTURA E DINAMICA SOCIAL
11202230512;NA6BIS0005-15SB;BASES COMPUTACIONAIS DA CIENCIA
11202231800;NA1BIJ0207-15SB;BASES CONCEITUAIS DA ENERGIA
11202231800;NA1BIK0102-15SB;ESTRUTURA DA MATERIA
11202231800;NA1BIL0304-15SB;EVOLUCAO E DIVERSIFICACAO DA VIDA NA TERRA
11202231800;NA1BIS0003-15SB;BASES MATEMATICAS
11202231800;NA3BCS0001-15SB;BASE EXPERIMENTAL DAS CIENCIAS NATURAIS
11202231800;NA3BIS0005-15SB;BASES COMPUTACIONAIS DA CIENCIA
11202230809;DA2BCS0001-15SA;BASE EXPERIMENTAL DAS CIENCIAS NATURAIS
11202230809;DA2BIJ0207-15SA;BASES CONCEITUAIS DA ENERGIA
11202230809;DA2BIK0102-15SA;ESTRUTURA DA MATERIA
11202230809;DA2BIL0304-15SA;EVOLUCAO E DIVERSIFICACAO DA VIDA NA TERRA
11202230809;DA2BIS0003-15SA;BASES MATEMATICAS
11202230809;DA2BIS0005-15SA;BASES COMPUTACIONAIS DA CIENCIA
11202230948;DA1BIR0603-15SA;CIENCIA, TECNOLOGIA E SOCIEDADE
11202230948;DA1NHI5001-15SA;DESENVOLVIMENTO E APRENDIZAGEM
11202230948;DA1NHZ2099-16SA;TOPICOS CONTEMPORANEOS EM EDUCACAO E FILOSOFIA
11202230948;DA1NHZ5023-18SA;PRATICAS ESCOLARES EM EDUCACAO ESPECIAL E INCLUSIVA
11202230948;DA3BIJ0207-15SA;BASES CONCEITUAIS DA ENERGIA
11202230948;DA6BIS0005-15SA;BASES COMPUTACIONAIS DA CIENCIA
11202230926;DA1BCS0001-15SB;BASE EXPERIMENTAL DAS CIENCIAS NATURAIS
11202230926;DA1BIJ0207-15SB;BASES CONCEITUAIS DA ENERGIA
11202230926;DA1BIK0102-15SB;ESTRUTURA DA MATERIA
11202230926;DA1BIL0304-15SB;EVOLUCAO E DIVERSIFICACAO DA VIDA NA TERRA
11202230926;DA1BIS0003-15SB;BASES MATEMATICAS
11202230926;DA1BIS0005-15SB;BASES COMPUTACIONAIS DA CIENCIA
11202231599;NC2BIJ0207-15SA;BASES CONCEITUAIS DA ENERGIA
11202231599;NC2BIK0102-15SA;ESTRUTURA DA MATERIA
11202231599;NC2BIL0304-15SA;EVOLUCAO E DIVERSIFICACAO DA VIDA NA TERRA
11202231599;NC2BIS0003-15SA;BASES MATEMATICAS
11202231599;NC5BCS0001-15SA;BASE EXPERIMENTAL DAS CIENCIAS NATURAIS
11202231599;NC5BIS0005-15SA;BASES COMPUTACIONAIS DA CIENCIA
11202231818;NA1BCS0001-15SA;BASE EXPERIMENTAL DAS CIENCIAS NATURAIS
11202231818;NA1BIJ0207-15SA;BASES CONCEITUAIS DA ENERGIA
11202231818;NA1BIK0102-15SA;ESTRUTURA DA MATERIA
11202231818;NA1BIL0304-15SA;EVOLUCAO E DIVERSIFICACAO DA VIDA NA TERRA
11202231818;NA1BIS0003-15SA;BASES MATEMATICAS
11202231818;NA1BIS0005-15SA;BASES COMPUTACIONAIS DA CIENCIA
11202230377;DB1BCS0001-15SB;BASE EXPERIMENTAL DAS CIENCIAS NATURAIS
11202230377;DB1BIJ0207-15SB;BASES CONCEITUAIS DA ENERGIA
11202230377;DB1BIK0102-15SB;ESTRUTURA DA MATERIA
11202230377;DB1BIL0304-15SB;EVOLUCAO E DIVERSIFICACAO DA VIDA NA TERRA
11202230377;DB1BIS0003-15SB;BASES MATEMATICAS
11202230377;DB1BIS0005-15SB;BASES COMPUTACIONAIS DA CIENCIA
11202230741;NA1BHO0001-19SB;INTRODUCAO AS HUMANIDADES E AS CIENCIAS SOCIAIS
11202230741;NA1BHP0202-19SB;TEMAS E PROBLEMAS EM FILOSOFIA
11202230741;NA1BHQ0001-15SB;IDENTIDADE E CULTURA
11202230741;NA1BHQ0003-15SB;INTERPRETACOES DO BRASIL
11202230741;NA2BIQ0602-15SB;ESTRUTURA E DINAMICA SOCIAL
11202230741;NA6BIS0005-15SB;BASES COMPUTACIONAIS DA CIENCIA
11202231948;DB2BIJ0207-15SA;BASES CONCEITUAIS DA ENERGIA
11202231948;DB2BIK0102-15SA;ESTRUTURA DA MATERIA
11202231948;DB2BIL0304-15SA;EVOLUCAO E DIVERSIFICACAO DA VIDA NA TERRA
11202231948;DB2BIS0003-15SA;BASES MATEMATICAS
11202231948;DB3BCS0001-15SA;BASE EXPERIMENTAL DAS CIENCIAS NATURAIS
11202231948;DB3BIS0005-15SA;BASES COMPUTACIONAIS DA CIENCIA
11202230751;NA1BHO0001-19SB;INTRODUCAO AS HUMANIDADES E AS CIENCIAS SOCIAIS
11202230751;NA1BHP0202-19SB;TEMAS E PROBLEMAS EM FILOSOFIA
11202230751;NA1BHQ0001-15SB;IDENTIDADE E CULTURA
11202230751;NA1BHQ0003-15SB;INTERPRETACOES DO BRASIL
11202230751;NA2BIQ0602-15SB;ESTRUTURA E DINAMICA SOCIAL
11202230751;NA6BIS0005-15SB;BASES COMPUTACIONAIS DA CIENCIA
11202230680;NB1BIJ0207-15SA;BASES CONCEITUAIS DA ENERGIA
11202230680;NB1BIK0102-15SA;ESTRUTURA DA MATERIA
11202230680;NB1BIL0304-15SA;EVOLUCAO E DIVERSIFICACAO DA VIDA NA TERRA
11202230680;NB1BIS0003-15SA;BASES MATEMATICAS
11202230680;NB3BCS0001-15SA;BASE EXPERIMENTAL DAS CIENCIAS NATURAIS
11202230680;NB3BIS0005-15SA;BASES COMPUTACIONAIS DA CIENCIA
11202230976;DB2BCS0001-15SA;BASE EXPERIMENTAL DAS CIENCIAS NATURAIS
11202230976;DB2BIJ0207-15SA;BASES CONCEITUAIS DA ENERGIA
11202230976;DB2BIK0102-15SA;ESTRUTURA DA MATERIA
11202230976;DB2BIL0304-15SA;EVOLUCAO E DIVERSIFICACAO DA VIDA NA TERRA
11202230976;DB2BIS0003-15SA;BASES MATEMATICAS
11202230976;DB2BIS0005-15SA;BASES COMPUTACIONAIS DA CIENCIA
11202230313;DB1BIJ0207-15SB;BASES CONCEITUAIS DA ENERGIA
11202230313;DB1BIK0102-15SB;ESTRUTURA DA MATERIA
11202230313;DB1BIL0304-15SB;EVOLUCAO E DIVERSIFICACAO DA VIDA NA TERRA
11202230313;DB1BIS0003-15SB;BASES MATEMATICAS
11202230313;DB3BCS0001-15SB;BASE EXPERIMENTAL DAS CIENCIAS NATURAIS
11202230313;DB3BIS0005-15SB;BASES COMPUTACIONAIS DA CIENCIA
11202231902;NA1BHO0001-19SB;INTRODUCAO AS HUMANIDADES E AS CIENCIAS SOCIAIS
11202231902;NA1BHP0202-19SB;TEMAS E PROBLEMAS EM FILOSOFIA
11202231902;NA1BHQ0001-15SB;IDENTIDADE E CULTURA
11202231902;NA1BHQ0003-15SB;INTERPRETACOES DO BRASIL
11202231902;NA2BIQ0602-15SB;ESTRUTURA E DINAMICA SOCIAL
11202231902;NA6BIS0005-15SB;BASES COMPUTACIONAIS DA CIENCIA
11202231984;NA1BHO0001-19SB;INTRODUCAO AS HUMANIDADES E AS CIENCIAS SOCIAIS
11202231984;NA1BHP0202-19SB;TEMAS E PROBLEMAS EM FILOSOFIA
11202231984;NA1BHQ0001-15SB;IDENTIDADE E CULTURA
11202231984;NA1BHQ0003-15SB;INTERPRETACOES DO BRASIL
11202231984;NA2BIQ0602-15SB;ESTRUTURA E DINAMICA SOCIAL
11202231984;NA6BIS0005-15SB;BASES COMPUTACIONAIS DA CIENCIA
11202212500;NB6BIS0005-15SB;BASES COMPUTACIONAIS DA CIENCIA
11202212500;NB2BIQ0602-15SB;ESTRUTURA E DINAMICA SOCIAL
11202212500;NB1BHQ0001-15SB;IDENTIDADE E CULTURA
11202212500;NB1BHQ0003-15SB;INTERPRETACOES DO BRASIL
11202212500;NB1BHO0001-19SB;INTRODUCAO AS HUMANIDADES E AS CIENCIAS SOCIAIS
11202212500;NB1BHP0202-19SB;TEMAS E PROBLEMAS EM FILOSOFIA
11202231196;NA2BIJ0207-15SA;BASES CONCEITUAIS DA ENERGIA
11202231196;NA2BIK0102-15SA;ESTRUTURA DA MATERIA
11202231196;NA2BIL0304-15SA;EVOLUCAO E DIVERSIFICACAO DA VIDA NA TERRA
11202231196;NA2BIS0003-15SA;BASES MATEMATICAS
11202231196;NA5BCS0001-15SA;BASE EXPERIMENTAL DAS CIENCIAS NATURAIS
11202231196;NA5BIS0005-15SA;BASES COMPUTACIONAIS DA CIENCIA
11202230335;NA2BIJ0207-15SA;BASES CONCEITUAIS DA ENERGIA
11202230335;NA2BIK0102-15SA;ESTRUTURA DA MATERIA
11202230335;NA2BIL0304-15SA;EVOLUCAO E DIVERSIFICACAO DA VIDA NA TERRA
11202230335;NA2BIS0003-15SA;BASES MATEMATICAS
11202230335;NA4BCS0001-15SA;BASE EXPERIMENTAL DAS CIENCIAS NATURAIS
11202230335;NA4BIS0005-15SA;BASES COMPUTACIONAIS DA CIENCIA
11202232356;NC1BCS0001-15SA;BASE EXPERIMENTAL DAS CIENCIAS NATURAIS
11202232356;NC1BIJ0207-15SA;BASES CONCEITUAIS DA ENERGIA
11202232356;NC1BIK0102-15SA;ESTRUTURA DA MATERIA
11202232356;NC1BIL0304-15SA;EVOLUCAO E DIVERSIFICACAO DA VIDA NA TERRA
11202232356;NC1BIS0003-15SA;BASES MATEMATICAS
11202232356;NC1BIS0005-15SA;BASES COMPUTACIONAIS DA CIENCIA
11202212465;DA1BIJ0207-15SA;BASES CONCEITUAIS DA ENERGIA
11202212465;DA1BIK0102-15SA;ESTRUTURA DA MATERIA
11202212465;DA1BIL0304-15SA;EVOLUCAO E DIVERSIFICACAO DA VIDA NA TERRA
11202212465;DA1BIS0003-15SA;BASES MATEMATICAS
11202212465;DA3BCS0001-15SA;BASE EXPERIMENTAL DAS CIENCIAS NATURAIS
11202212465;DA3BIS0005-15SA;BASES COMPUTACIONAIS DA CIENCIA
11202230623;NC2BIJ0207-15SA;BASES CONCEITUAIS DA ENERGIA
11202230623;NC2BIK0102-15SA;ESTRUTURA DA MATERIA
11202230623;NC2BIL0304-15SA;EVOLUCAO E DIVERSIFICACAO DA VIDA NA TERRA
11202230623;NC2BIS0003-15SA;BASES MATEMATICAS
11202230623;NC5BCS0001-15SA;BASE EXPERIMENTAL DAS CIENCIAS NATURAIS
11202230623;NC5BIS0005-15SA;BASES COMPUTACIONAIS DA CIENCIA
11202230572;NC1BCS0001-15SA;BASE EXPERIMENTAL DAS CIENCIAS NATURAIS
11202230572;NC1BIJ0207-15SA;BASES CONCEITUAIS DA ENERGIA
11202230572;NC1BIK0102-15SA;ESTRUTURA DA MATERIA
11202230572;NC1BIL0304-15SA;EVOLUCAO E DIVERSIFICACAO DA VIDA NA TERRA
11202230572;NC1BIS0003-15SA;BASES MATEMATICAS
11202230572;NC1BIS0005-15SA;BASES COMPUTACIONAIS DA CIENCIA
11202230421;NA1BIR0603-15SA;CIENCIA, TECNOLOGIA E SOCIEDADE
11202230421;NA1NHI5001-15SA;DESENVOLVIMENTO E APRENDIZAGEM
11202230421;NA1NHZ2099-16SA;TOPICOS CONTEMPORANEOS EM EDUCACAO E FILOSOFIA
11202230421;NA1NHZ5023-18SA;PRATICAS ESCOLARES EM EDUCACAO ESPECIAL E INCLUSIVA
11202230421;NA3BIJ0207-15SA;BASES CONCEITUAIS DA ENERGIA
11202230421;NA6BIS0005-15SA;BASES COMPUTACIONAIS DA CIENCIA
11202231626;NA1BIR0603-15SA;CIENCIA, TECNOLOGIA E SOCIEDADE
11202231626;NA1NHI5001-15SA;DESENVOLVIMENTO E APRENDIZAGEM
11202231626;NA1NHZ2099-16SA;TOPICOS CONTEMPORANEOS EM EDUCACAO E FILOSOFIA
11202231626;NA1NHZ5023-18SA;PRATICAS ESCOLARES EM EDUCACAO ESPECIAL E INCLUSIVA
11202231626;NA3BIJ0207-15SA;BASES CONCEITUAIS DA ENERGIA
11202231626;NA6BIS0005-15SA;BASES COMPUTACIONAIS DA CIENCIA
11202231219;NC1BIJ0207-15SA;BASES CONCEITUAIS DA ENERGIA
11202231219;NC1BIK0102-15SA;ESTRUTURA DA MATERIA
11202231219;NC1BIL0304-15SA;EVOLUCAO E DIVERSIFICACAO DA VIDA NA TERRA
11202231219;NC1BIS0003-15SA;BASES MATEMATICAS
11202231219;NC2BCS0001-15SA;BASE EXPERIMENTAL DAS CIENCIAS NATURAIS
11202231219;NC2BIS0005-15SA;BASES COMPUTACIONAIS DA CIENCIA
11202231822;NA1BIJ0207-15SB;BASES CONCEITUAIS DA ENERGIA
11202231822;NA1BIK0102-15SB;ESTRUTURA DA MATERIA
11202231822;NA1BIL0304-15SB;EVOLUCAO E DIVERSIFICACAO DA VIDA NA TERRA
11202231822;NA1BIS0003-15SB;BASES MATEMATICAS
11202231822;NA3BCS0001-15SB;BASE EXPERIMENTAL DAS CIENCIAS NATURAIS
11202231822;NA3BIS0005-15SB;BASES COMPUTACIONAIS DA CIENCIA
11202231887;NA1BIJ0207-15SB;BASES CONCEITUAIS DA ENERGIA
11202231887;NA1BIK0102-15SB;ESTRUTURA DA MATERIA
11202231887;NA1BIL0304-15SB;EVOLUCAO E DIVERSIFICACAO DA VIDA NA TERRA
11202231887;NA1BIS0003-15SB;BASES MATEMATICAS
11202231887;NA3BCS0001-15SB;BASE EXPERIMENTAL DAS CIENCIAS NATURAIS
11202231887;NA3BIS0005-15SB;BASES COMPUTACIONAIS DA CIENCIA
11202230704;NA1BIR0603-15SA;CIENCIA, TECNOLOGIA E SOCIEDADE
11202230704;NA1NHI5001-15SA;DESENVOLVIMENTO E APRENDIZAGEM
11202230704;NA1NHZ2099-16SA;TOPICOS CONTEMPORANEOS EM EDUCACAO E FILOSOFIA
11202230704;NA1NHZ5023-18SA;PRATICAS ESCOLARES EM EDUCACAO ESPECIAL E INCLUSIVA
11202230704;NA3BIJ0207-15SA;BASES CONCEITUAIS DA ENERGIA
11202230704;NA6BIS0005-15SA;BASES COMPUTACIONAIS DA CIENCIA
11202230287;NB1BIJ0207-15SB;BASES CONCEITUAIS DA ENERGIA
11202230287;NB1BIK0102-15SB;ESTRUTURA DA MATERIA
11202230287;NB1BIL0304-15SB;EVOLUCAO E DIVERSIFICACAO DA VIDA NA TERRA
11202230287;NB1BIS0003-15SB;BASES MATEMATICAS
11202230287;NB3BCS0001-15SB;BASE EXPERIMENTAL DAS CIENCIAS NATURAIS
11202230287;NB3BIS0005-15SB;BASES COMPUTACIONAIS DA CIENCIA
11202230583;DA1BCS0001-15SA;BASE EXPERIMENTAL DAS CIENCIAS NATURAIS
11202230583;DA1BIJ0207-15SA;BASES CONCEITUAIS DA ENERGIA
11202230583;DA1BIK0102-15SA;ESTRUTURA DA MATERIA
11202230583;DA1BIL0304-15SA;EVOLUCAO E DIVERSIFICACAO DA VIDA NA TERRA
11202230583;DA1BIS0003-15SA;BASES MATEMATICAS
11202230583;DA1BIS0005-15SA;BASES COMPUTACIONAIS DA CIENCIA
11202231813;DC2BIJ0207-15SA;BASES CONCEITUAIS DA ENERGIA
11202231813;DC2BIK0102-15SA;ESTRUTURA DA MATERIA
11202231813;DC2BIL0304-15SA;EVOLUCAO E DIVERSIFICACAO DA VIDA NA TERRA
11202231813;DC2BIS0003-15SA;BASES MATEMATICAS
11202231813;DC3BIS0005-15SA;BASES COMPUTACIONAIS DA CIENCIA
11202231813;DC4BCS0001-15SA;BASE EXPERIMENTAL DAS CIENCIAS NATURAIS
11202230274;NC1BCS0001-15SB;BASE EXPERIMENTAL DAS CIENCIAS NATURAIS
11202230274;NC1BIJ0207-15SB;BASES CONCEITUAIS DA ENERGIA
11202230274;NC1BIK0102-15SB;ESTRUTURA DA MATERIA
11202230274;NC1BIL0304-15SB;EVOLUCAO E DIVERSIFICACAO DA VIDA NA TERRA
11202230274;NC1BIS0003-15SB;BASES MATEMATICAS
11202230274;NC1BIS0005-15SB;BASES COMPUTACIONAIS DA CIENCIA
11202232137;DA1BIR0603-15SA;CIENCIA, TECNOLOGIA E SOCIEDADE
11202232137;DA1NHI5001-15SA;DESENVOLVIMENTO E APRENDIZAGEM
11202232137;DA1NHZ2099-16SA;TOPICOS CONTEMPORANEOS EM EDUCACAO E FILOSOFIA
11202232137;DA1NHZ5023-18SA;PRATICAS ESCOLARES EM EDUCACAO ESPECIAL E INCLUSIVA
11202232137;DA3BIJ0207-15SA;BASES CONCEITUAIS DA ENERGIA
11202232137;DA6BIS0005-15SA;BASES COMPUTACIONAIS DA CIENCIA
11202231011;DC1BIJ0207-15SB;BASES CONCEITUAIS DA ENERGIA
11202231011;DC1BIK0102-15SB;ESTRUTURA DA MATERIA
11202231011;DC1BIL0304-15SB;EVOLUCAO E DIVERSIFICACAO DA VIDA NA TERRA
11202231011;DC1BIS0003-15SB;BASES MATEMATICAS
11202231011;DC2BCS0001-15SB;BASE EXPERIMENTAL DAS CIENCIAS NATURAIS
11202231011;DC3BIS0005-15SB;BASES COMPUTACIONAIS DA CIENCIA
11202212435;NB1BCS0001-15SA;BASE EXPERIMENTAL DAS CIENCIAS NATURAIS
11202212435;NB1BIJ0207-15SA;BASES CONCEITUAIS DA ENERGIA
11202212435;NB1BIK0102-15SA;ESTRUTURA DA MATERIA
11202212435;NB1BIL0304-15SA;EVOLUCAO E DIVERSIFICACAO DA VIDA NA TERRA
11202212435;NB1BIS0003-15SA;BASES MATEMATICAS
11202212435;NB1BIS0005-15SA;BASES COMPUTACIONAIS DA CIENCIA
11202231317;DC1BCS0001-15SA;BASE EXPERIMENTAL DAS CIENCIAS NATURAIS
11202231317;DC1BIJ0207-15SA;BASES CONCEITUAIS DA ENERGIA
11202231317;DC1BIK0102-15SA;ESTRUTURA DA MATERIA
11202231317;DC1BIL0304-15SA;EVOLUCAO E DIVERSIFICACAO DA VIDA NA TERRA
11202231317;DC1BIS0003-15SA;BASES MATEMATICAS
11202231317;DC5BIS0005-15SA;BASES COMPUTACIONAIS DA CIENCIA
11202231698;DC1BCS0001-15SB;BASE EXPERIMENTAL DAS CIENCIAS NATURAIS
11202231698;DC1BIJ0207-15SB;BASES CONCEITUAIS DA ENERGIA
11202231698;DC1BIK0102-15SB;ESTRUTURA DA MATERIA
11202231698;DC1BIL0304-15SB;EVOLUCAO E DIVERSIFICACAO DA VIDA NA TERRA
11202231698;DC1BIS0003-15SB;BASES MATEMATICAS
11202231698;DC1BIS0005-15SB;BASES COMPUTACIONAIS DA CIENCIA
11202232354;DC1BIJ0207-15SA;BASES CONCEITUAIS DA ENERGIA
11202232354;DC1BIK0102-15SA;ESTRUTURA DA MATERIA
11202232354;DC1BIL0304-15SA;EVOLUCAO E DIVERSIFICACAO DA VIDA NA TERRA
11202232354;DC1BIS0003-15SA;BASES MATEMATICAS
11202232354;DC2BIS0005-15SA;BASES COMPUTACIONAIS DA CIENCIA
11202232354;DC3BCS0001-15SA;BASE EXPERIMENTAL DAS CIENCIAS NATURAIS
11202232353;NA1BHO0001-19SB;INTRODUCAO AS HUMANIDADES E AS CIENCIAS SOCIAIS
11202232353;NA1BHP0202-19SB;TEMAS E PROBLEMAS EM FILOSOFIA
11202232353;NA1BHQ0001-15SB;IDENTIDADE E CULTURA
11202232353;NA1BHQ0003-15SB;INTERPRETACOES DO BRASIL
11202232353;NA2BIQ0602-15SB;ESTRUTURA E DINAMICA SOCIAL
11202232353;NA6BIS0005-15SB;BASES COMPUTACIONAIS DA CIENCIA
11202231265;DB1BIJ0207-15SA;BASES CONCEITUAIS DA ENERGIA
11202231265;DB1BIK0102-15SA;ESTRUTURA DA MATERIA
11202231265;DB1BIL0304-15SA;EVOLUCAO E DIVERSIFICACAO DA VIDA NA TERRA
11202231265;DB1BIS0003-15SA;BASES MATEMATICAS
11202231265;DB6BCS0001-15SA;BASE EXPERIMENTAL DAS CIENCIAS NATURAIS
11202231265;DB6BIS0005-15SA;BASES COMPUTACIONAIS DA CIENCIA
11202231649;NB1BCS0001-15SB;BASE EXPERIMENTAL DAS CIENCIAS NATURAIS
11202231649;NB1BIJ0207-15SB;BASES CONCEITUAIS DA ENERGIA
11202231649;NB1BIK0102-15SB;ESTRUTURA DA MATERIA
11202231649;NB1BIL0304-15SB;EVOLUCAO E DIVERSIFICACAO DA VIDA NA TERRA
11202231649;NB1BIS0003-15SB;BASES MATEMATICAS
11202231649;NB1BIS0005-15SB;BASES COMPUTACIONAIS DA CIENCIA
11202231937;DA1BHO0001-19SB;INTRODUCAO AS HUMANIDADES E AS CIENCIAS SOCIAIS
11202231937;DA1BHP0202-19SB;TEMAS E PROBLEMAS EM FILOSOFIA
11202231937;DA1BHQ0001-15SB;IDENTIDADE E CULTURA
11202231937;DA1BHQ0003-15SB;INTERPRETACOES DO BRASIL
11202231937;DA2BIQ0602-15SB;ESTRUTURA E DINAMICA SOCIAL
11202231937;DA6BIS0005-15SB;BASES COMPUTACIONAIS DA CIENCIA
11202231446;DC2BIJ0207-15SA;BASES CONCEITUAIS DA ENERGIA
11202231446;DC2BIK0102-15SA;ESTRUTURA DA MATERIA
11202231446;DC2BIL0304-15SA;EVOLUCAO E DIVERSIFICACAO DA VIDA NA TERRA
11202231446;DC2BIS0003-15SA;BASES MATEMATICAS
11202231446;DC4BIS0005-15SA;BASES COMPUTACIONAIS DA CIENCIA
11202231446;DC6BCS0001-15SA;BASE EXPERIMENTAL DAS CIENCIAS NATURAIS
11202230238;NA1BHO0001-19SB;INTRODUCAO AS HUMANIDADES E AS CIENCIAS SOCIAIS
11202230238;NA1BHP0202-19SB;TEMAS E PROBLEMAS EM FILOSOFIA
11202230238;NA1BHQ0001-15SB;IDENTIDADE E CULTURA
11202230238;NA1BHQ0003-15SB;INTERPRETACOES DO BRASIL
11202230238;NA2BIQ0602-15SB;ESTRUTURA E DINAMICA SOCIAL
11202230238;NA6BIS0005-15SB;BASES COMPUTACIONAIS DA CIENCIA
11202231277;DA1BIR0603-15SB;CIENCIA, TECNOLOGIA E SOCIEDADE
11202231277;DA1NHI5001-15SB;DESENVOLVIMENTO E APRENDIZAGEM
11202231277;DA1NHZ2099-16SB;TOPICOS CONTEMPORANEOS EM EDUCACAO E FILOSOFIA
11202231277;DA1NHZ5023-18SB;PRATICAS ESCOLARES EM EDUCACAO ESPECIAL E INCLUSIVA
11202231277;DA7BIS0005-15SB;BASES COMPUTACIONAIS DA CIENCIA
11202231277;DC1BIJ0207-15SB;BASES CONCEITUAIS DA ENERGIA
11202231270;DA1BCS0001-15SB;BASE EXPERIMENTAL DAS CIENCIAS NATURAIS
11202231270;DA1BIJ0207-15SB;BASES CONCEITUAIS DA ENERGIA
11202231270;DA1BIK0102-15SB;ESTRUTURA DA MATERIA
11202231270;DA1BIL0304-15SB;EVOLUCAO E DIVERSIFICACAO DA VIDA NA TERRA
11202231270;DA1BIS0003-15SB;BASES MATEMATICAS
11202231270;DA1BIS0005-15SB;BASES COMPUTACIONAIS DA CIENCIA
11202232028;NB1BIJ0207-15SA;BASES CONCEITUAIS DA ENERGIA
11202232028;NB1BIK0102-15SA;ESTRUTURA DA MATERIA
11202232028;NB1BIL0304-15SA;EVOLUCAO E DIVERSIFICACAO DA VIDA NA TERRA
11202232028;NB1BIS0003-15SA;BASES MATEMATICAS
11202232028;NB3BCS0001-15SA;BASE EXPERIMENTAL DAS CIENCIAS NATURAIS
11202232028;NB3BIS0005-15SA;BASES COMPUTACIONAIS DA CIENCIA
11202230635;DC1BCS0001-15SA;BASE EXPERIMENTAL DAS CIENCIAS NATURAIS
11202230635;DC1BIJ0207-15SA;BASES CONCEITUAIS DA ENERGIA
11202230635;DC1BIK0102-15SA;ESTRUTURA DA MATERIA
11202230635;DC1BIL0304-15SA;EVOLUCAO E DIVERSIFICACAO DA VIDA NA TERRA
11202230635;DC1BIS0003-15SA;BASES MATEMATICAS
11202230635;DC1BIS0005-15SA;BASES COMPUTACIONAIS DA CIENCIA
11202230986;NB1BIJ0207-15SA;BASES CONCEITUAIS DA ENERGIA
11202230986;NB1BIK0102-15SA;ESTRUTURA DA MATERIA
11202230986;NB1BIL0304-15SA;EVOLUCAO E DIVERSIFICACAO DA VIDA NA TERRA
11202230986;NB1BIS0003-15SA;BASES MATEMATICAS
11202230986;NB2BCS0001-15SA;BASE EXPERIMENTAL DAS CIENCIAS NATURAIS
11202230986;NB2BIS0005-15SA;BASES COMPUTACIONAIS DA CIENCIA
11202231223;NA1BHO0001-19SB;INTRODUCAO AS HUMANIDADES E AS CIENCIAS SOCIAIS
11202231223;NA1BHP0202-19SB;TEMAS E PROBLEMAS EM FILOSOFIA
11202231223;NA1BHQ0001-15SB;IDENTIDADE E CULTURA
11202231223;NA1BHQ0003-15SB;INTERPRETACOES DO BRASIL
11202231223;NA2BIQ0602-15SB;ESTRUTURA E DINAMICA SOCIAL
11202231223;NA6BIS0005-15SB;BASES COMPUTACIONAIS DA CIENCIA
11202231275;DC2BIJ0207-15SA;BASES CONCEITUAIS DA ENERGIA
11202231275;DC2BIK0102-15SA;ESTRUTURA DA MATERIA
11202231275;DC2BIL0304-15SA;EVOLUCAO E DIVERSIFICACAO DA VIDA NA TERRA
11202231275;DC2BIS0003-15SA;BASES MATEMATICAS
11202231275;DC4BIS0005-15SA;BASES COMPUTACIONAIS DA CIENCIA
11202231275;DC5BCS0001-15SA;BASE EXPERIMENTAL DAS CIENCIAS NATURAIS
11202231922;NA1NHI5001-15SB;DESENVOLVIMENTO E APRENDIZAGEM
11202231922;NA1NHZ2099-16SB;TOPICOS CONTEMPORANEOS EM EDUCACAO E FILOSOFIA
11202231922;NA1NHZ5023-18SB;PRATICAS ESCOLARES EM EDUCACAO ESPECIAL E INCLUSIVA
11202231922;NA6BIS0005-15SB;BASES COMPUTACIONAIS DA CIENCIA
11202231922;NC1BIJ0207-15SB;BASES CONCEITUAIS DA ENERGIA
11202231922;NA2BIR0603-15SB;CIENCIA, TECNOLOGIA E SOCIEDADE
11202230565;DA2BIJ0207-15SA;BASES CONCEITUAIS DA ENERGIA
11202230565;DA2BIK0102-15SA;ESTRUTURA DA MATERIA
11202230565;DA2BIL0304-15SA;EVOLUCAO E DIVERSIFICACAO DA VIDA NA TERRA
11202230565;DA2BIS0003-15SA;BASES MATEMATICAS
11202230565;DA6BCS0001-15SA;BASE EXPERIMENTAL DAS CIENCIAS NATURAIS
11202230565;DA6BIS0005-15SA;BASES COMPUTACIONAIS DA CIENCIA
11202232133;DA1BIR0603-15SA;CIENCIA, TECNOLOGIA E SOCIEDADE
11202232133;DA1NHI5001-15SA;DESENVOLVIMENTO E APRENDIZAGEM
11202232133;DA1NHZ2099-16SA;TOPICOS CONTEMPORANEOS EM EDUCACAO E FILOSOFIA
11202232133;DA1NHZ5023-18SA;PRATICAS ESCOLARES EM EDUCACAO ESPECIAL E INCLUSIVA
11202232133;DA3BIJ0207-15SA;BASES CONCEITUAIS DA ENERGIA
11202232133;DA6BIS0005-15SA;BASES COMPUTACIONAIS DA CIENCIA
11202232351;DA1BIJ0207-15SA;BASES CONCEITUAIS DA ENERGIA
11202232351;DA1BIK0102-15SA;ESTRUTURA DA MATERIA
11202232351;DA1BIL0304-15SA;EVOLUCAO E DIVERSIFICACAO DA VIDA NA TERRA
11202232351;DA1BIS0003-15SA;BASES MATEMATICAS
11202232351;DA3BIS0005-15SA;BASES COMPUTACIONAIS DA CIENCIA
11202232351;DA4BCS0001-15SA;BASE EXPERIMENTAL DAS CIENCIAS NATURAIS
11202231838;NC1BCS0001-15SB;BASE EXPERIMENTAL DAS CIENCIAS NATURAIS
11202231838;NC1BIJ0207-15SB;BASES CONCEITUAIS DA ENERGIA
11202231838;NC1BIK0102-15SB;ESTRUTURA DA MATERIA
11202231838;NC1BIL0304-15SB;EVOLUCAO E DIVERSIFICACAO DA VIDA NA TERRA
11202231838;NC1BIS0003-15SB;BASES MATEMATICAS
11202231838;NC1BIS0005-15SB;BASES COMPUTACIONAIS DA CIENCIA
11202230676;DB1BIJ0207-15SA;BASES CONCEITUAIS DA ENERGIA
11202230676;DB1BIK0102-15SA;ESTRUTURA DA MATERIA
11202230676;DB1BIL0304-15SA;EVOLUCAO E DIVERSIFICACAO DA VIDA NA TERRA
11202230676;DB1BIS0003-15SA;BASES MATEMATICAS
11202230676;DB5BCS0001-15SA;BASE EXPERIMENTAL DAS CIENCIAS NATURAIS
11202230676;DB5BIS0005-15SA;BASES COMPUTACIONAIS DA CIENCIA
11202231279;NA1BCS0001-15SA;BASE EXPERIMENTAL DAS CIENCIAS NATURAIS
11202231279;NA1BIJ0207-15SA;BASES CONCEITUAIS DA ENERGIA
11202231279;NA1BIK0102-15SA;ESTRUTURA DA MATERIA
11202231279;NA1BIL0304-15SA;EVOLUCAO E DIVERSIFICACAO DA VIDA NA TERRA
11202231279;NA1BIS0003-15SA;BASES MATEMATICAS
11202231279;NA1BIS0005-15SA;BASES COMPUTACIONAIS DA CIENCIA
11202231383;NB2BIJ0207-15SA;BASES CONCEITUAIS DA ENERGIA
11202231383;NB2BIK0102-15SA;ESTRUTURA DA MATERIA
11202231383;NB2BIL0304-15SA;EVOLUCAO E DIVERSIFICACAO DA VIDA NA TERRA
11202231383;NB2BIS0003-15SA;BASES MATEMATICAS
11202231383;NB6BCS0001-15SA;BASE EXPERIMENTAL DAS CIENCIAS NATURAIS
11202231383;NB6BIS0005-15SA;BASES COMPUTACIONAIS DA CIENCIA
11202231141;DB1BIJ0207-15SB;BASES CONCEITUAIS DA ENERGIA
11202231141;DB1BIK0102-15SB;ESTRUTURA DA MATERIA
11202231141;DB1BIL0304-15SB;EVOLUCAO E DIVERSIFICACAO DA VIDA NA TERRA
11202231141;DB1BIS0003-15SB;BASES MATEMATICAS
11202231141;DB2BCS0001-15SB;BASE EXPERIMENTAL DAS CIENCIAS NATURAIS
11202231141;DB2BIS0005-15SB;BASES COMPUTACIONAIS DA CIENCIA
11202231306;NB2BIJ0207-15SA;BASES CONCEITUAIS DA ENERGIA
11202231306;NB2BIK0102-15SA;ESTRUTURA DA MATERIA
11202231306;NB2BIL0304-15SA;EVOLUCAO E DIVERSIFICACAO DA VIDA NA TERRA
11202231306;NB2BIS0003-15SA;BASES MATEMATICAS
11202231306;NB4BCS0001-15SA;BASE EXPERIMENTAL DAS CIENCIAS NATURAIS
11202231306;NB4BIS0005-15SA;BASES COMPUTACIONAIS DA CIENCIA
11202231180;NA1BHO0001-19SB;INTRODUCAO AS HUMANIDADES E AS CIENCIAS SOCIAIS
11202231180;NA1BHP0202-19SB;TEMAS E PROBLEMAS EM FILOSOFIA
11202231180;NA1BHQ0001-15SB;IDENTIDADE E CULTURA
11202231180;NA1BHQ0003-15SB;INTERPRETACOES DO BRASIL
11202231180;NA2BIQ0602-15SB;ESTRUTURA E DINAMICA SOCIAL
11202231180;NA6BIS0005-15SB;BASES COMPUTACIONAIS DA CIENCIA
11202230672;NA1BHO0001-19SB;INTRODUCAO AS HUMANIDADES E AS CIENCIAS SOCIAIS
11202230672;NA1BHP0202-19SB;TEMAS E PROBLEMAS EM FILOSOFIA
11202230672;NA1BHQ0001-15SB;IDENTIDADE E CULTURA
11202230672;NA1BHQ0003-15SB;INTERPRETACOES DO BRASIL
11202230672;NA2BIQ0602-15SB;ESTRUTURA E DINAMICA SOCIAL
11202230672;NA6BIS0005-15SB;BASES COMPUTACIONAIS DA CIENCIA
11202230211;DC6BCS0001-15SA;BASE EXPERIMENTAL DAS CIENCIAS NATURAIS
11202230211;DC5BIS0005-15SA;BASES COMPUTACIONAIS DA CIENCIA
11202230211;DC2BIJ0207-15SA;BASES CONCEITUAIS DA ENERGIA
11202230211;DC2BIS0003-15SA;BASES MATEMATICAS
11202230211;DC2BIK0102-15SA;ESTRUTURA DA MATERIA
11202230211;DC2BIL0304-15SA;EVOLUCAO E DIVERSIFICACAO DA VIDA NA TERRA
11202230825;DC2BIJ0207-15SA;BASES CONCEITUAIS DA ENERGIA
11202230825;DC2BIK0102-15SA;ESTRUTURA DA MATERIA
11202230825;DC2BIL0304-15SA;EVOLUCAO E DIVERSIFICACAO DA VIDA NA TERRA
11202230825;DC2BIS0003-15SA;BASES MATEMATICAS
11202230825;DC4BIS0005-15SA;BASES COMPUTACIONAIS DA CIENCIA
11202230825;DC5BCS0001-15SA;BASE EXPERIMENTAL DAS CIENCIAS NATURAIS
11202231217;DB2BIJ0207-15SA;BASES CONCEITUAIS DA ENERGIA
11202231217;DB2BIK0102-15SA;ESTRUTURA DA MATERIA
11202231217;DB2BIL0304-15SA;EVOLUCAO E DIVERSIFICACAO DA VIDA NA TERRA
11202231217;DB2BIS0003-15SA;BASES MATEMATICAS
11202231217;DB3BCS0001-15SA;BASE EXPERIMENTAL DAS CIENCIAS NATURAIS
11202231217;DB3BIS0005-15SA;BASES COMPUTACIONAIS DA CIENCIA
11202231121;DA1BCS0001-15SB;BASE EXPERIMENTAL DAS CIENCIAS NATURAIS
11202231121;DA1BIJ0207-15SB;BASES CONCEITUAIS DA ENERGIA
11202231121;DA1BIK0102-15SB;ESTRUTURA DA MATERIA
11202231121;DA1BIL0304-15SB;EVOLUCAO E DIVERSIFICACAO DA VIDA NA TERRA
11202231121;DA1BIS0003-15SB;BASES MATEMATICAS
11202231121;DA1BIS0005-15SB;BASES COMPUTACIONAIS DA CIENCIA
11202231548;DA1BHO0001-19SB;INTRODUCAO AS HUMANIDADES E AS CIENCIAS SOCIAIS
11202231548;DA1BHP0202-19SB;TEMAS E PROBLEMAS EM FILOSOFIA
11202231548;DA1BHQ0001-15SB;IDENTIDADE E CULTURA
11202231548;DA1BHQ0003-15SB;INTERPRETACOES DO BRASIL
11202231548;DA2BIQ0602-15SB;ESTRUTURA E DINAMICA SOCIAL
11202231548;DA6BIS0005-15SB;BASES COMPUTACIONAIS DA CIENCIA
11202230648;NA1BIJ0207-15SA;BASES CONCEITUAIS DA ENERGIA
11202230648;NA1BIK0102-15SA;ESTRUTURA DA MATERIA
11202230648;NA1BIL0304-15SA;EVOLUCAO E DIVERSIFICACAO DA VIDA NA TERRA
11202230648;NA1BIS0003-15SA;BASES MATEMATICAS
11202230648;NA2BCS0001-15SA;BASE EXPERIMENTAL DAS CIENCIAS NATURAIS
11202230648;NA2BIS0005-15SA;BASES COMPUTACIONAIS DA CIENCIA
11202232005;DA1BIR0603-15SA;CIENCIA, TECNOLOGIA E SOCIEDADE
11202232005;DA1NHI5001-15SA;DESENVOLVIMENTO E APRENDIZAGEM
11202232005;DA1NHZ2099-16SA;TOPICOS CONTEMPORANEOS EM EDUCACAO E FILOSOFIA
11202232005;DA1NHZ5023-18SA;PRATICAS ESCOLARES EM EDUCACAO ESPECIAL E INCLUSIVA
11202232005;DA3BIJ0207-15SA;BASES CONCEITUAIS DA ENERGIA
11202232005;DA6BIS0005-15SA;BASES COMPUTACIONAIS DA CIENCIA
11202230417;DA1BHO0001-19SB;INTRODUCAO AS HUMANIDADES E AS CIENCIAS SOCIAIS
11202230417;DA1BHP0202-19SB;TEMAS E PROBLEMAS EM FILOSOFIA
11202230417;DA1BHQ0001-15SB;IDENTIDADE E CULTURA
11202230417;DA1BHQ0003-15SB;INTERPRETACOES DO BRASIL
11202230417;DA2BIQ0602-15SB;ESTRUTURA E DINAMICA SOCIAL
11202230417;DA6BIS0005-15SB;BASES COMPUTACIONAIS DA CIENCIA
11202231351;DC1BIJ0207-15SA;BASES CONCEITUAIS DA ENERGIA
11202231351;DC1BIK0102-15SA;ESTRUTURA DA MATERIA
11202231351;DC1BIL0304-15SA;EVOLUCAO E DIVERSIFICACAO DA VIDA NA TERRA
11202231351;DC1BIS0003-15SA;BASES MATEMATICAS
11202231351;DC1BIS0005-15SA;BASES COMPUTACIONAIS DA CIENCIA
11202231351;DC2BCS0001-15SA;BASE EXPERIMENTAL DAS CIENCIAS NATURAIS
11202231360;DC1BIJ0207-15SA;BASES CONCEITUAIS DA ENERGIA
11202231360;DC1BIK0102-15SA;ESTRUTURA DA MATERIA
11202231360;DC1BIL0304-15SA;EVOLUCAO E DIVERSIFICACAO DA VIDA NA TERRA
11202231360;DC1BIS0003-15SA;BASES MATEMATICAS
11202231360;DC2BCS0001-15SA;BASE EXPERIMENTAL DAS CIENCIAS NATURAIS
11202231360;DC2BIS0005-15SA;BASES COMPUTACIONAIS DA CIENCIA
11202231857;NA1BIR0603-15SA;CIENCIA, TECNOLOGIA E SOCIEDADE
11202231857;NA1NHI5001-15SA;DESENVOLVIMENTO E APRENDIZAGEM
11202231857;NA1NHZ2099-16SA;TOPICOS CONTEMPORANEOS EM EDUCACAO E FILOSOFIA
11202231857;NA1NHZ5023-18SA;PRATICAS ESCOLARES EM EDUCACAO ESPECIAL E INCLUSIVA
11202231857;NA3BIJ0207-15SA;BASES CONCEITUAIS DA ENERGIA
11202231857;NA6BIS0005-15SA;BASES COMPUTACIONAIS DA CIENCIA
11202230681;DB2BCS0001-15SA;BASE EXPERIMENTAL DAS CIENCIAS NATURAIS
11202230681;DB2BIJ0207-15SA;BASES CONCEITUAIS DA ENERGIA
11202230681;DB2BIK0102-15SA;ESTRUTURA DA MATERIA
11202230681;DB2BIL0304-15SA;EVOLUCAO E DIVERSIFICACAO DA VIDA NA TERRA
11202230681;DB2BIS0003-15SA;BASES MATEMATICAS
11202230681;DB2BIS0005-15SA;BASES COMPUTACIONAIS DA CIENCIA
11202230604;DA1BIJ0207-15SB;BASES CONCEITUAIS DA ENERGIA
11202230604;DA1BIK0102-15SB;ESTRUTURA DA MATERIA
11202230604;DA1BIL0304-15SB;EVOLUCAO E DIVERSIFICACAO DA VIDA NA TERRA
11202230604;DA1BIS0003-15SB;BASES MATEMATICAS
11202230604;DA3BCS0001-15SB;BASE EXPERIMENTAL DAS CIENCIAS NATURAIS
11202230604;DA3BIS0005-15SB;BASES COMPUTACIONAIS DA CIENCIA
11202231280;NA1BIJ0207-15SB;BASES CONCEITUAIS DA ENERGIA
11202231280;NA1BIK0102-15SB;ESTRUTURA DA MATERIA
11202231280;NA1BIL0304-15SB;EVOLUCAO E DIVERSIFICACAO DA VIDA NA TERRA
11202231280;NA1BIS0003-15SB;BASES MATEMATICAS
11202231280;NA3BCS0001-15SB;BASE EXPERIMENTAL DAS CIENCIAS NATURAIS
11202231280;NA3BIS0005-15SB;BASES COMPUTACIONAIS DA CIENCIA
11202231863;DB1BCS0001-15SA;BASE EXPERIMENTAL DAS CIENCIAS NATURAIS
11202231863;DB1BIS0005-15SA;BASES COMPUTACIONAIS DA CIENCIA
11202231863;DB2BIJ0207-15SA;BASES CONCEITUAIS DA ENERGIA
11202231863;DB2BIK0102-15SA;ESTRUTURA DA MATERIA
11202231863;DB2BIL0304-15SA;EVOLUCAO E DIVERSIFICACAO DA VIDA NA TERRA
11202231863;DB2BIS0003-15SA;BASES MATEMATICAS
11202230507;NA1BIJ0207-15SA;BASES CONCEITUAIS DA ENERGIA
11202230507;NA1BIK0102-15SA;ESTRUTURA DA MATERIA
11202230507;NA1BIL0304-15SA;EVOLUCAO E DIVERSIFICACAO DA VIDA NA TERRA
11202230507;NA1BIS0003-15SA;BASES MATEMATICAS
11202230507;NA2BCS0001-15SA;BASE EXPERIMENTAL DAS CIENCIAS NATURAIS
11202230507;NA2BIS0005-15SA;BASES COMPUTACIONAIS DA CIENCIA
11202231916;DC1BIJ0207-15SA;BASES CONCEITUAIS DA ENERGIA
11202231916;DC1BIK0102-15SA;ESTRUTURA DA MATERIA
11202231916;DC1BIL0304-15SA;EVOLUCAO E DIVERSIFICACAO DA VIDA NA TERRA
11202231916;DC1BIS0003-15SA;BASES MATEMATICAS
11202231916;DC2BCS0001-15SA;BASE EXPERIMENTAL DAS CIENCIAS NATURAIS
11202231916;DC2BIS0005-15SA;BASES COMPUTACIONAIS DA CIENCIA
11202232155;DC1BIJ0207-15SB;BASES CONCEITUAIS DA ENERGIA
11202232155;DC1BIK0102-15SB;ESTRUTURA DA MATERIA
11202232155;DC1BIL0304-15SB;EVOLUCAO E DIVERSIFICACAO DA VIDA NA TERRA
11202232155;DC1BIS0003-15SB;BASES MATEMATICAS
11202232155;DC2BCS0001-15SB;BASE EXPERIMENTAL DAS CIENCIAS NATURAIS
11202232155;DC3BIS0005-15SB;BASES COMPUTACIONAIS DA CIENCIA
11202212456;DB1BCS0001-15SB;BASE EXPERIMENTAL DAS CIENCIAS NATURAIS
11202212456;DB1BIJ0207-15SB;BASES CONCEITUAIS DA ENERGIA
11202212456;DB1BIK0102-15SB;ESTRUTURA DA MATERIA
11202212456;DB1BIL0304-15SB;EVOLUCAO E DIVERSIFICACAO DA VIDA NA TERRA
11202212456;DB1BIS0003-15SB;BASES MATEMATICAS
11202212456;DB1BIS0005-15SB;BASES COMPUTACIONAIS DA CIENCIA
11202231493;NA1BHO0001-19SB;INTRODUCAO AS HUMANIDADES E AS CIENCIAS SOCIAIS
11202231493;NA1BHP0202-19SB;TEMAS E PROBLEMAS EM FILOSOFIA
11202231493;NA1BHQ0001-15SB;IDENTIDADE E CULTURA
11202231493;NA1BHQ0003-15SB;INTERPRETACOES DO BRASIL
11202231493;NA2BIQ0602-15SB;ESTRUTURA E DINAMICA SOCIAL
11202231493;NA6BIS0005-15SB;BASES COMPUTACIONAIS DA CIENCIA
11202231264;DB1BIJ0207-15SB;BASES CONCEITUAIS DA ENERGIA
11202231264;DB1BIK0102-15SB;ESTRUTURA DA MATERIA
11202231264;DB1BIL0304-15SB;EVOLUCAO E DIVERSIFICACAO DA VIDA NA TERRA
11202231264;DB1BIS0003-15SB;BASES MATEMATICAS
11202231264;DB3BCS0001-15SB;BASE EXPERIMENTAL DAS CIENCIAS NATURAIS
11202231264;DB3BIS0005-15SB;BASES COMPUTACIONAIS DA CIENCIA
11202232486;NA1NHI5001-15SB;DESENVOLVIMENTO E APRENDIZAGEM
11202232486;NA1NHZ2099-16SB;TOPICOS CONTEMPORANEOS EM EDUCACAO E FILOSOFIA
11202232486;NA1NHZ5023-18SB;PRATICAS ESCOLARES EM EDUCACAO ESPECIAL E INCLUSIVA
11202232486;NA6BIS0005-15SB;BASES COMPUTACIONAIS DA CIENCIA
11202232486;NC1BIJ0207-15SB;BASES CONCEITUAIS DA ENERGIA
11202232486;NA2BIR0603-15SB;CIENCIA, TECNOLOGIA E SOCIEDADE
11202230774;DA1BHO0001-19SB;INTRODUCAO AS HUMANIDADES E AS CIENCIAS SOCIAIS
11202230774;DA1BHP0202-19SB;TEMAS E PROBLEMAS EM FILOSOFIA
11202230774;DA1BHQ0001-15SB;IDENTIDADE E CULTURA
11202230774;DA1BHQ0003-15SB;INTERPRETACOES DO BRASIL
11202230774;DA2BIQ0602-15SB;ESTRUTURA E DINAMICA SOCIAL
11202230774;DA6BIS0005-15SB;BASES COMPUTACIONAIS DA CIENCIA
11202231052;DA1BIR0603-15SA;CIENCIA, TECNOLOGIA E SOCIEDADE
11202231052;DA1NHI5001-15SA;DESENVOLVIMENTO E APRENDIZAGEM
11202231052;DA1NHZ2099-16SA;TOPICOS CONTEMPORANEOS EM EDUCACAO E FILOSOFIA
11202231052;DA1NHZ5023-18SA;PRATICAS ESCOLARES EM EDUCACAO ESPECIAL E INCLUSIVA
11202231052;DA3BIJ0207-15SA;BASES CONCEITUAIS DA ENERGIA
11202231052;DA6BIS0005-15SA;BASES COMPUTACIONAIS DA CIENCIA
11202231911;DA1BCS0001-15SA;BASE EXPERIMENTAL DAS CIENCIAS NATURAIS
11202231911;DA1BIJ0207-15SA;BASES CONCEITUAIS DA ENERGIA
11202231911;DA1BIK0102-15SA;ESTRUTURA DA MATERIA
11202231911;DA1BIL0304-15SA;EVOLUCAO E DIVERSIFICACAO DA VIDA NA TERRA
11202231911;DA1BIS0003-15SA;BASES MATEMATICAS
11202231911;DA1BIS0005-15SA;BASES COMPUTACIONAIS DA CIENCIA
11202231796;NA1BHO0001-19SB;INTRODUCAO AS HUMANIDADES E AS CIENCIAS SOCIAIS
11202231796;NA1BHP0202-19SB;TEMAS E PROBLEMAS EM FILOSOFIA
11202231796;NA1BHQ0001-15SB;IDENTIDADE E CULTURA
11202231796;NA1BHQ0003-15SB;INTERPRETACOES DO BRASIL
11202231796;NA2BIQ0602-15SB;ESTRUTURA E DINAMICA SOCIAL
11202231796;NA6BIS0005-15SB;BASES COMPUTACIONAIS DA CIENCIA
11202231233;NC2BIJ0207-15SA;BASES CONCEITUAIS DA ENERGIA
11202231233;NC2BIK0102-15SA;ESTRUTURA DA MATERIA
11202231233;NC2BIL0304-15SA;EVOLUCAO E DIVERSIFICACAO DA VIDA NA TERRA
11202231233;NC2BIS0003-15SA;BASES MATEMATICAS
11202231233;NC5BCS0001-15SA;BASE EXPERIMENTAL DAS CIENCIAS NATURAIS
11202231233;NC5BIS0005-15SA;BASES COMPUTACIONAIS DA CIENCIA
11202231462;DA1BIR0603-15SA;CIENCIA, TECNOLOGIA E SOCIEDADE
11202231462;DA1NHI5001-15SA;DESENVOLVIMENTO E APRENDIZAGEM
11202231462;DA1NHZ2099-16SA;TOPICOS CONTEMPORANEOS EM EDUCACAO E FILOSOFIA
11202231462;DA1NHZ5023-18SA;PRATICAS ESCOLARES EM EDUCACAO ESPECIAL E INCLUSIVA
11202231462;DA3BIJ0207-15SA;BASES CONCEITUAIS DA ENERGIA
11202231462;DA6BIS0005-15SA;BASES COMPUTACIONAIS DA CIENCIA
11202231795;DA2BIJ0207-15SA;BASES CONCEITUAIS DA ENERGIA
11202231795;DA2BIK0102-15SA;ESTRUTURA DA MATERIA
11202231795;DA2BIL0304-15SA;EVOLUCAO E DIVERSIFICACAO DA VIDA NA TERRA
11202231795;DA2BIS0003-15SA;BASES MATEMATICAS
11202231795;DA5BCS0001-15SA;BASE EXPERIMENTAL DAS CIENCIAS NATURAIS
11202231795;DA5BIS0005-15SA;BASES COMPUTACIONAIS DA CIENCIA
11202230369;DA1BHO0001-19SB;INTRODUCAO AS HUMANIDADES E AS CIENCIAS SOCIAIS
11202230369;DA1BHP0202-19SB;TEMAS E PROBLEMAS EM FILOSOFIA
11202230369;DA1BHQ0001-15SB;IDENTIDADE E CULTURA
11202230369;DA1BHQ0003-15SB;INTERPRETACOES DO BRASIL
11202230369;DA2BIQ0602-15SB;ESTRUTURA E DINAMICA SOCIAL
11202230369;DA6BIS0005-15SB;BASES COMPUTACIONAIS DA CIENCIA
11202230854;NA1BCS0001-15SA;BASE EXPERIMENTAL DAS CIENCIAS NATURAIS
11202230854;NA1BIJ0207-15SA;BASES CONCEITUAIS DA ENERGIA
11202230854;NA1BIK0102-15SA;ESTRUTURA DA MATERIA
11202230854;NA1BIL0304-15SA;EVOLUCAO E DIVERSIFICACAO DA VIDA NA TERRA
11202230854;NA1BIS0003-15SA;BASES MATEMATICAS
11202230854;NA1BIS0005-15SA;BASES COMPUTACIONAIS DA CIENCIA
11202232037;DC1BCS0001-15SB;BASE EXPERIMENTAL DAS CIENCIAS NATURAIS
11202232037;DC1BIJ0207-15SB;BASES CONCEITUAIS DA ENERGIA
11202232037;DC1BIK0102-15SB;ESTRUTURA DA MATERIA
11202232037;DC1BIL0304-15SB;EVOLUCAO E DIVERSIFICACAO DA VIDA NA TERRA
11202232037;DC1BIS0003-15SB;BASES MATEMATICAS
11202232037;DC1BIS0005-15SB;BASES COMPUTACIONAIS DA CIENCIA
11202231903;DB1BIJ0207-15SB;BASES CONCEITUAIS DA ENERGIA
11202231903;DB1BIK0102-15SB;ESTRUTURA DA MATERIA
11202231903;DB1BIL0304-15SB;EVOLUCAO E DIVERSIFICACAO DA VIDA NA TERRA
11202231903;DB1BIS0003-15SB;BASES MATEMATICAS
11202231903;DB2BCS0001-15SB;BASE EXPERIMENTAL DAS CIENCIAS NATURAIS
11202231903;DB2BIS0005-15SB;BASES COMPUTACIONAIS DA CIENCIA
11202230668;DA2BIJ0207-15SA;BASES CONCEITUAIS DA ENERGIA
11202230668;DA2BIK0102-15SA;ESTRUTURA DA MATERIA
11202230668;DA2BIL0304-15SA;EVOLUCAO E DIVERSIFICACAO DA VIDA NA TERRA
11202230668;DA2BIS0003-15SA;BASES MATEMATICAS
11202230668;DA5BCS0001-15SA;BASE EXPERIMENTAL DAS CIENCIAS NATURAIS
11202230668;DA5BIS0005-15SA;BASES COMPUTACIONAIS DA CIENCIA
11202231658;DC1BIJ0207-15SB;BASES CONCEITUAIS DA ENERGIA
11202231658;DC1BIK0102-15SB;ESTRUTURA DA MATERIA
11202231658;DC1BIL0304-15SB;EVOLUCAO E DIVERSIFICACAO DA VIDA NA TERRA
11202231658;DC1BIS0003-15SB;BASES MATEMATICAS
11202231658;DC2BCS0001-15SB;BASE EXPERIMENTAL DAS CIENCIAS NATURAIS
11202231658;DC3BIS0005-15SB;BASES COMPUTACIONAIS DA CIENCIA
11202231363;NA1BHO0001-19SB;INTRODUCAO AS HUMANIDADES E AS CIENCIAS SOCIAIS
11202231363;NA1BHP0202-19SB;TEMAS E PROBLEMAS EM FILOSOFIA
11202231363;NA1BHQ0001-15SB;IDENTIDADE E CULTURA
11202231363;NA1BHQ0003-15SB;INTERPRETACOES DO BRASIL
11202231363;NA2BIQ0602-15SB;ESTRUTURA E DINAMICA SOCIAL
11202231363;NA6BIS0005-15SB;BASES COMPUTACIONAIS DA CIENCIA
11202230916;NB6BIS0005-15SB;BASES COMPUTACIONAIS DA CIENCIA
11202230916;NB1BHO0001-19SB;INTRODUCAO AS HUMANIDADES E AS CIENCIAS SOCIAIS
11202230916;NB1BHP0202-19SB;TEMAS E PROBLEMAS EM FILOSOFIA
11202230916;NB1BHQ0001-15SB;IDENTIDADE E CULTURA
11202230916;NB1BHQ0003-15SB;INTERPRETACOES DO BRASIL
11202230916;NB2BIQ0602-15SB;ESTRUTURA E DINAMICA SOCIAL
11202231108;DC1BCS0001-15SB;BASE EXPERIMENTAL DAS CIENCIAS NATURAIS
11202231108;DC1BIJ0207-15SB;BASES CONCEITUAIS DA ENERGIA
11202231108;DC1BIK0102-15SB;ESTRUTURA DA MATERIA
11202231108;DC1BIL0304-15SB;EVOLUCAO E DIVERSIFICACAO DA VIDA NA TERRA
11202231108;DC1BIS0003-15SB;BASES MATEMATICAS
11202231108;DC1BIS0005-15SB;BASES COMPUTACIONAIS DA CIENCIA
11202230232;DC1BIJ0207-15SA;BASES CONCEITUAIS DA ENERGIA
11202230232;DC1BIK0102-15SA;ESTRUTURA DA MATERIA
11202230232;DC1BIL0304-15SA;EVOLUCAO E DIVERSIFICACAO DA VIDA NA TERRA
11202230232;DC1BIS0003-15SA;BASES MATEMATICAS
11202230232;DC2BIS0005-15SA;BASES COMPUTACIONAIS DA CIENCIA
11202230232;DC3BCS0001-15SA;BASE EXPERIMENTAL DAS CIENCIAS NATURAIS
11202231083;NC1BIJ0207-15SB;BASES CONCEITUAIS DA ENERGIA
11202231083;NC1BIK0102-15SB;ESTRUTURA DA MATERIA
11202231083;NC1BIL0304-15SB;EVOLUCAO E DIVERSIFICACAO DA VIDA NA TERRA
11202231083;NC1BIS0003-15SB;BASES MATEMATICAS
11202231083;NC2BCS0001-15SB;BASE EXPERIMENTAL DAS CIENCIAS NATURAIS
11202231083;NC2BIS0005-15SB;BASES COMPUTACIONAIS DA CIENCIA
11202230605;NA1BIR0603-15SA;CIENCIA, TECNOLOGIA E SOCIEDADE
11202230605;NA1NHI5001-15SA;DESENVOLVIMENTO E APRENDIZAGEM
11202230605;NA1NHZ2099-16SA;TOPICOS CONTEMPORANEOS EM EDUCACAO E FILOSOFIA
11202230605;NA1NHZ5023-18SA;PRATICAS ESCOLARES EM EDUCACAO ESPECIAL E INCLUSIVA
11202230605;NA3BIJ0207-15SA;BASES CONCEITUAIS DA ENERGIA
11202230605;NA6BIS0005-15SA;BASES COMPUTACIONAIS DA CIENCIA
11202231216;DA2BCS0001-15SA;BASE EXPERIMENTAL DAS CIENCIAS NATURAIS
11202231216;DA2BIJ0207-15SA;BASES CONCEITUAIS DA ENERGIA
11202231216;DA2BIK0102-15SA;ESTRUTURA DA MATERIA
11202231216;DA2BIL0304-15SA;EVOLUCAO E DIVERSIFICACAO DA VIDA NA TERRA
11202231216;DA2BIS0003-15SA;BASES MATEMATICAS
11202231216;DA2BIS0005-15SA;BASES COMPUTACIONAIS DA CIENCIA
11202231858;NA1BCS0001-15SA;BASE EXPERIMENTAL DAS CIENCIAS NATURAIS
11202231858;NA1BIJ0207-15SA;BASES CONCEITUAIS DA ENERGIA
11202231858;NA1BIK0102-15SA;ESTRUTURA DA MATERIA
11202231858;NA1BIL0304-15SA;EVOLUCAO E DIVERSIFICACAO DA VIDA NA TERRA
11202231858;NA1BIS0003-15SA;BASES MATEMATICAS
11202231858;NA1BIS0005-15SA;BASES COMPUTACIONAIS DA CIENCIA
11202212501;DC6BCS0001-15SA;BASE EXPERIMENTAL DAS CIENCIAS NATURAIS
11202212501;DC4BIS0005-15SA;BASES COMPUTACIONAIS DA CIENCIA
11202212501;DC2BIJ0207-15SA;BASES CONCEITUAIS DA ENERGIA
11202212501;DC2BIS0003-15SA;BASES MATEMATICAS
11202212501;DC2BIK0102-15SA;ESTRUTURA DA MATERIA
11202212501;DC2BIL0304-15SA;EVOLUCAO E DIVERSIFICACAO DA VIDA NA TERRA
11202231354;NB1BCS0001-15SA;BASE EXPERIMENTAL DAS CIENCIAS NATURAIS
11202231354;NB1BIJ0207-15SA;BASES CONCEITUAIS DA ENERGIA
11202231354;NB1BIK0102-15SA;ESTRUTURA DA MATERIA
11202231354;NB1BIL0304-15SA;EVOLUCAO E DIVERSIFICACAO DA VIDA NA TERRA
11202231354;NB1BIS0003-15SA;BASES MATEMATICAS
11202231354;NB1BIS0005-15SA;BASES COMPUTACIONAIS DA CIENCIA
11202231341;NB2BIJ0207-15SA;BASES CONCEITUAIS DA ENERGIA
11202231341;NB2BIK0102-15SA;ESTRUTURA DA MATERIA
11202231341;NB2BIL0304-15SA;EVOLUCAO E DIVERSIFICACAO DA VIDA NA TERRA
11202231341;NB2BIS0003-15SA;BASES MATEMATICAS
11202231341;NB6BCS0001-15SA;BASE EXPERIMENTAL DAS CIENCIAS NATURAIS
11202231341;NB6BIS0005-15SA;BASES COMPUTACIONAIS DA CIENCIA
11202231621;NA1BIJ0207-15SB;BASES CONCEITUAIS DA ENERGIA
11202231621;NA1BIK0102-15SB;ESTRUTURA DA MATERIA
11202231621;NA1BIL0304-15SB;EVOLUCAO E DIVERSIFICACAO DA VIDA NA TERRA
11202231621;NA1BIS0003-15SB;BASES MATEMATICAS
11202231621;NA3BCS0001-15SB;BASE EXPERIMENTAL DAS CIENCIAS NATURAIS
11202231621;NA3BIS0005-15SB;BASES COMPUTACIONAIS DA CIENCIA
11202231997;NA1BIR0603-15SA;CIENCIA, TECNOLOGIA E SOCIEDADE
11202231997;NA1NHI5001-15SA;DESENVOLVIMENTO E APRENDIZAGEM
11202231997;NA1NHZ2099-16SA;TOPICOS CONTEMPORANEOS EM EDUCACAO E FILOSOFIA
11202231997;NA1NHZ5023-18SA;PRATICAS ESCOLARES EM EDUCACAO ESPECIAL E INCLUSIVA
11202231997;NA3BIJ0207-15SA;BASES CONCEITUAIS DA ENERGIA
11202231997;NA6BIS0005-15SA;BASES COMPUTACIONAIS DA CIENCIA
11202231555;NA1BCS0001-15SB;BASE EXPERIMENTAL DAS CIENCIAS NATURAIS
11202231555;NA1BIJ0207-15SB;BASES CONCEITUAIS DA ENERGIA
11202231555;NA1BIK0102-15SB;ESTRUTURA DA MATERIA
11202231555;NA1BIL0304-15SB;EVOLUCAO E DIVERSIFICACAO DA VIDA NA TERRA
11202231555;NA1BIS0003-15SB;BASES MATEMATICAS
11202231555;NA1BIS0005-15SB;BASES COMPUTACIONAIS DA CIENCIA
11202231177;NA1BCS0001-15SB;BASE EXPERIMENTAL DAS CIENCIAS NATURAIS
11202231177;NA1BIJ0207-15SB;BASES CONCEITUAIS DA ENERGIA
11202231177;NA1BIK0102-15SB;ESTRUTURA DA MATERIA
11202231177;NA1BIL0304-15SB;EVOLUCAO E DIVERSIFICACAO DA VIDA NA TERRA
11202231177;NA1BIS0003-15SB;BASES MATEMATICAS
11202231177;NA1BIS0005-15SB;BASES COMPUTACIONAIS DA CIENCIA
11202232116;NA1BIJ0207-15SB;BASES CONCEITUAIS DA ENERGIA
11202232116;NA1BIK0102-15SB;ESTRUTURA DA MATERIA
11202232116;NA1BIL0304-15SB;EVOLUCAO E DIVERSIFICACAO DA VIDA NA TERRA
11202232116;NA1BIS0003-15SB;BASES MATEMATICAS
11202232116;NA3BCS0001-15SB;BASE EXPERIMENTAL DAS CIENCIAS NATURAIS
11202232116;NA3BIS0005-15SB;BASES COMPUTACIONAIS DA CIENCIA
11202231832;DC2BIJ0207-15SA;BASES CONCEITUAIS DA ENERGIA
11202231832;DC2BIK0102-15SA;ESTRUTURA DA MATERIA
11202231832;DC2BIL0304-15SA;EVOLUCAO E DIVERSIFICACAO DA VIDA NA TERRA
11202231832;DC2BIS0003-15SA;BASES MATEMATICAS
11202231832;DC4BCS0001-15SA;BASE EXPERIMENTAL DAS CIENCIAS NATURAIS
11202231832;DC4BIS0005-15SA;BASES COMPUTACIONAIS DA CIENCIA
11202230888;DB1BIJ0207-15SA;BASES CONCEITUAIS DA ENERGIA
11202230888;DB1BIK0102-15SA;ESTRUTURA DA MATERIA
11202230888;DB1BIL0304-15SA;EVOLUCAO E DIVERSIFICACAO DA VIDA NA TERRA
11202230888;DB1BIS0003-15SA;BASES MATEMATICAS
11202230888;DB5BCS0001-15SA;BASE EXPERIMENTAL DAS CIENCIAS NATURAIS
11202230888;DB5BIS0005-15SA;BASES COMPUTACIONAIS DA CIENCIA
11202231012;DA1BCS0001-15SB;BASE EXPERIMENTAL DAS CIENCIAS NATURAIS
11202231012;DA1BIJ0207-15SB;BASES CONCEITUAIS DA ENERGIA
11202231012;DA1BIK0102-15SB;ESTRUTURA DA MATERIA
11202231012;DA1BIL0304-15SB;EVOLUCAO E DIVERSIFICACAO DA VIDA NA TERRA
11202231012;DA1BIS0003-15SB;BASES MATEMATICAS
11202231012;DA1BIS0005-15SB;BASES COMPUTACIONAIS DA CIENCIA
11202212436;DC1BIJ0207-15SA;BASES CONCEITUAIS DA ENERGIA
11202212436;DC1BIK0102-15SA;ESTRUTURA DA MATERIA
11202212436;DC1BIL0304-15SA;EVOLUCAO E DIVERSIFICACAO DA VIDA NA TERRA
11202212436;DC1BIS0003-15SA;BASES MATEMATICAS
11202212436;DC2BCS0001-15SA;BASE EXPERIMENTAL DAS CIENCIAS NATURAIS
11202212436;DC2BIS0005-15SA;BASES COMPUTACIONAIS DA CIENCIA
11202230998;DA1BHO0001-19SB;INTRODUCAO AS HUMANIDADES E AS CIENCIAS SOCIAIS
11202230998;DA1BHP0202-19SB;TEMAS E PROBLEMAS EM FILOSOFIA
11202230998;DA1BHQ0001-15SB;IDENTIDADE E CULTURA
11202230998;DA1BHQ0003-15SB;INTERPRETACOES DO BRASIL
11202230998;DA2BIQ0602-15SB;ESTRUTURA E DINAMICA SOCIAL
11202230998;DA6BIS0005-15SB;BASES COMPUTACIONAIS DA CIENCIA
11202230502;NA2BIJ0207-15SA;BASES CONCEITUAIS DA ENERGIA
11202230502;NA2BIK0102-15SA;ESTRUTURA DA MATERIA
11202230502;NA2BIL0304-15SA;EVOLUCAO E DIVERSIFICACAO DA VIDA NA TERRA
11202230502;NA2BIS0003-15SA;BASES MATEMATICAS
11202230502;NA6BCS0001-15SA;BASE EXPERIMENTAL DAS CIENCIAS NATURAIS
11202230502;NA6BIS0005-15SA;BASES COMPUTACIONAIS DA CIENCIA
11202230845;NA1BIJ0207-15SA;BASES CONCEITUAIS DA ENERGIA
11202230845;NA1BIK0102-15SA;ESTRUTURA DA MATERIA
11202230845;NA1BIL0304-15SA;EVOLUCAO E DIVERSIFICACAO DA VIDA NA TERRA
11202230845;NA1BIS0003-15SA;BASES MATEMATICAS
11202230845;NA2BCS0001-15SA;BASE EXPERIMENTAL DAS CIENCIAS NATURAIS
11202230845;NA2BIS0005-15SA;BASES COMPUTACIONAIS DA CIENCIA
11202232348;NC1BCS0001-15SA;BASE EXPERIMENTAL DAS CIENCIAS NATURAIS
11202232348;NC1BIJ0207-15SA;BASES CONCEITUAIS DA ENERGIA
11202232348;NC1BIK0102-15SA;ESTRUTURA DA MATERIA
11202232348;NC1BIL0304-15SA;EVOLUCAO E DIVERSIFICACAO DA VIDA NA TERRA
11202232348;NC1BIS0003-15SA;BASES MATEMATICAS
11202232348;NC1BIS0005-15SA;BASES COMPUTACIONAIS DA CIENCIA
11202232128;DC1BIJ0207-15SA;BASES CONCEITUAIS DA ENERGIA
11202232128;DC1BIK0102-15SA;ESTRUTURA DA MATERIA
11202232128;DC1BIL0304-15SA;EVOLUCAO E DIVERSIFICACAO DA VIDA NA TERRA
11202232128;DC1BIS0003-15SA;BASES MATEMATICAS
11202232128;DC2BCS0001-15SA;BASE EXPERIMENTAL DAS CIENCIAS NATURAIS
11202232128;DC2BIS0005-15SA;BASES COMPUTACIONAIS DA CIENCIA
11202230395;NC1BIJ0207-15SA;BASES CONCEITUAIS DA ENERGIA
11202230395;NC1BIK0102-15SA;ESTRUTURA DA MATERIA
11202230395;NC1BIL0304-15SA;EVOLUCAO E DIVERSIFICACAO DA VIDA NA TERRA
11202230395;NC1BIS0003-15SA;BASES MATEMATICAS
11202230395;NC3BCS0001-15SA;BASE EXPERIMENTAL DAS CIENCIAS NATURAIS
11202230395;NC3BIS0005-15SA;BASES COMPUTACIONAIS DA CIENCIA
11202231475;DA1BHO0001-19SB;INTRODUCAO AS HUMANIDADES E AS CIENCIAS SOCIAIS
11202231475;DA1BHP0202-19SB;TEMAS E PROBLEMAS EM FILOSOFIA
11202231475;DA1BHQ0001-15SB;IDENTIDADE E CULTURA
11202231475;DA1BHQ0003-15SB;INTERPRETACOES DO BRASIL
11202231475;DA2BIQ0602-15SB;ESTRUTURA E DINAMICA SOCIAL
11202231475;DA6BIS0005-15SB;BASES COMPUTACIONAIS DA CIENCIA
11202230441;DB1BIJ0207-15SA;BASES CONCEITUAIS DA ENERGIA
11202230441;DB1BIK0102-15SA;ESTRUTURA DA MATERIA
11202230441;DB1BIL0304-15SA;EVOLUCAO E DIVERSIFICACAO DA VIDA NA TERRA
11202230441;DB1BIS0003-15SA;BASES MATEMATICAS
11202230441;DB5BCS0001-15SA;BASE EXPERIMENTAL DAS CIENCIAS NATURAIS
11202230441;DB5BIS0005-15SA;BASES COMPUTACIONAIS DA CIENCIA
11202230594;NC2BIJ0207-15SA;BASES CONCEITUAIS DA ENERGIA
11202230594;NC2BIK0102-15SA;ESTRUTURA DA MATERIA
11202230594;NC2BIL0304-15SA;EVOLUCAO E DIVERSIFICACAO DA VIDA NA TERRA
11202230594;NC2BIS0003-15SA;BASES MATEMATICAS
11202230594;NC6BCS0001-15SA;BASE EXPERIMENTAL DAS CIENCIAS NATURAIS
11202230594;NC6BIS0005-15SA;BASES COMPUTACIONAIS DA CIENCIA
11202231793;NA2BIJ0207-15SA;BASES CONCEITUAIS DA ENERGIA
11202231793;NA2BIK0102-15SA;ESTRUTURA DA MATERIA
11202231793;NA2BIL0304-15SA;EVOLUCAO E DIVERSIFICACAO DA VIDA NA TERRA
11202231793;NA2BIS0003-15SA;BASES MATEMATICAS
11202231793;NA6BCS0001-15SA;BASE EXPERIMENTAL DAS CIENCIAS NATURAIS
11202231793;NA6BIS0005-15SA;BASES COMPUTACIONAIS DA CIENCIA
11202231894;DA1BIJ0207-15SA;BASES CONCEITUAIS DA ENERGIA
11202231894;DA1BIK0102-15SA;ESTRUTURA DA MATERIA
11202231894;DA1BIL0304-15SA;EVOLUCAO E DIVERSIFICACAO DA VIDA NA TERRA
11202231894;DA1BIS0003-15SA;BASES MATEMATICAS
11202231894;DA4BCS0001-15SA;BASE EXPERIMENTAL DAS CIENCIAS NATURAIS
11202231894;DA4BIS0005-15SA;BASES COMPUTACIONAIS DA CIENCIA
11202231067;DA1BHO0001-19SB;INTRODUCAO AS HUMANIDADES E AS CIENCIAS SOCIAIS
11202231067;DA1BHP0202-19SB;TEMAS E PROBLEMAS EM FILOSOFIA
11202231067;DA1BHQ0001-15SB;IDENTIDADE E CULTURA
11202231067;DA1BHQ0003-15SB;INTERPRETACOES DO BRASIL
11202231067;DA2BIQ0602-15SB;ESTRUTURA E DINAMICA SOCIAL
11202231067;DA6BIS0005-15SB;BASES COMPUTACIONAIS DA CIENCIA
11202230855;DA2BCS0001-15SA;BASE EXPERIMENTAL DAS CIENCIAS NATURAIS
11202230855;DA2BIJ0207-15SA;BASES CONCEITUAIS DA ENERGIA
11202230855;DA2BIK0102-15SA;ESTRUTURA DA MATERIA
11202230855;DA2BIL0304-15SA;EVOLUCAO E DIVERSIFICACAO DA VIDA NA TERRA
11202230855;DA2BIS0003-15SA;BASES MATEMATICAS
11202230855;DA2BIS0005-15SA;BASES COMPUTACIONAIS DA CIENCIA
11202231361;NB1NHI5001-15SA;DESENVOLVIMENTO E APRENDIZAGEM
11202231361;NB1NHZ2099-16SA;TOPICOS CONTEMPORANEOS EM EDUCACAO E FILOSOFIA
11202231361;NB1NHZ5023-18SA;PRATICAS ESCOLARES EM EDUCACAO ESPECIAL E INCLUSIVA
11202231361;NB2BIR0603-15SA;CIENCIA, TECNOLOGIA E SOCIEDADE
11202231361;NB3BIJ0207-15SA;BASES CONCEITUAIS DA ENERGIA
11202231361;NB7BIS0005-15SA;BASES COMPUTACIONAIS DA CIENCIA
11202231662;NB6BIS0005-15SB;BASES COMPUTACIONAIS DA CIENCIA
11202231662;NB1BHO0001-19SB;INTRODUCAO AS HUMANIDADES E AS CIENCIAS SOCIAIS
11202231662;NB1BHP0202-19SB;TEMAS E PROBLEMAS EM FILOSOFIA
11202231662;NB1BHQ0001-15SB;IDENTIDADE E CULTURA
11202231662;NB1BHQ0003-15SB;INTERPRETACOES DO BRASIL
11202231662;NB2BIQ0602-15SB;ESTRUTURA E DINAMICA SOCIAL
11202230593;NB6BIS0005-15SB;BASES COMPUTACIONAIS DA CIENCIA
11202230593;NB1BHO0001-19SB;INTRODUCAO AS HUMANIDADES E AS CIENCIAS SOCIAIS
11202230593;NB1BHP0202-19SB;TEMAS E PROBLEMAS EM FILOSOFIA
11202230593;NB1BHQ0001-15SB;IDENTIDADE E CULTURA
11202230593;NB1BHQ0003-15SB;INTERPRETACOES DO BRASIL
11202230593;NB2BIQ0602-15SB;ESTRUTURA E DINAMICA SOCIAL
11202230292;NC1BCS0001-15SB;BASE EXPERIMENTAL DAS CIENCIAS NATURAIS
11202230292;NC1BIJ0207-15SB;BASES CONCEITUAIS DA ENERGIA
11202230292;NC1BIK0102-15SB;ESTRUTURA DA MATERIA
11202230292;NC1BIL0304-15SB;EVOLUCAO E DIVERSIFICACAO DA VIDA NA TERRA
11202230292;NC1BIS0003-15SB;BASES MATEMATICAS
11202230292;NC1BIS0005-15SB;BASES COMPUTACIONAIS DA CIENCIA
11202212397;DB1NHI5001-15SA;DESENVOLVIMENTO E APRENDIZAGEM
11202212397;DB1NHZ2099-16SA;TOPICOS CONTEMPORANEOS EM EDUCACAO E FILOSOFIA
11202212397;DB1NHZ5023-18SA;PRATICAS ESCOLARES EM EDUCACAO ESPECIAL E INCLUSIVA
11202212397;DB2BIR0603-15SA;CIENCIA, TECNOLOGIA E SOCIEDADE
11202212397;DB3BIJ0207-15SA;BASES CONCEITUAIS DA ENERGIA
11202212397;DB6BIS0005-15SA;BASES COMPUTACIONAIS DA CIENCIA
11202230726;NB1BIJ0207-15SB;BASES CONCEITUAIS DA ENERGIA
11202230726;NB1BIK0102-15SB;ESTRUTURA DA MATERIA
11202230726;NB1BIL0304-15SB;EVOLUCAO E DIVERSIFICACAO DA VIDA NA TERRA
11202230726;NB1BIS0003-15SB;BASES MATEMATICAS
11202230726;NB3BCS0001-15SB;BASE EXPERIMENTAL DAS CIENCIAS NATURAIS
11202230726;NB3BIS0005-15SB;BASES COMPUTACIONAIS DA CIENCIA
11202231296;DA1BHO0001-19SB;INTRODUCAO AS HUMANIDADES E AS CIENCIAS SOCIAIS
11202231296;DA1BHP0202-19SB;TEMAS E PROBLEMAS EM FILOSOFIA
11202231296;DA1BHQ0001-15SB;IDENTIDADE E CULTURA
11202231296;DA1BHQ0003-15SB;INTERPRETACOES DO BRASIL
11202231296;DA2BIQ0602-15SB;ESTRUTURA E DINAMICA SOCIAL
11202231296;DA6BIS0005-15SB;BASES COMPUTACIONAIS DA CIENCIA
11202231254;NC2BIJ0207-15SA;BASES CONCEITUAIS DA ENERGIA
11202231254;NC2BIK0102-15SA;ESTRUTURA DA MATERIA
11202231254;NC2BIL0304-15SA;EVOLUCAO E DIVERSIFICACAO DA VIDA NA TERRA
11202231254;NC2BIS0003-15SA;BASES MATEMATICAS
11202231254;NC5BCS0001-15SA;BASE EXPERIMENTAL DAS CIENCIAS NATURAIS
11202231254;NC5BIS0005-15SA;BASES COMPUTACIONAIS DA CIENCIA
11202230520;NB1BIJ0207-15SA;BASES CONCEITUAIS DA ENERGIA
11202230520;NB1BIK0102-15SA;ESTRUTURA DA MATERIA
11202230520;NB1BIL0304-15SA;EVOLUCAO E DIVERSIFICACAO DA VIDA NA TERRA
11202230520;NB1BIS0003-15SA;BASES MATEMATICAS
11202230520;NB2BCS0001-15SA;BASE EXPERIMENTAL DAS CIENCIAS NATURAIS
11202230520;NB2BIS0005-15SA;BASES COMPUTACIONAIS DA CIENCIA
11202231041;DB1BCS0001-15SA;BASE EXPERIMENTAL DAS CIENCIAS NATURAIS
11202231041;DB1BIS0005-15SA;BASES COMPUTACIONAIS DA CIENCIA
11202231041;DB2BIJ0207-15SA;BASES CONCEITUAIS DA ENERGIA
11202231041;DB2BIK0102-15SA;ESTRUTURA DA MATERIA
11202231041;DB2BIL0304-15SA;EVOLUCAO E DIVERSIFICACAO DA VIDA NA TERRA
11202231041;DB2BIS0003-15SA;BASES MATEMATICAS
11202231661;DC1BIJ0207-15SA;BASES CONCEITUAIS DA ENERGIA
11202231661;DC1BIK0102-15SA;ESTRUTURA DA MATERIA
11202231661;DC1BIL0304-15SA;EVOLUCAO E DIVERSIFICACAO DA VIDA NA TERRA
11202231661;DC1BIS0003-15SA;BASES MATEMATICAS
11202231661;DC3BCS0001-15SA;BASE EXPERIMENTAL DAS CIENCIAS NATURAIS
11202231661;DC3BIS0005-15SA;BASES COMPUTACIONAIS DA CIENCIA
11202231867;DA1BCS0001-15SA;BASE EXPERIMENTAL DAS CIENCIAS NATURAIS
11202231867;DA1BIJ0207-15SA;BASES CONCEITUAIS DA ENERGIA
11202231867;DA1BIK0102-15SA;ESTRUTURA DA MATERIA
11202231867;DA1BIL0304-15SA;EVOLUCAO E DIVERSIFICACAO DA VIDA NA TERRA
11202231867;DA1BIS0003-15SA;BASES MATEMATICAS
11202231867;DA1BIS0005-15SA;BASES COMPUTACIONAIS DA CIENCIA
11202230601;DA1BHO0001-19SB;INTRODUCAO AS HUMANIDADES E AS CIENCIAS SOCIAIS
11202230601;DA1BHP0202-19SB;TEMAS E PROBLEMAS EM FILOSOFIA
11202230601;DA1BHQ0001-15SB;IDENTIDADE E CULTURA
11202230601;DA1BHQ0003-15SB;INTERPRETACOES DO BRASIL
11202230601;DA2BIQ0602-15SB;ESTRUTURA E DINAMICA SOCIAL
11202230601;DA6BIS0005-15SB;BASES COMPUTACIONAIS DA CIENCIA
11202231697;DB1NHI5001-15SA;DESENVOLVIMENTO E APRENDIZAGEM
11202231697;DB1NHZ2099-16SA;TOPICOS CONTEMPORANEOS EM EDUCACAO E FILOSOFIA
11202231697;DB1NHZ5023-18SA;PRATICAS ESCOLARES EM EDUCACAO ESPECIAL E INCLUSIVA
11202231697;DB2BIR0603-15SA;CIENCIA, TECNOLOGIA E SOCIEDADE
11202231697;DB3BIJ0207-15SA;BASES CONCEITUAIS DA ENERGIA
11202231697;DB6BIS0005-15SA;BASES COMPUTACIONAIS DA CIENCIA
11202230895;NC1BCS0001-15SA;BASE EXPERIMENTAL DAS CIENCIAS NATURAIS
11202230895;NC1BIJ0207-15SA;BASES CONCEITUAIS DA ENERGIA
11202230895;NC1BIK0102-15SA;ESTRUTURA DA MATERIA
11202230895;NC1BIL0304-15SA;EVOLUCAO E DIVERSIFICACAO DA VIDA NA TERRA
11202230895;NC1BIS0003-15SA;BASES MATEMATICAS
11202230895;NC1BIS0005-15SA;BASES COMPUTACIONAIS DA CIENCIA
11202231419;DA2BCS0001-15SA;BASE EXPERIMENTAL DAS CIENCIAS NATURAIS
11202231419;DA2BIJ0207-15SA;BASES CONCEITUAIS DA ENERGIA
11202231419;DA2BIK0102-15SA;ESTRUTURA DA MATERIA
11202231419;DA2BIL0304-15SA;EVOLUCAO E DIVERSIFICACAO DA VIDA NA TERRA
11202231419;DA2BIS0003-15SA;BASES MATEMATICAS
11202231419;DA2BIS0005-15SA;BASES COMPUTACIONAIS DA CIENCIA
11202230268;DB2BCS0001-15SA;BASE EXPERIMENTAL DAS CIENCIAS NATURAIS
11202230268;DB2BIJ0207-15SA;BASES CONCEITUAIS DA ENERGIA
11202230268;DB2BIK0102-15SA;ESTRUTURA DA MATERIA
11202230268;DB2BIL0304-15SA;EVOLUCAO E DIVERSIFICACAO DA VIDA NA TERRA
11202230268;DB2BIS0003-15SA;BASES MATEMATICAS
11202230268;DB2BIS0005-15SA;BASES COMPUTACIONAIS DA CIENCIA
11202231988;NA2BIJ0207-15SA;BASES CONCEITUAIS DA ENERGIA
11202231988;NA2BIK0102-15SA;ESTRUTURA DA MATERIA
11202231988;NA2BIL0304-15SA;EVOLUCAO E DIVERSIFICACAO DA VIDA NA TERRA
11202231988;NA2BIS0003-15SA;BASES MATEMATICAS
11202231988;NA5BCS0001-15SA;BASE EXPERIMENTAL DAS CIENCIAS NATURAIS
11202231988;NA5BIS0005-15SA;BASES COMPUTACIONAIS DA CIENCIA
11202231063;DA1BIJ0207-15SA;BASES CONCEITUAIS DA ENERGIA
11202231063;DA1BIK0102-15SA;ESTRUTURA DA MATERIA
11202231063;DA1BIL0304-15SA;EVOLUCAO E DIVERSIFICACAO DA VIDA NA TERRA
11202231063;DA1BIS0003-15SA;BASES MATEMATICAS
11202231063;DA4BCS0001-15SA;BASE EXPERIMENTAL DAS CIENCIAS NATURAIS
11202231063;DA4BIS0005-15SA;BASES COMPUTACIONAIS DA CIENCIA
11202231407;DB1BIJ0207-15SA;BASES CONCEITUAIS DA ENERGIA
11202231407;DB1BIK0102-15SA;ESTRUTURA DA MATERIA
11202231407;DB1BIL0304-15SA;EVOLUCAO E DIVERSIFICACAO DA VIDA NA TERRA
11202231407;DB1BIS0003-15SA;BASES MATEMATICAS
11202231407;DB6BCS0001-15SA;BASE EXPERIMENTAL DAS CIENCIAS NATURAIS
11202231407;DB6BIS0005-15SA;BASES COMPUTACIONAIS DA CIENCIA
11202230815;NB6BIS0005-15SB;BASES COMPUTACIONAIS DA CIENCIA
11202230815;NB1BHO0001-19SB;INTRODUCAO AS HUMANIDADES E AS CIENCIAS SOCIAIS
11202230815;NB1BHP0202-19SB;TEMAS E PROBLEMAS EM FILOSOFIA
11202230815;NB1BHQ0001-15SB;IDENTIDADE E CULTURA
11202230815;NB1BHQ0003-15SB;INTERPRETACOES DO BRASIL
11202230815;NB2BIQ0602-15SB;ESTRUTURA E DINAMICA SOCIAL
11202230821;DA1BHO0001-19SB;INTRODUCAO AS HUMANIDADES E AS CIENCIAS SOCIAIS
11202230821;DA1BHP0202-19SB;TEMAS E PROBLEMAS EM FILOSOFIA
11202230821;DA1BHQ0001-15SB;IDENTIDADE E CULTURA
11202230821;DA1BHQ0003-15SB;INTERPRETACOES DO BRASIL
11202230821;DA2BIQ0602-15SB;ESTRUTURA E DINAMICA SOCIAL
11202230821;DA6BIS0005-15SB;BASES COMPUTACIONAIS DA CIENCIA
11202231032;NB1BCS0001-15SB;BASE EXPERIMENTAL DAS CIENCIAS NATURAIS
11202231032;NB1BIJ0207-15SB;BASES CONCEITUAIS DA ENERGIA
11202231032;NB1BIK0102-15SB;ESTRUTURA DA MATERIA
11202231032;NB1BIL0304-15SB;EVOLUCAO E DIVERSIFICACAO DA VIDA NA TERRA
11202231032;NB1BIS0003-15SB;BASES MATEMATICAS
11202231032;NB1BIS0005-15SB;BASES COMPUTACIONAIS DA CIENCIA
11202231215;DB1BHO0001-19SB;INTRODUCAO AS HUMANIDADES E AS CIENCIAS SOCIAIS
11202231215;DB1BHP0202-19SB;TEMAS E PROBLEMAS EM FILOSOFIA
11202231215;DB1BHQ0001-15SB;IDENTIDADE E CULTURA
11202231215;DB1BHQ0003-15SB;INTERPRETACOES DO BRASIL
11202231215;DB2BIQ0602-15SB;ESTRUTURA E DINAMICA SOCIAL
11202231215;DB4BIS0005-15SB;BASES COMPUTACIONAIS DA CIENCIA
11202230517;DB1BIJ0207-15SA;BASES CONCEITUAIS DA ENERGIA
11202230517;DB1BIK0102-15SA;ESTRUTURA DA MATERIA
11202230517;DB1BIL0304-15SA;EVOLUCAO E DIVERSIFICACAO DA VIDA NA TERRA
11202230517;DB1BIS0003-15SA;BASES MATEMATICAS
11202230517;DB6BCS0001-15SA;BASE EXPERIMENTAL DAS CIENCIAS NATURAIS
11202230517;DB6BIS0005-15SA;BASES COMPUTACIONAIS DA CIENCIA
11202231528;NC2BIJ0207-15SA;BASES CONCEITUAIS DA ENERGIA
11202231528;NC2BIK0102-15SA;ESTRUTURA DA MATERIA
11202231528;NC2BIL0304-15SA;EVOLUCAO E DIVERSIFICACAO DA VIDA NA TERRA
11202231528;NC2BIS0003-15SA;BASES MATEMATICAS
11202231528;NC5BCS0001-15SA;BASE EXPERIMENTAL DAS CIENCIAS NATURAIS
11202231528;NC5BIS0005-15SA;BASES COMPUTACIONAIS DA CIENCIA
11202231172;DC2BIJ0207-15SA;BASES CONCEITUAIS DA ENERGIA
11202231172;DC2BIK0102-15SA;ESTRUTURA DA MATERIA
11202231172;DC2BIL0304-15SA;EVOLUCAO E DIVERSIFICACAO DA VIDA NA TERRA
11202231172;DC2BIS0003-15SA;BASES MATEMATICAS
11202231172;DC3BIS0005-15SA;BASES COMPUTACIONAIS DA CIENCIA
11202231172;DC4BCS0001-15SA;BASE EXPERIMENTAL DAS CIENCIAS NATURAIS
11202230988;DB1BHO0001-19SB;INTRODUCAO AS HUMANIDADES E AS CIENCIAS SOCIAIS
11202230988;DB1BHP0202-19SB;TEMAS E PROBLEMAS EM FILOSOFIA
11202230988;DB1BHQ0001-15SB;IDENTIDADE E CULTURA
11202230988;DB1BHQ0003-15SB;INTERPRETACOES DO BRASIL
11202230988;DB2BIQ0602-15SB;ESTRUTURA E DINAMICA SOCIAL
11202230988;DB4BIS0005-15SB;BASES COMPUTACIONAIS DA CIENCIA
11202231173;DB1BCS0001-15SA;BASE EXPERIMENTAL DAS CIENCIAS NATURAIS
11202231173;DB1BIS0005-15SA;BASES COMPUTACIONAIS DA CIENCIA
11202231173;DB2BIJ0207-15SA;BASES CONCEITUAIS DA ENERGIA
11202231173;DB2BIK0102-15SA;ESTRUTURA DA MATERIA
11202231173;DB2BIL0304-15SA;EVOLUCAO E DIVERSIFICACAO DA VIDA NA TERRA
11202231173;DB2BIS0003-15SA;BASES MATEMATICAS
11202231467;DA1BIJ0207-15SA;BASES CONCEITUAIS DA ENERGIA
11202231467;DA1BIK0102-15SA;ESTRUTURA DA MATERIA
11202231467;DA1BIL0304-15SA;EVOLUCAO E DIVERSIFICACAO DA VIDA NA TERRA
11202231467;DA1BIS0003-15SA;BASES MATEMATICAS
11202231467;DA3BCS0001-15SA;BASE EXPERIMENTAL DAS CIENCIAS NATURAIS
11202231467;DA3BIS0005-15SA;BASES COMPUTACIONAIS DA CIENCIA
11202231605;NB6BIS0005-15SB;BASES COMPUTACIONAIS DA CIENCIA
11202231605;NB1BHO0001-19SB;INTRODUCAO AS HUMANIDADES E AS CIENCIAS SOCIAIS
11202231605;NB1BHP0202-19SB;TEMAS E PROBLEMAS EM FILOSOFIA
11202231605;NB1BHQ0001-15SB;IDENTIDADE E CULTURA
11202231605;NB1BHQ0003-15SB;INTERPRETACOES DO BRASIL
11202231605;NB2BIQ0602-15SB;ESTRUTURA E DINAMICA SOCIAL
11202231411;DB1BHO0001-19SB;INTRODUCAO AS HUMANIDADES E AS CIENCIAS SOCIAIS
11202231411;DB1BHP0202-19SB;TEMAS E PROBLEMAS EM FILOSOFIA
11202231411;DB1BHQ0001-15SB;IDENTIDADE E CULTURA
11202231411;DB1BHQ0003-15SB;INTERPRETACOES DO BRASIL
11202231411;DB2BIQ0602-15SB;ESTRUTURA E DINAMICA SOCIAL
11202231411;DB4BIS0005-15SB;BASES COMPUTACIONAIS DA CIENCIA
11202230847;NA2BIJ0207-15SA;BASES CONCEITUAIS DA ENERGIA
11202230847;NA2BIK0102-15SA;ESTRUTURA DA MATERIA
11202230847;NA2BIL0304-15SA;EVOLUCAO E DIVERSIFICACAO DA VIDA NA TERRA
11202230847;NA2BIS0003-15SA;BASES MATEMATICAS
11202230847;NA4BCS0001-15SA;BASE EXPERIMENTAL DAS CIENCIAS NATURAIS
11202230847;NA4BIS0005-15SA;BASES COMPUTACIONAIS DA CIENCIA
11202231252;DB1BHO0001-19SB;INTRODUCAO AS HUMANIDADES E AS CIENCIAS SOCIAIS
11202231252;DB1BHP0202-19SB;TEMAS E PROBLEMAS EM FILOSOFIA
11202231252;DB1BHQ0001-15SB;IDENTIDADE E CULTURA
11202231252;DB1BHQ0003-15SB;INTERPRETACOES DO BRASIL
11202231252;DB2BIQ0602-15SB;ESTRUTURA E DINAMICA SOCIAL
11202231252;DB4BIS0005-15SB;BASES COMPUTACIONAIS DA CIENCIA
11202230396;NA1BCS0001-15SA;BASE EXPERIMENTAL DAS CIENCIAS NATURAIS
11202230396;NA1BIJ0207-15SA;BASES CONCEITUAIS DA ENERGIA
11202230396;NA1BIK0102-15SA;ESTRUTURA DA MATERIA
11202230396;NA1BIL0304-15SA;EVOLUCAO E DIVERSIFICACAO DA VIDA NA TERRA
11202230396;NA1BIS0003-15SA;BASES MATEMATICAS
11202230396;NA1BIS0005-15SA;BASES COMPUTACIONAIS DA CIENCIA
11202231178;DA1BCS0001-15SA;BASE EXPERIMENTAL DAS CIENCIAS NATURAIS
11202231178;DA1BIJ0207-15SA;BASES CONCEITUAIS DA ENERGIA
11202231178;DA1BIK0102-15SA;ESTRUTURA DA MATERIA
11202231178;DA1BIL0304-15SA;EVOLUCAO E DIVERSIFICACAO DA VIDA NA TERRA
11202231178;DA1BIS0003-15SA;BASES MATEMATICAS
11202231178;DA1BIS0005-15SA;BASES COMPUTACIONAIS DA CIENCIA
11202231954;DB1BIJ0207-15SA;BASES CONCEITUAIS DA ENERGIA
11202231954;DB1BIK0102-15SA;ESTRUTURA DA MATERIA
11202231954;DB1BIL0304-15SA;EVOLUCAO E DIVERSIFICACAO DA VIDA NA TERRA
11202231954;DB1BIS0003-15SA;BASES MATEMATICAS
11202231954;DB6BCS0001-15SA;BASE EXPERIMENTAL DAS CIENCIAS NATURAIS
11202231954;DB6BIS0005-15SA;BASES COMPUTACIONAIS DA CIENCIA
11202231153;DC1BIJ0207-15SA;BASES CONCEITUAIS DA ENERGIA
11202231153;DC1BIK0102-15SA;ESTRUTURA DA MATERIA
11202231153;DC1BIL0304-15SA;EVOLUCAO E DIVERSIFICACAO DA VIDA NA TERRA
11202231153;DC1BIS0003-15SA;BASES MATEMATICAS
11202231153;DC2BIS0005-15SA;BASES COMPUTACIONAIS DA CIENCIA
11202231153;DC3BCS0001-15SA;BASE EXPERIMENTAL DAS CIENCIAS NATURAIS
11202230810;NB6BIS0005-15SB;BASES COMPUTACIONAIS DA CIENCIA
11202230810;NB1BHO0001-19SB;INTRODUCAO AS HUMANIDADES E AS CIENCIAS SOCIAIS
11202230810;NB1BHP0202-19SB;TEMAS E PROBLEMAS EM FILOSOFIA
11202230810;NB1BHQ0001-15SB;IDENTIDADE E CULTURA
11202230810;NB1BHQ0003-15SB;INTERPRETACOES DO BRASIL
11202230810;NB2BIQ0602-15SB;ESTRUTURA E DINAMICA SOCIAL
11202230981;NB1BIJ0207-15SB;BASES CONCEITUAIS DA ENERGIA
11202230981;NB1BIK0102-15SB;ESTRUTURA DA MATERIA
11202230981;NB1BIL0304-15SB;EVOLUCAO E DIVERSIFICACAO DA VIDA NA TERRA
11202230981;NB1BIS0003-15SB;BASES MATEMATICAS
11202230981;NB3BCS0001-15SB;BASE EXPERIMENTAL DAS CIENCIAS NATURAIS
11202230981;NB3BIS0005-15SB;BASES COMPUTACIONAIS DA CIENCIA
11202212469;NB6BIS0005-15SB;BASES COMPUTACIONAIS DA CIENCIA
11202212469;NB1BHO0001-19SB;INTRODUCAO AS HUMANIDADES E AS CIENCIAS SOCIAIS
11202212469;NB1BHP0202-19SB;TEMAS E PROBLEMAS EM FILOSOFIA
11202212469;NB1BHQ0001-15SB;IDENTIDADE E CULTURA
11202212469;NB1BHQ0003-15SB;INTERPRETACOES DO BRASIL
11202212469;NB2BIQ0602-15SB;ESTRUTURA E DINAMICA SOCIAL
11202230263;NB6BIS0005-15SB;BASES COMPUTACIONAIS DA CIENCIA
11202230263;NB1BHO0001-19SB;INTRODUCAO AS HUMANIDADES E AS CIENCIAS SOCIAIS
11202230263;NB1BHP0202-19SB;TEMAS E PROBLEMAS EM FILOSOFIA
11202230263;NB1BHQ0001-15SB;IDENTIDADE E CULTURA
11202230263;NB1BHQ0003-15SB;INTERPRETACOES DO BRASIL
11202230263;NB2BIQ0602-15SB;ESTRUTURA E DINAMICA SOCIAL
11202230308;NA1BCS0001-15SB;BASE EXPERIMENTAL DAS CIENCIAS NATURAIS
11202230308;NA1BIJ0207-15SB;BASES CONCEITUAIS DA ENERGIA
11202230308;NA1BIK0102-15SB;ESTRUTURA DA MATERIA
11202230308;NA1BIL0304-15SB;EVOLUCAO E DIVERSIFICACAO DA VIDA NA TERRA
11202230308;NA1BIS0003-15SB;BASES MATEMATICAS
11202230308;NA1BIS0005-15SB;BASES COMPUTACIONAIS DA CIENCIA
11202230823;NB1BIJ0207-15SA;BASES CONCEITUAIS DA ENERGIA
11202230823;NB1BIK0102-15SA;ESTRUTURA DA MATERIA
11202230823;NB1BIL0304-15SA;EVOLUCAO E DIVERSIFICACAO DA VIDA NA TERRA
11202230823;NB1BIS0003-15SA;BASES MATEMATICAS
11202230823;NB3BCS0001-15SA;BASE EXPERIMENTAL DAS CIENCIAS NATURAIS
11202230823;NB3BIS0005-15SA;BASES COMPUTACIONAIS DA CIENCIA
11202212463;NB1BCS0001-15SB;BASE EXPERIMENTAL DAS CIENCIAS NATURAIS
11202212463;NB1BIJ0207-15SB;BASES CONCEITUAIS DA ENERGIA
11202212463;NB1BIK0102-15SB;ESTRUTURA DA MATERIA
11202212463;NB1BIL0304-15SB;EVOLUCAO E DIVERSIFICACAO DA VIDA NA TERRA
11202212463;NB1BIS0003-15SB;BASES MATEMATICAS
11202212463;NB1BIS0005-15SB;BASES COMPUTACIONAIS DA CIENCIA
11202232125;NB1NHI5001-15SA;DESENVOLVIMENTO E APRENDIZAGEM
11202232125;NB1NHZ2099-16SA;TOPICOS CONTEMPORANEOS EM EDUCACAO E FILOSOFIA
11202232125;NB1NHZ5023-18SA;PRATICAS ESCOLARES EM EDUCACAO ESPECIAL E INCLUSIVA
11202232125;NB2BIR0603-15SA;CIENCIA, TECNOLOGIA E SOCIEDADE
11202232125;NB3BIJ0207-15SA;BASES CONCEITUAIS DA ENERGIA
11202232125;NB7BIS0005-15SA;BASES COMPUTACIONAIS DA CIENCIA
11202230762;NB6BIS0005-15SB;BASES COMPUTACIONAIS DA CIENCIA
11202230762;NB1BHO0001-19SB;INTRODUCAO AS HUMANIDADES E AS CIENCIAS SOCIAIS
11202230762;NB1BHP0202-19SB;TEMAS E PROBLEMAS EM FILOSOFIA
11202230762;NB1BHQ0001-15SB;IDENTIDADE E CULTURA
11202230762;NB1BHQ0003-15SB;INTERPRETACOES DO BRASIL
11202230762;NB2BIQ0602-15SB;ESTRUTURA E DINAMICA SOCIAL
11202232487;NB7BIS0005-15SA;BASES COMPUTACIONAIS DA CIENCIA
11202232487;NB3BIJ0207-15SA;BASES CONCEITUAIS DA ENERGIA
11202232487;NB2BIR0603-15SA;CIENCIA, TECNOLOGIA E SOCIEDADE
11202232487;NB1NHI5001-15SA;DESENVOLVIMENTO E APRENDIZAGEM
11202232487;NB1NHZ5023-18SA;PRATICAS ESCOLARES EM EDUCACAO ESPECIAL E INCLUSIVA
11202232487;NB1NHZ2099-16SA;TOPICOS CONTEMPORANEOS EM EDUCACAO E FILOSOFIA
11202232176;NC1BCS0001-15SB;BASE EXPERIMENTAL DAS CIENCIAS NATURAIS
11202232176;NC1BIJ0207-15SB;BASES CONCEITUAIS DA ENERGIA
11202232176;NC1BIK0102-15SB;ESTRUTURA DA MATERIA
11202232176;NC1BIL0304-15SB;EVOLUCAO E DIVERSIFICACAO DA VIDA NA TERRA
11202232176;NC1BIS0003-15SB;BASES MATEMATICAS
11202232176;NC1BIS0005-15SB;BASES COMPUTACIONAIS DA CIENCIA
11202232346;NB2BIJ0207-15SA;BASES CONCEITUAIS DA ENERGIA
11202232346;NB2BIK0102-15SA;ESTRUTURA DA MATERIA
11202232346;NB2BIL0304-15SA;EVOLUCAO E DIVERSIFICACAO DA VIDA NA TERRA
11202232346;NB2BIS0003-15SA;BASES MATEMATICAS
11202232346;NB5BCS0001-15SA;BASE EXPERIMENTAL DAS CIENCIAS NATURAIS
11202232346;NB5BIS0005-15SA;BASES COMPUTACIONAIS DA CIENCIA
11202230827;DA2BCS0001-15SA;BASE EXPERIMENTAL DAS CIENCIAS NATURAIS
11202230827;DA2BIJ0207-15SA;BASES CONCEITUAIS DA ENERGIA
11202230827;DA2BIK0102-15SA;ESTRUTURA DA MATERIA
11202230827;DA2BIL0304-15SA;EVOLUCAO E DIVERSIFICACAO DA VIDA NA TERRA
11202230827;DA2BIS0003-15SA;BASES MATEMATICAS
11202230827;DA2BIS0005-15SA;BASES COMPUTACIONAIS DA CIENCIA
11202231816;NB6BIS0005-15SB;BASES COMPUTACIONAIS DA CIENCIA
11202231816;NB1BHO0001-19SB;INTRODUCAO AS HUMANIDADES E AS CIENCIAS SOCIAIS
11202231816;NB1BHP0202-19SB;TEMAS E PROBLEMAS EM FILOSOFIA
11202231816;NB1BHQ0001-15SB;IDENTIDADE E CULTURA
11202231816;NB1BHQ0003-15SB;INTERPRETACOES DO BRASIL
11202231816;NB2BIQ0602-15SB;ESTRUTURA E DINAMICA SOCIAL
11202231406;NC2BIJ0207-15SA;BASES CONCEITUAIS DA ENERGIA
11202231406;NC2BIK0102-15SA;ESTRUTURA DA MATERIA
11202231406;NC2BIL0304-15SA;EVOLUCAO E DIVERSIFICACAO DA VIDA NA TERRA
11202231406;NC2BIS0003-15SA;BASES MATEMATICAS
11202231406;NC4BCS0001-15SA;BASE EXPERIMENTAL DAS CIENCIAS NATURAIS
11202231406;NC4BIS0005-15SA;BASES COMPUTACIONAIS DA CIENCIA
11202232345;NB1BIJ0207-15SA;BASES CONCEITUAIS DA ENERGIA
11202232345;NB1BIK0102-15SA;ESTRUTURA DA MATERIA
11202232345;NB1BIL0304-15SA;EVOLUCAO E DIVERSIFICACAO DA VIDA NA TERRA
11202232345;NB1BIS0003-15SA;BASES MATEMATICAS
11202232345;NB3BCS0001-15SA;BASE EXPERIMENTAL DAS CIENCIAS NATURAIS
11202232345;NB3BIS0005-15SA;BASES COMPUTACIONAIS DA CIENCIA
11202231481;DA2BIJ0207-15SA;BASES CONCEITUAIS DA ENERGIA
11202231481;DA2BIK0102-15SA;ESTRUTURA DA MATERIA
11202231481;DA2BIL0304-15SA;EVOLUCAO E DIVERSIFICACAO DA VIDA NA TERRA
11202231481;DA2BIS0003-15SA;BASES MATEMATICAS
11202231481;DA6BCS0001-15SA;BASE EXPERIMENTAL DAS CIENCIAS NATURAIS
11202231481;DA6BIS0005-15SA;BASES COMPUTACIONAIS DA CIENCIA
11202230995;DC1BIJ0207-15SA;BASES CONCEITUAIS DA ENERGIA
11202230995;DC1BIK0102-15SA;ESTRUTURA DA MATERIA
11202230995;DC1BIL0304-15SA;EVOLUCAO E DIVERSIFICACAO DA VIDA NA TERRA
11202230995;DC1BIS0003-15SA;BASES MATEMATICAS
11202230995;DC2BIS0005-15SA;BASES COMPUTACIONAIS DA CIENCIA
11202230995;DC3BCS0001-15SA;BASE EXPERIMENTAL DAS CIENCIAS NATURAIS
11202231595;DC1BIJ0207-15SB;BASES CONCEITUAIS DA ENERGIA
11202231595;DC1BIK0102-15SB;ESTRUTURA DA MATERIA
11202231595;DC1BIL0304-15SB;EVOLUCAO E DIVERSIFICACAO DA VIDA NA TERRA
11202231595;DC1BIS0003-15SB;BASES MATEMATICAS
11202231595;DC2BCS0001-15SB;BASE EXPERIMENTAL DAS CIENCIAS NATURAIS
11202231595;DC3BIS0005-15SB;BASES COMPUTACIONAIS DA CIENCIA
11202212437;DC1BIJ0207-15SB;BASES CONCEITUAIS DA ENERGIA
11202212437;DC1BIK0102-15SB;ESTRUTURA DA MATERIA
11202212437;DC1BIL0304-15SB;EVOLUCAO E DIVERSIFICACAO DA VIDA NA TERRA
11202212437;DC1BIS0003-15SB;BASES MATEMATICAS
11202212437;DC2BCS0001-15SB;BASE EXPERIMENTAL DAS CIENCIAS NATURAIS
11202212437;DC3BIS0005-15SB;BASES COMPUTACIONAIS DA CIENCIA
11202231849;DB2BIJ0207-15SA;BASES CONCEITUAIS DA ENERGIA
11202231849;DB2BIK0102-15SA;ESTRUTURA DA MATERIA
11202231849;DB2BIL0304-15SA;EVOLUCAO E DIVERSIFICACAO DA VIDA NA TERRA
11202231849;DB2BIS0003-15SA;BASES MATEMATICAS
11202231849;DB3BCS0001-15SA;BASE EXPERIMENTAL DAS CIENCIAS NATURAIS
11202231849;DB3BIS0005-15SA;BASES COMPUTACIONAIS DA CIENCIA
11202212392;DB2BIJ0207-15SA;BASES CONCEITUAIS DA ENERGIA
11202212392;DB2BIK0102-15SA;ESTRUTURA DA MATERIA
11202212392;DB2BIL0304-15SA;EVOLUCAO E DIVERSIFICACAO DA VIDA NA TERRA
11202212392;DB2BIS0003-15SA;BASES MATEMATICAS
11202212392;DB3BCS0001-15SA;BASE EXPERIMENTAL DAS CIENCIAS NATURAIS
11202212392;DB3BIS0005-15SA;BASES COMPUTACIONAIS DA CIENCIA
11202231313;DA2BCS0001-15SA;BASE EXPERIMENTAL DAS CIENCIAS NATURAIS
11202231313;DA2BIJ0207-15SA;BASES CONCEITUAIS DA ENERGIA
11202231313;DA2BIK0102-15SA;ESTRUTURA DA MATERIA
11202231313;DA2BIL0304-15SA;EVOLUCAO E DIVERSIFICACAO DA VIDA NA TERRA
11202231313;DA2BIS0003-15SA;BASES MATEMATICAS
11202231313;DA2BIS0005-15SA;BASES COMPUTACIONAIS DA CIENCIA
11202230893;DC1BCS0001-15SB;BASE EXPERIMENTAL DAS CIENCIAS NATURAIS
11202230893;DC1BIJ0207-15SB;BASES CONCEITUAIS DA ENERGIA
11202230893;DC1BIK0102-15SB;ESTRUTURA DA MATERIA
11202230893;DC1BIL0304-15SB;EVOLUCAO E DIVERSIFICACAO DA VIDA NA TERRA
11202230893;DC1BIS0003-15SB;BASES MATEMATICAS
11202230893;DC1BIS0005-15SB;BASES COMPUTACIONAIS DA CIENCIA
11202231019;DB2BCS0001-15SA;BASE EXPERIMENTAL DAS CIENCIAS NATURAIS
11202231019;DB2BIJ0207-15SA;BASES CONCEITUAIS DA ENERGIA
11202231019;DB2BIK0102-15SA;ESTRUTURA DA MATERIA
11202231019;DB2BIL0304-15SA;EVOLUCAO E DIVERSIFICACAO DA VIDA NA TERRA
11202231019;DB2BIS0003-15SA;BASES MATEMATICAS
11202231019;DB2BIS0005-15SA;BASES COMPUTACIONAIS DA CIENCIA
11202230293;DB1BCS0001-15SA;BASE EXPERIMENTAL DAS CIENCIAS NATURAIS
11202230293;DB2BIJ0207-15SA;BASES CONCEITUAIS DA ENERGIA
11202230293;DB2BIK0102-15SA;ESTRUTURA DA MATERIA
11202230293;DB2BIL0304-15SA;EVOLUCAO E DIVERSIFICACAO DA VIDA NA TERRA
11202230293;DB2BIS0003-15SA;BASES MATEMATICAS
11202230293;DB2BIS0005-15SA;BASES COMPUTACIONAIS DA CIENCIA
11202230306;DB2BIJ0207-15SA;BASES CONCEITUAIS DA ENERGIA
11202230306;DB2BIK0102-15SA;ESTRUTURA DA MATERIA
11202230306;DB2BIL0304-15SA;EVOLUCAO E DIVERSIFICACAO DA VIDA NA TERRA
11202230306;DB2BIS0003-15SA;BASES MATEMATICAS
11202230306;DB3BCS0001-15SA;BASE EXPERIMENTAL DAS CIENCIAS NATURAIS
11202230306;DB3BIS0005-15SA;BASES COMPUTACIONAIS DA CIENCIA
11202230333;DB2BCS0001-15SA;BASE EXPERIMENTAL DAS CIENCIAS NATURAIS
11202230333;DB2BIJ0207-15SA;BASES CONCEITUAIS DA ENERGIA
11202230333;DB2BIK0102-15SA;ESTRUTURA DA MATERIA
11202230333;DB2BIL0304-15SA;EVOLUCAO E DIVERSIFICACAO DA VIDA NA TERRA
11202230333;DB2BIS0003-15SA;BASES MATEMATICAS
11202230333;DB2BIS0005-15SA;BASES COMPUTACIONAIS DA CIENCIA
11202231907;NB1BCS0001-15SB;BASE EXPERIMENTAL DAS CIENCIAS NATURAIS
11202231907;NB1BIJ0207-15SB;BASES CONCEITUAIS DA ENERGIA
11202231907;NB1BIK0102-15SB;ESTRUTURA DA MATERIA
11202231907;NB1BIL0304-15SB;EVOLUCAO E DIVERSIFICACAO DA VIDA NA TERRA
11202231907;NB1BIS0003-15SB;BASES MATEMATICAS
11202231907;NB1BIS0005-15SB;BASES COMPUTACIONAIS DA CIENCIA
11202230807;DC1BIJ0207-15SA;BASES CONCEITUAIS DA ENERGIA
11202230807;DC1BIK0102-15SA;ESTRUTURA DA MATERIA
11202230807;DC1BIL0304-15SA;EVOLUCAO E DIVERSIFICACAO DA VIDA NA TERRA
11202230807;DC1BIS0003-15SA;BASES MATEMATICAS
11202230807;DC1BIS0005-15SA;BASES COMPUTACIONAIS DA CIENCIA
11202230807;DC2BCS0001-15SA;BASE EXPERIMENTAL DAS CIENCIAS NATURAIS
11202230578;NA1BIJ0207-15SA;BASES CONCEITUAIS DA ENERGIA
11202230578;NA1BIK0102-15SA;ESTRUTURA DA MATERIA
11202230578;NA1BIL0304-15SA;EVOLUCAO E DIVERSIFICACAO DA VIDA NA TERRA
11202230578;NA1BIS0003-15SA;BASES MATEMATICAS
11202230578;NA2BCS0001-15SA;BASE EXPERIMENTAL DAS CIENCIAS NATURAIS
11202230578;NA2BIS0005-15SA;BASES COMPUTACIONAIS DA CIENCIA
11202230402;NB2BIJ0207-15SA;BASES CONCEITUAIS DA ENERGIA
11202230402;NB2BIK0102-15SA;ESTRUTURA DA MATERIA
11202230402;NB2BIL0304-15SA;EVOLUCAO E DIVERSIFICACAO DA VIDA NA TERRA
11202230402;NB2BIS0003-15SA;BASES MATEMATICAS
11202230402;NB5BCS0001-15SA;BASE EXPERIMENTAL DAS CIENCIAS NATURAIS
11202230402;NB5BIS0005-15SA;BASES COMPUTACIONAIS DA CIENCIA
11202231686;NA2BIJ0207-15SA;BASES CONCEITUAIS DA ENERGIA
11202231686;NA2BIK0102-15SA;ESTRUTURA DA MATERIA
11202231686;NA2BIL0304-15SA;EVOLUCAO E DIVERSIFICACAO DA VIDA NA TERRA
11202231686;NA2BIS0003-15SA;BASES MATEMATICAS
11202231686;NA5BCS0001-15SA;BASE EXPERIMENTAL DAS CIENCIAS NATURAIS
11202231686;NA5BIS0005-15SA;BASES COMPUTACIONAIS DA CIENCIA
11202231675;NB1BIJ0207-15SB;BASES CONCEITUAIS DA ENERGIA
11202231675;NB1BIK0102-15SB;ESTRUTURA DA MATERIA
11202231675;NB1BIL0304-15SB;EVOLUCAO E DIVERSIFICACAO DA VIDA NA TERRA
11202231675;NB1BIS0003-15SB;BASES MATEMATICAS
11202231675;NB3BCS0001-15SB;BASE EXPERIMENTAL DAS CIENCIAS NATURAIS
11202231675;NB3BIS0005-15SB;BASES COMPUTACIONAIS DA CIENCIA
11202231220;NA1BCS0001-15SB;BASE EXPERIMENTAL DAS CIENCIAS NATURAIS
11202231220;NA1BIJ0207-15SB;BASES CONCEITUAIS DA ENERGIA
11202231220;NA1BIK0102-15SB;ESTRUTURA DA MATERIA
11202231220;NA1BIL0304-15SB;EVOLUCAO E DIVERSIFICACAO DA VIDA NA TERRA
11202231220;NA1BIS0003-15SB;BASES MATEMATICAS
11202231220;NA1BIS0005-15SB;BASES COMPUTACIONAIS DA CIENCIA
11202230419;DB1BIJ0207-15SA;BASES CONCEITUAIS DA ENERGIA
11202230419;DB1BIK0102-15SA;ESTRUTURA DA MATERIA
11202230419;DB1BIL0304-15SA;EVOLUCAO E DIVERSIFICACAO DA VIDA NA TERRA
11202230419;DB1BIS0003-15SA;BASES MATEMATICAS
11202230419;DB5BCS0001-15SA;BASE EXPERIMENTAL DAS CIENCIAS NATURAIS
11202230419;DB5BIS0005-15SA;BASES COMPUTACIONAIS DA CIENCIA
11202231632;DB1NHI5001-15SA;DESENVOLVIMENTO E APRENDIZAGEM
11202231632;DB1NHZ2099-16SA;TOPICOS CONTEMPORANEOS EM EDUCACAO E FILOSOFIA
11202231632;DB1NHZ5023-18SA;PRATICAS ESCOLARES EM EDUCACAO ESPECIAL E INCLUSIVA
11202231632;DB2BIR0603-15SA;CIENCIA, TECNOLOGIA E SOCIEDADE
11202231632;DB3BIJ0207-15SA;BASES CONCEITUAIS DA ENERGIA
11202231632;DB6BIS0005-15SA;BASES COMPUTACIONAIS DA CIENCIA
11202231889;DB1BIJ0207-15SA;BASES CONCEITUAIS DA ENERGIA
11202231889;DB1BIK0102-15SA;ESTRUTURA DA MATERIA
11202231889;DB1BIL0304-15SA;EVOLUCAO E DIVERSIFICACAO DA VIDA NA TERRA
11202231889;DB1BIS0003-15SA;BASES MATEMATICAS
11202231889;DB5BCS0001-15SA;BASE EXPERIMENTAL DAS CIENCIAS NATURAIS
11202231889;DB5BIS0005-15SA;BASES COMPUTACIONAIS DA CIENCIA
11202231079;DC1BCS0001-15SB;BASE EXPERIMENTAL DAS CIENCIAS NATURAIS
11202231079;DC1BIJ0207-15SB;BASES CONCEITUAIS DA ENERGIA
11202231079;DC1BIK0102-15SB;ESTRUTURA DA MATERIA
11202231079;DC1BIL0304-15SB;EVOLUCAO E DIVERSIFICACAO DA VIDA NA TERRA
11202231079;DC1BIS0003-15SB;BASES MATEMATICAS
11202231079;DC1BIS0005-15SB;BASES COMPUTACIONAIS DA CIENCIA
11202230800;DC1BIJ0207-15SA;BASES CONCEITUAIS DA ENERGIA
11202230800;DC1BIK0102-15SA;ESTRUTURA DA MATERIA
11202230800;DC1BIL0304-15SA;EVOLUCAO E DIVERSIFICACAO DA VIDA NA TERRA
11202230800;DC1BIS0003-15SA;BASES MATEMATICAS
11202230800;DC1BIS0005-15SA;BASES COMPUTACIONAIS DA CIENCIA
11202230800;DC2BCS0001-15SA;BASE EXPERIMENTAL DAS CIENCIAS NATURAIS
11202230865;DC1BCS0001-15SA;BASE EXPERIMENTAL DAS CIENCIAS NATURAIS
11202230865;DC1BIJ0207-15SA;BASES CONCEITUAIS DA ENERGIA
11202230865;DC1BIK0102-15SA;ESTRUTURA DA MATERIA
11202230865;DC1BIL0304-15SA;EVOLUCAO E DIVERSIFICACAO DA VIDA NA TERRA
11202230865;DC1BIS0003-15SA;BASES MATEMATICAS
11202230865;DC1BIS0005-15SA;BASES COMPUTACIONAIS DA CIENCIA
11202231730;NC1BCS0001-15SA;BASE EXPERIMENTAL DAS CIENCIAS NATURAIS
11202231730;NC1BIJ0207-15SA;BASES CONCEITUAIS DA ENERGIA
11202231730;NC1BIK0102-15SA;ESTRUTURA DA MATERIA
11202231730;NC1BIL0304-15SA;EVOLUCAO E DIVERSIFICACAO DA VIDA NA TERRA
11202231730;NC1BIS0003-15SA;BASES MATEMATICAS
11202231730;NC1BIS0005-15SA;BASES COMPUTACIONAIS DA CIENCIA
11202230554;DA1BIJ0207-15SB;BASES CONCEITUAIS DA ENERGIA
11202230554;DA1BIK0102-15SB;ESTRUTURA DA MATERIA
11202230554;DA1BIL0304-15SB;EVOLUCAO E DIVERSIFICACAO DA VIDA NA TERRA
11202230554;DA1BIS0003-15SB;BASES MATEMATICAS
11202230554;DA2BCS0001-15SB;BASE EXPERIMENTAL DAS CIENCIAS NATURAIS
11202230554;DA2BIS0005-15SB;BASES COMPUTACIONAIS DA CIENCIA
11202231741;NB1BIJ0207-15SA;BASES CONCEITUAIS DA ENERGIA
11202231741;NB1BIK0102-15SA;ESTRUTURA DA MATERIA
11202231741;NB1BIL0304-15SA;EVOLUCAO E DIVERSIFICACAO DA VIDA NA TERRA
11202231741;NB1BIS0003-15SA;BASES MATEMATICAS
11202231741;NB3BCS0001-15SA;BASE EXPERIMENTAL DAS CIENCIAS NATURAIS
11202231741;NB3BIS0005-15SA;BASES COMPUTACIONAIS DA CIENCIA
11202231322;NB2BIJ0207-15SA;BASES CONCEITUAIS DA ENERGIA
11202231322;NB2BIK0102-15SA;ESTRUTURA DA MATERIA
11202231322;NB2BIL0304-15SA;EVOLUCAO E DIVERSIFICACAO DA VIDA NA TERRA
11202231322;NB2BIS0003-15SA;BASES MATEMATICAS
11202231322;NB4BCS0001-15SA;BASE EXPERIMENTAL DAS CIENCIAS NATURAIS
11202231322;NB4BIS0005-15SA;BASES COMPUTACIONAIS DA CIENCIA
11202230782;NB2BIJ0207-15SA;BASES CONCEITUAIS DA ENERGIA
11202230782;NB2BIK0102-15SA;ESTRUTURA DA MATERIA
11202230782;NB2BIL0304-15SA;EVOLUCAO E DIVERSIFICACAO DA VIDA NA TERRA
11202230782;NB2BIS0003-15SA;BASES MATEMATICAS
11202230782;NB5BCS0001-15SA;BASE EXPERIMENTAL DAS CIENCIAS NATURAIS
11202230782;NB5BIS0005-15SA;BASES COMPUTACIONAIS DA CIENCIA
11202230611;NA2BIJ0207-15SA;BASES CONCEITUAIS DA ENERGIA
11202230611;NA2BIK0102-15SA;ESTRUTURA DA MATERIA
11202230611;NA2BIL0304-15SA;EVOLUCAO E DIVERSIFICACAO DA VIDA NA TERRA
11202230611;NA2BIS0003-15SA;BASES MATEMATICAS
11202230611;NA6BCS0001-15SA;BASE EXPERIMENTAL DAS CIENCIAS NATURAIS
11202230611;NA6BIS0005-15SA;BASES COMPUTACIONAIS DA CIENCIA
11202230387;NC2BIJ0207-15SA;BASES CONCEITUAIS DA ENERGIA
11202230387;NC2BIK0102-15SA;ESTRUTURA DA MATERIA
11202230387;NC2BIL0304-15SA;EVOLUCAO E DIVERSIFICACAO DA VIDA NA TERRA
11202230387;NC2BIS0003-15SA;BASES MATEMATICAS
11202230387;NC5BCS0001-15SA;BASE EXPERIMENTAL DAS CIENCIAS NATURAIS
11202230387;NC5BIS0005-15SA;BASES COMPUTACIONAIS DA CIENCIA
11202231999;DB1BIJ0207-15SA;BASES CONCEITUAIS DA ENERGIA
11202231999;DB1BIK0102-15SA;ESTRUTURA DA MATERIA
11202231999;DB1BIL0304-15SA;EVOLUCAO E DIVERSIFICACAO DA VIDA NA TERRA
11202231999;DB1BIS0003-15SA;BASES MATEMATICAS
11202231999;DB4BCS0001-15SA;BASE EXPERIMENTAL DAS CIENCIAS NATURAIS
11202231999;DB4BIS0005-15SA;BASES COMPUTACIONAIS DA CIENCIA
11202231368;DB2BCS0001-15SA;BASE EXPERIMENTAL DAS CIENCIAS NATURAIS
11202231368;DB2BIJ0207-15SA;BASES CONCEITUAIS DA ENERGIA
11202231368;DB2BIK0102-15SA;ESTRUTURA DA MATERIA
11202231368;DB2BIL0304-15SA;EVOLUCAO E DIVERSIFICACAO DA VIDA NA TERRA
11202231368;DB2BIS0003-15SA;BASES MATEMATICAS
11202231368;DB2BIS0005-15SA;BASES COMPUTACIONAIS DA CIENCIA
11202230670;DB1BIJ0207-15SA;BASES CONCEITUAIS DA ENERGIA
11202230670;DB1BIK0102-15SA;ESTRUTURA DA MATERIA
11202230670;DB1BIL0304-15SA;EVOLUCAO E DIVERSIFICACAO DA VIDA NA TERRA
11202230670;DB1BIS0003-15SA;BASES MATEMATICAS
11202230670;DB6BCS0001-15SA;BASE EXPERIMENTAL DAS CIENCIAS NATURAIS
11202230670;DB6BIS0005-15SA;BASES COMPUTACIONAIS DA CIENCIA
11202230873;DA2BCS0001-15SA;BASE EXPERIMENTAL DAS CIENCIAS NATURAIS
11202230873;DA2BIJ0207-15SA;BASES CONCEITUAIS DA ENERGIA
11202230873;DA2BIK0102-15SA;ESTRUTURA DA MATERIA
11202230873;DA2BIL0304-15SA;EVOLUCAO E DIVERSIFICACAO DA VIDA NA TERRA
11202230873;DA2BIS0003-15SA;BASES MATEMATICAS
11202230873;DA2BIS0005-15SA;BASES COMPUTACIONAIS DA CIENCIA
11202231869;DC1BIJ0207-15SB;BASES CONCEITUAIS DA ENERGIA
11202231869;DC1BIK0102-15SB;ESTRUTURA DA MATERIA
11202231869;DC1BIL0304-15SB;EVOLUCAO E DIVERSIFICACAO DA VIDA NA TERRA
11202231869;DC1BIS0003-15SB;BASES MATEMATICAS
11202231869;DC2BCS0001-15SB;BASE EXPERIMENTAL DAS CIENCIAS NATURAIS
11202231869;DC3BIS0005-15SB;BASES COMPUTACIONAIS DA CIENCIA
11202231054;NA2BIJ0207-15SA;BASES CONCEITUAIS DA ENERGIA
11202231054;NA2BIK0102-15SA;ESTRUTURA DA MATERIA
11202231054;NA2BIL0304-15SA;EVOLUCAO E DIVERSIFICACAO DA VIDA NA TERRA
11202231054;NA2BIS0003-15SA;BASES MATEMATICAS
11202231054;NA4BCS0001-15SA;BASE EXPERIMENTAL DAS CIENCIAS NATURAIS
11202231054;NA4BIS0005-15SA;BASES COMPUTACIONAIS DA CIENCIA
11202212413;NA2BIJ0207-15SA;BASES CONCEITUAIS DA ENERGIA
11202212413;NA2BIK0102-15SA;ESTRUTURA DA MATERIA
11202212413;NA2BIL0304-15SA;EVOLUCAO E DIVERSIFICACAO DA VIDA NA TERRA
11202212413;NA2BIS0003-15SA;BASES MATEMATICAS
11202212413;NA4BCS0001-15SA;BASE EXPERIMENTAL DAS CIENCIAS NATURAIS
11202212413;NA4BIS0005-15SA;BASES COMPUTACIONAIS DA CIENCIA
11202212438;NA1NHI5001-15SB;DESENVOLVIMENTO E APRENDIZAGEM
11202212438;NA1NHZ2099-16SB;TOPICOS CONTEMPORANEOS EM EDUCACAO E FILOSOFIA
11202212438;NA1NHZ5023-18SB;PRATICAS ESCOLARES EM EDUCACAO ESPECIAL E INCLUSIVA
11202212438;NA6BIS0005-15SB;BASES COMPUTACIONAIS DA CIENCIA
11202212438;NC1BIJ0207-15SB;BASES CONCEITUAIS DA ENERGIA
11202212438;NA2BIR0603-15SB;CIENCIA, TECNOLOGIA E SOCIEDADE
11202231319;NB2BIJ0207-15SA;BASES CONCEITUAIS DA ENERGIA
11202231319;NB2BIK0102-15SA;ESTRUTURA DA MATERIA
11202231319;NB2BIL0304-15SA;EVOLUCAO E DIVERSIFICACAO DA VIDA NA TERRA
11202231319;NB2BIS0003-15SA;BASES MATEMATICAS
11202231319;NB5BCS0001-15SA;BASE EXPERIMENTAL DAS CIENCIAS NATURAIS
11202231319;NB5BIS0005-15SA;BASES COMPUTACIONAIS DA CIENCIA
11202231328;DB1BIJ0207-15SB;BASES CONCEITUAIS DA ENERGIA
11202231328;DB1BIK0102-15SB;ESTRUTURA DA MATERIA
11202231328;DB1BIL0304-15SB;EVOLUCAO E DIVERSIFICACAO DA VIDA NA TERRA
11202231328;DB1BIS0003-15SB;BASES MATEMATICAS
11202231328;DB3BCS0001-15SB;BASE EXPERIMENTAL DAS CIENCIAS NATURAIS
11202231328;DB3BIS0005-15SB;BASES COMPUTACIONAIS DA CIENCIA
11202231618;NA2BIJ0207-15SA;BASES CONCEITUAIS DA ENERGIA
11202231618;NA2BIK0102-15SA;ESTRUTURA DA MATERIA
11202231618;NA2BIL0304-15SA;EVOLUCAO E DIVERSIFICACAO DA VIDA NA TERRA
11202231618;NA2BIS0003-15SA;BASES MATEMATICAS
11202231618;NA4BCS0001-15SA;BASE EXPERIMENTAL DAS CIENCIAS NATURAIS
11202231618;NA4BIS0005-15SA;BASES COMPUTACIONAIS DA CIENCIA
11202230638;NC1BCS0001-15SA;BASE EXPERIMENTAL DAS CIENCIAS NATURAIS
11202230638;NC1BIJ0207-15SA;BASES CONCEITUAIS DA ENERGIA
11202230638;NC1BIK0102-15SA;ESTRUTURA DA MATERIA
11202230638;NC1BIL0304-15SA;EVOLUCAO E DIVERSIFICACAO DA VIDA NA TERRA
11202230638;NC1BIS0003-15SA;BASES MATEMATICAS
11202230638;NC1BIS0005-15SA;BASES COMPUTACIONAIS DA CIENCIA
11202230836;DC1BIJ0207-15SA;BASES CONCEITUAIS DA ENERGIA
11202230836;DC1BIK0102-15SA;ESTRUTURA DA MATERIA
11202230836;DC1BIL0304-15SA;EVOLUCAO E DIVERSIFICACAO DA VIDA NA TERRA
11202230836;DC1BIS0003-15SA;BASES MATEMATICAS
11202230836;DC1BIS0005-15SA;BASES COMPUTACIONAIS DA CIENCIA
11202230836;DC2BCS0001-15SA;BASE EXPERIMENTAL DAS CIENCIAS NATURAIS
11202231370;DA1BIJ0207-15SA;BASES CONCEITUAIS DA ENERGIA
11202231370;DA1BIK0102-15SA;ESTRUTURA DA MATERIA
11202231370;DA1BIL0304-15SA;EVOLUCAO E DIVERSIFICACAO DA VIDA NA TERRA
11202231370;DA1BIS0003-15SA;BASES MATEMATICAS
11202231370;DA3BCS0001-15SA;BASE EXPERIMENTAL DAS CIENCIAS NATURAIS
11202231370;DA3BIS0005-15SA;BASES COMPUTACIONAIS DA CIENCIA
11202232343;NB2BIJ0207-15SA;BASES CONCEITUAIS DA ENERGIA
11202232343;NB2BIK0102-15SA;ESTRUTURA DA MATERIA
11202232343;NB2BIL0304-15SA;EVOLUCAO E DIVERSIFICACAO DA VIDA NA TERRA
11202232343;NB2BIS0003-15SA;BASES MATEMATICAS
11202232343;NB5BCS0001-15SA;BASE EXPERIMENTAL DAS CIENCIAS NATURAIS
11202232343;NB5BIS0005-15SA;BASES COMPUTACIONAIS DA CIENCIA
11202231763;NA1BCS0001-15SA;BASE EXPERIMENTAL DAS CIENCIAS NATURAIS
11202231763;NA1BIJ0207-15SA;BASES CONCEITUAIS DA ENERGIA
11202231763;NA1BIK0102-15SA;ESTRUTURA DA MATERIA
11202231763;NA1BIL0304-15SA;EVOLUCAO E DIVERSIFICACAO DA VIDA NA TERRA
11202231763;NA1BIS0003-15SA;BASES MATEMATICAS
11202231763;NA1BIS0005-15SA;BASES COMPUTACIONAIS DA CIENCIA
11202230376;DB2BCS0001-15SA;BASE EXPERIMENTAL DAS CIENCIAS NATURAIS
11202230376;DB2BIJ0207-15SA;BASES CONCEITUAIS DA ENERGIA
11202230376;DB2BIK0102-15SA;ESTRUTURA DA MATERIA
11202230376;DB2BIL0304-15SA;EVOLUCAO E DIVERSIFICACAO DA VIDA NA TERRA
11202230376;DB2BIS0003-15SA;BASES MATEMATICAS
11202230376;DB2BIS0005-15SA;BASES COMPUTACIONAIS DA CIENCIA
11202232020;DC1BIJ0207-15SA;BASES CONCEITUAIS DA ENERGIA
11202232020;DC1BIK0102-15SA;ESTRUTURA DA MATERIA
11202232020;DC1BIL0304-15SA;EVOLUCAO E DIVERSIFICACAO DA VIDA NA TERRA
11202232020;DC1BIS0003-15SA;BASES MATEMATICAS
11202232020;DC2BIS0005-15SA;BASES COMPUTACIONAIS DA CIENCIA
11202232020;DC3BCS0001-15SA;BASE EXPERIMENTAL DAS CIENCIAS NATURAIS
11202231666;NA1BCS0001-15SA;BASE EXPERIMENTAL DAS CIENCIAS NATURAIS
11202231666;NA1BIJ0207-15SA;BASES CONCEITUAIS DA ENERGIA
11202231666;NA1BIK0102-15SA;ESTRUTURA DA MATERIA
11202231666;NA1BIL0304-15SA;EVOLUCAO E DIVERSIFICACAO DA VIDA NA TERRA
11202231666;NA1BIS0003-15SA;BASES MATEMATICAS
11202231666;NA1BIS0005-15SA;BASES COMPUTACIONAIS DA CIENCIA
11202231855;NA1BIJ0207-15SB;BASES CONCEITUAIS DA ENERGIA
11202231855;NA1BIK0102-15SB;ESTRUTURA DA MATERIA
11202231855;NA1BIL0304-15SB;EVOLUCAO E DIVERSIFICACAO DA VIDA NA TERRA
11202231855;NA1BIS0003-15SB;BASES MATEMATICAS
11202231855;NA2BCS0001-15SB;BASE EXPERIMENTAL DAS CIENCIAS NATURAIS
11202231855;NA2BIS0005-15SB;BASES COMPUTACIONAIS DA CIENCIA
11202231266;DA1BCS0001-15SA;BASE EXPERIMENTAL DAS CIENCIAS NATURAIS
11202231266;DA1BIJ0207-15SA;BASES CONCEITUAIS DA ENERGIA
11202231266;DA1BIK0102-15SA;ESTRUTURA DA MATERIA
11202231266;DA1BIL0304-15SA;EVOLUCAO E DIVERSIFICACAO DA VIDA NA TERRA
11202231266;DA1BIS0003-15SA;BASES MATEMATICAS
11202231266;DA1BIS0005-15SA;BASES COMPUTACIONAIS DA CIENCIA
11202232166;DC1BCS0001-15SA;BASE EXPERIMENTAL DAS CIENCIAS NATURAIS
11202232166;DC1BIJ0207-15SA;BASES CONCEITUAIS DA ENERGIA
11202232166;DC1BIK0102-15SA;ESTRUTURA DA MATERIA
11202232166;DC1BIL0304-15SA;EVOLUCAO E DIVERSIFICACAO DA VIDA NA TERRA
11202232166;DC1BIS0003-15SA;BASES MATEMATICAS
11202232166;DC1BIS0005-15SA;BASES COMPUTACIONAIS DA CIENCIA
11202231846;NC2BIJ0207-15SA;BASES CONCEITUAIS DA ENERGIA
11202231846;NC2BIK0102-15SA;ESTRUTURA DA MATERIA
11202231846;NC2BIL0304-15SA;EVOLUCAO E DIVERSIFICACAO DA VIDA NA TERRA
11202231846;NC2BIS0003-15SA;BASES MATEMATICAS
11202231846;NC4BCS0001-15SA;BASE EXPERIMENTAL DAS CIENCIAS NATURAIS
11202231846;NC4BIS0005-15SA;BASES COMPUTACIONAIS DA CIENCIA
11202212393;NC1BIJ0207-15SA;BASES CONCEITUAIS DA ENERGIA
11202212393;NC1BIK0102-15SA;ESTRUTURA DA MATERIA
11202212393;NC1BIL0304-15SA;EVOLUCAO E DIVERSIFICACAO DA VIDA NA TERRA
11202212393;NC1BIS0003-15SA;BASES MATEMATICAS
11202212393;NC2BCS0001-15SA;BASE EXPERIMENTAL DAS CIENCIAS NATURAIS
11202212393;NC2BIS0005-15SA;BASES COMPUTACIONAIS DA CIENCIA
11202230433;NB2BIJ0207-15SA;BASES CONCEITUAIS DA ENERGIA
11202230433;NB2BIK0102-15SA;ESTRUTURA DA MATERIA
11202230433;NB2BIL0304-15SA;EVOLUCAO E DIVERSIFICACAO DA VIDA NA TERRA
11202230433;NB2BIS0003-15SA;BASES MATEMATICAS
11202230433;NB6BCS0001-15SA;BASE EXPERIMENTAL DAS CIENCIAS NATURAIS
11202230433;NB6BIS0005-15SA;BASES COMPUTACIONAIS DA CIENCIA
11202230756;NA1BIJ0207-15SA;BASES CONCEITUAIS DA ENERGIA
11202230756;NA1BIK0102-15SA;ESTRUTURA DA MATERIA
11202230756;NA1BIL0304-15SA;EVOLUCAO E DIVERSIFICACAO DA VIDA NA TERRA
11202230756;NA1BIS0003-15SA;BASES MATEMATICAS
11202230756;NA2BCS0001-15SA;BASE EXPERIMENTAL DAS CIENCIAS NATURAIS
11202230756;NA2BIS0005-15SA;BASES COMPUTACIONAIS DA CIENCIA
11202231715;NA1NHI5001-15SB;DESENVOLVIMENTO E APRENDIZAGEM
11202231715;NA1NHZ2099-16SB;TOPICOS CONTEMPORANEOS EM EDUCACAO E FILOSOFIA
11202231715;NA1NHZ5023-18SB;PRATICAS ESCOLARES EM EDUCACAO ESPECIAL E INCLUSIVA
11202231715;NA6BIS0005-15SB;BASES COMPUTACIONAIS DA CIENCIA
11202231715;NC1BIJ0207-15SB;BASES CONCEITUAIS DA ENERGIA
11202231715;NA2BIR0603-15SB;CIENCIA, TECNOLOGIA E SOCIEDADE
11202230625;NB1NHI5001-15SA;DESENVOLVIMENTO E APRENDIZAGEM
11202230625;NB1NHZ2099-16SA;TOPICOS CONTEMPORANEOS EM EDUCACAO E FILOSOFIA
11202230625;NB1NHZ5023-18SA;PRATICAS ESCOLARES EM EDUCACAO ESPECIAL E INCLUSIVA
11202230625;NB2BIR0603-15SA;CIENCIA, TECNOLOGIA E SOCIEDADE
11202230625;NB3BIJ0207-15SA;BASES CONCEITUAIS DA ENERGIA
11202230625;NB7BIS0005-15SA;BASES COMPUTACIONAIS DA CIENCIA
11202231480;DB1BHO0001-19SB;INTRODUCAO AS HUMANIDADES E AS CIENCIAS SOCIAIS
11202231480;DB1BHP0202-19SB;TEMAS E PROBLEMAS EM FILOSOFIA
11202231480;DB1BHQ0001-15SB;IDENTIDADE E CULTURA
11202231480;DB1BHQ0003-15SB;INTERPRETACOES DO BRASIL
11202231480;DB2BIQ0602-15SB;ESTRUTURA E DINAMICA SOCIAL
11202231480;DB4BIS0005-15SB;BASES COMPUTACIONAIS DA CIENCIA
11202231517;DA1BIR0603-15SB;CIENCIA, TECNOLOGIA E SOCIEDADE
11202231517;DA1NHI5001-15SB;DESENVOLVIMENTO E APRENDIZAGEM
11202231517;DA1NHZ2099-16SB;TOPICOS CONTEMPORANEOS EM EDUCACAO E FILOSOFIA
11202231517;DA1NHZ5023-18SB;PRATICAS ESCOLARES EM EDUCACAO ESPECIAL E INCLUSIVA
11202231517;DA7BIS0005-15SB;BASES COMPUTACIONAIS DA CIENCIA
11202231517;DC1BIJ0207-15SB;BASES CONCEITUAIS DA ENERGIA
11202231674;DB1BHO0001-19SB;INTRODUCAO AS HUMANIDADES E AS CIENCIAS SOCIAIS
11202231674;DB1BHP0202-19SB;TEMAS E PROBLEMAS EM FILOSOFIA
11202231674;DB1BHQ0001-15SB;IDENTIDADE E CULTURA
11202231674;DB1BHQ0003-15SB;INTERPRETACOES DO BRASIL
11202231674;DB2BIQ0602-15SB;ESTRUTURA E DINAMICA SOCIAL
11202231674;DB4BIS0005-15SB;BASES COMPUTACIONAIS DA CIENCIA
11202230817;DA2BIJ0207-15SA;BASES CONCEITUAIS DA ENERGIA
11202230817;DA2BIK0102-15SA;ESTRUTURA DA MATERIA
11202230817;DA2BIL0304-15SA;EVOLUCAO E DIVERSIFICACAO DA VIDA NA TERRA
11202230817;DA2BIS0003-15SA;BASES MATEMATICAS
11202230817;DA4BIS0005-15SA;BASES COMPUTACIONAIS DA CIENCIA
11202230817;DA5BCS0001-15SA;BASE EXPERIMENTAL DAS CIENCIAS NATURAIS
11202232001;NC1BCS0001-15SA;BASE EXPERIMENTAL DAS CIENCIAS NATURAIS
11202232001;NC1BIJ0207-15SA;BASES CONCEITUAIS DA ENERGIA
11202232001;NC1BIK0102-15SA;ESTRUTURA DA MATERIA
11202232001;NC1BIL0304-15SA;EVOLUCAO E DIVERSIFICACAO DA VIDA NA TERRA
11202232001;NC1BIS0003-15SA;BASES MATEMATICAS
11202232001;NC1BIS0005-15SA;BASES COMPUTACIONAIS DA CIENCIA
11202231891;NC1BCS0001-15SB;BASE EXPERIMENTAL DAS CIENCIAS NATURAIS
11202231891;NC1BIJ0207-15SB;BASES CONCEITUAIS DA ENERGIA
11202231891;NC1BIK0102-15SB;ESTRUTURA DA MATERIA
11202231891;NC1BIL0304-15SB;EVOLUCAO E DIVERSIFICACAO DA VIDA NA TERRA
11202231891;NC1BIS0003-15SB;BASES MATEMATICAS
11202231891;NC1BIS0005-15SB;BASES COMPUTACIONAIS DA CIENCIA
11202232141;DB2BIJ0207-15SA;BASES CONCEITUAIS DA ENERGIA
11202232141;DB2BIK0102-15SA;ESTRUTURA DA MATERIA
11202232141;DB2BIL0304-15SA;EVOLUCAO E DIVERSIFICACAO DA VIDA NA TERRA
11202232141;DB2BIS0003-15SA;BASES MATEMATICAS
11202232141;DB3BCS0001-15SA;BASE EXPERIMENTAL DAS CIENCIAS NATURAIS
11202232141;DB3BIS0005-15SA;BASES COMPUTACIONAIS DA CIENCIA
11202230440;DA1BIJ0207-15SB;BASES CONCEITUAIS DA ENERGIA
11202230440;DA1BIK0102-15SB;ESTRUTURA DA MATERIA
11202230440;DA1BIL0304-15SB;EVOLUCAO E DIVERSIFICACAO DA VIDA NA TERRA
11202230440;DA1BIS0003-15SB;BASES MATEMATICAS
11202230440;DA3BCS0001-15SB;BASE EXPERIMENTAL DAS CIENCIAS NATURAIS
11202230440;DA3BIS0005-15SB;BASES COMPUTACIONAIS DA CIENCIA
11202230665;NC2BIJ0207-15SA;BASES CONCEITUAIS DA ENERGIA
11202230665;NC2BIK0102-15SA;ESTRUTURA DA MATERIA
11202230665;NC2BIL0304-15SA;EVOLUCAO E DIVERSIFICACAO DA VIDA NA TERRA
11202230665;NC2BIS0003-15SA;BASES MATEMATICAS
11202230665;NC5BCS0001-15SA;BASE EXPERIMENTAL DAS CIENCIAS NATURAIS
11202230665;NC5BIS0005-15SA;BASES COMPUTACIONAIS DA CIENCIA
11202231576;NB1BIJ0207-15SA;BASES CONCEITUAIS DA ENERGIA
11202231576;NB1BIK0102-15SA;ESTRUTURA DA MATERIA
11202231576;NB1BIL0304-15SA;EVOLUCAO E DIVERSIFICACAO DA VIDA NA TERRA
11202231576;NB1BIS0003-15SA;BASES MATEMATICAS
11202231576;NB2BCS0001-15SA;BASE EXPERIMENTAL DAS CIENCIAS NATURAIS
11202231576;NB2BIS0005-15SA;BASES COMPUTACIONAIS DA CIENCIA
11202230937;NB6BIS0005-15SB;BASES COMPUTACIONAIS DA CIENCIA
11202230937;NB1BHO0001-19SB;INTRODUCAO AS HUMANIDADES E AS CIENCIAS SOCIAIS
11202230937;NB1BHP0202-19SB;TEMAS E PROBLEMAS EM FILOSOFIA
11202230937;NB1BHQ0001-15SB;IDENTIDADE E CULTURA
11202230937;NB1BHQ0003-15SB;INTERPRETACOES DO BRASIL
11202230937;NB2BIQ0602-15SB;ESTRUTURA E DINAMICA SOCIAL
11202231022;DB1BCS0001-15SB;BASE EXPERIMENTAL DAS CIENCIAS NATURAIS
11202231022;DB1BIJ0207-15SB;BASES CONCEITUAIS DA ENERGIA
11202231022;DB1BIK0102-15SB;ESTRUTURA DA MATERIA
11202231022;DB1BIL0304-15SB;EVOLUCAO E DIVERSIFICACAO DA VIDA NA TERRA
11202231022;DB1BIS0003-15SB;BASES MATEMATICAS
11202231022;DB1BIS0005-15SB;BASES COMPUTACIONAIS DA CIENCIA
11202230773;NA1BCS0001-15SA;BASE EXPERIMENTAL DAS CIENCIAS NATURAIS
11202230773;NA1BIJ0207-15SA;BASES CONCEITUAIS DA ENERGIA
11202230773;NA1BIK0102-15SA;ESTRUTURA DA MATERIA
11202230773;NA1BIL0304-15SA;EVOLUCAO E DIVERSIFICACAO DA VIDA NA TERRA
11202230773;NA1BIS0003-15SA;BASES MATEMATICAS
11202230773;NA1BIS0005-15SA;BASES COMPUTACIONAIS DA CIENCIA
11202230708;DB1BHO0001-19SB;INTRODUCAO AS HUMANIDADES E AS CIENCIAS SOCIAIS
11202230708;DB1BHP0202-19SB;TEMAS E PROBLEMAS EM FILOSOFIA
11202230708;DB1BHQ0001-15SB;IDENTIDADE E CULTURA
11202230708;DB1BHQ0003-15SB;INTERPRETACOES DO BRASIL
11202230708;DB2BIQ0602-15SB;ESTRUTURA E DINAMICA SOCIAL
11202230708;DB4BIS0005-15SB;BASES COMPUTACIONAIS DA CIENCIA
11202231627;DB1BHO0001-19SB;INTRODUCAO AS HUMANIDADES E AS CIENCIAS SOCIAIS
11202231627;DB1BHP0202-19SB;TEMAS E PROBLEMAS EM FILOSOFIA
11202231627;DB1BHQ0001-15SB;IDENTIDADE E CULTURA
11202231627;DB1BHQ0003-15SB;INTERPRETACOES DO BRASIL
11202231627;DB2BIQ0602-15SB;ESTRUTURA E DINAMICA SOCIAL
11202231627;DB4BIS0005-15SB;BASES COMPUTACIONAIS DA CIENCIA
11202230429;DB1BIJ0207-15SA;BASES CONCEITUAIS DA ENERGIA
11202230429;DB1BIK0102-15SA;ESTRUTURA DA MATERIA
11202230429;DB1BIL0304-15SA;EVOLUCAO E DIVERSIFICACAO DA VIDA NA TERRA
11202230429;DB1BIS0003-15SA;BASES MATEMATICAS
11202230429;DB5BCS0001-15SA;BASE EXPERIMENTAL DAS CIENCIAS NATURAIS
11202230429;DB5BIS0005-15SA;BASES COMPUTACIONAIS DA CIENCIA
11202231169;DA1BCS0001-15SA;BASE EXPERIMENTAL DAS CIENCIAS NATURAIS
11202231169;DA1BIJ0207-15SA;BASES CONCEITUAIS DA ENERGIA
11202231169;DA1BIK0102-15SA;ESTRUTURA DA MATERIA
11202231169;DA1BIL0304-15SA;EVOLUCAO E DIVERSIFICACAO DA VIDA NA TERRA
11202231169;DA1BIS0003-15SA;BASES MATEMATICAS
11202231169;DA1BIS0005-15SA;BASES COMPUTACIONAIS DA CIENCIA
11202231232;DB1BCS0001-15SA;BASE EXPERIMENTAL DAS CIENCIAS NATURAIS
11202231232;DB1BIS0005-15SA;BASES COMPUTACIONAIS DA CIENCIA
11202231232;DB2BIJ0207-15SA;BASES CONCEITUAIS DA ENERGIA
11202231232;DB2BIK0102-15SA;ESTRUTURA DA MATERIA
11202231232;DB2BIL0304-15SA;EVOLUCAO E DIVERSIFICACAO DA VIDA NA TERRA
11202231232;DB2BIS0003-15SA;BASES MATEMATICAS
11202232041;DA2BIJ0207-15SA;BASES CONCEITUAIS DA ENERGIA
11202232041;DA2BIK0102-15SA;ESTRUTURA DA MATERIA
11202232041;DA2BIL0304-15SA;EVOLUCAO E DIVERSIFICACAO DA VIDA NA TERRA
11202232041;DA2BIS0003-15SA;BASES MATEMATICAS
11202232041;DA6BCS0001-15SA;BASE EXPERIMENTAL DAS CIENCIAS NATURAIS
11202232041;DA6BIS0005-15SA;BASES COMPUTACIONAIS DA CIENCIA
11202231403;NB6BIS0005-15SB;BASES COMPUTACIONAIS DA CIENCIA
11202231403;NB1BHO0001-19SB;INTRODUCAO AS HUMANIDADES E AS CIENCIAS SOCIAIS
11202231403;NB1BHP0202-19SB;TEMAS E PROBLEMAS EM FILOSOFIA
11202231403;NB1BHQ0001-15SB;IDENTIDADE E CULTURA
11202231403;NB1BHQ0003-15SB;INTERPRETACOES DO BRASIL
11202231403;NB2BIQ0602-15SB;ESTRUTURA E DINAMICA SOCIAL
11202231541;NA2BIJ0207-15SA;BASES CONCEITUAIS DA ENERGIA
11202231541;NA2BIK0102-15SA;ESTRUTURA DA MATERIA
11202231541;NA2BIL0304-15SA;EVOLUCAO E DIVERSIFICACAO DA VIDA NA TERRA
11202231541;NA2BIS0003-15SA;BASES MATEMATICAS
11202231541;NA4BCS0001-15SA;BASE EXPERIMENTAL DAS CIENCIAS NATURAIS
11202231541;NA4BIS0005-15SA;BASES COMPUTACIONAIS DA CIENCIA
11202231495;NB6BIS0005-15SB;BASES COMPUTACIONAIS DA CIENCIA
11202231495;NB1BHO0001-19SB;INTRODUCAO AS HUMANIDADES E AS CIENCIAS SOCIAIS
11202231495;NB1BHP0202-19SB;TEMAS E PROBLEMAS EM FILOSOFIA
11202231495;NB1BHQ0001-15SB;IDENTIDADE E CULTURA
11202231495;NB1BHQ0003-15SB;INTERPRETACOES DO BRASIL
11202231495;NB2BIQ0602-15SB;ESTRUTURA E DINAMICA SOCIAL
11202231506;DC1BCS0001-15SB;BASE EXPERIMENTAL DAS CIENCIAS NATURAIS
11202231506;DC1BIJ0207-15SB;BASES CONCEITUAIS DA ENERGIA
11202231506;DC1BIK0102-15SB;ESTRUTURA DA MATERIA
11202231506;DC1BIL0304-15SB;EVOLUCAO E DIVERSIFICACAO DA VIDA NA TERRA
11202231506;DC1BIS0003-15SB;BASES MATEMATICAS
11202231506;DC1BIS0005-15SB;BASES COMPUTACIONAIS DA CIENCIA
11202231745;DA1BIJ0207-15SA;BASES CONCEITUAIS DA ENERGIA
11202231745;DA1BIK0102-15SA;ESTRUTURA DA MATERIA
11202231745;DA1BIL0304-15SA;EVOLUCAO E DIVERSIFICACAO DA VIDA NA TERRA
11202231745;DA1BIS0003-15SA;BASES MATEMATICAS
11202231745;DA3BIS0005-15SA;BASES COMPUTACIONAIS DA CIENCIA
11202231745;DA4BCS0001-15SA;BASE EXPERIMENTAL DAS CIENCIAS NATURAIS
11202231412;NA1BCS0001-15SB;BASE EXPERIMENTAL DAS CIENCIAS NATURAIS
11202231412;NA1BIJ0207-15SB;BASES CONCEITUAIS DA ENERGIA
11202231412;NA1BIK0102-15SB;ESTRUTURA DA MATERIA
11202231412;NA1BIL0304-15SB;EVOLUCAO E DIVERSIFICACAO DA VIDA NA TERRA
11202231412;NA1BIS0003-15SB;BASES MATEMATICAS
11202231412;NA1BIS0005-15SB;BASES COMPUTACIONAIS DA CIENCIA
11202232136;DC2BIJ0207-15SA;BASES CONCEITUAIS DA ENERGIA
11202232136;DC2BIK0102-15SA;ESTRUTURA DA MATERIA
11202232136;DC2BIL0304-15SA;EVOLUCAO E DIVERSIFICACAO DA VIDA NA TERRA
11202232136;DC2BIS0003-15SA;BASES MATEMATICAS
11202232136;DC4BIS0005-15SA;BASES COMPUTACIONAIS DA CIENCIA
11202232136;DC5BCS0001-15SA;BASE EXPERIMENTAL DAS CIENCIAS NATURAIS
11202231267;NC2BIJ0207-15SA;BASES CONCEITUAIS DA ENERGIA
11202231267;NC2BIK0102-15SA;ESTRUTURA DA MATERIA
11202231267;NC2BIL0304-15SA;EVOLUCAO E DIVERSIFICACAO DA VIDA NA TERRA
11202231267;NC2BIS0003-15SA;BASES MATEMATICAS
11202231267;NC4BCS0001-15SA;BASE EXPERIMENTAL DAS CIENCIAS NATURAIS
11202231267;NC4BIS0005-15SA;BASES COMPUTACIONAIS DA CIENCIA
11202230841;NB6BIS0005-15SB;BASES COMPUTACIONAIS DA CIENCIA
11202230841;NB1BHO0001-19SB;INTRODUCAO AS HUMANIDADES E AS CIENCIAS SOCIAIS
11202230841;NB1BHP0202-19SB;TEMAS E PROBLEMAS EM FILOSOFIA
11202230841;NB1BHQ0001-15SB;IDENTIDADE E CULTURA
11202230841;NB1BHQ0003-15SB;INTERPRETACOES DO BRASIL
11202230841;NB2BIQ0602-15SB;ESTRUTURA E DINAMICA SOCIAL
11202230900;DB2BCS0001-15SA;BASE EXPERIMENTAL DAS CIENCIAS NATURAIS
11202230900;DB2BIJ0207-15SA;BASES CONCEITUAIS DA ENERGIA
11202230900;DB2BIK0102-15SA;ESTRUTURA DA MATERIA
11202230900;DB2BIL0304-15SA;EVOLUCAO E DIVERSIFICACAO DA VIDA NA TERRA
11202230900;DB2BIS0003-15SA;BASES MATEMATICAS
11202230900;DB2BIS0005-15SA;BASES COMPUTACIONAIS DA CIENCIA
11202230521;NA1BIJ0207-15SB;BASES CONCEITUAIS DA ENERGIA
11202230521;NA1BIK0102-15SB;ESTRUTURA DA MATERIA
11202230521;NA1BIL0304-15SB;EVOLUCAO E DIVERSIFICACAO DA VIDA NA TERRA
11202230521;NA1BIS0003-15SB;BASES MATEMATICAS
11202230521;NA2BCS0001-15SB;BASE EXPERIMENTAL DAS CIENCIAS NATURAIS
11202230521;NA2BIS0005-15SB;BASES COMPUTACIONAIS DA CIENCIA
11202230710;DB1BHO0001-19SB;INTRODUCAO AS HUMANIDADES E AS CIENCIAS SOCIAIS
11202230710;DB1BHP0202-19SB;TEMAS E PROBLEMAS EM FILOSOFIA
11202230710;DB1BHQ0001-15SB;IDENTIDADE E CULTURA
11202230710;DB1BHQ0003-15SB;INTERPRETACOES DO BRASIL
11202230710;DB2BIQ0602-15SB;ESTRUTURA E DINAMICA SOCIAL
11202230710;DB4BIS0005-15SB;BASES COMPUTACIONAIS DA CIENCIA
11202212439;DB1BCS0001-15SB;BASE EXPERIMENTAL DAS CIENCIAS NATURAIS
11202212439;DB1BIJ0207-15SB;BASES CONCEITUAIS DA ENERGIA
11202212439;DB1BIK0102-15SB;ESTRUTURA DA MATERIA
11202212439;DB1BIL0304-15SB;EVOLUCAO E DIVERSIFICACAO DA VIDA NA TERRA
11202212439;DB1BIS0003-15SB;BASES MATEMATICAS
11202212439;DB1BIS0005-15SB;BASES COMPUTACIONAIS DA CIENCIA
11202232151;DB1BIJ0207-15SB;BASES CONCEITUAIS DA ENERGIA
11202232151;DB1BIK0102-15SB;ESTRUTURA DA MATERIA
11202232151;DB1BIL0304-15SB;EVOLUCAO E DIVERSIFICACAO DA VIDA NA TERRA
11202232151;DB1BIS0003-15SB;BASES MATEMATICAS
11202232151;DB3BCS0001-15SB;BASE EXPERIMENTAL DAS CIENCIAS NATURAIS
11202232151;DB3BIS0005-15SB;BASES COMPUTACIONAIS DA CIENCIA
11202231841;NA2BIJ0207-15SA;BASES CONCEITUAIS DA ENERGIA
11202231841;NA2BIK0102-15SA;ESTRUTURA DA MATERIA
11202231841;NA2BIL0304-15SA;EVOLUCAO E DIVERSIFICACAO DA VIDA NA TERRA
11202231841;NA2BIS0003-15SA;BASES MATEMATICAS
11202231841;NA6BCS0001-15SA;BASE EXPERIMENTAL DAS CIENCIAS NATURAIS
11202231841;NA6BIS0005-15SA;BASES COMPUTACIONAIS DA CIENCIA
11202231610;NB2BIJ0207-15SA;BASES CONCEITUAIS DA ENERGIA
11202231610;NB2BIK0102-15SA;ESTRUTURA DA MATERIA
11202231610;NB2BIL0304-15SA;EVOLUCAO E DIVERSIFICACAO DA VIDA NA TERRA
11202231610;NB2BIS0003-15SA;BASES MATEMATICAS
11202231610;NB5BCS0001-15SA;BASE EXPERIMENTAL DAS CIENCIAS NATURAIS
11202231610;NB5BIS0005-15SA;BASES COMPUTACIONAIS DA CIENCIA
11202232342;DB1BHO0001-19SB;INTRODUCAO AS HUMANIDADES E AS CIENCIAS SOCIAIS
11202232342;DB1BHP0202-19SB;TEMAS E PROBLEMAS EM FILOSOFIA
11202232342;DB1BHQ0001-15SB;IDENTIDADE E CULTURA
11202232342;DB1BHQ0003-15SB;INTERPRETACOES DO BRASIL
11202232342;DB2BIQ0602-15SB;ESTRUTURA E DINAMICA SOCIAL
11202232342;DB4BIS0005-15SB;BASES COMPUTACIONAIS DA CIENCIA
11202230671;DA1BIR0603-15SB;CIENCIA, TECNOLOGIA E SOCIEDADE
11202230671;DA1NHI5001-15SB;DESENVOLVIMENTO E APRENDIZAGEM
11202230671;DA1NHZ2099-16SB;TOPICOS CONTEMPORANEOS EM EDUCACAO E FILOSOFIA
11202230671;DA1NHZ5023-18SB;PRATICAS ESCOLARES EM EDUCACAO ESPECIAL E INCLUSIVA
11202230671;DA7BIS0005-15SB;BASES COMPUTACIONAIS DA CIENCIA
11202230671;DC1BIJ0207-15SB;BASES CONCEITUAIS DA ENERGIA
11202231785;DC1BIJ0207-15SA;BASES CONCEITUAIS DA ENERGIA
11202231785;DC1BIK0102-15SA;ESTRUTURA DA MATERIA
11202231785;DC1BIL0304-15SA;EVOLUCAO E DIVERSIFICACAO DA VIDA NA TERRA
11202231785;DC1BIS0003-15SA;BASES MATEMATICAS
11202231785;DC1BIS0005-15SA;BASES COMPUTACIONAIS DA CIENCIA
11202231785;DC2BCS0001-15SA;BASE EXPERIMENTAL DAS CIENCIAS NATURAIS
11202231933;NB6BIS0005-15SB;BASES COMPUTACIONAIS DA CIENCIA
11202231933;NB1BHO0001-19SB;INTRODUCAO AS HUMANIDADES E AS CIENCIAS SOCIAIS
11202231933;NB1BHP0202-19SB;TEMAS E PROBLEMAS EM FILOSOFIA
11202231933;NB1BHQ0001-15SB;IDENTIDADE E CULTURA
11202231933;NB1BHQ0003-15SB;INTERPRETACOES DO BRASIL
11202231933;NB2BIQ0602-15SB;ESTRUTURA E DINAMICA SOCIAL
11202231973;DA2BIJ0207-15SA;BASES CONCEITUAIS DA ENERGIA
11202231973;DA2BIK0102-15SA;ESTRUTURA DA MATERIA
11202231973;DA2BIL0304-15SA;EVOLUCAO E DIVERSIFICACAO DA VIDA NA TERRA
11202231973;DA2BIS0003-15SA;BASES MATEMATICAS
11202231973;DA5BCS0001-15SA;BASE EXPERIMENTAL DAS CIENCIAS NATURAIS
11202231973;DA5BIS0005-15SA;BASES COMPUTACIONAIS DA CIENCIA
11202232039;DB1BCS0001-15SB;BASE EXPERIMENTAL DAS CIENCIAS NATURAIS
11202232039;DB1BIJ0207-15SB;BASES CONCEITUAIS DA ENERGIA
11202232039;DB1BIK0102-15SB;ESTRUTURA DA MATERIA
11202232039;DB1BIL0304-15SB;EVOLUCAO E DIVERSIFICACAO DA VIDA NA TERRA
11202232039;DB1BIS0003-15SB;BASES MATEMATICAS
11202232039;DB1BIS0005-15SB;BASES COMPUTACIONAIS DA CIENCIA
11202230532;NA1BIJ0207-15SB;BASES CONCEITUAIS DA ENERGIA
11202230532;NA1BIK0102-15SB;ESTRUTURA DA MATERIA
11202230532;NA1BIL0304-15SB;EVOLUCAO E DIVERSIFICACAO DA VIDA NA TERRA
11202230532;NA1BIS0003-15SB;BASES MATEMATICAS
11202230532;NA3BCS0001-15SB;BASE EXPERIMENTAL DAS CIENCIAS NATURAIS
11202230532;NA3BIS0005-15SB;BASES COMPUTACIONAIS DA CIENCIA
11202231856;NB2BIJ0207-15SA;BASES CONCEITUAIS DA ENERGIA
11202231856;NB2BIK0102-15SA;ESTRUTURA DA MATERIA
11202231856;NB2BIL0304-15SA;EVOLUCAO E DIVERSIFICACAO DA VIDA NA TERRA
11202231856;NB2BIS0003-15SA;BASES MATEMATICAS
11202231856;NB5BCS0001-15SA;BASE EXPERIMENTAL DAS CIENCIAS NATURAIS
11202231856;NB5BIS0005-15SA;BASES COMPUTACIONAIS DA CIENCIA
11202230884;DC1BCS0001-15SA;BASE EXPERIMENTAL DAS CIENCIAS NATURAIS
11202230884;DC1BIJ0207-15SA;BASES CONCEITUAIS DA ENERGIA
11202230884;DC1BIK0102-15SA;ESTRUTURA DA MATERIA
11202230884;DC1BIL0304-15SA;EVOLUCAO E DIVERSIFICACAO DA VIDA NA TERRA
11202230884;DC1BIS0003-15SA;BASES MATEMATICAS
11202230884;DC1BIS0005-15SA;BASES COMPUTACIONAIS DA CIENCIA
11202231794;NB6BIS0005-15SB;BASES COMPUTACIONAIS DA CIENCIA
11202231794;NB1BHO0001-19SB;INTRODUCAO AS HUMANIDADES E AS CIENCIAS SOCIAIS
11202231794;NB1BHP0202-19SB;TEMAS E PROBLEMAS EM FILOSOFIA
11202231794;NB1BHQ0001-15SB;IDENTIDADE E CULTURA
11202231794;NB1BHQ0003-15SB;INTERPRETACOES DO BRASIL
11202231794;NB2BIQ0602-15SB;ESTRUTURA E DINAMICA SOCIAL
11202230798;DB1BIJ0207-15SB;BASES CONCEITUAIS DA ENERGIA
11202230798;DB1BIK0102-15SB;ESTRUTURA DA MATERIA
11202230798;DB1BIL0304-15SB;EVOLUCAO E DIVERSIFICACAO DA VIDA NA TERRA
11202230798;DB1BIS0003-15SB;BASES MATEMATICAS
11202230798;DB2BCS0001-15SB;BASE EXPERIMENTAL DAS CIENCIAS NATURAIS
11202230798;DB2BIS0005-15SB;BASES COMPUTACIONAIS DA CIENCIA
11202230829;NB1BIJ0207-15SB;BASES CONCEITUAIS DA ENERGIA
11202230829;NB1BIK0102-15SB;ESTRUTURA DA MATERIA
11202230829;NB1BIL0304-15SB;EVOLUCAO E DIVERSIFICACAO DA VIDA NA TERRA
11202230829;NB1BIS0003-15SB;BASES MATEMATICAS
11202230829;NB2BCS0001-15SB;BASE EXPERIMENTAL DAS CIENCIAS NATURAIS
11202230829;NB2BIS0005-15SB;BASES COMPUTACIONAIS DA CIENCIA
11202230542;NA2BIJ0207-15SA;BASES CONCEITUAIS DA ENERGIA
11202230542;NA2BIK0102-15SA;ESTRUTURA DA MATERIA
11202230542;NA2BIL0304-15SA;EVOLUCAO E DIVERSIFICACAO DA VIDA NA TERRA
11202230542;NA2BIS0003-15SA;BASES MATEMATICAS
11202230542;NA6BCS0001-15SA;BASE EXPERIMENTAL DAS CIENCIAS NATURAIS
11202230542;NA6BIS0005-15SA;BASES COMPUTACIONAIS DA CIENCIA
11202231112;NB6BIS0005-15SB;BASES COMPUTACIONAIS DA CIENCIA
11202231112;NB1BHO0001-19SB;INTRODUCAO AS HUMANIDADES E AS CIENCIAS SOCIAIS
11202231112;NB1BHP0202-19SB;TEMAS E PROBLEMAS EM FILOSOFIA
11202231112;NB1BHQ0001-15SB;IDENTIDADE E CULTURA
11202231112;NB1BHQ0003-15SB;INTERPRETACOES DO BRASIL
11202231112;NB2BIQ0602-15SB;ESTRUTURA E DINAMICA SOCIAL
11202231212;NB1NHI5001-15SA;DESENVOLVIMENTO E APRENDIZAGEM
11202231212;NB1NHZ2099-16SA;TOPICOS CONTEMPORANEOS EM EDUCACAO E FILOSOFIA
11202231212;NB1NHZ5023-18SA;PRATICAS ESCOLARES EM EDUCACAO ESPECIAL E INCLUSIVA
11202231212;NB2BIR0603-15SA;CIENCIA, TECNOLOGIA E SOCIEDADE
11202231212;NB3BIJ0207-15SA;BASES CONCEITUAIS DA ENERGIA
11202231212;NB7BIS0005-15SA;BASES COMPUTACIONAIS DA CIENCIA
11202230662;NB6BIS0005-15SB;BASES COMPUTACIONAIS DA CIENCIA
11202230662;NB1BHO0001-19SB;INTRODUCAO AS HUMANIDADES E AS CIENCIAS SOCIAIS
11202230662;NB1BHP0202-19SB;TEMAS E PROBLEMAS EM FILOSOFIA
11202230662;NB1BHQ0001-15SB;IDENTIDADE E CULTURA
11202230662;NB1BHQ0003-15SB;INTERPRETACOES DO BRASIL
11202230662;NB2BIQ0602-15SB;ESTRUTURA E DINAMICA SOCIAL
11202231572;DB1BIJ0207-15SB;BASES CONCEITUAIS DA ENERGIA
11202231572;DB1BIK0102-15SB;ESTRUTURA DA MATERIA
11202231572;DB1BIL0304-15SB;EVOLUCAO E DIVERSIFICACAO DA VIDA NA TERRA
11202231572;DB1BIS0003-15SB;BASES MATEMATICAS
11202231572;DB2BCS0001-15SB;BASE EXPERIMENTAL DAS CIENCIAS NATURAIS
11202231572;DB2BIS0005-15SB;BASES COMPUTACIONAIS DA CIENCIA
11202230897;NB6BIS0005-15SB;BASES COMPUTACIONAIS DA CIENCIA
11202230897;NB1BHO0001-19SB;INTRODUCAO AS HUMANIDADES E AS CIENCIAS SOCIAIS
11202230897;NB1BHP0202-19SB;TEMAS E PROBLEMAS EM FILOSOFIA
11202230897;NB1BHQ0001-15SB;IDENTIDADE E CULTURA
11202230897;NB1BHQ0003-15SB;INTERPRETACOES DO BRASIL
11202230897;NB2BIQ0602-15SB;ESTRUTURA E DINAMICA SOCIAL
11202231569;NC1BIJ0207-15SB;BASES CONCEITUAIS DA ENERGIA
11202231569;NC1BIK0102-15SB;ESTRUTURA DA MATERIA
11202231569;NC1BIL0304-15SB;EVOLUCAO E DIVERSIFICACAO DA VIDA NA TERRA
11202231569;NC1BIS0003-15SB;BASES MATEMATICAS
11202231569;NC2BCS0001-15SB;BASE EXPERIMENTAL DAS CIENCIAS NATURAIS
11202231569;NC2BIS0005-15SB;BASES COMPUTACIONAIS DA CIENCIA
11202230599;DB1BIJ0207-15SA;BASES CONCEITUAIS DA ENERGIA
11202230599;DB1BIK0102-15SA;ESTRUTURA DA MATERIA
11202230599;DB1BIL0304-15SA;EVOLUCAO E DIVERSIFICACAO DA VIDA NA TERRA
11202230599;DB1BIS0003-15SA;BASES MATEMATICAS
11202230599;DB6BCS0001-15SA;BASE EXPERIMENTAL DAS CIENCIAS NATURAIS
11202230599;DB6BIS0005-15SA;BASES COMPUTACIONAIS DA CIENCIA
11202230642;NC2BIJ0207-15SA;BASES CONCEITUAIS DA ENERGIA
11202230642;NC2BIK0102-15SA;ESTRUTURA DA MATERIA
11202230642;NC2BIL0304-15SA;EVOLUCAO E DIVERSIFICACAO DA VIDA NA TERRA
11202230642;NC2BIS0003-15SA;BASES MATEMATICAS
11202230642;NC4BCS0001-15SA;BASE EXPERIMENTAL DAS CIENCIAS NATURAIS
11202230642;NC4BIS0005-15SA;BASES COMPUTACIONAIS DA CIENCIA
11202232173;DA1BIR0603-15SB;CIENCIA, TECNOLOGIA E SOCIEDADE
11202232173;DA1NHI5001-15SB;DESENVOLVIMENTO E APRENDIZAGEM
11202232173;DA1NHZ2099-16SB;TOPICOS CONTEMPORANEOS EM EDUCACAO E FILOSOFIA
11202232173;DA1NHZ5023-18SB;PRATICAS ESCOLARES EM EDUCACAO ESPECIAL E INCLUSIVA
11202232173;DA7BIS0005-15SB;BASES COMPUTACIONAIS DA CIENCIA
11202232173;DC1BIJ0207-15SB;BASES CONCEITUAIS DA ENERGIA
11202230904;NC1BCS0001-15SA;BASE EXPERIMENTAL DAS CIENCIAS NATURAIS
11202230904;NC1BIJ0207-15SA;BASES CONCEITUAIS DA ENERGIA
11202230904;NC1BIK0102-15SA;ESTRUTURA DA MATERIA
11202230904;NC1BIL0304-15SA;EVOLUCAO E DIVERSIFICACAO DA VIDA NA TERRA
11202230904;NC1BIS0003-15SA;BASES MATEMATICAS
11202230904;NC1BIS0005-15SA;BASES COMPUTACIONAIS DA CIENCIA
11202231249;NC2BIJ0207-15SA;BASES CONCEITUAIS DA ENERGIA
11202231249;NC2BIK0102-15SA;ESTRUTURA DA MATERIA
11202231249;NC2BIL0304-15SA;EVOLUCAO E DIVERSIFICACAO DA VIDA NA TERRA
11202231249;NC2BIS0003-15SA;BASES MATEMATICAS
11202231249;NC6BCS0001-15SA;BASE EXPERIMENTAL DAS CIENCIAS NATURAIS
11202231249;NC6BIS0005-15SA;BASES COMPUTACIONAIS DA CIENCIA
11202231932;DC2BIJ0207-15SA;BASES CONCEITUAIS DA ENERGIA
11202231932;DC2BIK0102-15SA;ESTRUTURA DA MATERIA
11202231932;DC2BIL0304-15SA;EVOLUCAO E DIVERSIFICACAO DA VIDA NA TERRA
11202231932;DC2BIS0003-15SA;BASES MATEMATICAS
11202231932;DC4BIS0005-15SA;BASES COMPUTACIONAIS DA CIENCIA
11202231932;DC5BCS0001-15SA;BASE EXPERIMENTAL DAS CIENCIAS NATURAIS
11202230427;NA1BCS0001-15SB;BASE EXPERIMENTAL DAS CIENCIAS NATURAIS
11202230427;NA1BIJ0207-15SB;BASES CONCEITUAIS DA ENERGIA
11202230427;NA1BIK0102-15SB;ESTRUTURA DA MATERIA
11202230427;NA1BIL0304-15SB;EVOLUCAO E DIVERSIFICACAO DA VIDA NA TERRA
11202230427;NA1BIS0003-15SB;BASES MATEMATICAS
11202230427;NA1BIS0005-15SB;BASES COMPUTACIONAIS DA CIENCIA
11202230891;DC1BCS0001-15SB;BASE EXPERIMENTAL DAS CIENCIAS NATURAIS
11202230891;DC1BIJ0207-15SB;BASES CONCEITUAIS DA ENERGIA
11202230891;DC1BIK0102-15SB;ESTRUTURA DA MATERIA
11202230891;DC1BIL0304-15SB;EVOLUCAO E DIVERSIFICACAO DA VIDA NA TERRA
11202230891;DC1BIS0003-15SB;BASES MATEMATICAS
11202230891;DC1BIS0005-15SB;BASES COMPUTACIONAIS DA CIENCIA
11202231119;NB6BIS0005-15SB;BASES COMPUTACIONAIS DA CIENCIA
11202231119;NB1BHO0001-19SB;INTRODUCAO AS HUMANIDADES E AS CIENCIAS SOCIAIS
11202231119;NB1BHP0202-19SB;TEMAS E PROBLEMAS EM FILOSOFIA
11202231119;NB1BHQ0001-15SB;IDENTIDADE E CULTURA
11202231119;NB1BHQ0003-15SB;INTERPRETACOES DO BRASIL
11202231119;NB2BIQ0602-15SB;ESTRUTURA E DINAMICA SOCIAL
11202230442;DC2BIJ0207-15SA;BASES CONCEITUAIS DA ENERGIA
11202230442;DC2BIK0102-15SA;ESTRUTURA DA MATERIA
11202230442;DC2BIL0304-15SA;EVOLUCAO E DIVERSIFICACAO DA VIDA NA TERRA
11202230442;DC2BIS0003-15SA;BASES MATEMATICAS
11202230442;DC4BIS0005-15SA;BASES COMPUTACIONAIS DA CIENCIA
11202230442;DC5BCS0001-15SA;BASE EXPERIMENTAL DAS CIENCIAS NATURAIS
11202231387;DB1BIJ0207-15SB;BASES CONCEITUAIS DA ENERGIA
11202231387;DB1BIK0102-15SB;ESTRUTURA DA MATERIA
11202231387;DB1BIL0304-15SB;EVOLUCAO E DIVERSIFICACAO DA VIDA NA TERRA
11202231387;DB1BIS0003-15SB;BASES MATEMATICAS
11202231387;DB2BCS0001-15SB;BASE EXPERIMENTAL DAS CIENCIAS NATURAIS
11202231387;DB2BIS0005-15SB;BASES COMPUTACIONAIS DA CIENCIA
11202230913;NB2BIJ0207-15SA;BASES CONCEITUAIS DA ENERGIA
11202230913;NB2BIK0102-15SA;ESTRUTURA DA MATERIA
11202230913;NB2BIL0304-15SA;EVOLUCAO E DIVERSIFICACAO DA VIDA NA TERRA
11202230913;NB2BIS0003-15SA;BASES MATEMATICAS
11202230913;NB4BCS0001-15SA;BASE EXPERIMENTAL DAS CIENCIAS NATURAIS
11202230913;NB4BIS0005-15SA;BASES COMPUTACIONAIS DA CIENCIA
11202231765;NA1NHI5001-15SB;DESENVOLVIMENTO E APRENDIZAGEM
11202231765;NA1NHZ2099-16SB;TOPICOS CONTEMPORANEOS EM EDUCACAO E FILOSOFIA
11202231765;NA1NHZ5023-18SB;PRATICAS ESCOLARES EM EDUCACAO ESPECIAL E INCLUSIVA
11202231765;NA6BIS0005-15SB;BASES COMPUTACIONAIS DA CIENCIA
11202231765;NC1BIJ0207-15SB;BASES CONCEITUAIS DA ENERGIA
11202231765;NA2BIR0603-15SB;CIENCIA, TECNOLOGIA E SOCIEDADE
11202232341;DB1NHI5001-15SA;DESENVOLVIMENTO E APRENDIZAGEM
11202232341;DB1NHZ2099-16SA;TOPICOS CONTEMPORANEOS EM EDUCACAO E FILOSOFIA
11202232341;DB1NHZ5023-18SA;PRATICAS ESCOLARES EM EDUCACAO ESPECIAL E INCLUSIVA
11202232341;DB2BIR0603-15SA;CIENCIA, TECNOLOGIA E SOCIEDADE
11202232341;DB3BIJ0207-15SA;BASES CONCEITUAIS DA ENERGIA
11202232341;DB6BIS0005-15SA;BASES COMPUTACIONAIS DA CIENCIA
11202232011;DB1BIJ0207-15SA;BASES CONCEITUAIS DA ENERGIA
11202232011;DB1BIK0102-15SA;ESTRUTURA DA MATERIA
11202232011;DB1BIL0304-15SA;EVOLUCAO E DIVERSIFICACAO DA VIDA NA TERRA
11202232011;DB1BIS0003-15SA;BASES MATEMATICAS
11202232011;DB5BCS0001-15SA;BASE EXPERIMENTAL DAS CIENCIAS NATURAIS
11202232011;DB5BIS0005-15SA;BASES COMPUTACIONAIS DA CIENCIA
11202231589;NA1BIJ0207-15SB;BASES CONCEITUAIS DA ENERGIA
11202231589;NA1BIK0102-15SB;ESTRUTURA DA MATERIA
11202231589;NA1BIL0304-15SB;EVOLUCAO E DIVERSIFICACAO DA VIDA NA TERRA
11202231589;NA1BIS0003-15SB;BASES MATEMATICAS
11202231589;NA3BCS0001-15SB;BASE EXPERIMENTAL DAS CIENCIAS NATURAIS
11202231589;NA3BIS0005-15SB;BASES COMPUTACIONAIS DA CIENCIA
11202231559;DB1BHO0001-19SB;INTRODUCAO AS HUMANIDADES E AS CIENCIAS SOCIAIS
11202231559;DB1BHP0202-19SB;TEMAS E PROBLEMAS EM FILOSOFIA
11202231559;DB1BHQ0001-15SB;IDENTIDADE E CULTURA
11202231559;DB1BHQ0003-15SB;INTERPRETACOES DO BRASIL
11202231559;DB2BIQ0602-15SB;ESTRUTURA E DINAMICA SOCIAL
11202231559;DB4BIS0005-15SB;BASES COMPUTACIONAIS DA CIENCIA
11202230784;DB1BCS0001-15SA;BASE EXPERIMENTAL DAS CIENCIAS NATURAIS
11202230784;DB1BIS0005-15SA;BASES COMPUTACIONAIS DA CIENCIA
11202230784;DB2BIJ0207-15SA;BASES CONCEITUAIS DA ENERGIA
11202230784;DB2BIK0102-15SA;ESTRUTURA DA MATERIA
11202230784;DB2BIL0304-15SA;EVOLUCAO E DIVERSIFICACAO DA VIDA NA TERRA
11202230784;DB2BIS0003-15SA;BASES MATEMATICAS
11202231936;DA1BIJ0207-15SB;BASES CONCEITUAIS DA ENERGIA
11202231936;DA1BIK0102-15SB;ESTRUTURA DA MATERIA
11202231936;DA1BIL0304-15SB;EVOLUCAO E DIVERSIFICACAO DA VIDA NA TERRA
11202231936;DA1BIS0003-15SB;BASES MATEMATICAS
11202231936;DA2BCS0001-15SB;BASE EXPERIMENTAL DAS CIENCIAS NATURAIS
11202231936;DA2BIS0005-15SB;BASES COMPUTACIONAIS DA CIENCIA
11202230456;DA1BIR0603-15SB;CIENCIA, TECNOLOGIA E SOCIEDADE
11202230456;DA1NHI5001-15SB;DESENVOLVIMENTO E APRENDIZAGEM
11202230456;DA1NHZ2099-16SB;TOPICOS CONTEMPORANEOS EM EDUCACAO E FILOSOFIA
11202230456;DA1NHZ5023-18SB;PRATICAS ESCOLARES EM EDUCACAO ESPECIAL E INCLUSIVA
11202230456;DA7BIS0005-15SB;BASES COMPUTACIONAIS DA CIENCIA
11202230456;DC1BIJ0207-15SB;BASES CONCEITUAIS DA ENERGIA
11202230803;DA1BIJ0207-15SB;BASES CONCEITUAIS DA ENERGIA
11202230803;DA1BIK0102-15SB;ESTRUTURA DA MATERIA
11202230803;DA1BIL0304-15SB;EVOLUCAO E DIVERSIFICACAO DA VIDA NA TERRA
11202230803;DA1BIS0003-15SB;BASES MATEMATICAS
11202230803;DA2BCS0001-15SB;BASE EXPERIMENTAL DAS CIENCIAS NATURAIS
11202230803;DA2BIS0005-15SB;BASES COMPUTACIONAIS DA CIENCIA
11202231034;DC1BCS0001-15SB;BASE EXPERIMENTAL DAS CIENCIAS NATURAIS
11202231034;DC1BIJ0207-15SB;BASES CONCEITUAIS DA ENERGIA
11202231034;DC1BIK0102-15SB;ESTRUTURA DA MATERIA
11202231034;DC1BIL0304-15SB;EVOLUCAO E DIVERSIFICACAO DA VIDA NA TERRA
11202231034;DC1BIS0003-15SB;BASES MATEMATICAS
11202231034;DC1BIS0005-15SB;BASES COMPUTACIONAIS DA CIENCIA
11202232017;DA2BIJ0207-15SA;BASES CONCEITUAIS DA ENERGIA
11202232017;DA2BIK0102-15SA;ESTRUTURA DA MATERIA
11202232017;DA2BIL0304-15SA;EVOLUCAO E DIVERSIFICACAO DA VIDA NA TERRA
11202232017;DA2BIS0003-15SA;BASES MATEMATICAS
11202232017;DA5BIS0005-15SA;BASES COMPUTACIONAIS DA CIENCIA
11202232017;DA6BCS0001-15SA;BASE EXPERIMENTAL DAS CIENCIAS NATURAIS
11202231500;NB6BIS0005-15SB;BASES COMPUTACIONAIS DA CIENCIA
11202231500;NB1BHO0001-19SB;INTRODUCAO AS HUMANIDADES E AS CIENCIAS SOCIAIS
11202231500;NB1BHP0202-19SB;TEMAS E PROBLEMAS EM FILOSOFIA
11202231500;NB1BHQ0001-15SB;IDENTIDADE E CULTURA
11202231500;NB1BHQ0003-15SB;INTERPRETACOES DO BRASIL
11202231500;NB2BIQ0602-15SB;ESTRUTURA E DINAMICA SOCIAL
11202230493;DB1BHO0001-19SB;INTRODUCAO AS HUMANIDADES E AS CIENCIAS SOCIAIS
11202230493;DB1BHP0202-19SB;TEMAS E PROBLEMAS EM FILOSOFIA
11202230493;DB1BHQ0001-15SB;IDENTIDADE E CULTURA
11202230493;DB1BHQ0003-15SB;INTERPRETACOES DO BRASIL
11202230493;DB2BIQ0602-15SB;ESTRUTURA E DINAMICA SOCIAL
11202230493;DB4BIS0005-15SB;BASES COMPUTACIONAIS DA CIENCIA
11202212403;DB1BHO0001-19SB;INTRODUCAO AS HUMANIDADES E AS CIENCIAS SOCIAIS
11202212403;DB1BHP0202-19SB;TEMAS E PROBLEMAS EM FILOSOFIA
11202212403;DB1BHQ0001-15SB;IDENTIDADE E CULTURA
11202212403;DB1BHQ0003-15SB;INTERPRETACOES DO BRASIL
11202212403;DB2BIQ0602-15SB;ESTRUTURA E DINAMICA SOCIAL
11202212403;DB4BIS0005-15SB;BASES COMPUTACIONAIS DA CIENCIA
11202230649;DB1BHO0001-19SB;INTRODUCAO AS HUMANIDADES E AS CIENCIAS SOCIAIS
11202230649;DB1BHP0202-19SB;TEMAS E PROBLEMAS EM FILOSOFIA
11202230649;DB1BHQ0001-15SB;IDENTIDADE E CULTURA
11202230649;DB1BHQ0003-15SB;INTERPRETACOES DO BRASIL
11202230649;DB2BIQ0602-15SB;ESTRUTURA E DINAMICA SOCIAL
11202230649;DB4BIS0005-15SB;BASES COMPUTACIONAIS DA CIENCIA
11202231789;DA1BCS0001-15SA;BASE EXPERIMENTAL DAS CIENCIAS NATURAIS
11202231789;DA1BIJ0207-15SA;BASES CONCEITUAIS DA ENERGIA
11202231789;DA1BIK0102-15SA;ESTRUTURA DA MATERIA
11202231789;DA1BIL0304-15SA;EVOLUCAO E DIVERSIFICACAO DA VIDA NA TERRA
11202231789;DA1BIS0003-15SA;BASES MATEMATICAS
11202231789;DA1BIS0005-15SA;BASES COMPUTACIONAIS DA CIENCIA
11202232340;NC2BIJ0207-15SA;BASES CONCEITUAIS DA ENERGIA
11202232340;NC2BIK0102-15SA;ESTRUTURA DA MATERIA
11202232340;NC2BIL0304-15SA;EVOLUCAO E DIVERSIFICACAO DA VIDA NA TERRA
11202232340;NC2BIS0003-15SA;BASES MATEMATICAS
11202232340;NC6BCS0001-15SA;BASE EXPERIMENTAL DAS CIENCIAS NATURAIS
11202232340;NC6BIS0005-15SA;BASES COMPUTACIONAIS DA CIENCIA
11202231836;NB2BIJ0207-15SA;BASES CONCEITUAIS DA ENERGIA
11202231836;NB2BIK0102-15SA;ESTRUTURA DA MATERIA
11202231836;NB2BIL0304-15SA;EVOLUCAO E DIVERSIFICACAO DA VIDA NA TERRA
11202231836;NB2BIS0003-15SA;BASES MATEMATICAS
11202231836;NB6BCS0001-15SA;BASE EXPERIMENTAL DAS CIENCIAS NATURAIS
11202231836;NB6BIS0005-15SA;BASES COMPUTACIONAIS DA CIENCIA
11202232047;DB1BHO0001-19SB;INTRODUCAO AS HUMANIDADES E AS CIENCIAS SOCIAIS
11202232047;DB1BHP0202-19SB;TEMAS E PROBLEMAS EM FILOSOFIA
11202232047;DB1BHQ0001-15SB;IDENTIDADE E CULTURA
11202232047;DB1BHQ0003-15SB;INTERPRETACOES DO BRASIL
11202232047;DB2BIQ0602-15SB;ESTRUTURA E DINAMICA SOCIAL
11202232047;DB4BIS0005-15SB;BASES COMPUTACIONAIS DA CIENCIA
11202231628;NA1BCS0001-15SB;BASE EXPERIMENTAL DAS CIENCIAS NATURAIS
11202231628;NA1BIJ0207-15SB;BASES CONCEITUAIS DA ENERGIA
11202231628;NA1BIK0102-15SB;ESTRUTURA DA MATERIA
11202231628;NA1BIL0304-15SB;EVOLUCAO E DIVERSIFICACAO DA VIDA NA TERRA
11202231628;NA1BIS0003-15SB;BASES MATEMATICAS
11202231628;NA1BIS0005-15SB;BASES COMPUTACIONAIS DA CIENCIA
11202231712;NB1NHI5001-15SA;DESENVOLVIMENTO E APRENDIZAGEM
11202231712;NB1NHZ2099-16SA;TOPICOS CONTEMPORANEOS EM EDUCACAO E FILOSOFIA
11202231712;NB1NHZ5023-18SA;PRATICAS ESCOLARES EM EDUCACAO ESPECIAL E INCLUSIVA
11202231712;NB2BIR0603-15SA;CIENCIA, TECNOLOGIA E SOCIEDADE
11202231712;NB3BIJ0207-15SA;BASES CONCEITUAIS DA ENERGIA
11202231712;NB7BIS0005-15SA;BASES COMPUTACIONAIS DA CIENCIA
11202232004;DA1BIJ0207-15SB;BASES CONCEITUAIS DA ENERGIA
11202232004;DA1BIK0102-15SB;ESTRUTURA DA MATERIA
11202232004;DA1BIL0304-15SB;EVOLUCAO E DIVERSIFICACAO DA VIDA NA TERRA
11202232004;DA1BIS0003-15SB;BASES MATEMATICAS
11202232004;DA2BCS0001-15SB;BASE EXPERIMENTAL DAS CIENCIAS NATURAIS
11202232004;DA2BIS0005-15SB;BASES COMPUTACIONAIS DA CIENCIA
11202230666;NB6BIS0005-15SB;BASES COMPUTACIONAIS DA CIENCIA
11202230666;NB1BHO0001-19SB;INTRODUCAO AS HUMANIDADES E AS CIENCIAS SOCIAIS
11202230666;NB1BHP0202-19SB;TEMAS E PROBLEMAS EM FILOSOFIA
11202230666;NB1BHQ0001-15SB;IDENTIDADE E CULTURA
11202230666;NB1BHQ0003-15SB;INTERPRETACOES DO BRASIL
11202230666;NB2BIQ0602-15SB;ESTRUTURA E DINAMICA SOCIAL
11202230950;DA2BCS0001-15SA;BASE EXPERIMENTAL DAS CIENCIAS NATURAIS
11202230950;DA2BIJ0207-15SA;BASES CONCEITUAIS DA ENERGIA
11202230950;DA2BIK0102-15SA;ESTRUTURA DA MATERIA
11202230950;DA2BIL0304-15SA;EVOLUCAO E DIVERSIFICACAO DA VIDA NA TERRA
11202230950;DA2BIS0003-15SA;BASES MATEMATICAS
11202230950;DA2BIS0005-15SA;BASES COMPUTACIONAIS DA CIENCIA
11202232337;DB1BHO0001-19SB;INTRODUCAO AS HUMANIDADES E AS CIENCIAS SOCIAIS
11202232338;DB1BHO0001-19SB;INTRODUCAO AS HUMANIDADES E AS CIENCIAS SOCIAIS
11202232337;DB1BHP0202-19SB;TEMAS E PROBLEMAS EM FILOSOFIA
11202232338;DB1BHP0202-19SB;TEMAS E PROBLEMAS EM FILOSOFIA
11202232337;DB1BHQ0001-15SB;IDENTIDADE E CULTURA
11202232338;DB1BHQ0001-15SB;IDENTIDADE E CULTURA
11202232337;DB1BHQ0003-15SB;INTERPRETACOES DO BRASIL
11202232338;DB1BHQ0003-15SB;INTERPRETACOES DO BRASIL
11202232337;DB2BIQ0602-15SB;ESTRUTURA E DINAMICA SOCIAL
11202232338;DB2BIQ0602-15SB;ESTRUTURA E DINAMICA SOCIAL
11202232337;DB4BIS0005-15SB;BASES COMPUTACIONAIS DA CIENCIA
11202232338;DB4BIS0005-15SB;BASES COMPUTACIONAIS DA CIENCIA
11202231235;NB6BIS0005-15SB;BASES COMPUTACIONAIS DA CIENCIA
11202231235;NB1BHO0001-19SB;INTRODUCAO AS HUMANIDADES E AS CIENCIAS SOCIAIS
11202231235;NB1BHP0202-19SB;TEMAS E PROBLEMAS EM FILOSOFIA
11202231235;NB1BHQ0001-15SB;IDENTIDADE E CULTURA
11202231235;NB1BHQ0003-15SB;INTERPRETACOES DO BRASIL
11202231235;NB2BIQ0602-15SB;ESTRUTURA E DINAMICA SOCIAL
11202230974;NA1BIJ0207-15SA;BASES CONCEITUAIS DA ENERGIA
11202230974;NA1BIK0102-15SA;ESTRUTURA DA MATERIA
11202230974;NA1BIL0304-15SA;EVOLUCAO E DIVERSIFICACAO DA VIDA NA TERRA
11202230974;NA1BIS0003-15SA;BASES MATEMATICAS
11202230974;NA2BCS0001-15SA;BASE EXPERIMENTAL DAS CIENCIAS NATURAIS
11202230974;NA2BIS0005-15SA;BASES COMPUTACIONAIS DA CIENCIA
11202231546;DC1BIJ0207-15SB;BASES CONCEITUAIS DA ENERGIA
11202231546;DC1BIK0102-15SB;ESTRUTURA DA MATERIA
11202231546;DC1BIL0304-15SB;EVOLUCAO E DIVERSIFICACAO DA VIDA NA TERRA
11202231546;DC1BIS0003-15SB;BASES MATEMATICAS
11202231546;DC2BCS0001-15SB;BASE EXPERIMENTAL DAS CIENCIAS NATURAIS
11202231546;DC3BIS0005-15SB;BASES COMPUTACIONAIS DA CIENCIA
11202230229;DA4BCS0001-15SA;BASE EXPERIMENTAL DAS CIENCIAS NATURAIS
11202230229;DA2BIJ0207-15SA;BASES CONCEITUAIS DA ENERGIA
11202230229;DA2BIK0102-15SA;ESTRUTURA DA MATERIA
11202230229;DA2BIL0304-15SA;EVOLUCAO E DIVERSIFICACAO DA VIDA NA TERRA
11202230229;DA2BIS0003-15SA;BASES MATEMATICAS
11202230229;DA2BIS0005-15SA;BASES COMPUTACIONAIS DA CIENCIA
11202231719;DC2BIJ0207-15SA;BASES CONCEITUAIS DA ENERGIA
11202231719;DC2BIK0102-15SA;ESTRUTURA DA MATERIA
11202231719;DC2BIL0304-15SA;EVOLUCAO E DIVERSIFICACAO DA VIDA NA TERRA
11202231719;DC2BIS0003-15SA;BASES MATEMATICAS
11202231719;DC3BIS0005-15SA;BASES COMPUTACIONAIS DA CIENCIA
11202231719;DC4BCS0001-15SA;BASE EXPERIMENTAL DAS CIENCIAS NATURAIS
11202230328;DA1BIJ0207-15SB;BASES CONCEITUAIS DA ENERGIA
11202230328;DA1BIK0102-15SB;ESTRUTURA DA MATERIA
11202230328;DA1BIL0304-15SB;EVOLUCAO E DIVERSIFICACAO DA VIDA NA TERRA
11202230328;DA1BIS0003-15SB;BASES MATEMATICAS
11202230328;DA3BCS0001-15SB;BASE EXPERIMENTAL DAS CIENCIAS NATURAIS
11202230328;DA3BIS0005-15SB;BASES COMPUTACIONAIS DA CIENCIA
11202231058;DB1BCS0001-15SB;BASE EXPERIMENTAL DAS CIENCIAS NATURAIS
11202231058;DB1BIJ0207-15SB;BASES CONCEITUAIS DA ENERGIA
11202231058;DB1BIK0102-15SB;ESTRUTURA DA MATERIA
11202231058;DB1BIL0304-15SB;EVOLUCAO E DIVERSIFICACAO DA VIDA NA TERRA
11202231058;DB1BIS0003-15SB;BASES MATEMATICAS
11202231058;DB1BIS0005-15SB;BASES COMPUTACIONAIS DA CIENCIA
11202231953;DB1BHO0001-19SB;INTRODUCAO AS HUMANIDADES E AS CIENCIAS SOCIAIS
11202231953;DB1BHP0202-19SB;TEMAS E PROBLEMAS EM FILOSOFIA
11202231953;DB1BHQ0001-15SB;IDENTIDADE E CULTURA
11202231953;DB1BHQ0003-15SB;INTERPRETACOES DO BRASIL
11202231953;DB2BIQ0602-15SB;ESTRUTURA E DINAMICA SOCIAL
11202231953;DB4BIS0005-15SB;BASES COMPUTACIONAIS DA CIENCIA
11202230508;NB6BIS0005-15SB;BASES COMPUTACIONAIS DA CIENCIA
11202230508;NB1BHO0001-19SB;INTRODUCAO AS HUMANIDADES E AS CIENCIAS SOCIAIS
11202230508;NB1BHP0202-19SB;TEMAS E PROBLEMAS EM FILOSOFIA
11202230508;NB1BHQ0001-15SB;IDENTIDADE E CULTURA
11202230508;NB1BHQ0003-15SB;INTERPRETACOES DO BRASIL
11202230508;NB2BIQ0602-15SB;ESTRUTURA E DINAMICA SOCIAL
11202231145;DB1BHO0001-19SB;INTRODUCAO AS HUMANIDADES E AS CIENCIAS SOCIAIS
11202231145;DB1BHP0202-19SB;TEMAS E PROBLEMAS EM FILOSOFIA
11202231145;DB1BHQ0001-15SB;IDENTIDADE E CULTURA
11202231145;DB1BHQ0003-15SB;INTERPRETACOES DO BRASIL
11202231145;DB2BIQ0602-15SB;ESTRUTURA E DINAMICA SOCIAL
11202231145;DB4BIS0005-15SB;BASES COMPUTACIONAIS DA CIENCIA
11202231358;DA1BIJ0207-15SA;BASES CONCEITUAIS DA ENERGIA
11202231358;DA1BIK0102-15SA;ESTRUTURA DA MATERIA
11202231358;DA1BIL0304-15SA;EVOLUCAO E DIVERSIFICACAO DA VIDA NA TERRA
11202231358;DA1BIS0003-15SA;BASES MATEMATICAS
11202231358;DA4BCS0001-15SA;BASE EXPERIMENTAL DAS CIENCIAS NATURAIS
11202231358;DA4BIS0005-15SA;BASES COMPUTACIONAIS DA CIENCIA
11202230354;NA1BIJ0207-15SB;BASES CONCEITUAIS DA ENERGIA
11202230354;NA1BIK0102-15SB;ESTRUTURA DA MATERIA
11202230354;NA1BIL0304-15SB;EVOLUCAO E DIVERSIFICACAO DA VIDA NA TERRA
11202230354;NA1BIS0003-15SB;BASES MATEMATICAS
11202230354;NA3BCS0001-15SB;BASE EXPERIMENTAL DAS CIENCIAS NATURAIS
11202230354;NA3BIS0005-15SB;BASES COMPUTACIONAIS DA CIENCIA
11202231417;DC1BIJ0207-15SB;BASES CONCEITUAIS DA ENERGIA
11202231417;DC1BIK0102-15SB;ESTRUTURA DA MATERIA
11202231417;DC1BIL0304-15SB;EVOLUCAO E DIVERSIFICACAO DA VIDA NA TERRA
11202231417;DC1BIS0003-15SB;BASES MATEMATICAS
11202231417;DC2BCS0001-15SB;BASE EXPERIMENTAL DAS CIENCIAS NATURAIS
11202231417;DC3BIS0005-15SB;BASES COMPUTACIONAIS DA CIENCIA
11202230559;NB1BHO0001-19SB;INTRODUCAO AS HUMANIDADES E AS CIENCIAS SOCIAIS
11202230559;NB1BHP0202-19SB;TEMAS E PROBLEMAS EM FILOSOFIA
11202230559;NB1BHQ0001-15SB;IDENTIDADE E CULTURA
11202230559;NB1BHQ0003-15SB;INTERPRETACOES DO BRASIL
11202230559;NB2BIQ0602-15SB;ESTRUTURA E DINAMICA SOCIAL
11202230559;NB4BIS0005-15SB;BASES COMPUTACIONAIS DA CIENCIA
11202230570;NB1BIJ0207-15SB;BASES CONCEITUAIS DA ENERGIA
11202230570;NB1BIK0102-15SB;ESTRUTURA DA MATERIA
11202230570;NB1BIL0304-15SB;EVOLUCAO E DIVERSIFICACAO DA VIDA NA TERRA
11202230570;NB1BIS0003-15SB;BASES MATEMATICAS
11202230570;NB3BCS0001-15SB;BASE EXPERIMENTAL DAS CIENCIAS NATURAIS
11202230570;NB3BIS0005-15SB;BASES COMPUTACIONAIS DA CIENCIA
11202231513;NA2BIJ0207-15SA;BASES CONCEITUAIS DA ENERGIA
11202231513;NA2BIK0102-15SA;ESTRUTURA DA MATERIA
11202231513;NA2BIL0304-15SA;EVOLUCAO E DIVERSIFICACAO DA VIDA NA TERRA
11202231513;NA2BIS0003-15SA;BASES MATEMATICAS
11202231513;NA6BCS0001-15SA;BASE EXPERIMENTAL DAS CIENCIAS NATURAIS
11202231513;NA6BIS0005-15SA;BASES COMPUTACIONAIS DA CIENCIA
11202231568;NB1BCS0001-15SB;BASE EXPERIMENTAL DAS CIENCIAS NATURAIS
11202231568;NB1BIJ0207-15SB;BASES CONCEITUAIS DA ENERGIA
11202231568;NB1BIK0102-15SB;ESTRUTURA DA MATERIA
11202231568;NB1BIL0304-15SB;EVOLUCAO E DIVERSIFICACAO DA VIDA NA TERRA
11202231568;NB1BIS0003-15SB;BASES MATEMATICAS
11202231568;NB1BIS0005-15SB;BASES COMPUTACIONAIS DA CIENCIA
11202232336;DB1NHI5001-15SA;DESENVOLVIMENTO E APRENDIZAGEM
11202232336;DB1NHZ2099-16SA;TOPICOS CONTEMPORANEOS EM EDUCACAO E FILOSOFIA
11202232336;DB1NHZ5023-18SA;PRATICAS ESCOLARES EM EDUCACAO ESPECIAL E INCLUSIVA
11202232336;DB2BIR0603-15SA;CIENCIA, TECNOLOGIA E SOCIEDADE
11202232336;DB3BIJ0207-15SA;BASES CONCEITUAIS DA ENERGIA
11202232336;DB6BIS0005-15SA;BASES COMPUTACIONAIS DA CIENCIA
11202212475;NB1BHO0001-19SB;INTRODUCAO AS HUMANIDADES E AS CIENCIAS SOCIAIS
11202212475;NB1BHP0202-19SB;TEMAS E PROBLEMAS EM FILOSOFIA
11202212475;NB1BHQ0001-15SB;IDENTIDADE E CULTURA
11202212475;NB1BHQ0003-15SB;INTERPRETACOES DO BRASIL
11202212475;NB2BIQ0602-15SB;ESTRUTURA E DINAMICA SOCIAL
11202212475;NB4BIS0005-15SB;BASES COMPUTACIONAIS DA CIENCIA
11202231809;NB1BHO0001-19SB;INTRODUCAO AS HUMANIDADES E AS CIENCIAS SOCIAIS
11202231809;NB1BHP0202-19SB;TEMAS E PROBLEMAS EM FILOSOFIA
11202231809;NB1BHQ0001-15SB;IDENTIDADE E CULTURA
11202231809;NB1BHQ0003-15SB;INTERPRETACOES DO BRASIL
11202231809;NB2BIQ0602-15SB;ESTRUTURA E DINAMICA SOCIAL
11202231809;NB4BIS0005-15SB;BASES COMPUTACIONAIS DA CIENCIA
11202230226;DA1BIJ0207-15SB;BASES CONCEITUAIS DA ENERGIA
11202230226;DA1BIK0102-15SB;ESTRUTURA DA MATERIA
11202230226;DA1BIL0304-15SB;EVOLUCAO E DIVERSIFICACAO DA VIDA NA TERRA
11202230226;DA1BIS0003-15SB;BASES MATEMATICAS
11202230226;DA2BCS0001-15SB;BASE EXPERIMENTAL DAS CIENCIAS NATURAIS
11202230226;DA2BIS0005-15SB;BASES COMPUTACIONAIS DA CIENCIA
11202231872;DC2BIJ0207-15SA;BASES CONCEITUAIS DA ENERGIA
11202231872;DC2BIK0102-15SA;ESTRUTURA DA MATERIA
11202231872;DC2BIL0304-15SA;EVOLUCAO E DIVERSIFICACAO DA VIDA NA TERRA
11202231872;DC2BIS0003-15SA;BASES MATEMATICAS
11202231872;DC3BIS0005-15SA;BASES COMPUTACIONAIS DA CIENCIA
11202231872;DC4BCS0001-15SA;BASE EXPERIMENTAL DAS CIENCIAS NATURAIS
11202231733;DB1BIJ0207-15SB;BASES CONCEITUAIS DA ENERGIA
11202231733;DB1BIK0102-15SB;ESTRUTURA DA MATERIA
11202231733;DB1BIL0304-15SB;EVOLUCAO E DIVERSIFICACAO DA VIDA NA TERRA
11202231733;DB1BIS0003-15SB;BASES MATEMATICAS
11202231733;DB3BCS0001-15SB;BASE EXPERIMENTAL DAS CIENCIAS NATURAIS
11202231733;DB3BIS0005-15SB;BASES COMPUTACIONAIS DA CIENCIA
11202230555;DB1BCS0001-15SA;BASE EXPERIMENTAL DAS CIENCIAS NATURAIS
11202230555;DB1BIS0005-15SA;BASES COMPUTACIONAIS DA CIENCIA
11202230555;DB2BIJ0207-15SA;BASES CONCEITUAIS DA ENERGIA
11202230555;DB2BIK0102-15SA;ESTRUTURA DA MATERIA
11202230555;DB2BIL0304-15SA;EVOLUCAO E DIVERSIFICACAO DA VIDA NA TERRA
11202230555;DB2BIS0003-15SA;BASES MATEMATICAS
11202212440;DB1BCS0001-15SA;BASE EXPERIMENTAL DAS CIENCIAS NATURAIS
11202212440;DB1BIS0005-15SA;BASES COMPUTACIONAIS DA CIENCIA
11202212440;DB2BIJ0207-15SA;BASES CONCEITUAIS DA ENERGIA
11202212440;DB2BIK0102-15SA;ESTRUTURA DA MATERIA
11202212440;DB2BIL0304-15SA;EVOLUCAO E DIVERSIFICACAO DA VIDA NA TERRA
11202212440;DB2BIS0003-15SA;BASES MATEMATICAS
11202230405;NB2BIJ0207-15SA;BASES CONCEITUAIS DA ENERGIA
11202230405;NB2BIK0102-15SA;ESTRUTURA DA MATERIA
11202230405;NB2BIL0304-15SA;EVOLUCAO E DIVERSIFICACAO DA VIDA NA TERRA
11202230405;NB2BIS0003-15SA;BASES MATEMATICAS
11202230405;NB4BCS0001-15SA;BASE EXPERIMENTAL DAS CIENCIAS NATURAIS
11202230405;NB4BIS0005-15SA;BASES COMPUTACIONAIS DA CIENCIA
11202231007;DB1BCS0001-15SB;BASE EXPERIMENTAL DAS CIENCIAS NATURAIS
11202231007;DB1BIJ0207-15SB;BASES CONCEITUAIS DA ENERGIA
11202231007;DB1BIK0102-15SB;ESTRUTURA DA MATERIA
11202231007;DB1BIL0304-15SB;EVOLUCAO E DIVERSIFICACAO DA VIDA NA TERRA
11202231007;DB1BIS0003-15SB;BASES MATEMATICAS
11202231007;DB1BIS0005-15SB;BASES COMPUTACIONAIS DA CIENCIA
11202230644;NB1BCS0001-15SA;BASE EXPERIMENTAL DAS CIENCIAS NATURAIS
11202230644;NB1BIJ0207-15SA;BASES CONCEITUAIS DA ENERGIA
11202230644;NB1BIK0102-15SA;ESTRUTURA DA MATERIA
11202230644;NB1BIL0304-15SA;EVOLUCAO E DIVERSIFICACAO DA VIDA NA TERRA
11202230644;NB1BIS0003-15SA;BASES MATEMATICAS
11202230644;NB1BIS0005-15SA;BASES COMPUTACIONAIS DA CIENCIA
11202230719;DB1BCS0001-15SB;BASE EXPERIMENTAL DAS CIENCIAS NATURAIS
11202230719;DB1BIJ0207-15SB;BASES CONCEITUAIS DA ENERGIA
11202230719;DB1BIK0102-15SB;ESTRUTURA DA MATERIA
11202230719;DB1BIL0304-15SB;EVOLUCAO E DIVERSIFICACAO DA VIDA NA TERRA
11202230719;DB1BIS0003-15SB;BASES MATEMATICAS
11202230719;DB1BIS0005-15SB;BASES COMPUTACIONAIS DA CIENCIA
11202230919;DA1BIJ0207-15SB;BASES CONCEITUAIS DA ENERGIA
11202230919;DA1BIK0102-15SB;ESTRUTURA DA MATERIA
11202230919;DA1BIL0304-15SB;EVOLUCAO E DIVERSIFICACAO DA VIDA NA TERRA
11202230919;DA1BIS0003-15SB;BASES MATEMATICAS
11202230919;DA3BCS0001-15SB;BASE EXPERIMENTAL DAS CIENCIAS NATURAIS
11202230919;DA3BIS0005-15SB;BASES COMPUTACIONAIS DA CIENCIA
11202231453;NC1BIJ0207-15SA;BASES CONCEITUAIS DA ENERGIA
11202231453;NC1BIK0102-15SA;ESTRUTURA DA MATERIA
11202231453;NC1BIL0304-15SA;EVOLUCAO E DIVERSIFICACAO DA VIDA NA TERRA
11202231453;NC1BIS0003-15SA;BASES MATEMATICAS
11202231453;NC3BCS0001-15SA;BASE EXPERIMENTAL DAS CIENCIAS NATURAIS
11202231453;NC3BIS0005-15SA;BASES COMPUTACIONAIS DA CIENCIA
11202231943;DB1BHO0001-19SB;INTRODUCAO AS HUMANIDADES E AS CIENCIAS SOCIAIS
11202231943;DB1BHP0202-19SB;TEMAS E PROBLEMAS EM FILOSOFIA
11202231943;DB1BHQ0001-15SB;IDENTIDADE E CULTURA
11202231943;DB1BHQ0003-15SB;INTERPRETACOES DO BRASIL
11202231943;DB2BIQ0602-15SB;ESTRUTURA E DINAMICA SOCIAL
11202231943;DB4BIS0005-15SB;BASES COMPUTACIONAIS DA CIENCIA
11202230397;DB1BHO0001-19SB;INTRODUCAO AS HUMANIDADES E AS CIENCIAS SOCIAIS
11202230397;DB1BHP0202-19SB;TEMAS E PROBLEMAS EM FILOSOFIA
11202230397;DB1BHQ0001-15SB;IDENTIDADE E CULTURA
11202230397;DB1BHQ0003-15SB;INTERPRETACOES DO BRASIL
11202230397;DB2BIQ0602-15SB;ESTRUTURA E DINAMICA SOCIAL
11202230397;DB4BIS0005-15SB;BASES COMPUTACIONAIS DA CIENCIA
11202232101;NC2BIJ0207-15SA;BASES CONCEITUAIS DA ENERGIA
11202232101;NC2BIK0102-15SA;ESTRUTURA DA MATERIA
11202232101;NC2BIL0304-15SA;EVOLUCAO E DIVERSIFICACAO DA VIDA NA TERRA
11202232101;NC2BIS0003-15SA;BASES MATEMATICAS
11202232101;NC4BCS0001-15SA;BASE EXPERIMENTAL DAS CIENCIAS NATURAIS
11202232101;NC4BIS0005-15SA;BASES COMPUTACIONAIS DA CIENCIA
11202230755;NA2BIJ0207-15SA;BASES CONCEITUAIS DA ENERGIA
11202230755;NA2BIK0102-15SA;ESTRUTURA DA MATERIA
11202230755;NA2BIL0304-15SA;EVOLUCAO E DIVERSIFICACAO DA VIDA NA TERRA
11202230755;NA2BIS0003-15SA;BASES MATEMATICAS
11202230755;NA6BCS0001-15SA;BASE EXPERIMENTAL DAS CIENCIAS NATURAIS
11202230755;NA6BIS0005-15SA;BASES COMPUTACIONAIS DA CIENCIA
11202230320;DB1BHO0001-19SB;INTRODUCAO AS HUMANIDADES E AS CIENCIAS SOCIAIS
11202230320;DB1BHP0202-19SB;TEMAS E PROBLEMAS EM FILOSOFIA
11202230320;DB1BHQ0001-15SB;IDENTIDADE E CULTURA
11202230320;DB1BHQ0003-15SB;INTERPRETACOES DO BRASIL
11202230320;DB2BIQ0602-15SB;ESTRUTURA E DINAMICA SOCIAL
11202230320;DB4BIS0005-15SB;BASES COMPUTACIONAIS DA CIENCIA
11202230729;NA1BCS0001-15SA;BASE EXPERIMENTAL DAS CIENCIAS NATURAIS
11202230729;NA1BIJ0207-15SA;BASES CONCEITUAIS DA ENERGIA
11202230729;NA1BIK0102-15SA;ESTRUTURA DA MATERIA
11202230729;NA1BIL0304-15SA;EVOLUCAO E DIVERSIFICACAO DA VIDA NA TERRA
11202230729;NA1BIS0003-15SA;BASES MATEMATICAS
11202230729;NA1BIS0005-15SA;BASES COMPUTACIONAIS DA CIENCIA
11202230362;DC1BIJ0207-15SA;BASES CONCEITUAIS DA ENERGIA
11202230362;DC1BIK0102-15SA;ESTRUTURA DA MATERIA
11202230362;DC1BIL0304-15SA;EVOLUCAO E DIVERSIFICACAO DA VIDA NA TERRA
11202230362;DC1BIS0003-15SA;BASES MATEMATICAS
11202230362;DC1BIS0005-15SA;BASES COMPUTACIONAIS DA CIENCIA
11202230362;DC2BCS0001-15SA;BASE EXPERIMENTAL DAS CIENCIAS NATURAIS
11202231117;NC1BCS0001-15SA;BASE EXPERIMENTAL DAS CIENCIAS NATURAIS
11202231117;NC1BIJ0207-15SA;BASES CONCEITUAIS DA ENERGIA
11202231117;NC1BIK0102-15SA;ESTRUTURA DA MATERIA
11202231117;NC1BIL0304-15SA;EVOLUCAO E DIVERSIFICACAO DA VIDA NA TERRA
11202231117;NC1BIS0003-15SA;BASES MATEMATICAS
11202231117;NC1BIS0005-15SA;BASES COMPUTACIONAIS DA CIENCIA
11202231075;NB1BHO0001-19SB;INTRODUCAO AS HUMANIDADES E AS CIENCIAS SOCIAIS
11202231075;NB1BHP0202-19SB;TEMAS E PROBLEMAS EM FILOSOFIA
11202231075;NB1BHQ0001-15SB;IDENTIDADE E CULTURA
11202231075;NB1BHQ0003-15SB;INTERPRETACOES DO BRASIL
11202231075;NB2BIQ0602-15SB;ESTRUTURA E DINAMICA SOCIAL
11202231075;NB4BIS0005-15SB;BASES COMPUTACIONAIS DA CIENCIA
11202231586;NB1BHO0001-19SB;INTRODUCAO AS HUMANIDADES E AS CIENCIAS SOCIAIS
11202231586;NB1BHP0202-19SB;TEMAS E PROBLEMAS EM FILOSOFIA
11202231586;NB1BHQ0001-15SB;IDENTIDADE E CULTURA
11202231586;NB1BHQ0003-15SB;INTERPRETACOES DO BRASIL
11202231586;NB2BIQ0602-15SB;ESTRUTURA E DINAMICA SOCIAL
11202231586;NB4BIS0005-15SB;BASES COMPUTACIONAIS DA CIENCIA
11202232335;NC2BIJ0207-15SA;BASES CONCEITUAIS DA ENERGIA
11202232335;NC2BIK0102-15SA;ESTRUTURA DA MATERIA
11202232335;NC2BIL0304-15SA;EVOLUCAO E DIVERSIFICACAO DA VIDA NA TERRA
11202232335;NC2BIS0003-15SA;BASES MATEMATICAS
11202232335;NC5BCS0001-15SA;BASE EXPERIMENTAL DAS CIENCIAS NATURAIS
11202232335;NC5BIS0005-15SA;BASES COMPUTACIONAIS DA CIENCIA
11202231873;NC1BCS0001-15SA;BASE EXPERIMENTAL DAS CIENCIAS NATURAIS
11202231873;NC1BIJ0207-15SA;BASES CONCEITUAIS DA ENERGIA
11202231873;NC1BIK0102-15SA;ESTRUTURA DA MATERIA
11202231873;NC1BIL0304-15SA;EVOLUCAO E DIVERSIFICACAO DA VIDA NA TERRA
11202231873;NC1BIS0003-15SA;BASES MATEMATICAS
11202231873;NC1BIS0005-15SA;BASES COMPUTACIONAIS DA CIENCIA
11202232135;DC1BIJ0207-15SA;BASES CONCEITUAIS DA ENERGIA
11202232135;DC1BIK0102-15SA;ESTRUTURA DA MATERIA
11202232135;DC1BIL0304-15SA;EVOLUCAO E DIVERSIFICACAO DA VIDA NA TERRA
11202232135;DC1BIS0003-15SA;BASES MATEMATICAS
11202232135;DC2BIS0005-15SA;BASES COMPUTACIONAIS DA CIENCIA
11202232135;DC3BCS0001-15SA;BASE EXPERIMENTAL DAS CIENCIAS NATURAIS
11202230953;DB1BIJ0207-15SB;BASES CONCEITUAIS DA ENERGIA
11202230953;DB1BIK0102-15SB;ESTRUTURA DA MATERIA
11202230953;DB1BIL0304-15SB;EVOLUCAO E DIVERSIFICACAO DA VIDA NA TERRA
11202230953;DB1BIS0003-15SB;BASES MATEMATICAS
11202230953;DB2BCS0001-15SB;BASE EXPERIMENTAL DAS CIENCIAS NATURAIS
11202230953;DB2BIS0005-15SB;BASES COMPUTACIONAIS DA CIENCIA
11202230561;NA2BIJ0207-15SA;BASES CONCEITUAIS DA ENERGIA
11202230561;NA2BIK0102-15SA;ESTRUTURA DA MATERIA
11202230561;NA2BIL0304-15SA;EVOLUCAO E DIVERSIFICACAO DA VIDA NA TERRA
11202230561;NA2BIS0003-15SA;BASES MATEMATICAS
11202230561;NA6BCS0001-15SA;BASE EXPERIMENTAL DAS CIENCIAS NATURAIS
11202230561;NA6BIS0005-15SA;BASES COMPUTACIONAIS DA CIENCIA
11202231711;NA1NHI5001-15SB;DESENVOLVIMENTO E APRENDIZAGEM
11202231711;NA1NHZ2099-16SB;TOPICOS CONTEMPORANEOS EM EDUCACAO E FILOSOFIA
11202231711;NA1NHZ5023-18SB;PRATICAS ESCOLARES EM EDUCACAO ESPECIAL E INCLUSIVA
11202231711;NA6BIS0005-15SB;BASES COMPUTACIONAIS DA CIENCIA
11202231711;NC1BIJ0207-15SB;BASES CONCEITUAIS DA ENERGIA
11202231711;NA2BIR0603-15SB;CIENCIA, TECNOLOGIA E SOCIEDADE
11202231783;DA2BIJ0207-15SA;BASES CONCEITUAIS DA ENERGIA
11202231783;DA2BIK0102-15SA;ESTRUTURA DA MATERIA
11202231783;DA2BIL0304-15SA;EVOLUCAO E DIVERSIFICACAO DA VIDA NA TERRA
11202231783;DA2BIS0003-15SA;BASES MATEMATICAS
11202231783;DA5BCS0001-15SA;BASE EXPERIMENTAL DAS CIENCIAS NATURAIS
11202231783;DA5BIS0005-15SA;BASES COMPUTACIONAIS DA CIENCIA
11202230905;DC1BIJ0207-15SA;BASES CONCEITUAIS DA ENERGIA
11202230905;DC1BIK0102-15SA;ESTRUTURA DA MATERIA
11202230905;DC1BIL0304-15SA;EVOLUCAO E DIVERSIFICACAO DA VIDA NA TERRA
11202230905;DC1BIS0003-15SA;BASES MATEMATICAS
11202230905;DC2BCS0001-15SA;BASE EXPERIMENTAL DAS CIENCIAS NATURAIS
11202230905;DC2BIS0005-15SA;BASES COMPUTACIONAIS DA CIENCIA
11202231871;DA1BIJ0207-15SA;BASES CONCEITUAIS DA ENERGIA
11202231871;DA1BIK0102-15SA;ESTRUTURA DA MATERIA
11202231871;DA1BIL0304-15SA;EVOLUCAO E DIVERSIFICACAO DA VIDA NA TERRA
11202231871;DA1BIS0003-15SA;BASES MATEMATICAS
11202231871;DA4BCS0001-15SA;BASE EXPERIMENTAL DAS CIENCIAS NATURAIS
11202231871;DA4BIS0005-15SA;BASES COMPUTACIONAIS DA CIENCIA
11202231309;DB1BIJ0207-15SA;BASES CONCEITUAIS DA ENERGIA
11202231309;DB1BIK0102-15SA;ESTRUTURA DA MATERIA
11202231309;DB1BIL0304-15SA;EVOLUCAO E DIVERSIFICACAO DA VIDA NA TERRA
11202231309;DB1BIS0003-15SA;BASES MATEMATICAS
11202231309;DB5BCS0001-15SA;BASE EXPERIMENTAL DAS CIENCIAS NATURAIS
11202231309;DB5BIS0005-15SA;BASES COMPUTACIONAIS DA CIENCIA
11202231769;NA1BIJ0207-15SB;BASES CONCEITUAIS DA ENERGIA
11202231769;NA1BIK0102-15SB;ESTRUTURA DA MATERIA
11202231769;NA1BIL0304-15SB;EVOLUCAO E DIVERSIFICACAO DA VIDA NA TERRA
11202231769;NA1BIS0003-15SB;BASES MATEMATICAS
11202231769;NA2BCS0001-15SB;BASE EXPERIMENTAL DAS CIENCIAS NATURAIS
11202231769;NA2BIS0005-15SB;BASES COMPUTACIONAIS DA CIENCIA
11202231071;DB1BHO0001-19SB;INTRODUCAO AS HUMANIDADES E AS CIENCIAS SOCIAIS
11202231071;DB1BHP0202-19SB;TEMAS E PROBLEMAS EM FILOSOFIA
11202231071;DB1BHQ0001-15SB;IDENTIDADE E CULTURA
11202231071;DB1BHQ0003-15SB;INTERPRETACOES DO BRASIL
11202231071;DB2BIQ0602-15SB;ESTRUTURA E DINAMICA SOCIAL
11202231071;DB4BIS0005-15SB;BASES COMPUTACIONAIS DA CIENCIA
11202231094;DB2BIJ0207-15SA;BASES CONCEITUAIS DA ENERGIA
11202231094;DB2BIK0102-15SA;ESTRUTURA DA MATERIA
11202231094;DB2BIL0304-15SA;EVOLUCAO E DIVERSIFICACAO DA VIDA NA TERRA
11202231094;DB2BIS0003-15SA;BASES MATEMATICAS
11202231094;DB3BCS0001-15SA;BASE EXPERIMENTAL DAS CIENCIAS NATURAIS
11202231094;DB3BIS0005-15SA;BASES COMPUTACIONAIS DA CIENCIA
11202230848;DC1BIJ0207-15SA;BASES CONCEITUAIS DA ENERGIA
11202230848;DC1BIK0102-15SA;ESTRUTURA DA MATERIA
11202230848;DC1BIL0304-15SA;EVOLUCAO E DIVERSIFICACAO DA VIDA NA TERRA
11202230848;DC1BIS0003-15SA;BASES MATEMATICAS
11202230848;DC2BIS0005-15SA;BASES COMPUTACIONAIS DA CIENCIA
11202230848;DC3BCS0001-15SA;BASE EXPERIMENTAL DAS CIENCIAS NATURAIS
11202231085;NA1NHI5001-15SB;DESENVOLVIMENTO E APRENDIZAGEM
11202231085;NA1NHZ2099-16SB;TOPICOS CONTEMPORANEOS EM EDUCACAO E FILOSOFIA
11202231085;NA1NHZ5023-18SB;PRATICAS ESCOLARES EM EDUCACAO ESPECIAL E INCLUSIVA
11202231085;NA6BIS0005-15SB;BASES COMPUTACIONAIS DA CIENCIA
11202231085;NC1BIJ0207-15SB;BASES CONCEITUAIS DA ENERGIA
11202231085;NA2BIR0603-15SB;CIENCIA, TECNOLOGIA E SOCIEDADE
11202231577;NB2BIJ0207-15SA;BASES CONCEITUAIS DA ENERGIA
11202231577;NB2BIK0102-15SA;ESTRUTURA DA MATERIA
11202231577;NB2BIL0304-15SA;EVOLUCAO E DIVERSIFICACAO DA VIDA NA TERRA
11202231577;NB2BIS0003-15SA;BASES MATEMATICAS
11202231577;NB6BCS0001-15SA;BASE EXPERIMENTAL DAS CIENCIAS NATURAIS
11202231577;NB6BIS0005-15SA;BASES COMPUTACIONAIS DA CIENCIA
11202231960;DB1BIJ0207-15SA;BASES CONCEITUAIS DA ENERGIA
11202231960;DB1BIK0102-15SA;ESTRUTURA DA MATERIA
11202231960;DB1BIL0304-15SA;EVOLUCAO E DIVERSIFICACAO DA VIDA NA TERRA
11202231960;DB1BIS0003-15SA;BASES MATEMATICAS
11202231960;DB4BCS0001-15SA;BASE EXPERIMENTAL DAS CIENCIAS NATURAIS
11202231960;DB4BIS0005-15SA;BASES COMPUTACIONAIS DA CIENCIA
11202231405;NA1NHI5001-15SB;DESENVOLVIMENTO E APRENDIZAGEM
11202231405;NA1NHZ2099-16SB;TOPICOS CONTEMPORANEOS EM EDUCACAO E FILOSOFIA
11202231405;NA1NHZ5023-18SB;PRATICAS ESCOLARES EM EDUCACAO ESPECIAL E INCLUSIVA
11202231405;NA6BIS0005-15SB;BASES COMPUTACIONAIS DA CIENCIA
11202231405;NC1BIJ0207-15SB;BASES CONCEITUAIS DA ENERGIA
11202231405;NA2BIR0603-15SB;CIENCIA, TECNOLOGIA E SOCIEDADE
11202231683;DA2BIJ0207-15SA;BASES CONCEITUAIS DA ENERGIA
11202231683;DA2BIK0102-15SA;ESTRUTURA DA MATERIA
11202231683;DA2BIL0304-15SA;EVOLUCAO E DIVERSIFICACAO DA VIDA NA TERRA
11202231683;DA2BIS0003-15SA;BASES MATEMATICAS
11202231683;DA5BIS0005-15SA;BASES COMPUTACIONAIS DA CIENCIA
11202231683;DA6BCS0001-15SA;BASE EXPERIMENTAL DAS CIENCIAS NATURAIS
11202231760;NA2BIJ0207-15SA;BASES CONCEITUAIS DA ENERGIA
11202231760;NA2BIK0102-15SA;ESTRUTURA DA MATERIA
11202231760;NA2BIL0304-15SA;EVOLUCAO E DIVERSIFICACAO DA VIDA NA TERRA
11202231760;NA2BIS0003-15SA;BASES MATEMATICAS
11202231760;NA4BCS0001-15SA;BASE EXPERIMENTAL DAS CIENCIAS NATURAIS
11202231760;NA4BIS0005-15SA;BASES COMPUTACIONAIS DA CIENCIA
11202232152;DA1BIJ0207-15SA;BASES CONCEITUAIS DA ENERGIA
11202232152;DA1BIK0102-15SA;ESTRUTURA DA MATERIA
11202232152;DA1BIL0304-15SA;EVOLUCAO E DIVERSIFICACAO DA VIDA NA TERRA
11202232152;DA1BIS0003-15SA;BASES MATEMATICAS
11202232152;DA3BCS0001-15SA;BASE EXPERIMENTAL DAS CIENCIAS NATURAIS
11202232152;DA3BIS0005-15SA;BASES COMPUTACIONAIS DA CIENCIA
11202230838;NA2BIJ0207-15SA;BASES CONCEITUAIS DA ENERGIA
11202230838;NA2BIK0102-15SA;ESTRUTURA DA MATERIA
11202230838;NA2BIL0304-15SA;EVOLUCAO E DIVERSIFICACAO DA VIDA NA TERRA
11202230838;NA2BIS0003-15SA;BASES MATEMATICAS
11202230838;NA6BCS0001-15SA;BASE EXPERIMENTAL DAS CIENCIAS NATURAIS
11202230838;NA6BIS0005-15SA;BASES COMPUTACIONAIS DA CIENCIA
11202232333;DC2BIJ0207-15SA;BASES CONCEITUAIS DA ENERGIA
11202232333;DC2BIK0102-15SA;ESTRUTURA DA MATERIA
11202232333;DC2BIL0304-15SA;EVOLUCAO E DIVERSIFICACAO DA VIDA NA TERRA
11202232333;DC2BIS0003-15SA;BASES MATEMATICAS
11202232333;DC3BIS0005-15SA;BASES COMPUTACIONAIS DA CIENCIA
11202232333;DC4BCS0001-15SA;BASE EXPERIMENTAL DAS CIENCIAS NATURAIS
11202230528;DA1BIR0603-15SB;CIENCIA, TECNOLOGIA E SOCIEDADE
11202230528;DA1NHI5001-15SB;DESENVOLVIMENTO E APRENDIZAGEM
11202230528;DA1NHZ2099-16SB;TOPICOS CONTEMPORANEOS EM EDUCACAO E FILOSOFIA
11202230528;DA1NHZ5023-18SB;PRATICAS ESCOLARES EM EDUCACAO ESPECIAL E INCLUSIVA
11202230528;DA7BIS0005-15SB;BASES COMPUTACIONAIS DA CIENCIA
11202230528;DC1BIJ0207-15SB;BASES CONCEITUAIS DA ENERGIA
11202230378;DA1BIJ0207-15SB;BASES CONCEITUAIS DA ENERGIA
11202230378;DA1BIK0102-15SB;ESTRUTURA DA MATERIA
11202230378;DA1BIL0304-15SB;EVOLUCAO E DIVERSIFICACAO DA VIDA NA TERRA
11202230378;DA1BIS0003-15SB;BASES MATEMATICAS
11202230378;DA3BCS0001-15SB;BASE EXPERIMENTAL DAS CIENCIAS NATURAIS
11202230378;DA3BIS0005-15SB;BASES COMPUTACIONAIS DA CIENCIA
11202231039;NA1BIJ0207-15SA;BASES CONCEITUAIS DA ENERGIA
11202231039;NA1BIK0102-15SA;ESTRUTURA DA MATERIA
11202231039;NA1BIL0304-15SA;EVOLUCAO E DIVERSIFICACAO DA VIDA NA TERRA
11202231039;NA1BIS0003-15SA;BASES MATEMATICAS
11202231039;NA3BCS0001-15SA;BASE EXPERIMENTAL DAS CIENCIAS NATURAIS
11202231039;NA3BIS0005-15SA;BASES COMPUTACIONAIS DA CIENCIA
11202212441;DA2BIJ0207-15SA;BASES CONCEITUAIS DA ENERGIA
11202212441;DA2BIK0102-15SA;ESTRUTURA DA MATERIA
11202212441;DA2BIL0304-15SA;EVOLUCAO E DIVERSIFICACAO DA VIDA NA TERRA
11202212441;DA2BIS0003-15SA;BASES MATEMATICAS
11202212441;DA6BCS0001-15SA;BASE EXPERIMENTAL DAS CIENCIAS NATURAIS
11202212441;DA6BIS0005-15SA;BASES COMPUTACIONAIS DA CIENCIA
11202230846;DB1BHO0001-19SB;INTRODUCAO AS HUMANIDADES E AS CIENCIAS SOCIAIS
11202230846;DB1BHP0202-19SB;TEMAS E PROBLEMAS EM FILOSOFIA
11202230846;DB1BHQ0001-15SB;IDENTIDADE E CULTURA
11202230846;DB1BHQ0003-15SB;INTERPRETACOES DO BRASIL
11202230846;DB2BIQ0602-15SB;ESTRUTURA E DINAMICA SOCIAL
11202230846;DB4BIS0005-15SB;BASES COMPUTACIONAIS DA CIENCIA
11202231377;NB1BHO0001-19SB;INTRODUCAO AS HUMANIDADES E AS CIENCIAS SOCIAIS
11202231377;NB1BHP0202-19SB;TEMAS E PROBLEMAS EM FILOSOFIA
11202231377;NB1BHQ0001-15SB;IDENTIDADE E CULTURA
11202231377;NB1BHQ0003-15SB;INTERPRETACOES DO BRASIL
11202231377;NB2BIQ0602-15SB;ESTRUTURA E DINAMICA SOCIAL
11202231377;NB4BIS0005-15SB;BASES COMPUTACIONAIS DA CIENCIA
11202231247;NA2BIJ0207-15SA;BASES CONCEITUAIS DA ENERGIA
11202231247;NA2BIK0102-15SA;ESTRUTURA DA MATERIA
11202231247;NA2BIL0304-15SA;EVOLUCAO E DIVERSIFICACAO DA VIDA NA TERRA
11202231247;NA2BIS0003-15SA;BASES MATEMATICAS
11202231247;NA6BCS0001-15SA;BASE EXPERIMENTAL DAS CIENCIAS NATURAIS
11202231247;NA6BIS0005-15SA;BASES COMPUTACIONAIS DA CIENCIA
11202212442;NB1BIJ0207-15SB;BASES CONCEITUAIS DA ENERGIA
11202212442;NB1BIK0102-15SB;ESTRUTURA DA MATERIA
11202212442;NB1BIL0304-15SB;EVOLUCAO E DIVERSIFICACAO DA VIDA NA TERRA
11202212442;NB1BIS0003-15SB;BASES MATEMATICAS
11202212442;NB2BCS0001-15SB;BASE EXPERIMENTAL DAS CIENCIAS NATURAIS
11202212442;NB2BIS0005-15SB;BASES COMPUTACIONAIS DA CIENCIA
11202231502;NA1BCS0001-15SA;BASE EXPERIMENTAL DAS CIENCIAS NATURAIS
11202231502;NA1BIJ0207-15SA;BASES CONCEITUAIS DA ENERGIA
11202231502;NA1BIK0102-15SA;ESTRUTURA DA MATERIA
11202231502;NA1BIL0304-15SA;EVOLUCAO E DIVERSIFICACAO DA VIDA NA TERRA
11202231502;NA1BIS0003-15SA;BASES MATEMATICAS
11202231502;NA1BIS0005-15SA;BASES COMPUTACIONAIS DA CIENCIA
11202231483;NB2BIJ0207-15SA;BASES CONCEITUAIS DA ENERGIA
11202231483;NB2BIK0102-15SA;ESTRUTURA DA MATERIA
11202231483;NB2BIL0304-15SA;EVOLUCAO E DIVERSIFICACAO DA VIDA NA TERRA
11202231483;NB2BIS0003-15SA;BASES MATEMATICAS
11202231483;NB5BCS0001-15SA;BASE EXPERIMENTAL DAS CIENCIAS NATURAIS
11202231483;NB5BIS0005-15SA;BASES COMPUTACIONAIS DA CIENCIA
11202230394;DB1BIJ0207-15SA;BASES CONCEITUAIS DA ENERGIA
11202230394;DB1BIK0102-15SA;ESTRUTURA DA MATERIA
11202230394;DB1BIL0304-15SA;EVOLUCAO E DIVERSIFICACAO DA VIDA NA TERRA
11202230394;DB1BIS0003-15SA;BASES MATEMATICAS
11202230394;DB6BCS0001-15SA;BASE EXPERIMENTAL DAS CIENCIAS NATURAIS
11202230394;DB6BIS0005-15SA;BASES COMPUTACIONAIS DA CIENCIA
11202232122;DB1NHI5001-15SA;DESENVOLVIMENTO E APRENDIZAGEM
11202232122;DB1NHZ2099-16SA;TOPICOS CONTEMPORANEOS EM EDUCACAO E FILOSOFIA
11202232122;DB1NHZ5023-18SA;PRATICAS ESCOLARES EM EDUCACAO ESPECIAL E INCLUSIVA
11202232122;DB2BIR0603-15SA;CIENCIA, TECNOLOGIA E SOCIEDADE
11202232122;DB3BIJ0207-15SA;BASES CONCEITUAIS DA ENERGIA
11202232122;DB6BIS0005-15SA;BASES COMPUTACIONAIS DA CIENCIA
11202212502;DB6BIS0005-15SB;BASES COMPUTACIONAIS DA CIENCIA
11202212502;DB2BIQ0602-15SB;ESTRUTURA E DINAMICA SOCIAL
11202212502;DB1BHQ0001-15SB;IDENTIDADE E CULTURA
11202212502;DB1BHQ0003-15SB;INTERPRETACOES DO BRASIL
11202212502;DB1BHO0001-19SB;INTRODUCAO AS HUMANIDADES E AS CIENCIAS SOCIAIS
11202212502;DB1BHP0202-19SB;TEMAS E PROBLEMAS EM FILOSOFIA
11202231646;NB1BCS0001-15SA;BASE EXPERIMENTAL DAS CIENCIAS NATURAIS
11202231646;NB1BIJ0207-15SA;BASES CONCEITUAIS DA ENERGIA
11202231646;NB1BIK0102-15SA;ESTRUTURA DA MATERIA
11202231646;NB1BIL0304-15SA;EVOLUCAO E DIVERSIFICACAO DA VIDA NA TERRA
11202231646;NB1BIS0003-15SA;BASES MATEMATICAS
11202231646;NB1BIS0005-15SA;BASES COMPUTACIONAIS DA CIENCIA
11202231807;DB1BHO0001-19SB;INTRODUCAO AS HUMANIDADES E AS CIENCIAS SOCIAIS
11202231807;DB1BHP0202-19SB;TEMAS E PROBLEMAS EM FILOSOFIA
11202231807;DB1BHQ0001-15SB;IDENTIDADE E CULTURA
11202231807;DB1BHQ0003-15SB;INTERPRETACOES DO BRASIL
11202231807;DB2BIQ0602-15SB;ESTRUTURA E DINAMICA SOCIAL
11202231807;DB4BIS0005-15SB;BASES COMPUTACIONAIS DA CIENCIA
11202231743;NB1BHO0001-19SB;INTRODUCAO AS HUMANIDADES E AS CIENCIAS SOCIAIS
11202231743;NB1BHP0202-19SB;TEMAS E PROBLEMAS EM FILOSOFIA
11202231743;NB1BHQ0001-15SB;IDENTIDADE E CULTURA
11202231743;NB1BHQ0003-15SB;INTERPRETACOES DO BRASIL
11202231743;NB2BIQ0602-15SB;ESTRUTURA E DINAMICA SOCIAL
11202231743;NB4BIS0005-15SB;BASES COMPUTACIONAIS DA CIENCIA
11202230245;NB1BIJ0207-15SA;BASES CONCEITUAIS DA ENERGIA
11202230245;NB1BIK0102-15SA;ESTRUTURA DA MATERIA
11202230245;NB1BIL0304-15SA;EVOLUCAO E DIVERSIFICACAO DA VIDA NA TERRA
11202230245;NB1BIS0003-15SA;BASES MATEMATICAS
11202230245;NB2BCS0001-15SA;BASE EXPERIMENTAL DAS CIENCIAS NATURAIS
11202230245;NB2BIS0005-15SA;BASES COMPUTACIONAIS DA CIENCIA
11202230550;NA1BIJ0207-15SA;BASES CONCEITUAIS DA ENERGIA
11202230550;NA1BIK0102-15SA;ESTRUTURA DA MATERIA
11202230550;NA1BIL0304-15SA;EVOLUCAO E DIVERSIFICACAO DA VIDA NA TERRA
11202230550;NA1BIS0003-15SA;BASES MATEMATICAS
11202230550;NA3BCS0001-15SA;BASE EXPERIMENTAL DAS CIENCIAS NATURAIS
11202230550;NA3BIS0005-15SA;BASES COMPUTACIONAIS DA CIENCIA
11202230659;NA1BIJ0207-15SA;BASES CONCEITUAIS DA ENERGIA
11202230659;NA1BIK0102-15SA;ESTRUTURA DA MATERIA
11202230659;NA1BIL0304-15SA;EVOLUCAO E DIVERSIFICACAO DA VIDA NA TERRA
11202230659;NA1BIS0003-15SA;BASES MATEMATICAS
11202230659;NA3BCS0001-15SA;BASE EXPERIMENTAL DAS CIENCIAS NATURAIS
11202230659;NA3BIS0005-15SA;BASES COMPUTACIONAIS DA CIENCIA
11202230529;NB1NHI5001-15SA;DESENVOLVIMENTO E APRENDIZAGEM
11202230529;NB1NHZ2099-16SA;TOPICOS CONTEMPORANEOS EM EDUCACAO E FILOSOFIA
11202230529;NB1NHZ5023-18SA;PRATICAS ESCOLARES EM EDUCACAO ESPECIAL E INCLUSIVA
11202230529;NB2BIR0603-15SA;CIENCIA, TECNOLOGIA E SOCIEDADE
11202230529;NB3BIJ0207-15SA;BASES CONCEITUAIS DA ENERGIA
11202230529;NB7BIS0005-15SA;BASES COMPUTACIONAIS DA CIENCIA
11202231013;NC1BIJ0207-15SA;BASES CONCEITUAIS DA ENERGIA
11202231013;NC1BIK0102-15SA;ESTRUTURA DA MATERIA
11202231013;NC1BIL0304-15SA;EVOLUCAO E DIVERSIFICACAO DA VIDA NA TERRA
11202231013;NC1BIS0003-15SA;BASES MATEMATICAS
11202231013;NC2BCS0001-15SA;BASE EXPERIMENTAL DAS CIENCIAS NATURAIS
11202231013;NC2BIS0005-15SA;BASES COMPUTACIONAIS DA CIENCIA
11202230677;NA1BIJ0207-15SA;BASES CONCEITUAIS DA ENERGIA
11202230677;NA1BIK0102-15SA;ESTRUTURA DA MATERIA
11202230677;NA1BIL0304-15SA;EVOLUCAO E DIVERSIFICACAO DA VIDA NA TERRA
11202230677;NA1BIS0003-15SA;BASES MATEMATICAS
11202230677;NA2BCS0001-15SA;BASE EXPERIMENTAL DAS CIENCIAS NATURAIS
11202230677;NA2BIS0005-15SA;BASES COMPUTACIONAIS DA CIENCIA
11202231380;DA1BIJ0207-15SA;BASES CONCEITUAIS DA ENERGIA
11202231380;DA1BIK0102-15SA;ESTRUTURA DA MATERIA
11202231380;DA1BIL0304-15SA;EVOLUCAO E DIVERSIFICACAO DA VIDA NA TERRA
11202231380;DA1BIS0003-15SA;BASES MATEMATICAS
11202231380;DA4BCS0001-15SA;BASE EXPERIMENTAL DAS CIENCIAS NATURAIS
11202231380;DA4BIS0005-15SA;BASES COMPUTACIONAIS DA CIENCIA
11202230775;NB1BHO0001-19SB;INTRODUCAO AS HUMANIDADES E AS CIENCIAS SOCIAIS
11202230775;NB1BHP0202-19SB;TEMAS E PROBLEMAS EM FILOSOFIA
11202230775;NB1BHQ0001-15SB;IDENTIDADE E CULTURA
11202230775;NB1BHQ0003-15SB;INTERPRETACOES DO BRASIL
11202230775;NB2BIQ0602-15SB;ESTRUTURA E DINAMICA SOCIAL
11202230775;NB4BIS0005-15SB;BASES COMPUTACIONAIS DA CIENCIA
11202231592;DB1BCS0001-15SA;BASE EXPERIMENTAL DAS CIENCIAS NATURAIS
11202231592;DB1BIS0005-15SA;BASES COMPUTACIONAIS DA CIENCIA
11202231592;DB2BIJ0207-15SA;BASES CONCEITUAIS DA ENERGIA
11202231592;DB2BIK0102-15SA;ESTRUTURA DA MATERIA
11202231592;DB2BIL0304-15SA;EVOLUCAO E DIVERSIFICACAO DA VIDA NA TERRA
11202231592;DB2BIS0003-15SA;BASES MATEMATICAS
11202231231;NB1BIJ0207-15SB;BASES CONCEITUAIS DA ENERGIA
11202231231;NB1BIK0102-15SB;ESTRUTURA DA MATERIA
11202231231;NB1BIL0304-15SB;EVOLUCAO E DIVERSIFICACAO DA VIDA NA TERRA
11202231231;NB1BIS0003-15SB;BASES MATEMATICAS
11202231231;NB2BCS0001-15SB;BASE EXPERIMENTAL DAS CIENCIAS NATURAIS
11202231231;NB2BIS0005-15SB;BASES COMPUTACIONAIS DA CIENCIA
11202231853;DB1BHO0001-19SB;INTRODUCAO AS HUMANIDADES E AS CIENCIAS SOCIAIS
11202231853;DB1BHP0202-19SB;TEMAS E PROBLEMAS EM FILOSOFIA
11202231853;DB1BHQ0001-15SB;IDENTIDADE E CULTURA
11202231853;DB1BHQ0003-15SB;INTERPRETACOES DO BRASIL
11202231853;DB2BIQ0602-15SB;ESTRUTURA E DINAMICA SOCIAL
11202231853;DB4BIS0005-15SB;BASES COMPUTACIONAIS DA CIENCIA
11202232024;NB1BHO0001-19SB;INTRODUCAO AS HUMANIDADES E AS CIENCIAS SOCIAIS
11202232024;NB1BHP0202-19SB;TEMAS E PROBLEMAS EM FILOSOFIA
11202232024;NB1BHQ0001-15SB;IDENTIDADE E CULTURA
11202232024;NB1BHQ0003-15SB;INTERPRETACOES DO BRASIL
11202232024;NB2BIQ0602-15SB;ESTRUTURA E DINAMICA SOCIAL
11202232024;NB4BIS0005-15SB;BASES COMPUTACIONAIS DA CIENCIA
11202231176;DB1BHO0001-19SB;INTRODUCAO AS HUMANIDADES E AS CIENCIAS SOCIAIS
11202231176;DB1BHP0202-19SB;TEMAS E PROBLEMAS EM FILOSOFIA
11202231176;DB1BHQ0001-15SB;IDENTIDADE E CULTURA
11202231176;DB1BHQ0003-15SB;INTERPRETACOES DO BRASIL
11202231176;DB2BIQ0602-15SB;ESTRUTURA E DINAMICA SOCIAL
11202231176;DB4BIS0005-15SB;BASES COMPUTACIONAIS DA CIENCIA
11202212415;DA1BCS0001-15SA;BASE EXPERIMENTAL DAS CIENCIAS NATURAIS
11202212415;DA1BIJ0207-15SA;BASES CONCEITUAIS DA ENERGIA
11202212415;DA1BIK0102-15SA;ESTRUTURA DA MATERIA
11202212415;DA1BIL0304-15SA;EVOLUCAO E DIVERSIFICACAO DA VIDA NA TERRA
11202212415;DA1BIS0003-15SA;BASES MATEMATICAS
11202212415;DA1BIS0005-15SA;BASES COMPUTACIONAIS DA CIENCIA
11202231295;DB1BHO0001-19SB;INTRODUCAO AS HUMANIDADES E AS CIENCIAS SOCIAIS
11202231295;DB1BHP0202-19SB;TEMAS E PROBLEMAS EM FILOSOFIA
11202231295;DB1BHQ0001-15SB;IDENTIDADE E CULTURA
11202231295;DB1BHQ0003-15SB;INTERPRETACOES DO BRASIL
11202231295;DB2BIQ0602-15SB;ESTRUTURA E DINAMICA SOCIAL
11202231295;DB4BIS0005-15SB;BASES COMPUTACIONAIS DA CIENCIA
11202231090;NA1BCS0001-15SB;BASE EXPERIMENTAL DAS CIENCIAS NATURAIS
11202231090;NA1BIJ0207-15SB;BASES CONCEITUAIS DA ENERGIA
11202231090;NA1BIK0102-15SB;ESTRUTURA DA MATERIA
11202231090;NA1BIL0304-15SB;EVOLUCAO E DIVERSIFICACAO DA VIDA NA TERRA
11202231090;NA1BIS0003-15SB;BASES MATEMATICAS
11202231090;NA1BIS0005-15SB;BASES COMPUTACIONAIS DA CIENCIA
11202232139;DC2BIJ0207-15SA;BASES CONCEITUAIS DA ENERGIA
11202232139;DC2BIK0102-15SA;ESTRUTURA DA MATERIA
11202232139;DC2BIL0304-15SA;EVOLUCAO E DIVERSIFICACAO DA VIDA NA TERRA
11202232139;DC2BIS0003-15SA;BASES MATEMATICAS
11202232139;DC4BIS0005-15SA;BASES COMPUTACIONAIS DA CIENCIA
11202232139;DC5BCS0001-15SA;BASE EXPERIMENTAL DAS CIENCIAS NATURAIS
11202231931;DC1BIJ0207-15SA;BASES CONCEITUAIS DA ENERGIA
11202231931;DC1BIK0102-15SA;ESTRUTURA DA MATERIA
11202231931;DC1BIL0304-15SA;EVOLUCAO E DIVERSIFICACAO DA VIDA NA TERRA
11202231931;DC1BIS0003-15SA;BASES MATEMATICAS
11202231931;DC2BCS0001-15SA;BASE EXPERIMENTAL DAS CIENCIAS NATURAIS
11202231931;DC4BIS0005-15SA;BASES COMPUTACIONAIS DA CIENCIA
11202232332;DA1BIR0603-15SB;CIENCIA, TECNOLOGIA E SOCIEDADE
11202232332;DA1NHI5001-15SB;DESENVOLVIMENTO E APRENDIZAGEM
11202232332;DA1NHZ2099-16SB;TOPICOS CONTEMPORANEOS EM EDUCACAO E FILOSOFIA
11202232332;DA1NHZ5023-18SB;PRATICAS ESCOLARES EM EDUCACAO ESPECIAL E INCLUSIVA
11202232332;DA7BIS0005-15SB;BASES COMPUTACIONAIS DA CIENCIA
11202232332;DC1BIJ0207-15SB;BASES CONCEITUAIS DA ENERGIA
11202231118;DB1BIJ0207-15SA;BASES CONCEITUAIS DA ENERGIA
11202231118;DB1BIK0102-15SA;ESTRUTURA DA MATERIA
11202231118;DB1BIL0304-15SA;EVOLUCAO E DIVERSIFICACAO DA VIDA NA TERRA
11202231118;DB1BIS0003-15SA;BASES MATEMATICAS
11202231118;DB6BCS0001-15SA;BASE EXPERIMENTAL DAS CIENCIAS NATURAIS
11202231118;DB6BIS0005-15SA;BASES COMPUTACIONAIS DA CIENCIA
11202231888;NB1BIJ0207-15SB;BASES CONCEITUAIS DA ENERGIA
11202231888;NB1BIK0102-15SB;ESTRUTURA DA MATERIA
11202231888;NB1BIL0304-15SB;EVOLUCAO E DIVERSIFICACAO DA VIDA NA TERRA
11202231888;NB1BIS0003-15SB;BASES MATEMATICAS
11202231888;NB2BCS0001-15SB;BASE EXPERIMENTAL DAS CIENCIAS NATURAIS
11202231888;NB2BIS0005-15SB;BASES COMPUTACIONAIS DA CIENCIA
11202231752;DB1BIJ0207-15SA;BASES CONCEITUAIS DA ENERGIA
11202231752;DB1BIK0102-15SA;ESTRUTURA DA MATERIA
11202231752;DB1BIL0304-15SA;EVOLUCAO E DIVERSIFICACAO DA VIDA NA TERRA
11202231752;DB1BIS0003-15SA;BASES MATEMATICAS
11202231752;DB4BCS0001-15SA;BASE EXPERIMENTAL DAS CIENCIAS NATURAIS
11202231752;DB4BIS0005-15SA;BASES COMPUTACIONAIS DA CIENCIA
11202230280;NB1BHO0001-19SB;INTRODUCAO AS HUMANIDADES E AS CIENCIAS SOCIAIS
11202230280;NB1BHP0202-19SB;TEMAS E PROBLEMAS EM FILOSOFIA
11202230280;NB1BHQ0001-15SB;IDENTIDADE E CULTURA
11202230280;NB1BHQ0003-15SB;INTERPRETACOES DO BRASIL
11202230280;NB2BIQ0602-15SB;ESTRUTURA E DINAMICA SOCIAL
11202230280;NB4BIS0005-15SB;BASES COMPUTACIONAIS DA CIENCIA
11202231444;NC1BIJ0207-15SA;BASES CONCEITUAIS DA ENERGIA
11202231444;NC1BIK0102-15SA;ESTRUTURA DA MATERIA
11202231444;NC1BIL0304-15SA;EVOLUCAO E DIVERSIFICACAO DA VIDA NA TERRA
11202231444;NC1BIS0003-15SA;BASES MATEMATICAS
11202231444;NC2BCS0001-15SA;BASE EXPERIMENTAL DAS CIENCIAS NATURAIS
11202231444;NC2BIS0005-15SA;BASES COMPUTACIONAIS DA CIENCIA
11202230653;NC1BIJ0207-15SB;BASES CONCEITUAIS DA ENERGIA
11202230653;NC1BIK0102-15SB;ESTRUTURA DA MATERIA
11202230653;NC1BIL0304-15SB;EVOLUCAO E DIVERSIFICACAO DA VIDA NA TERRA
11202230653;NC1BIS0003-15SB;BASES MATEMATICAS
11202230653;NC2BCS0001-15SB;BASE EXPERIMENTAL DAS CIENCIAS NATURAIS
11202230653;NC2BIS0005-15SB;BASES COMPUTACIONAIS DA CIENCIA
11202230515;NC1BIJ0207-15SA;BASES CONCEITUAIS DA ENERGIA
11202230515;NC1BIK0102-15SA;ESTRUTURA DA MATERIA
11202230515;NC1BIL0304-15SA;EVOLUCAO E DIVERSIFICACAO DA VIDA NA TERRA
11202230515;NC1BIS0003-15SA;BASES MATEMATICAS
11202230515;NC3BCS0001-15SA;BASE EXPERIMENTAL DAS CIENCIAS NATURAIS
11202230515;NC3BIS0005-15SA;BASES COMPUTACIONAIS DA CIENCIA
11202231183;NB1BHO0001-19SB;INTRODUCAO AS HUMANIDADES E AS CIENCIAS SOCIAIS
11202231183;NB1BHP0202-19SB;TEMAS E PROBLEMAS EM FILOSOFIA
11202231183;NB1BHQ0001-15SB;IDENTIDADE E CULTURA
11202231183;NB1BHQ0003-15SB;INTERPRETACOES DO BRASIL
11202231183;NB2BIQ0602-15SB;ESTRUTURA E DINAMICA SOCIAL
11202231183;NB4BIS0005-15SB;BASES COMPUTACIONAIS DA CIENCIA
11202231797;DA1BIJ0207-15SA;BASES CONCEITUAIS DA ENERGIA
11202231797;DA1BIK0102-15SA;ESTRUTURA DA MATERIA
11202231797;DA1BIL0304-15SA;EVOLUCAO E DIVERSIFICACAO DA VIDA NA TERRA
11202231797;DA1BIS0003-15SA;BASES MATEMATICAS
11202231797;DA4BCS0001-15SA;BASE EXPERIMENTAL DAS CIENCIAS NATURAIS
11202231797;DA4BIS0005-15SA;BASES COMPUTACIONAIS DA CIENCIA
11202231393;DB1BIJ0207-15SB;BASES CONCEITUAIS DA ENERGIA
11202231393;DB1BIK0102-15SB;ESTRUTURA DA MATERIA
11202231393;DB1BIL0304-15SB;EVOLUCAO E DIVERSIFICACAO DA VIDA NA TERRA
11202231393;DB1BIS0003-15SB;BASES MATEMATICAS
11202231393;DB3BCS0001-15SB;BASE EXPERIMENTAL DAS CIENCIAS NATURAIS
11202231393;DB3BIS0005-15SB;BASES COMPUTACIONAIS DA CIENCIA
11202231992;NA1NHI5001-15SB;DESENVOLVIMENTO E APRENDIZAGEM
11202231992;NA1NHZ2099-16SB;TOPICOS CONTEMPORANEOS EM EDUCACAO E FILOSOFIA
11202231992;NA1NHZ5023-18SB;PRATICAS ESCOLARES EM EDUCACAO ESPECIAL E INCLUSIVA
11202231992;NA6BIS0005-15SB;BASES COMPUTACIONAIS DA CIENCIA
11202231992;NC1BIJ0207-15SB;BASES CONCEITUAIS DA ENERGIA
11202231992;NA2BIR0603-15SB;CIENCIA, TECNOLOGIA E SOCIEDADE
11202230853;DC2BIJ0207-15SA;BASES CONCEITUAIS DA ENERGIA
11202230853;DC2BIK0102-15SA;ESTRUTURA DA MATERIA
11202230853;DC2BIL0304-15SA;EVOLUCAO E DIVERSIFICACAO DA VIDA NA TERRA
11202230853;DC2BIS0003-15SA;BASES MATEMATICAS
11202230853;DC4BIS0005-15SA;BASES COMPUTACIONAIS DA CIENCIA
11202230853;DC5BCS0001-15SA;BASE EXPERIMENTAL DAS CIENCIAS NATURAIS
11202231287;NB1BIJ0207-15SB;BASES CONCEITUAIS DA ENERGIA
11202231287;NB1BIK0102-15SB;ESTRUTURA DA MATERIA
11202231287;NB1BIL0304-15SB;EVOLUCAO E DIVERSIFICACAO DA VIDA NA TERRA
11202231287;NB1BIS0003-15SB;BASES MATEMATICAS
11202231287;NB2BCS0001-15SB;BASE EXPERIMENTAL DAS CIENCIAS NATURAIS
11202231287;NB2BIS0005-15SB;BASES COMPUTACIONAIS DA CIENCIA
11202230939;NA1BIJ0207-15SB;BASES CONCEITUAIS DA ENERGIA
11202230939;NA1BIK0102-15SB;ESTRUTURA DA MATERIA
11202230939;NA1BIL0304-15SB;EVOLUCAO E DIVERSIFICACAO DA VIDA NA TERRA
11202230939;NA1BIS0003-15SB;BASES MATEMATICAS
11202230939;NA2BCS0001-15SB;BASE EXPERIMENTAL DAS CIENCIAS NATURAIS
11202230939;NA2BIS0005-15SB;BASES COMPUTACIONAIS DA CIENCIA
11202230628;DA2BIJ0207-15SA;BASES CONCEITUAIS DA ENERGIA
11202230628;DA2BIK0102-15SA;ESTRUTURA DA MATERIA
11202230628;DA2BIL0304-15SA;EVOLUCAO E DIVERSIFICACAO DA VIDA NA TERRA
11202230628;DA2BIS0003-15SA;BASES MATEMATICAS
11202230628;DA5BCS0001-15SA;BASE EXPERIMENTAL DAS CIENCIAS NATURAIS
11202230628;DA5BIS0005-15SA;BASES COMPUTACIONAIS DA CIENCIA
11202231268;NC2BIJ0207-15SA;BASES CONCEITUAIS DA ENERGIA
11202231268;NC2BIK0102-15SA;ESTRUTURA DA MATERIA
11202231268;NC2BIL0304-15SA;EVOLUCAO E DIVERSIFICACAO DA VIDA NA TERRA
11202231268;NC2BIS0003-15SA;BASES MATEMATICAS
11202231268;NC5BCS0001-15SA;BASE EXPERIMENTAL DAS CIENCIAS NATURAIS
11202231268;NC5BIS0005-15SA;BASES COMPUTACIONAIS DA CIENCIA
11202231643;DC1BCS0001-15SB;BASE EXPERIMENTAL DAS CIENCIAS NATURAIS
11202231643;DC1BIJ0207-15SB;BASES CONCEITUAIS DA ENERGIA
11202231643;DC1BIK0102-15SB;ESTRUTURA DA MATERIA
11202231643;DC1BIL0304-15SB;EVOLUCAO E DIVERSIFICACAO DA VIDA NA TERRA
11202231643;DC1BIS0003-15SB;BASES MATEMATICAS
11202231643;DC1BIS0005-15SB;BASES COMPUTACIONAIS DA CIENCIA
11202231781;NA1NHI5001-15SB;DESENVOLVIMENTO E APRENDIZAGEM
11202231781;NA1NHZ2099-16SB;TOPICOS CONTEMPORANEOS EM EDUCACAO E FILOSOFIA
11202231781;NA1NHZ5023-18SB;PRATICAS ESCOLARES EM EDUCACAO ESPECIAL E INCLUSIVA
11202231781;NA6BIS0005-15SB;BASES COMPUTACIONAIS DA CIENCIA
11202231781;NC1BIJ0207-15SB;BASES CONCEITUAIS DA ENERGIA
11202231781;NA2BIR0603-15SB;CIENCIA, TECNOLOGIA E SOCIEDADE
11202230384;NB1BIJ0207-15SB;BASES CONCEITUAIS DA ENERGIA
11202230384;NB1BIK0102-15SB;ESTRUTURA DA MATERIA
11202230384;NB1BIL0304-15SB;EVOLUCAO E DIVERSIFICACAO DA VIDA NA TERRA
11202230384;NB1BIS0003-15SB;BASES MATEMATICAS
11202230384;NB2BCS0001-15SB;BASE EXPERIMENTAL DAS CIENCIAS NATURAIS
11202230384;NB2BIS0005-15SB;BASES COMPUTACIONAIS DA CIENCIA
11202231102;NB1BIJ0207-15SB;BASES CONCEITUAIS DA ENERGIA
11202231102;NB1BIK0102-15SB;ESTRUTURA DA MATERIA
11202231102;NB1BIL0304-15SB;EVOLUCAO E DIVERSIFICACAO DA VIDA NA TERRA
11202231102;NB1BIS0003-15SB;BASES MATEMATICAS
11202231102;NB3BCS0001-15SB;BASE EXPERIMENTAL DAS CIENCIAS NATURAIS
11202231102;NB3BIS0005-15SB;BASES COMPUTACIONAIS DA CIENCIA
11202231842;NB1BCS0001-15SA;BASE EXPERIMENTAL DAS CIENCIAS NATURAIS
11202231842;NB1BIJ0207-15SA;BASES CONCEITUAIS DA ENERGIA
11202231842;NB1BIK0102-15SA;ESTRUTURA DA MATERIA
11202231842;NB1BIL0304-15SA;EVOLUCAO E DIVERSIFICACAO DA VIDA NA TERRA
11202231842;NB1BIS0003-15SA;BASES MATEMATICAS
11202231842;NB1BIS0005-15SA;BASES COMPUTACIONAIS DA CIENCIA
11202230914;NC1BIJ0207-15SA;BASES CONCEITUAIS DA ENERGIA
11202230914;NC1BIK0102-15SA;ESTRUTURA DA MATERIA
11202230914;NC1BIL0304-15SA;EVOLUCAO E DIVERSIFICACAO DA VIDA NA TERRA
11202230914;NC1BIS0003-15SA;BASES MATEMATICAS
11202230914;NC3BCS0001-15SA;BASE EXPERIMENTAL DAS CIENCIAS NATURAIS
11202230914;NC3BIS0005-15SA;BASES COMPUTACIONAIS DA CIENCIA
11202230761;NC2BIJ0207-15SA;BASES CONCEITUAIS DA ENERGIA
11202230761;NC2BIK0102-15SA;ESTRUTURA DA MATERIA
11202230761;NC2BIL0304-15SA;EVOLUCAO E DIVERSIFICACAO DA VIDA NA TERRA
11202230761;NC2BIS0003-15SA;BASES MATEMATICAS
11202230761;NC4BCS0001-15SA;BASE EXPERIMENTAL DAS CIENCIAS NATURAIS
11202230761;NC4BIS0005-15SA;BASES COMPUTACIONAIS DA CIENCIA
11202231484;DA1BIJ0207-15SA;BASES CONCEITUAIS DA ENERGIA
11202231484;DA1BIK0102-15SA;ESTRUTURA DA MATERIA
11202231484;DA1BIL0304-15SA;EVOLUCAO E DIVERSIFICACAO DA VIDA NA TERRA
11202231484;DA1BIS0003-15SA;BASES MATEMATICAS
11202231484;DA4BCS0001-15SA;BASE EXPERIMENTAL DAS CIENCIAS NATURAIS
11202231484;DA4BIS0005-15SA;BASES COMPUTACIONAIS DA CIENCIA
11202230695;NC2BIJ0207-15SA;BASES CONCEITUAIS DA ENERGIA
11202230695;NC2BIK0102-15SA;ESTRUTURA DA MATERIA
11202230695;NC2BIL0304-15SA;EVOLUCAO E DIVERSIFICACAO DA VIDA NA TERRA
11202230695;NC2BIS0003-15SA;BASES MATEMATICAS
11202230695;NC4BCS0001-15SA;BASE EXPERIMENTAL DAS CIENCIAS NATURAIS
11202230695;NC4BIS0005-15SA;BASES COMPUTACIONAIS DA CIENCIA
11202231553;NB1NHI5001-15SA;DESENVOLVIMENTO E APRENDIZAGEM
11202231553;NB1NHZ2099-16SA;TOPICOS CONTEMPORANEOS EM EDUCACAO E FILOSOFIA
11202231553;NB1NHZ5023-18SA;PRATICAS ESCOLARES EM EDUCACAO ESPECIAL E INCLUSIVA
11202231553;NB2BIR0603-15SA;CIENCIA, TECNOLOGIA E SOCIEDADE
11202231553;NB3BIJ0207-15SA;BASES CONCEITUAIS DA ENERGIA
11202231553;NB7BIS0005-15SA;BASES COMPUTACIONAIS DA CIENCIA
11202232019;NC1BCS0001-15SA;BASE EXPERIMENTAL DAS CIENCIAS NATURAIS
11202232019;NC1BIJ0207-15SA;BASES CONCEITUAIS DA ENERGIA
11202232019;NC1BIK0102-15SA;ESTRUTURA DA MATERIA
11202232019;NC1BIL0304-15SA;EVOLUCAO E DIVERSIFICACAO DA VIDA NA TERRA
11202232019;NC1BIS0003-15SA;BASES MATEMATICAS
11202232019;NC1BIS0005-15SA;BASES COMPUTACIONAIS DA CIENCIA
11202231072;NB1BHO0001-19SB;INTRODUCAO AS HUMANIDADES E AS CIENCIAS SOCIAIS
11202231072;NB1BHP0202-19SB;TEMAS E PROBLEMAS EM FILOSOFIA
11202231072;NB1BHQ0001-15SB;IDENTIDADE E CULTURA
11202231072;NB1BHQ0003-15SB;INTERPRETACOES DO BRASIL
11202231072;NB2BIQ0602-15SB;ESTRUTURA E DINAMICA SOCIAL
11202231072;NB4BIS0005-15SB;BASES COMPUTACIONAIS DA CIENCIA
11202230329;DB1NHI5001-15SA;DESENVOLVIMENTO E APRENDIZAGEM
11202230329;DB1NHZ2099-16SA;TOPICOS CONTEMPORANEOS EM EDUCACAO E FILOSOFIA
11202230329;DB1NHZ5023-18SA;PRATICAS ESCOLARES EM EDUCACAO ESPECIAL E INCLUSIVA
11202230329;DB2BIR0603-15SA;CIENCIA, TECNOLOGIA E SOCIEDADE
11202230329;DB3BIJ0207-15SA;BASES CONCEITUAIS DA ENERGIA
11202230329;DB6BIS0005-15SA;BASES COMPUTACIONAIS DA CIENCIA
11202231512;DB1BHO0001-19SB;INTRODUCAO AS HUMANIDADES E AS CIENCIAS SOCIAIS
11202231512;DB1BHP0202-19SB;TEMAS E PROBLEMAS EM FILOSOFIA
11202231512;DB1BHQ0001-15SB;IDENTIDADE E CULTURA
11202231512;DB1BHQ0003-15SB;INTERPRETACOES DO BRASIL
11202231512;DB2BIQ0602-15SB;ESTRUTURA E DINAMICA SOCIAL
11202231512;DB4BIS0005-15SB;BASES COMPUTACIONAIS DA CIENCIA
11202230877;DC2BIJ0207-15SA;BASES CONCEITUAIS DA ENERGIA
11202230877;DC2BIK0102-15SA;ESTRUTURA DA MATERIA
11202230877;DC2BIL0304-15SA;EVOLUCAO E DIVERSIFICACAO DA VIDA NA TERRA
11202230877;DC2BIS0003-15SA;BASES MATEMATICAS
11202230877;DC3BIS0005-15SA;BASES COMPUTACIONAIS DA CIENCIA
11202230877;DC4BCS0001-15SA;BASE EXPERIMENTAL DAS CIENCIAS NATURAIS
11202232002;NB1BHO0001-19SB;INTRODUCAO AS HUMANIDADES E AS CIENCIAS SOCIAIS
11202232002;NB1BHP0202-19SB;TEMAS E PROBLEMAS EM FILOSOFIA
11202232002;NB1BHQ0001-15SB;IDENTIDADE E CULTURA
11202232002;NB1BHQ0003-15SB;INTERPRETACOES DO BRASIL
11202232002;NB2BIQ0602-15SB;ESTRUTURA E DINAMICA SOCIAL
11202232002;NB4BIS0005-15SB;BASES COMPUTACIONAIS DA CIENCIA
11202231101;DA1BIJ0207-15SB;BASES CONCEITUAIS DA ENERGIA
11202231101;DA1BIK0102-15SB;ESTRUTURA DA MATERIA
11202231101;DA1BIL0304-15SB;EVOLUCAO E DIVERSIFICACAO DA VIDA NA TERRA
11202231101;DA1BIS0003-15SB;BASES MATEMATICAS
11202231101;DA3BCS0001-15SB;BASE EXPERIMENTAL DAS CIENCIAS NATURAIS
11202231101;DA3BIS0005-15SB;BASES COMPUTACIONAIS DA CIENCIA
11202230266;NC1BCS0001-15SB;BASE EXPERIMENTAL DAS CIENCIAS NATURAIS
11202230266;NC1BIJ0207-15SB;BASES CONCEITUAIS DA ENERGIA
11202230266;NC1BIK0102-15SB;ESTRUTURA DA MATERIA
11202230266;NC1BIL0304-15SB;EVOLUCAO E DIVERSIFICACAO DA VIDA NA TERRA
11202230266;NC1BIS0003-15SB;BASES MATEMATICAS
11202230266;NC1BIS0005-15SB;BASES COMPUTACIONAIS DA CIENCIA
11202230790;DC1BIJ0207-15SA;BASES CONCEITUAIS DA ENERGIA
11202230790;DC1BIK0102-15SA;ESTRUTURA DA MATERIA
11202230790;DC1BIL0304-15SA;EVOLUCAO E DIVERSIFICACAO DA VIDA NA TERRA
11202230790;DC1BIS0003-15SA;BASES MATEMATICAS
11202230790;DC1BIS0005-15SA;BASES COMPUTACIONAIS DA CIENCIA
11202230790;DC2BCS0001-15SA;BASE EXPERIMENTAL DAS CIENCIAS NATURAIS
11202231390;NB1BHO0001-19SB;INTRODUCAO AS HUMANIDADES E AS CIENCIAS SOCIAIS
11202231390;NB1BHP0202-19SB;TEMAS E PROBLEMAS EM FILOSOFIA
11202231390;NB1BHQ0001-15SB;IDENTIDADE E CULTURA
11202231390;NB1BHQ0003-15SB;INTERPRETACOES DO BRASIL
11202231390;NB2BIQ0602-15SB;ESTRUTURA E DINAMICA SOCIAL
11202231390;NB4BIS0005-15SB;BASES COMPUTACIONAIS DA CIENCIA
11202231913;NB1BHO0001-19SB;INTRODUCAO AS HUMANIDADES E AS CIENCIAS SOCIAIS
11202231913;NB1BHP0202-19SB;TEMAS E PROBLEMAS EM FILOSOFIA
11202231913;NB1BHQ0001-15SB;IDENTIDADE E CULTURA
11202231913;NB1BHQ0003-15SB;INTERPRETACOES DO BRASIL
11202231913;NB2BIQ0602-15SB;ESTRUTURA E DINAMICA SOCIAL
11202231913;NB4BIS0005-15SB;BASES COMPUTACIONAIS DA CIENCIA
11202231259;NB1BIJ0207-15SA;BASES CONCEITUAIS DA ENERGIA
11202231259;NB1BIK0102-15SA;ESTRUTURA DA MATERIA
11202231259;NB1BIL0304-15SA;EVOLUCAO E DIVERSIFICACAO DA VIDA NA TERRA
11202231259;NB1BIS0003-15SA;BASES MATEMATICAS
11202231259;NB2BCS0001-15SA;BASE EXPERIMENTAL DAS CIENCIAS NATURAIS
11202231259;NB2BIS0005-15SA;BASES COMPUTACIONAIS DA CIENCIA
11202230602;DB1BIJ0207-15SB;BASES CONCEITUAIS DA ENERGIA
11202230602;DB1BIK0102-15SB;ESTRUTURA DA MATERIA
11202230602;DB1BIL0304-15SB;EVOLUCAO E DIVERSIFICACAO DA VIDA NA TERRA
11202230602;DB1BIS0003-15SB;BASES MATEMATICAS
11202230602;DB2BCS0001-15SB;BASE EXPERIMENTAL DAS CIENCIAS NATURAIS
11202230602;DB2BIS0005-15SB;BASES COMPUTACIONAIS DA CIENCIA
11202231918;DB1NHI5001-15SA;DESENVOLVIMENTO E APRENDIZAGEM
11202231918;DB1NHZ2099-16SA;TOPICOS CONTEMPORANEOS EM EDUCACAO E FILOSOFIA
11202231918;DB1NHZ5023-18SA;PRATICAS ESCOLARES EM EDUCACAO ESPECIAL E INCLUSIVA
11202231918;DB2BIR0603-15SA;CIENCIA, TECNOLOGIA E SOCIEDADE
11202231918;DB3BIJ0207-15SA;BASES CONCEITUAIS DA ENERGIA
11202231918;DB6BIS0005-15SA;BASES COMPUTACIONAIS DA CIENCIA
11202231874;DB1NHI5001-15SA;DESENVOLVIMENTO E APRENDIZAGEM
11202231874;DB1NHZ2099-16SA;TOPICOS CONTEMPORANEOS EM EDUCACAO E FILOSOFIA
11202231874;DB1NHZ5023-18SA;PRATICAS ESCOLARES EM EDUCACAO ESPECIAL E INCLUSIVA
11202231874;DB2BIR0603-15SA;CIENCIA, TECNOLOGIA E SOCIEDADE
11202231874;DB3BIJ0207-15SA;BASES CONCEITUAIS DA ENERGIA
11202231874;DB7BIS0005-15SA;BASES COMPUTACIONAIS DA CIENCIA
11202230213;DB1BHO0001-19SB;INTRODUCAO AS HUMANIDADES E AS CIENCIAS SOCIAIS
11202230213;DB1BHP0202-19SB;TEMAS E PROBLEMAS EM FILOSOFIA
11202230213;DB1BHQ0001-15SB;IDENTIDADE E CULTURA
11202230213;DB1BHQ0003-15SB;INTERPRETACOES DO BRASIL
11202230213;DB2BIQ0602-15SB;ESTRUTURA E DINAMICA SOCIAL
11202230213;DB5BIS0005-15SB;BASES COMPUTACIONAIS DA CIENCIA
11202230497;DA1BIJ0207-15SA;BASES CONCEITUAIS DA ENERGIA
11202230497;DA1BIK0102-15SA;ESTRUTURA DA MATERIA
11202230497;DA1BIL0304-15SA;EVOLUCAO E DIVERSIFICACAO DA VIDA NA TERRA
11202230497;DA1BIS0003-15SA;BASES MATEMATICAS
11202230497;DA1BIS0005-15SA;BASES COMPUTACIONAIS DA CIENCIA
11202230497;DA3BCS0001-15SA;BASE EXPERIMENTAL DAS CIENCIAS NATURAIS
11202231504;DC1BIJ0207-15SA;BASES CONCEITUAIS DA ENERGIA
11202231504;DC1BIK0102-15SA;ESTRUTURA DA MATERIA
11202231504;DC1BIL0304-15SA;EVOLUCAO E DIVERSIFICACAO DA VIDA NA TERRA
11202231504;DC1BIS0003-15SA;BASES MATEMATICAS
11202231504;DC2BCS0001-15SA;BASE EXPERIMENTAL DAS CIENCIAS NATURAIS
11202231504;DC2BIS0005-15SA;BASES COMPUTACIONAIS DA CIENCIA
11202230991;DB1BHO0001-19SB;INTRODUCAO AS HUMANIDADES E AS CIENCIAS SOCIAIS
11202230991;DB1BHP0202-19SB;TEMAS E PROBLEMAS EM FILOSOFIA
11202230991;DB1BHQ0001-15SB;IDENTIDADE E CULTURA
11202230991;DB1BHQ0003-15SB;INTERPRETACOES DO BRASIL
11202230991;DB2BIQ0602-15SB;ESTRUTURA E DINAMICA SOCIAL
11202230991;DB5BIS0005-15SB;BASES COMPUTACIONAIS DA CIENCIA
11202230345;DA1BIJ0207-15SB;BASES CONCEITUAIS DA ENERGIA
11202230345;DA1BIK0102-15SB;ESTRUTURA DA MATERIA
11202230345;DA1BIL0304-15SB;EVOLUCAO E DIVERSIFICACAO DA VIDA NA TERRA
11202230345;DA1BIS0003-15SB;BASES MATEMATICAS
11202230345;DA2BCS0001-15SB;BASE EXPERIMENTAL DAS CIENCIAS NATURAIS
11202230345;DA2BIS0005-15SB;BASES COMPUTACIONAIS DA CIENCIA
11202231881;NB1NHI5001-15SA;DESENVOLVIMENTO E APRENDIZAGEM
11202231881;NB1NHZ2099-16SA;TOPICOS CONTEMPORANEOS EM EDUCACAO E FILOSOFIA
11202231881;NB1NHZ5023-18SA;PRATICAS ESCOLARES EM EDUCACAO ESPECIAL E INCLUSIVA
11202231881;NB2BIR0603-15SA;CIENCIA, TECNOLOGIA E SOCIEDADE
11202231881;NB3BIJ0207-15SA;BASES CONCEITUAIS DA ENERGIA
11202231881;NB7BIS0005-15SA;BASES COMPUTACIONAIS DA CIENCIA
11202230799;DB1BHO0001-19SB;INTRODUCAO AS HUMANIDADES E AS CIENCIAS SOCIAIS
11202230799;DB1BHP0202-19SB;TEMAS E PROBLEMAS EM FILOSOFIA
11202230799;DB1BHQ0001-15SB;IDENTIDADE E CULTURA
11202230799;DB1BHQ0003-15SB;INTERPRETACOES DO BRASIL
11202230799;DB2BIQ0602-15SB;ESTRUTURA E DINAMICA SOCIAL
11202230799;DB5BIS0005-15SB;BASES COMPUTACIONAIS DA CIENCIA
11202231026;DB1BHO0001-19SB;INTRODUCAO AS HUMANIDADES E AS CIENCIAS SOCIAIS
11202231026;DB1BHP0202-19SB;TEMAS E PROBLEMAS EM FILOSOFIA
11202231026;DB1BHQ0001-15SB;IDENTIDADE E CULTURA
11202231026;DB1BHQ0003-15SB;INTERPRETACOES DO BRASIL
11202231026;DB2BIQ0602-15SB;ESTRUTURA E DINAMICA SOCIAL
11202231026;DB5BIS0005-15SB;BASES COMPUTACIONAIS DA CIENCIA
11202231691;DB1BHO0001-19SB;INTRODUCAO AS HUMANIDADES E AS CIENCIAS SOCIAIS
11202231691;DB1BHP0202-19SB;TEMAS E PROBLEMAS EM FILOSOFIA
11202231691;DB1BHQ0001-15SB;IDENTIDADE E CULTURA
11202231691;DB1BHQ0003-15SB;INTERPRETACOES DO BRASIL
11202231691;DB2BIQ0602-15SB;ESTRUTURA E DINAMICA SOCIAL
11202231691;DB5BIS0005-15SB;BASES COMPUTACIONAIS DA CIENCIA
11202231471;NC2BIJ0207-15SA;BASES CONCEITUAIS DA ENERGIA
11202231471;NC2BIK0102-15SA;ESTRUTURA DA MATERIA
11202231471;NC2BIL0304-15SA;EVOLUCAO E DIVERSIFICACAO DA VIDA NA TERRA
11202231471;NC2BIS0003-15SA;BASES MATEMATICAS
11202231471;NC4BCS0001-15SA;BASE EXPERIMENTAL DAS CIENCIAS NATURAIS
11202231471;NC4BIS0005-15SA;BASES COMPUTACIONAIS DA CIENCIA
11202230924;NA2BIJ0207-15SA;BASES CONCEITUAIS DA ENERGIA
11202230924;NA2BIK0102-15SA;ESTRUTURA DA MATERIA
11202230924;NA2BIL0304-15SA;EVOLUCAO E DIVERSIFICACAO DA VIDA NA TERRA
11202230924;NA2BIS0003-15SA;BASES MATEMATICAS
11202230924;NA5BCS0001-15SA;BASE EXPERIMENTAL DAS CIENCIAS NATURAIS
11202230924;NA5BIS0005-15SA;BASES COMPUTACIONAIS DA CIENCIA
11202232330;DA1BIJ0207-15SB;BASES CONCEITUAIS DA ENERGIA
11202232330;DA1BIK0102-15SB;ESTRUTURA DA MATERIA
11202232330;DA1BIL0304-15SB;EVOLUCAO E DIVERSIFICACAO DA VIDA NA TERRA
11202232330;DA1BIS0003-15SB;BASES MATEMATICAS
11202232330;DA3BCS0001-15SB;BASE EXPERIMENTAL DAS CIENCIAS NATURAIS
11202232330;DA3BIS0005-15SB;BASES COMPUTACIONAIS DA CIENCIA
11202231139;DA1BCS0001-15SB;BASE EXPERIMENTAL DAS CIENCIAS NATURAIS
11202231139;DA1BIJ0207-15SB;BASES CONCEITUAIS DA ENERGIA
11202231139;DA1BIK0102-15SB;ESTRUTURA DA MATERIA
11202231139;DA1BIL0304-15SB;EVOLUCAO E DIVERSIFICACAO DA VIDA NA TERRA
11202231139;DA1BIS0003-15SB;BASES MATEMATICAS
11202231139;DA1BIS0005-15SB;BASES COMPUTACIONAIS DA CIENCIA
11202230749;NB1BCS0001-15SA;BASE EXPERIMENTAL DAS CIENCIAS NATURAIS
11202230749;NB1BIJ0207-15SA;BASES CONCEITUAIS DA ENERGIA
11202230749;NB1BIK0102-15SA;ESTRUTURA DA MATERIA
11202230749;NB1BIL0304-15SA;EVOLUCAO E DIVERSIFICACAO DA VIDA NA TERRA
11202230749;NB1BIS0003-15SA;BASES MATEMATICAS
11202230749;NB1BIS0005-15SA;BASES COMPUTACIONAIS DA CIENCIA
11202230423;NA1BIJ0207-15SA;BASES CONCEITUAIS DA ENERGIA
11202230423;NA1BIK0102-15SA;ESTRUTURA DA MATERIA
11202230423;NA1BIL0304-15SA;EVOLUCAO E DIVERSIFICACAO DA VIDA NA TERRA
11202230423;NA1BIS0003-15SA;BASES MATEMATICAS
11202230423;NA2BCS0001-15SA;BASE EXPERIMENTAL DAS CIENCIAS NATURAIS
11202230423;NA2BIS0005-15SA;BASES COMPUTACIONAIS DA CIENCIA
11202232329;NB1BHO0001-19SB;INTRODUCAO AS HUMANIDADES E AS CIENCIAS SOCIAIS
11202232329;NB1BHP0202-19SB;TEMAS E PROBLEMAS EM FILOSOFIA
11202232329;NB1BHQ0001-15SB;IDENTIDADE E CULTURA
11202232329;NB1BHQ0003-15SB;INTERPRETACOES DO BRASIL
11202232329;NB2BIQ0602-15SB;ESTRUTURA E DINAMICA SOCIAL
11202232329;NB4BIS0005-15SB;BASES COMPUTACIONAIS DA CIENCIA
11202231162;NC1BIJ0207-15SA;BASES CONCEITUAIS DA ENERGIA
11202231162;NC1BIK0102-15SA;ESTRUTURA DA MATERIA
11202231162;NC1BIL0304-15SA;EVOLUCAO E DIVERSIFICACAO DA VIDA NA TERRA
11202231162;NC1BIS0003-15SA;BASES MATEMATICAS
11202231162;NC2BCS0001-15SA;BASE EXPERIMENTAL DAS CIENCIAS NATURAIS
11202231162;NC2BIS0005-15SA;BASES COMPUTACIONAIS DA CIENCIA
11202230637;DC2BIJ0207-15SA;BASES CONCEITUAIS DA ENERGIA
11202230637;DC2BIK0102-15SA;ESTRUTURA DA MATERIA
11202230637;DC2BIL0304-15SA;EVOLUCAO E DIVERSIFICACAO DA VIDA NA TERRA
11202230637;DC2BIS0003-15SA;BASES MATEMATICAS
11202230637;DC3BIS0005-15SA;BASES COMPUTACIONAIS DA CIENCIA
11202230637;DC4BCS0001-15SA;BASE EXPERIMENTAL DAS CIENCIAS NATURAIS
11202230564;NB1BHO0001-19SB;INTRODUCAO AS HUMANIDADES E AS CIENCIAS SOCIAIS
11202230564;NB1BHP0202-19SB;TEMAS E PROBLEMAS EM FILOSOFIA
11202230564;NB1BHQ0001-15SB;IDENTIDADE E CULTURA
11202230564;NB1BHQ0003-15SB;INTERPRETACOES DO BRASIL
11202230564;NB2BIQ0602-15SB;ESTRUTURA E DINAMICA SOCIAL
11202230564;NB4BIS0005-15SB;BASES COMPUTACIONAIS DA CIENCIA
11202230438;DA2BIJ0207-15SA;BASES CONCEITUAIS DA ENERGIA
11202230438;DA2BIK0102-15SA;ESTRUTURA DA MATERIA
11202230438;DA2BIL0304-15SA;EVOLUCAO E DIVERSIFICACAO DA VIDA NA TERRA
11202230438;DA2BIS0003-15SA;BASES MATEMATICAS
11202230438;DA5BCS0001-15SA;BASE EXPERIMENTAL DAS CIENCIAS NATURAIS
11202230438;DA5BIS0005-15SA;BASES COMPUTACIONAIS DA CIENCIA
11202230385;DB1BHO0001-19SB;INTRODUCAO AS HUMANIDADES E AS CIENCIAS SOCIAIS
11202230385;DB1BHP0202-19SB;TEMAS E PROBLEMAS EM FILOSOFIA
11202230385;DB1BHQ0001-15SB;IDENTIDADE E CULTURA
11202230385;DB1BHQ0003-15SB;INTERPRETACOES DO BRASIL
11202230385;DB2BIQ0602-15SB;ESTRUTURA E DINAMICA SOCIAL
11202230385;DB5BIS0005-15SB;BASES COMPUTACIONAIS DA CIENCIA
11202231529;DC1BCS0001-15SA;BASE EXPERIMENTAL DAS CIENCIAS NATURAIS
11202231529;DC1BIJ0207-15SA;BASES CONCEITUAIS DA ENERGIA
11202231529;DC1BIK0102-15SA;ESTRUTURA DA MATERIA
11202231529;DC1BIL0304-15SA;EVOLUCAO E DIVERSIFICACAO DA VIDA NA TERRA
11202231529;DC1BIS0003-15SA;BASES MATEMATICAS
11202231529;DC5BIS0005-15SA;BASES COMPUTACIONAIS DA CIENCIA
11202212443;DA1BIR0603-15SB;CIENCIA, TECNOLOGIA E SOCIEDADE
11202212443;DA1NHI5001-15SB;DESENVOLVIMENTO E APRENDIZAGEM
11202212443;DA1NHZ2099-16SB;TOPICOS CONTEMPORANEOS EM EDUCACAO E FILOSOFIA
11202212443;DA1NHZ5023-18SB;PRATICAS ESCOLARES EM EDUCACAO ESPECIAL E INCLUSIVA
11202212443;DA7BIS0005-15SB;BASES COMPUTACIONAIS DA CIENCIA
11202212443;DC1BIJ0207-15SB;BASES CONCEITUAIS DA ENERGIA
11202231469;NC2BIJ0207-15SA;BASES CONCEITUAIS DA ENERGIA
11202231469;NC2BIK0102-15SA;ESTRUTURA DA MATERIA
11202231469;NC2BIL0304-15SA;EVOLUCAO E DIVERSIFICACAO DA VIDA NA TERRA
11202231469;NC2BIS0003-15SA;BASES MATEMATICAS
11202231469;NC4BCS0001-15SA;BASE EXPERIMENTAL DAS CIENCIAS NATURAIS
11202231469;NC4BIS0005-15SA;BASES COMPUTACIONAIS DA CIENCIA
11202231639;NB2BIJ0207-15SA;BASES CONCEITUAIS DA ENERGIA
11202231639;NB2BIK0102-15SA;ESTRUTURA DA MATERIA
11202231639;NB2BIL0304-15SA;EVOLUCAO E DIVERSIFICACAO DA VIDA NA TERRA
11202231639;NB2BIS0003-15SA;BASES MATEMATICAS
11202231639;NB6BCS0001-15SA;BASE EXPERIMENTAL DAS CIENCIAS NATURAIS
11202231639;NB6BIS0005-15SA;BASES COMPUTACIONAIS DA CIENCIA
11202231724;NB1BHO0001-19SB;INTRODUCAO AS HUMANIDADES E AS CIENCIAS SOCIAIS
11202231724;NB1BHP0202-19SB;TEMAS E PROBLEMAS EM FILOSOFIA
11202231724;NB1BHQ0001-15SB;IDENTIDADE E CULTURA
11202231724;NB1BHQ0003-15SB;INTERPRETACOES DO BRASIL
11202231724;NB2BIQ0602-15SB;ESTRUTURA E DINAMICA SOCIAL
11202231724;NB4BIS0005-15SB;BASES COMPUTACIONAIS DA CIENCIA
11202230663;DB1BHO0001-19SB;INTRODUCAO AS HUMANIDADES E AS CIENCIAS SOCIAIS
11202230663;DB1BHP0202-19SB;TEMAS E PROBLEMAS EM FILOSOFIA
11202230663;DB1BHQ0001-15SB;IDENTIDADE E CULTURA
11202230663;DB1BHQ0003-15SB;INTERPRETACOES DO BRASIL
11202230663;DB2BIQ0602-15SB;ESTRUTURA E DINAMICA SOCIAL
11202230663;DB5BIS0005-15SB;BASES COMPUTACIONAIS DA CIENCIA
11202231487;NA2BIJ0207-15SA;BASES CONCEITUAIS DA ENERGIA
11202231487;NA2BIK0102-15SA;ESTRUTURA DA MATERIA
11202231487;NA2BIL0304-15SA;EVOLUCAO E DIVERSIFICACAO DA VIDA NA TERRA
11202231487;NA2BIS0003-15SA;BASES MATEMATICAS
11202231487;NA4BCS0001-15SA;BASE EXPERIMENTAL DAS CIENCIAS NATURAIS
11202231487;NA4BIS0005-15SA;BASES COMPUTACIONAIS DA CIENCIA
11202212466;NB1BHO0001-19SB;INTRODUCAO AS HUMANIDADES E AS CIENCIAS SOCIAIS
11202212466;NB1BHP0202-19SB;TEMAS E PROBLEMAS EM FILOSOFIA
11202212466;NB1BHQ0001-15SB;IDENTIDADE E CULTURA
11202212466;NB1BHQ0003-15SB;INTERPRETACOES DO BRASIL
11202212466;NB2BIQ0602-15SB;ESTRUTURA E DINAMICA SOCIAL
11202212466;NB4BIS0005-15SB;BASES COMPUTACIONAIS DA CIENCIA
11202230985;DB1BHO0001-19SB;INTRODUCAO AS HUMANIDADES E AS CIENCIAS SOCIAIS
11202230985;DB1BHP0202-19SB;TEMAS E PROBLEMAS EM FILOSOFIA
11202230985;DB1BHQ0001-15SB;IDENTIDADE E CULTURA
11202230985;DB1BHQ0003-15SB;INTERPRETACOES DO BRASIL
11202230985;DB2BIQ0602-15SB;ESTRUTURA E DINAMICA SOCIAL
11202230985;DB5BIS0005-15SB;BASES COMPUTACIONAIS DA CIENCIA
11202231986;NA2BIJ0207-15SA;BASES CONCEITUAIS DA ENERGIA
11202231986;NA2BIK0102-15SA;ESTRUTURA DA MATERIA
11202231986;NA2BIL0304-15SA;EVOLUCAO E DIVERSIFICACAO DA VIDA NA TERRA
11202231986;NA2BIS0003-15SA;BASES MATEMATICAS
11202231986;NA5BCS0001-15SA;BASE EXPERIMENTAL DAS CIENCIAS NATURAIS
11202231986;NA5BIS0005-15SA;BASES COMPUTACIONAIS DA CIENCIA
11202231961;DA2BIJ0207-15SA;BASES CONCEITUAIS DA ENERGIA
11202231961;DA2BIK0102-15SA;ESTRUTURA DA MATERIA
11202231961;DA2BIL0304-15SA;EVOLUCAO E DIVERSIFICACAO DA VIDA NA TERRA
11202231961;DA2BIS0003-15SA;BASES MATEMATICAS
11202231961;DA6BCS0001-15SA;BASE EXPERIMENTAL DAS CIENCIAS NATURAIS
11202231961;DA6BIS0005-15SA;BASES COMPUTACIONAIS DA CIENCIA
11202230261;DC2BIJ0207-15SA;BASES CONCEITUAIS DA ENERGIA
11202230261;DC2BIK0102-15SA;ESTRUTURA DA MATERIA
11202230261;DC2BIL0304-15SA;EVOLUCAO E DIVERSIFICACAO DA VIDA NA TERRA
11202230261;DC2BIS0003-15SA;BASES MATEMATICAS
11202230261;DC4BIS0005-15SA;BASES COMPUTACIONAIS DA CIENCIA
11202230261;DC5BCS0001-15SA;BASE EXPERIMENTAL DAS CIENCIAS NATURAIS
11202230499;NC2BIJ0207-15SA;BASES CONCEITUAIS DA ENERGIA
11202230499;NC2BIK0102-15SA;ESTRUTURA DA MATERIA
11202230499;NC2BIL0304-15SA;EVOLUCAO E DIVERSIFICACAO DA VIDA NA TERRA
11202230499;NC2BIS0003-15SA;BASES MATEMATICAS
11202230499;NC5BCS0001-15SA;BASE EXPERIMENTAL DAS CIENCIAS NATURAIS
11202230499;NC5BIS0005-15SA;BASES COMPUTACIONAIS DA CIENCIA
11202231755;DA1BCS0001-15SA;BASE EXPERIMENTAL DAS CIENCIAS NATURAIS
11202231755;DA1BIJ0207-15SA;BASES CONCEITUAIS DA ENERGIA
11202231755;DA1BIK0102-15SA;ESTRUTURA DA MATERIA
11202231755;DA1BIL0304-15SA;EVOLUCAO E DIVERSIFICACAO DA VIDA NA TERRA
11202231755;DA1BIS0003-15SA;BASES MATEMATICAS
11202231755;DA1BIS0005-15SA;BASES COMPUTACIONAIS DA CIENCIA
11202231466;NB1BHO0001-19SB;INTRODUCAO AS HUMANIDADES E AS CIENCIAS SOCIAIS
11202231466;NB1BHP0202-19SB;TEMAS E PROBLEMAS EM FILOSOFIA
11202231466;NB1BHQ0001-15SB;IDENTIDADE E CULTURA
11202231466;NB1BHQ0003-15SB;INTERPRETACOES DO BRASIL
11202231466;NB2BIQ0602-15SB;ESTRUTURA E DINAMICA SOCIAL
11202231466;NB4BIS0005-15SB;BASES COMPUTACIONAIS DA CIENCIA
11202231525;DB1BHO0001-19SB;INTRODUCAO AS HUMANIDADES E AS CIENCIAS SOCIAIS
11202231525;DB1BHP0202-19SB;TEMAS E PROBLEMAS EM FILOSOFIA
11202231525;DB1BHQ0001-15SB;IDENTIDADE E CULTURA
11202231525;DB1BHQ0003-15SB;INTERPRETACOES DO BRASIL
11202231525;DB2BIQ0602-15SB;ESTRUTURA E DINAMICA SOCIAL
11202231525;DB5BIS0005-15SB;BASES COMPUTACIONAIS DA CIENCIA
11202231123;DC1BIJ0207-15SB;BASES CONCEITUAIS DA ENERGIA
11202231123;DC1BIK0102-15SB;ESTRUTURA DA MATERIA
11202231123;DC1BIL0304-15SB;EVOLUCAO E DIVERSIFICACAO DA VIDA NA TERRA
11202231123;DC1BIS0003-15SB;BASES MATEMATICAS
11202231123;DC2BCS0001-15SB;BASE EXPERIMENTAL DAS CIENCIAS NATURAIS
11202231123;DC3BIS0005-15SB;BASES COMPUTACIONAIS DA CIENCIA
11202231158;NA1BIJ0207-15SA;BASES CONCEITUAIS DA ENERGIA
11202231158;NA1BIK0102-15SA;ESTRUTURA DA MATERIA
11202231158;NA1BIL0304-15SA;EVOLUCAO E DIVERSIFICACAO DA VIDA NA TERRA
11202231158;NA1BIS0003-15SA;BASES MATEMATICAS
11202231158;NA3BCS0001-15SA;BASE EXPERIMENTAL DAS CIENCIAS NATURAIS
11202231158;NA3BIS0005-15SA;BASES COMPUTACIONAIS DA CIENCIA
11202230618;NB1NHI5001-15SA;DESENVOLVIMENTO E APRENDIZAGEM
11202230618;NB1NHZ2099-16SA;TOPICOS CONTEMPORANEOS EM EDUCACAO E FILOSOFIA
11202230618;NB1NHZ5023-18SA;PRATICAS ESCOLARES EM EDUCACAO ESPECIAL E INCLUSIVA
11202230618;NB2BIR0603-15SA;CIENCIA, TECNOLOGIA E SOCIEDADE
11202230618;NB3BIJ0207-15SA;BASES CONCEITUAIS DA ENERGIA
11202230618;NB7BIS0005-15SA;BASES COMPUTACIONAIS DA CIENCIA
11202230624;NB2BIJ0207-15SA;BASES CONCEITUAIS DA ENERGIA
11202230624;NB2BIK0102-15SA;ESTRUTURA DA MATERIA
11202230624;NB2BIL0304-15SA;EVOLUCAO E DIVERSIFICACAO DA VIDA NA TERRA
11202230624;NB2BIS0003-15SA;BASES MATEMATICAS
11202230624;NB5BCS0001-15SA;BASE EXPERIMENTAL DAS CIENCIAS NATURAIS
11202230624;NB5BIS0005-15SA;BASES COMPUTACIONAIS DA CIENCIA
11202231909;DB1BHO0001-19SB;INTRODUCAO AS HUMANIDADES E AS CIENCIAS SOCIAIS
11202231909;DB1BHP0202-19SB;TEMAS E PROBLEMAS EM FILOSOFIA
11202231909;DB1BHQ0001-15SB;IDENTIDADE E CULTURA
11202231909;DB1BHQ0003-15SB;INTERPRETACOES DO BRASIL
11202231909;DB2BIQ0602-15SB;ESTRUTURA E DINAMICA SOCIAL
11202231909;DB5BIS0005-15SB;BASES COMPUTACIONAIS DA CIENCIA
11202230489;DB1BIJ0207-15SB;BASES CONCEITUAIS DA ENERGIA
11202230489;DB1BIK0102-15SB;ESTRUTURA DA MATERIA
11202230489;DB1BIL0304-15SB;EVOLUCAO E DIVERSIFICACAO DA VIDA NA TERRA
11202230489;DB1BIS0003-15SB;BASES MATEMATICAS
11202230489;DB2BCS0001-15SB;BASE EXPERIMENTAL DAS CIENCIAS NATURAIS
11202230489;DB2BIS0005-15SB;BASES COMPUTACIONAIS DA CIENCIA
11202230890;DC1BIJ0207-15SB;BASES CONCEITUAIS DA ENERGIA
11202230890;DC1BIK0102-15SB;ESTRUTURA DA MATERIA
11202230890;DC1BIL0304-15SB;EVOLUCAO E DIVERSIFICACAO DA VIDA NA TERRA
11202230890;DC1BIS0003-15SB;BASES MATEMATICAS
11202230890;DC2BCS0001-15SB;BASE EXPERIMENTAL DAS CIENCIAS NATURAIS
11202230890;DC3BIS0005-15SB;BASES COMPUTACIONAIS DA CIENCIA
11202230860;NB2BIJ0207-15SA;BASES CONCEITUAIS DA ENERGIA
11202230860;NB2BIK0102-15SA;ESTRUTURA DA MATERIA
11202230860;NB2BIL0304-15SA;EVOLUCAO E DIVERSIFICACAO DA VIDA NA TERRA
11202230860;NB2BIS0003-15SA;BASES MATEMATICAS
11202230860;NB5BCS0001-15SA;BASE EXPERIMENTAL DAS CIENCIAS NATURAIS
11202230860;NB5BIS0005-15SA;BASES COMPUTACIONAIS DA CIENCIA
11202212477;DA1BIJ0207-15SA;BASES CONCEITUAIS DA ENERGIA
11202212477;DA1BIK0102-15SA;ESTRUTURA DA MATERIA
11202212477;DA1BIL0304-15SA;EVOLUCAO E DIVERSIFICACAO DA VIDA NA TERRA
11202212477;DA1BIS0003-15SA;BASES MATEMATICAS
11202212477;DA3BCS0001-15SA;BASE EXPERIMENTAL DAS CIENCIAS NATURAIS
11202212477;DA3BIS0005-15SA;BASES COMPUTACIONAIS DA CIENCIA
11202230343;NB1BCS0001-15SA;BASE EXPERIMENTAL DAS CIENCIAS NATURAIS
11202230343;NB1BIJ0207-15SA;BASES CONCEITUAIS DA ENERGIA
11202230343;NB1BIK0102-15SA;ESTRUTURA DA MATERIA
11202230343;NB1BIL0304-15SA;EVOLUCAO E DIVERSIFICACAO DA VIDA NA TERRA
11202230343;NB1BIS0003-15SA;BASES MATEMATICAS
11202230343;NB1BIS0005-15SA;BASES COMPUTACIONAIS DA CIENCIA
11202232327;DB1NHI5001-15SA;DESENVOLVIMENTO E APRENDIZAGEM
11202232327;DB1NHZ2099-16SA;TOPICOS CONTEMPORANEOS EM EDUCACAO E FILOSOFIA
11202232327;DB1NHZ5023-18SA;PRATICAS ESCOLARES EM EDUCACAO ESPECIAL E INCLUSIVA
11202232327;DB2BIR0603-15SA;CIENCIA, TECNOLOGIA E SOCIEDADE
11202232327;DB3BIJ0207-15SA;BASES CONCEITUAIS DA ENERGIA
11202232327;DB7BIS0005-15SA;BASES COMPUTACIONAIS DA CIENCIA
11202231298;NC1BIJ0207-15SA;BASES CONCEITUAIS DA ENERGIA
11202231298;NC1BIK0102-15SA;ESTRUTURA DA MATERIA
11202231298;NC1BIL0304-15SA;EVOLUCAO E DIVERSIFICACAO DA VIDA NA TERRA
11202231298;NC1BIS0003-15SA;BASES MATEMATICAS
11202231298;NC2BCS0001-15SA;BASE EXPERIMENTAL DAS CIENCIAS NATURAIS
11202231298;NC2BIS0005-15SA;BASES COMPUTACIONAIS DA CIENCIA
11202232015;DA1BCS0001-15SB;BASE EXPERIMENTAL DAS CIENCIAS NATURAIS
11202232015;DA1BIJ0207-15SB;BASES CONCEITUAIS DA ENERGIA
11202232015;DA1BIK0102-15SB;ESTRUTURA DA MATERIA
11202232015;DA1BIL0304-15SB;EVOLUCAO E DIVERSIFICACAO DA VIDA NA TERRA
11202232015;DA1BIS0003-15SB;BASES MATEMATICAS
11202232015;DA1BIS0005-15SB;BASES COMPUTACIONAIS DA CIENCIA
11202231225;DB1BHO0001-19SB;INTRODUCAO AS HUMANIDADES E AS CIENCIAS SOCIAIS
11202231225;DB1BHP0202-19SB;TEMAS E PROBLEMAS EM FILOSOFIA
11202231225;DB1BHQ0001-15SB;IDENTIDADE E CULTURA
11202231225;DB1BHQ0003-15SB;INTERPRETACOES DO BRASIL
11202231225;DB2BIQ0602-15SB;ESTRUTURA E DINAMICA SOCIAL
11202231225;DB5BIS0005-15SB;BASES COMPUTACIONAIS DA CIENCIA
11202231597;DC1BCS0001-15SA;BASE EXPERIMENTAL DAS CIENCIAS NATURAIS
11202231597;DC1BIJ0207-15SA;BASES CONCEITUAIS DA ENERGIA
11202231597;DC1BIK0102-15SA;ESTRUTURA DA MATERIA
11202231597;DC1BIL0304-15SA;EVOLUCAO E DIVERSIFICACAO DA VIDA NA TERRA
11202231597;DC1BIS0003-15SA;BASES MATEMATICAS
11202231597;DC1BIS0005-15SA;BASES COMPUTACIONAIS DA CIENCIA
11202231892;DB1NHI5001-15SA;DESENVOLVIMENTO E APRENDIZAGEM
11202231892;DB1NHZ2099-16SA;TOPICOS CONTEMPORANEOS EM EDUCACAO E FILOSOFIA
11202231892;DB1NHZ5023-18SA;PRATICAS ESCOLARES EM EDUCACAO ESPECIAL E INCLUSIVA
11202231892;DB2BIR0603-15SA;CIENCIA, TECNOLOGIA E SOCIEDADE
11202231892;DB3BIJ0207-15SA;BASES CONCEITUAIS DA ENERGIA
11202231892;DB7BIS0005-15SA;BASES COMPUTACIONAIS DA CIENCIA
11202231331;DB1BIJ0207-15SA;BASES CONCEITUAIS DA ENERGIA
11202231331;DB1BIK0102-15SA;ESTRUTURA DA MATERIA
11202231331;DB1BIL0304-15SA;EVOLUCAO E DIVERSIFICACAO DA VIDA NA TERRA
11202231331;DB1BIS0003-15SA;BASES MATEMATICAS
11202231331;DB4BCS0001-15SA;BASE EXPERIMENTAL DAS CIENCIAS NATURAIS
11202231331;DB4BIS0005-15SA;BASES COMPUTACIONAIS DA CIENCIA
11202230420;NB1BIJ0207-15SB;BASES CONCEITUAIS DA ENERGIA
11202230420;NB1BIK0102-15SB;ESTRUTURA DA MATERIA
11202230420;NB1BIL0304-15SB;EVOLUCAO E DIVERSIFICACAO DA VIDA NA TERRA
11202230420;NB1BIS0003-15SB;BASES MATEMATICAS
11202230420;NB2BCS0001-15SB;BASE EXPERIMENTAL DAS CIENCIAS NATURAIS
11202230420;NB2BIS0005-15SB;BASES COMPUTACIONAIS DA CIENCIA
11202230781;NB1BHO0001-19SB;INTRODUCAO AS HUMANIDADES E AS CIENCIAS SOCIAIS
11202230781;NB1BHP0202-19SB;TEMAS E PROBLEMAS EM FILOSOFIA
11202230781;NB1BHQ0001-15SB;IDENTIDADE E CULTURA
11202230781;NB1BHQ0003-15SB;INTERPRETACOES DO BRASIL
11202230781;NB2BIQ0602-15SB;ESTRUTURA E DINAMICA SOCIAL
11202230781;NB4BIS0005-15SB;BASES COMPUTACIONAIS DA CIENCIA
11202231451;DB2BIJ0207-15SA;BASES CONCEITUAIS DA ENERGIA
11202231451;DB2BIK0102-15SA;ESTRUTURA DA MATERIA
11202231451;DB2BIL0304-15SA;EVOLUCAO E DIVERSIFICACAO DA VIDA NA TERRA
11202231451;DB2BIS0003-15SA;BASES MATEMATICAS
11202231451;DB3BCS0001-15SA;BASE EXPERIMENTAL DAS CIENCIAS NATURAIS
11202231451;DB3BIS0005-15SA;BASES COMPUTACIONAIS DA CIENCIA
11202231461;DB1BHO0001-19SB;INTRODUCAO AS HUMANIDADES E AS CIENCIAS SOCIAIS
11202231461;DB1BHP0202-19SB;TEMAS E PROBLEMAS EM FILOSOFIA
11202231461;DB1BHQ0001-15SB;IDENTIDADE E CULTURA
11202231461;DB1BHQ0003-15SB;INTERPRETACOES DO BRASIL
11202231461;DB2BIQ0602-15SB;ESTRUTURA E DINAMICA SOCIAL
11202231461;DB5BIS0005-15SB;BASES COMPUTACIONAIS DA CIENCIA
11202231297;DC1BCS0001-15SA;BASE EXPERIMENTAL DAS CIENCIAS NATURAIS
11202231297;DC1BIJ0207-15SA;BASES CONCEITUAIS DA ENERGIA
11202231297;DC1BIK0102-15SA;ESTRUTURA DA MATERIA
11202231297;DC1BIL0304-15SA;EVOLUCAO E DIVERSIFICACAO DA VIDA NA TERRA
11202231297;DC1BIS0003-15SA;BASES MATEMATICAS
11202231297;DC1BIS0005-15SA;BASES COMPUTACIONAIS DA CIENCIA
11202212444;NA1BIJ0207-15SB;BASES CONCEITUAIS DA ENERGIA
11202212444;NA1BIK0102-15SB;ESTRUTURA DA MATERIA
11202212444;NA1BIL0304-15SB;EVOLUCAO E DIVERSIFICACAO DA VIDA NA TERRA
11202212444;NA1BIS0003-15SB;BASES MATEMATICAS
11202212444;NA3BCS0001-15SB;BASE EXPERIMENTAL DAS CIENCIAS NATURAIS
11202212444;NA3BIS0005-15SB;BASES COMPUTACIONAIS DA CIENCIA
11202231069;DC2BIJ0207-15SA;BASES CONCEITUAIS DA ENERGIA
11202231069;DC2BIK0102-15SA;ESTRUTURA DA MATERIA
11202231069;DC2BIL0304-15SA;EVOLUCAO E DIVERSIFICACAO DA VIDA NA TERRA
11202231069;DC2BIS0003-15SA;BASES MATEMATICAS
11202231069;DC4BIS0005-15SA;BASES COMPUTACIONAIS DA CIENCIA
11202231069;DC5BCS0001-15SA;BASE EXPERIMENTAL DAS CIENCIAS NATURAIS
11202230315;NB2BIJ0207-15SA;BASES CONCEITUAIS DA ENERGIA
11202230315;NB2BIK0102-15SA;ESTRUTURA DA MATERIA
11202230315;NB2BIL0304-15SA;EVOLUCAO E DIVERSIFICACAO DA VIDA NA TERRA
11202230315;NB2BIS0003-15SA;BASES MATEMATICAS
11202230315;NB4BCS0001-15SA;BASE EXPERIMENTAL DAS CIENCIAS NATURAIS
11202230315;NB4BIS0005-15SA;BASES COMPUTACIONAIS DA CIENCIA
11202232154;NA2BIJ0207-15SA;BASES CONCEITUAIS DA ENERGIA
11202232154;NA2BIK0102-15SA;ESTRUTURA DA MATERIA
11202232154;NA2BIL0304-15SA;EVOLUCAO E DIVERSIFICACAO DA VIDA NA TERRA
11202232154;NA2BIS0003-15SA;BASES MATEMATICAS
11202232154;NA5BCS0001-15SA;BASE EXPERIMENTAL DAS CIENCIAS NATURAIS
11202232154;NA5BIS0005-15SA;BASES COMPUTACIONAIS DA CIENCIA
11202230785;NB2BIJ0207-15SA;BASES CONCEITUAIS DA ENERGIA
11202230785;NB2BIK0102-15SA;ESTRUTURA DA MATERIA
11202230785;NB2BIL0304-15SA;EVOLUCAO E DIVERSIFICACAO DA VIDA NA TERRA
11202230785;NB2BIS0003-15SA;BASES MATEMATICAS
11202230785;NB6BCS0001-15SA;BASE EXPERIMENTAL DAS CIENCIAS NATURAIS
11202230785;NB6BIS0005-15SA;BASES COMPUTACIONAIS DA CIENCIA
11202231830;DB1BHO0001-19SB;INTRODUCAO AS HUMANIDADES E AS CIENCIAS SOCIAIS
11202231830;DB1BHP0202-19SB;TEMAS E PROBLEMAS EM FILOSOFIA
11202231830;DB1BHQ0001-15SB;IDENTIDADE E CULTURA
11202231830;DB1BHQ0003-15SB;INTERPRETACOES DO BRASIL
11202231830;DB2BIQ0602-15SB;ESTRUTURA E DINAMICA SOCIAL
11202231830;DB5BIS0005-15SB;BASES COMPUTACIONAIS DA CIENCIA
11202230983;DA2BCS0001-15SA;BASE EXPERIMENTAL DAS CIENCIAS NATURAIS
11202230983;DA2BIJ0207-15SA;BASES CONCEITUAIS DA ENERGIA
11202230983;DA2BIK0102-15SA;ESTRUTURA DA MATERIA
11202230983;DA2BIL0304-15SA;EVOLUCAO E DIVERSIFICACAO DA VIDA NA TERRA
11202230983;DA2BIS0003-15SA;BASES MATEMATICAS
11202230983;DA2BIS0005-15SA;BASES COMPUTACIONAIS DA CIENCIA
11202231791;DC1BIJ0207-15SA;BASES CONCEITUAIS DA ENERGIA
11202231791;DC1BIK0102-15SA;ESTRUTURA DA MATERIA
11202231791;DC1BIL0304-15SA;EVOLUCAO E DIVERSIFICACAO DA VIDA NA TERRA
11202231791;DC1BIS0003-15SA;BASES MATEMATICAS
11202231791;DC1BIS0005-15SA;BASES COMPUTACIONAIS DA CIENCIA
11202231791;DC2BCS0001-15SA;BASE EXPERIMENTAL DAS CIENCIAS NATURAIS
11202212452;DB1BCS0001-15SB;BASE EXPERIMENTAL DAS CIENCIAS NATURAIS
11202212452;DB1BIJ0207-15SB;BASES CONCEITUAIS DA ENERGIA
11202212452;DB1BIK0102-15SB;ESTRUTURA DA MATERIA
11202212452;DB1BIL0304-15SB;EVOLUCAO E DIVERSIFICACAO DA VIDA NA TERRA
11202212452;DB1BIS0003-15SB;BASES MATEMATICAS
11202212452;DB1BIS0005-15SB;BASES COMPUTACIONAIS DA CIENCIA
11202231184;NB2BIJ0207-15SA;BASES CONCEITUAIS DA ENERGIA
11202231184;NB2BIK0102-15SA;ESTRUTURA DA MATERIA
11202231184;NB2BIL0304-15SA;EVOLUCAO E DIVERSIFICACAO DA VIDA NA TERRA
11202231184;NB2BIS0003-15SA;BASES MATEMATICAS
11202231184;NB4BCS0001-15SA;BASE EXPERIMENTAL DAS CIENCIAS NATURAIS
11202231184;NB4BIS0005-15SA;BASES COMPUTACIONAIS DA CIENCIA
11202230353;DC1BCS0001-15SA;BASE EXPERIMENTAL DAS CIENCIAS NATURAIS
11202230353;DC1BIJ0207-15SA;BASES CONCEITUAIS DA ENERGIA
11202230353;DC1BIK0102-15SA;ESTRUTURA DA MATERIA
11202230353;DC1BIL0304-15SA;EVOLUCAO E DIVERSIFICACAO DA VIDA NA TERRA
11202230353;DC1BIS0003-15SA;BASES MATEMATICAS
11202230353;DC5BIS0005-15SA;BASES COMPUTACIONAIS DA CIENCIA
11202231080;DA1BIJ0207-15SA;BASES CONCEITUAIS DA ENERGIA
11202231080;DA1BIK0102-15SA;ESTRUTURA DA MATERIA
11202231080;DA1BIL0304-15SA;EVOLUCAO E DIVERSIFICACAO DA VIDA NA TERRA
11202231080;DA1BIS0003-15SA;BASES MATEMATICAS
11202231080;DA3BCS0001-15SA;BASE EXPERIMENTAL DAS CIENCIAS NATURAIS
11202231080;DA3BIS0005-15SA;BASES COMPUTACIONAIS DA CIENCIA
11202230359;DA1BIJ0207-15SA;BASES CONCEITUAIS DA ENERGIA
11202230359;DA1BIK0102-15SA;ESTRUTURA DA MATERIA
11202230359;DA1BIL0304-15SA;EVOLUCAO E DIVERSIFICACAO DA VIDA NA TERRA
11202230359;DA1BIS0003-15SA;BASES MATEMATICAS
11202230359;DA3BCS0001-15SA;BASE EXPERIMENTAL DAS CIENCIAS NATURAIS
11202230359;DA3BIS0005-15SA;BASES COMPUTACIONAIS DA CIENCIA
11202230733;DB2BCS0001-15SA;BASE EXPERIMENTAL DAS CIENCIAS NATURAIS
11202230733;DB2BIJ0207-15SA;BASES CONCEITUAIS DA ENERGIA
11202230733;DB2BIK0102-15SA;ESTRUTURA DA MATERIA
11202230733;DB2BIL0304-15SA;EVOLUCAO E DIVERSIFICACAO DA VIDA NA TERRA
11202230733;DB2BIS0003-15SA;BASES MATEMATICAS
11202230733;DB2BIS0005-15SA;BASES COMPUTACIONAIS DA CIENCIA
11202230364;DB1BHO0001-19SB;INTRODUCAO AS HUMANIDADES E AS CIENCIAS SOCIAIS
11202230364;DB1BHP0202-19SB;TEMAS E PROBLEMAS EM FILOSOFIA
11202230364;DB1BHQ0001-15SB;IDENTIDADE E CULTURA
11202230364;DB1BHQ0003-15SB;INTERPRETACOES DO BRASIL
11202230364;DB2BIQ0602-15SB;ESTRUTURA E DINAMICA SOCIAL
11202230364;DB5BIS0005-15SB;BASES COMPUTACIONAIS DA CIENCIA
11202230439;DB2BCS0001-15SA;BASE EXPERIMENTAL DAS CIENCIAS NATURAIS
11202230439;DB2BIJ0207-15SA;BASES CONCEITUAIS DA ENERGIA
11202230439;DB2BIK0102-15SA;ESTRUTURA DA MATERIA
11202230439;DB2BIL0304-15SA;EVOLUCAO E DIVERSIFICACAO DA VIDA NA TERRA
11202230439;DB2BIS0003-15SA;BASES MATEMATICAS
11202230439;DB2BIS0005-15SA;BASES COMPUTACIONAIS DA CIENCIA
11202230613;DC2BIJ0207-15SA;BASES CONCEITUAIS DA ENERGIA
11202230613;DC2BIK0102-15SA;ESTRUTURA DA MATERIA
11202230613;DC2BIL0304-15SA;EVOLUCAO E DIVERSIFICACAO DA VIDA NA TERRA
11202230613;DC2BIS0003-15SA;BASES MATEMATICAS
11202230613;DC3BIS0005-15SA;BASES COMPUTACIONAIS DA CIENCIA
11202230613;DC4BCS0001-15SA;BASE EXPERIMENTAL DAS CIENCIAS NATURAIS
11202230457;DA1BCS0001-15SB;BASE EXPERIMENTAL DAS CIENCIAS NATURAIS
11202230457;DA1BIJ0207-15SB;BASES CONCEITUAIS DA ENERGIA
11202230457;DA1BIK0102-15SB;ESTRUTURA DA MATERIA
11202230457;DA1BIL0304-15SB;EVOLUCAO E DIVERSIFICACAO DA VIDA NA TERRA
11202230457;DA1BIS0003-15SB;BASES MATEMATICAS
11202230457;DA1BIS0005-15SB;BASES COMPUTACIONAIS DA CIENCIA
11202231965;DB1BHO0001-19SB;INTRODUCAO AS HUMANIDADES E AS CIENCIAS SOCIAIS
11202231965;DB1BHP0202-19SB;TEMAS E PROBLEMAS EM FILOSOFIA
11202231965;DB1BHQ0001-15SB;IDENTIDADE E CULTURA
11202231965;DB1BHQ0003-15SB;INTERPRETACOES DO BRASIL
11202231965;DB2BIQ0602-15SB;ESTRUTURA E DINAMICA SOCIAL
11202231965;DB5BIS0005-15SB;BASES COMPUTACIONAIS DA CIENCIA
11202230700;NA2BIJ0207-15SA;BASES CONCEITUAIS DA ENERGIA
11202230700;NA2BIK0102-15SA;ESTRUTURA DA MATERIA
11202230700;NA2BIL0304-15SA;EVOLUCAO E DIVERSIFICACAO DA VIDA NA TERRA
11202230700;NA2BIS0003-15SA;BASES MATEMATICAS
11202230700;NA5BCS0001-15SA;BASE EXPERIMENTAL DAS CIENCIAS NATURAIS
11202230700;NA5BIS0005-15SA;BASES COMPUTACIONAIS DA CIENCIA
11202231271;DC2BIJ0207-15SA;BASES CONCEITUAIS DA ENERGIA
11202231271;DC2BIK0102-15SA;ESTRUTURA DA MATERIA
11202231271;DC2BIL0304-15SA;EVOLUCAO E DIVERSIFICACAO DA VIDA NA TERRA
11202231271;DC2BIS0003-15SA;BASES MATEMATICAS
11202231271;DC3BIS0005-15SA;BASES COMPUTACIONAIS DA CIENCIA
11202231271;DC4BCS0001-15SA;BASE EXPERIMENTAL DAS CIENCIAS NATURAIS
11202230861;NC1BIJ0207-15SA;BASES CONCEITUAIS DA ENERGIA
11202230861;NC1BIK0102-15SA;ESTRUTURA DA MATERIA
11202230861;NC1BIL0304-15SA;EVOLUCAO E DIVERSIFICACAO DA VIDA NA TERRA
11202230861;NC1BIS0003-15SA;BASES MATEMATICAS
11202230861;NC3BCS0001-15SA;BASE EXPERIMENTAL DAS CIENCIAS NATURAIS
11202230861;NC3BIS0005-15SA;BASES COMPUTACIONAIS DA CIENCIA
11202232003;NB1BIJ0207-15SB;BASES CONCEITUAIS DA ENERGIA
11202232003;NB1BIK0102-15SB;ESTRUTURA DA MATERIA
11202232003;NB1BIL0304-15SB;EVOLUCAO E DIVERSIFICACAO DA VIDA NA TERRA
11202232003;NB1BIS0003-15SB;BASES MATEMATICAS
11202232003;NB2BCS0001-15SB;BASE EXPERIMENTAL DAS CIENCIAS NATURAIS
11202232003;NB2BIS0005-15SB;BASES COMPUTACIONAIS DA CIENCIA
11202231817;NB1BCS0001-15SA;BASE EXPERIMENTAL DAS CIENCIAS NATURAIS
11202231817;NB1BIJ0207-15SA;BASES CONCEITUAIS DA ENERGIA
11202231817;NB1BIK0102-15SA;ESTRUTURA DA MATERIA
11202231817;NB1BIL0304-15SA;EVOLUCAO E DIVERSIFICACAO DA VIDA NA TERRA
11202231817;NB1BIS0003-15SA;BASES MATEMATICAS
11202231817;NB1BIS0005-15SA;BASES COMPUTACIONAIS DA CIENCIA
11202212503;NB6BIS0005-15SB;BASES COMPUTACIONAIS DA CIENCIA
11202212503;NB2BIQ0602-15SB;ESTRUTURA E DINAMICA SOCIAL
11202212503;NB1BHQ0001-15SB;IDENTIDADE E CULTURA
11202212503;NB1BHQ0003-15SB;INTERPRETACOES DO BRASIL
11202212503;NB1BHO0001-19SB;INTRODUCAO AS HUMANIDADES E AS CIENCIAS SOCIAIS
11202212503;NB1BHP0202-19SB;TEMAS E PROBLEMAS EM FILOSOFIA
11202230797;NB1BHO0001-19SB;INTRODUCAO AS HUMANIDADES E AS CIENCIAS SOCIAIS
11202230797;NB1BHP0202-19SB;TEMAS E PROBLEMAS EM FILOSOFIA
11202230797;NB1BHQ0001-15SB;IDENTIDADE E CULTURA
11202230797;NB1BHQ0003-15SB;INTERPRETACOES DO BRASIL
11202230797;NB2BIQ0602-15SB;ESTRUTURA E DINAMICA SOCIAL
11202230797;NB4BIS0005-15SB;BASES COMPUTACIONAIS DA CIENCIA
11202231629;DB1BHO0001-19SB;INTRODUCAO AS HUMANIDADES E AS CIENCIAS SOCIAIS
11202231629;DB1BHP0202-19SB;TEMAS E PROBLEMAS EM FILOSOFIA
11202231629;DB1BHQ0001-15SB;IDENTIDADE E CULTURA
11202231629;DB1BHQ0003-15SB;INTERPRETACOES DO BRASIL
11202231629;DB2BIQ0602-15SB;ESTRUTURA E DINAMICA SOCIAL
11202231629;DB5BIS0005-15SB;BASES COMPUTACIONAIS DA CIENCIA
11202230454;DB1BHO0001-19SB;INTRODUCAO AS HUMANIDADES E AS CIENCIAS SOCIAIS
11202230454;DB1BHP0202-19SB;TEMAS E PROBLEMAS EM FILOSOFIA
11202230454;DB1BHQ0001-15SB;IDENTIDADE E CULTURA
11202230454;DB1BHQ0003-15SB;INTERPRETACOES DO BRASIL
11202230454;DB2BIQ0602-15SB;ESTRUTURA E DINAMICA SOCIAL
11202230454;DB5BIS0005-15SB;BASES COMPUTACIONAIS DA CIENCIA
11202232174;NB1NHI5001-15SA;DESENVOLVIMENTO E APRENDIZAGEM
11202232174;NB1NHZ2099-16SA;TOPICOS CONTEMPORANEOS EM EDUCACAO E FILOSOFIA
11202232174;NB1NHZ5023-18SA;PRATICAS ESCOLARES EM EDUCACAO ESPECIAL E INCLUSIVA
11202232174;NB2BIR0603-15SA;CIENCIA, TECNOLOGIA E SOCIEDADE
11202232174;NB3BIJ0207-15SA;BASES CONCEITUAIS DA ENERGIA
11202232174;NB7BIS0005-15SA;BASES COMPUTACIONAIS DA CIENCIA
11202230262;NA2BIJ0207-15SA;BASES CONCEITUAIS DA ENERGIA
11202230262;NA2BIK0102-15SA;ESTRUTURA DA MATERIA
11202230262;NA2BIL0304-15SA;EVOLUCAO E DIVERSIFICACAO DA VIDA NA TERRA
11202230262;NA2BIS0003-15SA;BASES MATEMATICAS
11202230262;NA4BCS0001-15SA;BASE EXPERIMENTAL DAS CIENCIAS NATURAIS
11202230262;NA4BIS0005-15SA;BASES COMPUTACIONAIS DA CIENCIA
11202231024;DC1BIJ0207-15SA;BASES CONCEITUAIS DA ENERGIA
11202231024;DC1BIK0102-15SA;ESTRUTURA DA MATERIA
11202231024;DC1BIL0304-15SA;EVOLUCAO E DIVERSIFICACAO DA VIDA NA TERRA
11202231024;DC1BIS0003-15SA;BASES MATEMATICAS
11202231024;DC1BIS0005-15SA;BASES COMPUTACIONAIS DA CIENCIA
11202231024;DC2BCS0001-15SA;BASE EXPERIMENTAL DAS CIENCIAS NATURAIS
11202231850;NB2BIJ0207-15SA;BASES CONCEITUAIS DA ENERGIA
11202231850;NB2BIK0102-15SA;ESTRUTURA DA MATERIA
11202231850;NB2BIL0304-15SA;EVOLUCAO E DIVERSIFICACAO DA VIDA NA TERRA
11202231850;NB2BIS0003-15SA;BASES MATEMATICAS
11202231850;NB6BCS0001-15SA;BASE EXPERIMENTAL DAS CIENCIAS NATURAIS
11202231850;NB6BIS0005-15SA;BASES COMPUTACIONAIS DA CIENCIA
11202230936;NC1BCS0001-15SB;BASE EXPERIMENTAL DAS CIENCIAS NATURAIS
11202230936;NC1BIJ0207-15SB;BASES CONCEITUAIS DA ENERGIA
11202230936;NC1BIK0102-15SB;ESTRUTURA DA MATERIA
11202230936;NC1BIL0304-15SB;EVOLUCAO E DIVERSIFICACAO DA VIDA NA TERRA
11202230936;NC1BIS0003-15SB;BASES MATEMATICAS
11202230936;NC1BIS0005-15SB;BASES COMPUTACIONAIS DA CIENCIA
11202230224;NA1BCS0001-15SB;BASE EXPERIMENTAL DAS CIENCIAS NATURAIS
11202230224;NA1BIJ0207-15SB;BASES CONCEITUAIS DA ENERGIA
11202230224;NA1BIK0102-15SB;ESTRUTURA DA MATERIA
11202230224;NA1BIL0304-15SB;EVOLUCAO E DIVERSIFICACAO DA VIDA NA TERRA
11202230224;NA1BIS0003-15SB;BASES MATEMATICAS
11202230224;NA1BIS0005-15SB;BASES COMPUTACIONAIS DA CIENCIA
11202231814;NB1BIJ0207-15SA;BASES CONCEITUAIS DA ENERGIA
11202231814;NB1BIK0102-15SA;ESTRUTURA DA MATERIA
11202231814;NB1BIL0304-15SA;EVOLUCAO E DIVERSIFICACAO DA VIDA NA TERRA
11202231814;NB1BIS0003-15SA;BASES MATEMATICAS
11202231814;NB2BCS0001-15SA;BASE EXPERIMENTAL DAS CIENCIAS NATURAIS
11202231814;NB2BIS0005-15SA;BASES COMPUTACIONAIS DA CIENCIA
11202231828;DA2BIJ0207-15SA;BASES CONCEITUAIS DA ENERGIA
11202231828;DA2BIK0102-15SA;ESTRUTURA DA MATERIA
11202231828;DA2BIL0304-15SA;EVOLUCAO E DIVERSIFICACAO DA VIDA NA TERRA
11202231828;DA2BIS0003-15SA;BASES MATEMATICAS
11202231828;DA5BCS0001-15SA;BASE EXPERIMENTAL DAS CIENCIAS NATURAIS
11202231828;DA5BIS0005-15SA;BASES COMPUTACIONAIS DA CIENCIA
11202230789;NA1BIJ0207-15SA;BASES CONCEITUAIS DA ENERGIA
11202230789;NA1BIK0102-15SA;ESTRUTURA DA MATERIA
11202230789;NA1BIL0304-15SA;EVOLUCAO E DIVERSIFICACAO DA VIDA NA TERRA
11202230789;NA1BIS0003-15SA;BASES MATEMATICAS
11202230789;NA3BCS0001-15SA;BASE EXPERIMENTAL DAS CIENCIAS NATURAIS
11202230789;NA3BIS0005-15SA;BASES COMPUTACIONAIS DA CIENCIA
11202232325;DA1BIJ0207-15SA;BASES CONCEITUAIS DA ENERGIA
11202232325;DA1BIK0102-15SA;ESTRUTURA DA MATERIA
11202232325;DA1BIL0304-15SA;EVOLUCAO E DIVERSIFICACAO DA VIDA NA TERRA
11202232325;DA1BIS0003-15SA;BASES MATEMATICAS
11202232325;DA3BCS0001-15SA;BASE EXPERIMENTAL DAS CIENCIAS NATURAIS
11202232325;DA3BIS0005-15SA;BASES COMPUTACIONAIS DA CIENCIA
11202230978;DB2BCS0001-15SA;BASE EXPERIMENTAL DAS CIENCIAS NATURAIS
11202230978;DB2BIJ0207-15SA;BASES CONCEITUAIS DA ENERGIA
11202230978;DB2BIK0102-15SA;ESTRUTURA DA MATERIA
11202230978;DB2BIL0304-15SA;EVOLUCAO E DIVERSIFICACAO DA VIDA NA TERRA
11202230978;DB2BIS0003-15SA;BASES MATEMATICAS
11202230978;DB2BIS0005-15SA;BASES COMPUTACIONAIS DA CIENCIA
11202230864;DC1BCS0001-15SA;BASE EXPERIMENTAL DAS CIENCIAS NATURAIS
11202230864;DC1BIJ0207-15SA;BASES CONCEITUAIS DA ENERGIA
11202230864;DC1BIK0102-15SA;ESTRUTURA DA MATERIA
11202230864;DC1BIL0304-15SA;EVOLUCAO E DIVERSIFICACAO DA VIDA NA TERRA
11202230864;DC1BIS0003-15SA;BASES MATEMATICAS
11202230864;DC5BIS0005-15SA;BASES COMPUTACIONAIS DA CIENCIA
11202231777;NB1BIJ0207-15SA;BASES CONCEITUAIS DA ENERGIA
11202231777;NB1BIK0102-15SA;ESTRUTURA DA MATERIA
11202231777;NB1BIL0304-15SA;EVOLUCAO E DIVERSIFICACAO DA VIDA NA TERRA
11202231777;NB1BIS0003-15SA;BASES MATEMATICAS
11202231777;NB3BCS0001-15SA;BASE EXPERIMENTAL DAS CIENCIAS NATURAIS
11202231777;NB3BIS0005-15SA;BASES COMPUTACIONAIS DA CIENCIA
11202231699;DA1BIR0603-15SB;CIENCIA, TECNOLOGIA E SOCIEDADE
11202231699;DA1NHI5001-15SB;DESENVOLVIMENTO E APRENDIZAGEM
11202231699;DA1NHZ2099-16SB;TOPICOS CONTEMPORANEOS EM EDUCACAO E FILOSOFIA
11202231699;DA1NHZ5023-18SB;PRATICAS ESCOLARES EM EDUCACAO ESPECIAL E INCLUSIVA
11202231699;DA7BIS0005-15SB;BASES COMPUTACIONAIS DA CIENCIA
11202231699;DC1BIJ0207-15SB;BASES CONCEITUAIS DA ENERGIA
11202230296;DB1BHO0001-19SB;INTRODUCAO AS HUMANIDADES E AS CIENCIAS SOCIAIS
11202230296;DB1BHP0202-19SB;TEMAS E PROBLEMAS EM FILOSOFIA
11202230296;DB1BHQ0001-15SB;IDENTIDADE E CULTURA
11202230296;DB1BHQ0003-15SB;INTERPRETACOES DO BRASIL
11202230296;DB2BIQ0602-15SB;ESTRUTURA E DINAMICA SOCIAL
11202230296;DB5BIS0005-15SB;BASES COMPUTACIONAIS DA CIENCIA
11202231095;NC1BCS0001-15SB;BASE EXPERIMENTAL DAS CIENCIAS NATURAIS
11202231095;NC1BIJ0207-15SB;BASES CONCEITUAIS DA ENERGIA
11202231095;NC1BIK0102-15SB;ESTRUTURA DA MATERIA
11202231095;NC1BIL0304-15SB;EVOLUCAO E DIVERSIFICACAO DA VIDA NA TERRA
11202231095;NC1BIS0003-15SB;BASES MATEMATICAS
11202231095;NC1BIS0005-15SB;BASES COMPUTACIONAIS DA CIENCIA
11202230573;NB1BCS0001-15SA;BASE EXPERIMENTAL DAS CIENCIAS NATURAIS
11202230573;NB1BIJ0207-15SA;BASES CONCEITUAIS DA ENERGIA
11202230573;NB1BIK0102-15SA;ESTRUTURA DA MATERIA
11202230573;NB1BIL0304-15SA;EVOLUCAO E DIVERSIFICACAO DA VIDA NA TERRA
11202230573;NB1BIS0003-15SA;BASES MATEMATICAS
11202230573;NB1BIS0005-15SA;BASES COMPUTACIONAIS DA CIENCIA
11202231883;DB1BHO0001-19SB;INTRODUCAO AS HUMANIDADES E AS CIENCIAS SOCIAIS
11202231883;DB1BHP0202-19SB;TEMAS E PROBLEMAS EM FILOSOFIA
11202231883;DB1BHQ0001-15SB;IDENTIDADE E CULTURA
11202231883;DB1BHQ0003-15SB;INTERPRETACOES DO BRASIL
11202231883;DB2BIQ0602-15SB;ESTRUTURA E DINAMICA SOCIAL
11202231883;DB5BIS0005-15SB;BASES COMPUTACIONAIS DA CIENCIA
11202230461;NA1BCS0001-15SA;BASE EXPERIMENTAL DAS CIENCIAS NATURAIS
11202230461;NA1BIJ0207-15SA;BASES CONCEITUAIS DA ENERGIA
11202230461;NA1BIK0102-15SA;ESTRUTURA DA MATERIA
11202230461;NA1BIL0304-15SA;EVOLUCAO E DIVERSIFICACAO DA VIDA NA TERRA
11202230461;NA1BIS0003-15SA;BASES MATEMATICAS
11202230461;NA1BIS0005-15SA;BASES COMPUTACIONAIS DA CIENCIA
11202230994;NB1NHI5001-15SA;DESENVOLVIMENTO E APRENDIZAGEM
11202230994;NB1NHZ2099-16SA;TOPICOS CONTEMPORANEOS EM EDUCACAO E FILOSOFIA
11202230994;NB1NHZ5023-18SA;PRATICAS ESCOLARES EM EDUCACAO ESPECIAL E INCLUSIVA
11202230994;NB2BIR0603-15SA;CIENCIA, TECNOLOGIA E SOCIEDADE
11202230994;NB3BIJ0207-15SA;BASES CONCEITUAIS DA ENERGIA
11202230994;NB7BIS0005-15SA;BASES COMPUTACIONAIS DA CIENCIA
11202230233;NB1BIJ0207-15SA;BASES CONCEITUAIS DA ENERGIA
11202230233;NB1BIK0102-15SA;ESTRUTURA DA MATERIA
11202230233;NB1BIL0304-15SA;EVOLUCAO E DIVERSIFICACAO DA VIDA NA TERRA
11202230233;NB1BIS0003-15SA;BASES MATEMATICAS
11202230233;NB2BCS0001-15SA;BASE EXPERIMENTAL DAS CIENCIAS NATURAIS
11202230233;NB2BIS0005-15SA;BASES COMPUTACIONAIS DA CIENCIA
11202232323;DB2BIJ0207-15SA;BASES CONCEITUAIS DA ENERGIA
11202232323;DB2BIK0102-15SA;ESTRUTURA DA MATERIA
11202232323;DB2BIL0304-15SA;EVOLUCAO E DIVERSIFICACAO DA VIDA NA TERRA
11202232323;DB2BIS0003-15SA;BASES MATEMATICAS
11202232323;DB3BCS0001-15SA;BASE EXPERIMENTAL DAS CIENCIAS NATURAIS
11202232323;DB3BIS0005-15SA;BASES COMPUTACIONAIS DA CIENCIA
11202230453;NC1BIJ0207-15SA;BASES CONCEITUAIS DA ENERGIA
11202230453;NC1BIK0102-15SA;ESTRUTURA DA MATERIA
11202230453;NC1BIL0304-15SA;EVOLUCAO E DIVERSIFICACAO DA VIDA NA TERRA
11202230453;NC1BIS0003-15SA;BASES MATEMATICAS
11202230453;NC3BCS0001-15SA;BASE EXPERIMENTAL DAS CIENCIAS NATURAIS
11202230453;NC3BIS0005-15SA;BASES COMPUTACIONAIS DA CIENCIA
11202230746;NB1BIJ0207-15SB;BASES CONCEITUAIS DA ENERGIA
11202230746;NB1BIK0102-15SB;ESTRUTURA DA MATERIA
11202230746;NB1BIL0304-15SB;EVOLUCAO E DIVERSIFICACAO DA VIDA NA TERRA
11202230746;NB1BIS0003-15SB;BASES MATEMATICAS
11202230746;NB3BCS0001-15SB;BASE EXPERIMENTAL DAS CIENCIAS NATURAIS
11202230746;NB3BIS0005-15SB;BASES COMPUTACIONAIS DA CIENCIA
11202231695;NB1BCS0001-15SB;BASE EXPERIMENTAL DAS CIENCIAS NATURAIS
11202231695;NB1BIJ0207-15SB;BASES CONCEITUAIS DA ENERGIA
11202231695;NB1BIK0102-15SB;ESTRUTURA DA MATERIA
11202231695;NB1BIL0304-15SB;EVOLUCAO E DIVERSIFICACAO DA VIDA NA TERRA
11202231695;NB1BIS0003-15SB;BASES MATEMATICAS
11202231695;NB1BIS0005-15SB;BASES COMPUTACIONAIS DA CIENCIA
11202230298;NA1BCS0001-15SB;BASE EXPERIMENTAL DAS CIENCIAS NATURAIS
11202230298;NA1BIJ0207-15SB;BASES CONCEITUAIS DA ENERGIA
11202230298;NA1BIK0102-15SB;ESTRUTURA DA MATERIA
11202230298;NA1BIL0304-15SB;EVOLUCAO E DIVERSIFICACAO DA VIDA NA TERRA
11202230298;NA1BIS0003-15SB;BASES MATEMATICAS
11202230298;NA1BIS0005-15SB;BASES COMPUTACIONAIS DA CIENCIA
11202230450;DB1BHO0001-19SB;INTRODUCAO AS HUMANIDADES E AS CIENCIAS SOCIAIS
11202230450;DB1BHP0202-19SB;TEMAS E PROBLEMAS EM FILOSOFIA
11202230450;DB1BHQ0001-15SB;IDENTIDADE E CULTURA
11202230450;DB1BHQ0003-15SB;INTERPRETACOES DO BRASIL
11202230450;DB2BIQ0602-15SB;ESTRUTURA E DINAMICA SOCIAL
11202230450;DB5BIS0005-15SB;BASES COMPUTACIONAIS DA CIENCIA
11202231037;DA5BCS0001-15SA;BASE EXPERIMENTAL DAS CIENCIAS NATURAIS
11202231037;DA2BIJ0207-15SA;BASES CONCEITUAIS DA ENERGIA
11202231037;DA2BIK0102-15SA;ESTRUTURA DA MATERIA
11202231037;DA2BIL0304-15SA;EVOLUCAO E DIVERSIFICACAO DA VIDA NA TERRA
11202231037;DA2BIS0003-15SA;BASES MATEMATICAS
11202231037;DA2BIS0005-15SA;BASES COMPUTACIONAIS DA CIENCIA
11202230498;NB1NHI5001-15SA;DESENVOLVIMENTO E APRENDIZAGEM
11202230498;NB1NHZ2099-16SA;TOPICOS CONTEMPORANEOS EM EDUCACAO E FILOSOFIA
11202230498;NB1NHZ5023-18SA;PRATICAS ESCOLARES EM EDUCACAO ESPECIAL E INCLUSIVA
11202230498;NB2BIR0603-15SA;CIENCIA, TECNOLOGIA E SOCIEDADE
11202230498;NB3BIJ0207-15SA;BASES CONCEITUAIS DA ENERGIA
11202230498;NB7BIS0005-15SA;BASES COMPUTACIONAIS DA CIENCIA
11202230488;NB2BIJ0207-15SA;BASES CONCEITUAIS DA ENERGIA
11202230488;NB2BIK0102-15SA;ESTRUTURA DA MATERIA
11202230488;NB2BIL0304-15SA;EVOLUCAO E DIVERSIFICACAO DA VIDA NA TERRA
11202230488;NB2BIS0003-15SA;BASES MATEMATICAS
11202230488;NB5BCS0001-15SA;BASE EXPERIMENTAL DAS CIENCIAS NATURAIS
11202230488;NB5BIS0005-15SA;BASES COMPUTACIONAIS DA CIENCIA
11202230621;NB1BHO0001-19SB;INTRODUCAO AS HUMANIDADES E AS CIENCIAS SOCIAIS
11202230621;NB1BHP0202-19SB;TEMAS E PROBLEMAS EM FILOSOFIA
11202230621;NB1BHQ0001-15SB;IDENTIDADE E CULTURA
11202230621;NB1BHQ0003-15SB;INTERPRETACOES DO BRASIL
11202230621;NB2BIQ0602-15SB;ESTRUTURA E DINAMICA SOCIAL
11202230621;NB4BIS0005-15SB;BASES COMPUTACIONAIS DA CIENCIA
11202231680;NC1BCS0001-15SA;BASE EXPERIMENTAL DAS CIENCIAS NATURAIS
11202231680;NC1BIJ0207-15SA;BASES CONCEITUAIS DA ENERGIA
11202231680;NC1BIK0102-15SA;ESTRUTURA DA MATERIA
11202231680;NC1BIL0304-15SA;EVOLUCAO E DIVERSIFICACAO DA VIDA NA TERRA
11202231680;NC1BIS0003-15SA;BASES MATEMATICAS
11202231680;NC1BIS0005-15SA;BASES COMPUTACIONAIS DA CIENCIA
11202231759;DB1BIJ0207-15SA;BASES CONCEITUAIS DA ENERGIA
11202231759;DB1BIK0102-15SA;ESTRUTURA DA MATERIA
11202231759;DB1BIL0304-15SA;EVOLUCAO E DIVERSIFICACAO DA VIDA NA TERRA
11202231759;DB1BIS0003-15SA;BASES MATEMATICAS
11202231759;DB6BCS0001-15SA;BASE EXPERIMENTAL DAS CIENCIAS NATURAIS
11202231759;DB6BIS0005-15SA;BASES COMPUTACIONAIS DA CIENCIA
11202230870;NB1BHO0001-19SB;INTRODUCAO AS HUMANIDADES E AS CIENCIAS SOCIAIS
11202230870;NB1BHP0202-19SB;TEMAS E PROBLEMAS EM FILOSOFIA
11202230870;NB1BHQ0001-15SB;IDENTIDADE E CULTURA
11202230870;NB1BHQ0003-15SB;INTERPRETACOES DO BRASIL
11202230870;NB2BIQ0602-15SB;ESTRUTURA E DINAMICA SOCIAL
11202230870;NB4BIS0005-15SB;BASES COMPUTACIONAIS DA CIENCIA
11202231337;DC2BIJ0207-15SA;BASES CONCEITUAIS DA ENERGIA
11202231337;DC2BIK0102-15SA;ESTRUTURA DA MATERIA
11202231337;DC2BIL0304-15SA;EVOLUCAO E DIVERSIFICACAO DA VIDA NA TERRA
11202231337;DC2BIS0003-15SA;BASES MATEMATICAS
11202231337;DC4BIS0005-15SA;BASES COMPUTACIONAIS DA CIENCIA
11202231337;DC5BCS0001-15SA;BASE EXPERIMENTAL DAS CIENCIAS NATURAIS
11202231488;NB1BHO0001-19SB;INTRODUCAO AS HUMANIDADES E AS CIENCIAS SOCIAIS
11202231488;NB1BHP0202-19SB;TEMAS E PROBLEMAS EM FILOSOFIA
11202231488;NB1BHQ0001-15SB;IDENTIDADE E CULTURA
11202231488;NB1BHQ0003-15SB;INTERPRETACOES DO BRASIL
11202231488;NB2BIQ0602-15SB;ESTRUTURA E DINAMICA SOCIAL
11202231488;NB4BIS0005-15SB;BASES COMPUTACIONAIS DA CIENCIA
11202231318;DB1BHO0001-19SB;INTRODUCAO AS HUMANIDADES E AS CIENCIAS SOCIAIS
11202231318;DB1BHP0202-19SB;TEMAS E PROBLEMAS EM FILOSOFIA
11202231318;DB1BHQ0001-15SB;IDENTIDADE E CULTURA
11202231318;DB1BHQ0003-15SB;INTERPRETACOES DO BRASIL
11202231318;DB2BIQ0602-15SB;ESTRUTURA E DINAMICA SOCIAL
11202231318;DB5BIS0005-15SB;BASES COMPUTACIONAIS DA CIENCIA
11202231995;NA2BIJ0207-15SA;BASES CONCEITUAIS DA ENERGIA
11202231995;NA2BIK0102-15SA;ESTRUTURA DA MATERIA
11202231995;NA2BIL0304-15SA;EVOLUCAO E DIVERSIFICACAO DA VIDA NA TERRA
11202231995;NA2BIS0003-15SA;BASES MATEMATICAS
11202231995;NA6BCS0001-15SA;BASE EXPERIMENTAL DAS CIENCIAS NATURAIS
11202231995;NA6BIS0005-15SA;BASES COMPUTACIONAIS DA CIENCIA
11202212474;NB1BCS0001-15SB;BASE EXPERIMENTAL DAS CIENCIAS NATURAIS
11202212474;NB1BIJ0207-15SB;BASES CONCEITUAIS DA ENERGIA
11202212474;NB1BIK0102-15SB;ESTRUTURA DA MATERIA
11202212474;NB1BIL0304-15SB;EVOLUCAO E DIVERSIFICACAO DA VIDA NA TERRA
11202212474;NB1BIS0003-15SB;BASES MATEMATICAS
11202212474;NB1BIS0005-15SB;BASES COMPUTACIONAIS DA CIENCIA
11202230607;DB2BIJ0207-15SA;BASES CONCEITUAIS DA ENERGIA
11202230607;DB2BIK0102-15SA;ESTRUTURA DA MATERIA
11202230607;DB2BIL0304-15SA;EVOLUCAO E DIVERSIFICACAO DA VIDA NA TERRA
11202230607;DB2BIS0003-15SA;BASES MATEMATICAS
11202230607;DB3BCS0001-15SA;BASE EXPERIMENTAL DAS CIENCIAS NATURAIS
11202230607;DB3BIS0005-15SA;BASES COMPUTACIONAIS DA CIENCIA
11202231684;DB1NHI5001-15SA;DESENVOLVIMENTO E APRENDIZAGEM
11202231684;DB1NHZ2099-16SA;TOPICOS CONTEMPORANEOS EM EDUCACAO E FILOSOFIA
11202231684;DB1NHZ5023-18SA;PRATICAS ESCOLARES EM EDUCACAO ESPECIAL E INCLUSIVA
11202231684;DB2BIR0603-15SA;CIENCIA, TECNOLOGIA E SOCIEDADE
11202231684;DB3BIJ0207-15SA;BASES CONCEITUAIS DA ENERGIA
11202231684;DB7BIS0005-15SA;BASES COMPUTACIONAIS DA CIENCIA
11202231880;DB1BHO0001-19SB;INTRODUCAO AS HUMANIDADES E AS CIENCIAS SOCIAIS
11202231880;DB1BHP0202-19SB;TEMAS E PROBLEMAS EM FILOSOFIA
11202231880;DB1BHQ0001-15SB;IDENTIDADE E CULTURA
11202231880;DB1BHQ0003-15SB;INTERPRETACOES DO BRASIL
11202231880;DB2BIQ0602-15SB;ESTRUTURA E DINAMICA SOCIAL
11202231880;DB5BIS0005-15SB;BASES COMPUTACIONAIS DA CIENCIA
11202230851;NB1BHO0001-19SB;INTRODUCAO AS HUMANIDADES E AS CIENCIAS SOCIAIS
11202230851;NB1BHP0202-19SB;TEMAS E PROBLEMAS EM FILOSOFIA
11202230851;NB1BHQ0001-15SB;IDENTIDADE E CULTURA
11202230851;NB1BHQ0003-15SB;INTERPRETACOES DO BRASIL
11202230851;NB2BIQ0602-15SB;ESTRUTURA E DINAMICA SOCIAL
11202230851;NB4BIS0005-15SB;BASES COMPUTACIONAIS DA CIENCIA
11202230350;DB1BIJ0207-15SA;BASES CONCEITUAIS DA ENERGIA
11202230350;DB1BIK0102-15SA;ESTRUTURA DA MATERIA
11202230350;DB1BIL0304-15SA;EVOLUCAO E DIVERSIFICACAO DA VIDA NA TERRA
11202230350;DB1BIS0003-15SA;BASES MATEMATICAS
11202230350;DB6BCS0001-15SA;BASE EXPERIMENTAL DAS CIENCIAS NATURAIS
11202230350;DB6BIS0005-15SA;BASES COMPUTACIONAIS DA CIENCIA
11202230523;DA2BCS0001-15SA;BASE EXPERIMENTAL DAS CIENCIAS NATURAIS
11202230523;DA2BIJ0207-15SA;BASES CONCEITUAIS DA ENERGIA
11202230523;DA2BIK0102-15SA;ESTRUTURA DA MATERIA
11202230523;DA2BIL0304-15SA;EVOLUCAO E DIVERSIFICACAO DA VIDA NA TERRA
11202230523;DA2BIS0003-15SA;BASES MATEMATICAS
11202230523;DA2BIS0005-15SA;BASES COMPUTACIONAIS DA CIENCIA
11202230452;DC2BIJ0207-15SA;BASES CONCEITUAIS DA ENERGIA
11202230452;DC2BIK0102-15SA;ESTRUTURA DA MATERIA
11202230452;DC2BIL0304-15SA;EVOLUCAO E DIVERSIFICACAO DA VIDA NA TERRA
11202230452;DC2BIS0003-15SA;BASES MATEMATICAS
11202230452;DC3BIS0005-15SA;BASES COMPUTACIONAIS DA CIENCIA
11202230452;DC4BCS0001-15SA;BASE EXPERIMENTAL DAS CIENCIAS NATURAIS
11202231472;NA1BIJ0207-15SB;BASES CONCEITUAIS DA ENERGIA
11202231472;NA1BIK0102-15SB;ESTRUTURA DA MATERIA
11202231472;NA1BIL0304-15SB;EVOLUCAO E DIVERSIFICACAO DA VIDA NA TERRA
11202231472;NA1BIS0003-15SB;BASES MATEMATICAS
11202231472;NA2BCS0001-15SB;BASE EXPERIMENTAL DAS CIENCIAS NATURAIS
11202231472;NA2BIS0005-15SB;BASES COMPUTACIONAIS DA CIENCIA
11202230713;NB1BHO0001-19SB;INTRODUCAO AS HUMANIDADES E AS CIENCIAS SOCIAIS
11202230713;NB1BHP0202-19SB;TEMAS E PROBLEMAS EM FILOSOFIA
11202230713;NB1BHQ0001-15SB;IDENTIDADE E CULTURA
11202230713;NB1BHQ0003-15SB;INTERPRETACOES DO BRASIL
11202230713;NB2BIQ0602-15SB;ESTRUTURA E DINAMICA SOCIAL
11202230713;NB4BIS0005-15SB;BASES COMPUTACIONAIS DA CIENCIA
11202231376;DB1BIJ0207-15SA;BASES CONCEITUAIS DA ENERGIA
11202231376;DB1BIK0102-15SA;ESTRUTURA DA MATERIA
11202231376;DB1BIL0304-15SA;EVOLUCAO E DIVERSIFICACAO DA VIDA NA TERRA
11202231376;DB1BIS0003-15SA;BASES MATEMATICAS
11202231376;DB5BCS0001-15SA;BASE EXPERIMENTAL DAS CIENCIAS NATURAIS
11202231376;DB5BIS0005-15SA;BASES COMPUTACIONAIS DA CIENCIA
11202231729;DB2BCS0001-15SA;BASE EXPERIMENTAL DAS CIENCIAS NATURAIS
11202231729;DB2BIJ0207-15SA;BASES CONCEITUAIS DA ENERGIA
11202231729;DB2BIK0102-15SA;ESTRUTURA DA MATERIA
11202231729;DB2BIL0304-15SA;EVOLUCAO E DIVERSIFICACAO DA VIDA NA TERRA
11202231729;DB2BIS0003-15SA;BASES MATEMATICAS
11202231729;DB2BIS0005-15SA;BASES COMPUTACIONAIS DA CIENCIA
11202231356;DB1BHO0001-19SB;INTRODUCAO AS HUMANIDADES E AS CIENCIAS SOCIAIS
11202231356;DB1BHP0202-19SB;TEMAS E PROBLEMAS EM FILOSOFIA
11202231356;DB1BHQ0001-15SB;IDENTIDADE E CULTURA
11202231356;DB1BHQ0003-15SB;INTERPRETACOES DO BRASIL
11202231356;DB2BIQ0602-15SB;ESTRUTURA E DINAMICA SOCIAL
11202231356;DB5BIS0005-15SB;BASES COMPUTACIONAIS DA CIENCIA
11202230842;DC1BCS0001-15SB;BASE EXPERIMENTAL DAS CIENCIAS NATURAIS
11202230842;DC1BIJ0207-15SB;BASES CONCEITUAIS DA ENERGIA
11202230842;DC1BIK0102-15SB;ESTRUTURA DA MATERIA
11202230842;DC1BIL0304-15SB;EVOLUCAO E DIVERSIFICACAO DA VIDA NA TERRA
11202230842;DC1BIS0003-15SB;BASES MATEMATICAS
11202230842;DC1BIS0005-15SB;BASES COMPUTACIONAIS DA CIENCIA
11202230881;DB2BCS0001-15SA;BASE EXPERIMENTAL DAS CIENCIAS NATURAIS
11202230881;DB2BIJ0207-15SA;BASES CONCEITUAIS DA ENERGIA
11202230881;DB2BIK0102-15SA;ESTRUTURA DA MATERIA
11202230881;DB2BIL0304-15SA;EVOLUCAO E DIVERSIFICACAO DA VIDA NA TERRA
11202230881;DB2BIS0003-15SA;BASES MATEMATICAS
11202230881;DB2BIS0005-15SA;BASES COMPUTACIONAIS DA CIENCIA
11202231353;NA1BCS0001-15SA;BASE EXPERIMENTAL DAS CIENCIAS NATURAIS
11202231353;NA1BIJ0207-15SA;BASES CONCEITUAIS DA ENERGIA
11202231353;NA1BIK0102-15SA;ESTRUTURA DA MATERIA
11202231353;NA1BIL0304-15SA;EVOLUCAO E DIVERSIFICACAO DA VIDA NA TERRA
11202231353;NA1BIS0003-15SA;BASES MATEMATICAS
11202231353;NA1BIS0005-15SA;BASES COMPUTACIONAIS DA CIENCIA
11202231074;NB1NHI5001-15SA;DESENVOLVIMENTO E APRENDIZAGEM
11202231074;NB1NHZ2099-16SA;TOPICOS CONTEMPORANEOS EM EDUCACAO E FILOSOFIA
11202231074;NB1NHZ5023-18SA;PRATICAS ESCOLARES EM EDUCACAO ESPECIAL E INCLUSIVA
11202231074;NB2BIR0603-15SA;CIENCIA, TECNOLOGIA E SOCIEDADE
11202231074;NB3BIJ0207-15SA;BASES CONCEITUAIS DA ENERGIA
11202231074;NB7BIS0005-15SA;BASES COMPUTACIONAIS DA CIENCIA
11202230805;NA1BIJ0207-15SB;BASES CONCEITUAIS DA ENERGIA
11202230805;NA1BIK0102-15SB;ESTRUTURA DA MATERIA
11202230805;NA1BIL0304-15SB;EVOLUCAO E DIVERSIFICACAO DA VIDA NA TERRA
11202230805;NA1BIS0003-15SB;BASES MATEMATICAS
11202230805;NA3BCS0001-15SB;BASE EXPERIMENTAL DAS CIENCIAS NATURAIS
11202230805;NA3BIS0005-15SB;BASES COMPUTACIONAIS DA CIENCIA
11202230470;DC1BIJ0207-15SA;BASES CONCEITUAIS DA ENERGIA
11202230470;DC1BIK0102-15SA;ESTRUTURA DA MATERIA
11202230470;DC1BIL0304-15SA;EVOLUCAO E DIVERSIFICACAO DA VIDA NA TERRA
11202230470;DC1BIS0003-15SA;BASES MATEMATICAS
11202230470;DC2BIS0005-15SA;BASES COMPUTACIONAIS DA CIENCIA
11202230470;DC3BCS0001-15SA;BASE EXPERIMENTAL DAS CIENCIAS NATURAIS
11202230772;DB1BIJ0207-15SA;BASES CONCEITUAIS DA ENERGIA
11202230772;DB1BIK0102-15SA;ESTRUTURA DA MATERIA
11202230772;DB1BIL0304-15SA;EVOLUCAO E DIVERSIFICACAO DA VIDA NA TERRA
11202230772;DB1BIS0003-15SA;BASES MATEMATICAS
11202230772;DB5BCS0001-15SA;BASE EXPERIMENTAL DAS CIENCIAS NATURAIS
11202230772;DB5BIS0005-15SA;BASES COMPUTACIONAIS DA CIENCIA
11202230547;NB1BHO0001-19SB;INTRODUCAO AS HUMANIDADES E AS CIENCIAS SOCIAIS
11202230547;NB1BHP0202-19SB;TEMAS E PROBLEMAS EM FILOSOFIA
11202230547;NB1BHQ0001-15SB;IDENTIDADE E CULTURA
11202230547;NB1BHQ0003-15SB;INTERPRETACOES DO BRASIL
11202230547;NB2BIQ0602-15SB;ESTRUTURA E DINAMICA SOCIAL
11202230547;NB4BIS0005-15SB;BASES COMPUTACIONAIS DA CIENCIA
11202230787;NB1BCS0001-15SB;BASE EXPERIMENTAL DAS CIENCIAS NATURAIS
11202230787;NB1BIJ0207-15SB;BASES CONCEITUAIS DA ENERGIA
11202230787;NB1BIK0102-15SB;ESTRUTURA DA MATERIA
11202230787;NB1BIL0304-15SB;EVOLUCAO E DIVERSIFICACAO DA VIDA NA TERRA
11202230787;NB1BIS0003-15SB;BASES MATEMATICAS
11202230787;NB1BIS0005-15SB;BASES COMPUTACIONAIS DA CIENCIA
11202231051;DC1BIJ0207-15SA;BASES CONCEITUAIS DA ENERGIA
11202231051;DC1BIK0102-15SA;ESTRUTURA DA MATERIA
11202231051;DC1BIL0304-15SA;EVOLUCAO E DIVERSIFICACAO DA VIDA NA TERRA
11202231051;DC1BIS0003-15SA;BASES MATEMATICAS
11202231051;DC2BCS0001-15SA;BASE EXPERIMENTAL DAS CIENCIAS NATURAIS
11202231051;DC2BIS0005-15SA;BASES COMPUTACIONAIS DA CIENCIA
11202231968;DB1BHO0001-19SB;INTRODUCAO AS HUMANIDADES E AS CIENCIAS SOCIAIS
11202231968;DB1BHP0202-19SB;TEMAS E PROBLEMAS EM FILOSOFIA
11202231968;DB1BHQ0001-15SB;IDENTIDADE E CULTURA
11202231968;DB1BHQ0003-15SB;INTERPRETACOES DO BRASIL
11202231968;DB2BIQ0602-15SB;ESTRUTURA E DINAMICA SOCIAL
11202231968;DB5BIS0005-15SB;BASES COMPUTACIONAIS DA CIENCIA
11202230690;DB1BIJ0207-15SB;BASES CONCEITUAIS DA ENERGIA
11202230690;DB1BIK0102-15SB;ESTRUTURA DA MATERIA
11202230690;DB1BIL0304-15SB;EVOLUCAO E DIVERSIFICACAO DA VIDA NA TERRA
11202230690;DB1BIS0003-15SB;BASES MATEMATICAS
11202230690;DB2BCS0001-15SB;BASE EXPERIMENTAL DAS CIENCIAS NATURAIS
11202230690;DB2BIS0005-15SB;BASES COMPUTACIONAIS DA CIENCIA
11202231001;DB2BCS0001-15SA;BASE EXPERIMENTAL DAS CIENCIAS NATURAIS
11202231001;DB1BIS0005-15SA;BASES COMPUTACIONAIS DA CIENCIA
11202231001;DB2BIJ0207-15SA;BASES CONCEITUAIS DA ENERGIA
11202231001;DB2BIK0102-15SA;ESTRUTURA DA MATERIA
11202231001;DB2BIL0304-15SA;EVOLUCAO E DIVERSIFICACAO DA VIDA NA TERRA
11202231001;DB2BIS0003-15SA;BASES MATEMATICAS
11202230896;DB1BIJ0207-15SB;BASES CONCEITUAIS DA ENERGIA
11202230896;DB1BIK0102-15SB;ESTRUTURA DA MATERIA
11202230896;DB1BIL0304-15SB;EVOLUCAO E DIVERSIFICACAO DA VIDA NA TERRA
11202230896;DB1BIS0003-15SB;BASES MATEMATICAS
11202230896;DB3BCS0001-15SB;BASE EXPERIMENTAL DAS CIENCIAS NATURAIS
11202230896;DB3BIS0005-15SB;BASES COMPUTACIONAIS DA CIENCIA
11202230941;NA1BIJ0207-15SA;BASES CONCEITUAIS DA ENERGIA
11202230941;NA1BIK0102-15SA;ESTRUTURA DA MATERIA
11202230941;NA1BIL0304-15SA;EVOLUCAO E DIVERSIFICACAO DA VIDA NA TERRA
11202230941;NA1BIS0003-15SA;BASES MATEMATICAS
11202230941;NA3BCS0001-15SA;BASE EXPERIMENTAL DAS CIENCIAS NATURAIS
11202230941;NA3BIS0005-15SA;BASES COMPUTACIONAIS DA CIENCIA
11202230404;DB2BCS0001-15SA;BASE EXPERIMENTAL DAS CIENCIAS NATURAIS
11202230404;DB2BIJ0207-15SA;BASES CONCEITUAIS DA ENERGIA
11202230404;DB2BIK0102-15SA;ESTRUTURA DA MATERIA
11202230404;DB2BIL0304-15SA;EVOLUCAO E DIVERSIFICACAO DA VIDA NA TERRA
11202230404;DB2BIS0003-15SA;BASES MATEMATICAS
11202230404;DB2BIS0005-15SA;BASES COMPUTACIONAIS DA CIENCIA
11202230956;DC1BIJ0207-15SB;BASES CONCEITUAIS DA ENERGIA
11202230956;DC1BIK0102-15SB;ESTRUTURA DA MATERIA
11202230956;DC1BIL0304-15SB;EVOLUCAO E DIVERSIFICACAO DA VIDA NA TERRA
11202230956;DC1BIS0003-15SB;BASES MATEMATICAS
11202230956;DC2BCS0001-15SB;BASE EXPERIMENTAL DAS CIENCIAS NATURAIS
11202230956;DC3BIS0005-15SB;BASES COMPUTACIONAIS DA CIENCIA
11202230273;DB2BCS0001-15SA;BASE EXPERIMENTAL DAS CIENCIAS NATURAIS
11202230273;DB2BIJ0207-15SA;BASES CONCEITUAIS DA ENERGIA
11202230273;DB2BIK0102-15SA;ESTRUTURA DA MATERIA
11202230273;DB2BIL0304-15SA;EVOLUCAO E DIVERSIFICACAO DA VIDA NA TERRA
11202230273;DB2BIS0003-15SA;BASES MATEMATICAS
11202230273;DB2BIS0005-15SA;BASES COMPUTACIONAIS DA CIENCIA
11202230792;DC2BIJ0207-15SA;BASES CONCEITUAIS DA ENERGIA
11202230792;DC2BIK0102-15SA;ESTRUTURA DA MATERIA
11202230792;DC2BIL0304-15SA;EVOLUCAO E DIVERSIFICACAO DA VIDA NA TERRA
11202230792;DC2BIS0003-15SA;BASES MATEMATICAS
11202230792;DC3BIS0005-15SA;BASES COMPUTACIONAIS DA CIENCIA
11202230792;DC4BCS0001-15SA;BASE EXPERIMENTAL DAS CIENCIAS NATURAIS
11202230869;NB1BHO0001-19SB;INTRODUCAO AS HUMANIDADES E AS CIENCIAS SOCIAIS
11202230869;NB1BHP0202-19SB;TEMAS E PROBLEMAS EM FILOSOFIA
11202230869;NB1BHQ0001-15SB;IDENTIDADE E CULTURA
11202230869;NB1BHQ0003-15SB;INTERPRETACOES DO BRASIL
11202230869;NB2BIQ0602-15SB;ESTRUTURA E DINAMICA SOCIAL
11202230869;NB4BIS0005-15SB;BASES COMPUTACIONAIS DA CIENCIA
11202231163;NA2BIJ0207-15SA;BASES CONCEITUAIS DA ENERGIA
11202231163;NA2BIK0102-15SA;ESTRUTURA DA MATERIA
11202231163;NA2BIL0304-15SA;EVOLUCAO E DIVERSIFICACAO DA VIDA NA TERRA
11202231163;NA2BIS0003-15SA;BASES MATEMATICAS
11202231163;NA6BCS0001-15SA;BASE EXPERIMENTAL DAS CIENCIAS NATURAIS
11202231163;NA6BIS0005-15SA;BASES COMPUTACIONAIS DA CIENCIA
11202230979;DB1BHO0001-19SB;INTRODUCAO AS HUMANIDADES E AS CIENCIAS SOCIAIS
11202230979;DB1BHP0202-19SB;TEMAS E PROBLEMAS EM FILOSOFIA
11202230979;DB1BHQ0001-15SB;IDENTIDADE E CULTURA
11202230979;DB1BHQ0003-15SB;INTERPRETACOES DO BRASIL
11202230979;DB2BIQ0602-15SB;ESTRUTURA E DINAMICA SOCIAL
11202230979;DB5BIS0005-15SB;BASES COMPUTACIONAIS DA CIENCIA
11202230563;NB1NHI5001-15SA;DESENVOLVIMENTO E APRENDIZAGEM
11202230563;NB1NHZ2099-16SA;TOPICOS CONTEMPORANEOS EM EDUCACAO E FILOSOFIA
11202230563;NB1NHZ5023-18SA;PRATICAS ESCOLARES EM EDUCACAO ESPECIAL E INCLUSIVA
11202230563;NB2BIR0603-15SA;CIENCIA, TECNOLOGIA E SOCIEDADE
11202230563;NB3BIJ0207-15SA;BASES CONCEITUAIS DA ENERGIA
11202230563;NB7BIS0005-15SA;BASES COMPUTACIONAIS DA CIENCIA
11202231303;DA1BIR0603-15SB;CIENCIA, TECNOLOGIA E SOCIEDADE
11202231303;DA1NHI5001-15SB;DESENVOLVIMENTO E APRENDIZAGEM
11202231303;DA1NHZ2099-16SB;TOPICOS CONTEMPORANEOS EM EDUCACAO E FILOSOFIA
11202231303;DA1NHZ5023-18SB;PRATICAS ESCOLARES EM EDUCACAO ESPECIAL E INCLUSIVA
11202231303;DA7BIS0005-15SB;BASES COMPUTACIONAIS DA CIENCIA
11202231303;DC1BIJ0207-15SB;BASES CONCEITUAIS DA ENERGIA
11202232146;DB1BIJ0207-15SB;BASES CONCEITUAIS DA ENERGIA
11202232146;DB1BIK0102-15SB;ESTRUTURA DA MATERIA
11202232146;DB1BIL0304-15SB;EVOLUCAO E DIVERSIFICACAO DA VIDA NA TERRA
11202232146;DB1BIS0003-15SB;BASES MATEMATICAS
11202232146;DB2BCS0001-15SB;BASE EXPERIMENTAL DAS CIENCIAS NATURAIS
11202232146;DB2BIS0005-15SB;BASES COMPUTACIONAIS DA CIENCIA
11202232048;DC1BIJ0207-15SA;BASES CONCEITUAIS DA ENERGIA
11202232048;DC1BIK0102-15SA;ESTRUTURA DA MATERIA
11202232048;DC1BIL0304-15SA;EVOLUCAO E DIVERSIFICACAO DA VIDA NA TERRA
11202232048;DC1BIS0003-15SA;BASES MATEMATICAS
11202232048;DC3BCS0001-15SA;BASE EXPERIMENTAL DAS CIENCIAS NATURAIS
11202232048;DC3BIS0005-15SA;BASES COMPUTACIONAIS DA CIENCIA
11202230592;NB1BIJ0207-15SB;BASES CONCEITUAIS DA ENERGIA
11202230592;NB1BIK0102-15SB;ESTRUTURA DA MATERIA
11202230592;NB1BIL0304-15SB;EVOLUCAO E DIVERSIFICACAO DA VIDA NA TERRA
11202230592;NB1BIS0003-15SB;BASES MATEMATICAS
11202230592;NB2BCS0001-15SB;BASE EXPERIMENTAL DAS CIENCIAS NATURAIS
11202230592;NB2BIS0005-15SB;BASES COMPUTACIONAIS DA CIENCIA
11202230347;DB1NHI5001-15SA;DESENVOLVIMENTO E APRENDIZAGEM
11202230347;DB1NHZ2099-16SA;TOPICOS CONTEMPORANEOS EM EDUCACAO E FILOSOFIA
11202230347;DB1NHZ5023-18SA;PRATICAS ESCOLARES EM EDUCACAO ESPECIAL E INCLUSIVA
11202230347;DB2BIR0603-15SA;CIENCIA, TECNOLOGIA E SOCIEDADE
11202230347;DB3BIJ0207-15SA;BASES CONCEITUAIS DA ENERGIA
11202230347;DB7BIS0005-15SA;BASES COMPUTACIONAIS DA CIENCIA
11202231324;NB1BCS0001-15SA;BASE EXPERIMENTAL DAS CIENCIAS NATURAIS
11202231324;NB1BIJ0207-15SA;BASES CONCEITUAIS DA ENERGIA
11202231324;NB1BIK0102-15SA;ESTRUTURA DA MATERIA
11202231324;NB1BIL0304-15SA;EVOLUCAO E DIVERSIFICACAO DA VIDA NA TERRA
11202231324;NB1BIS0003-15SA;BASES MATEMATICAS
11202231324;NB1BIS0005-15SA;BASES COMPUTACIONAIS DA CIENCIA
11202230929;DA2BCS0001-15SA;BASE EXPERIMENTAL DAS CIENCIAS NATURAIS
11202230929;DA2BIJ0207-15SA;BASES CONCEITUAIS DA ENERGIA
11202230929;DA2BIK0102-15SA;ESTRUTURA DA MATERIA
11202230929;DA2BIL0304-15SA;EVOLUCAO E DIVERSIFICACAO DA VIDA NA TERRA
11202230929;DA2BIS0003-15SA;BASES MATEMATICAS
11202230929;DA2BIS0005-15SA;BASES COMPUTACIONAIS DA CIENCIA
11202230458;DB1BHO0001-19SB;INTRODUCAO AS HUMANIDADES E AS CIENCIAS SOCIAIS
11202230458;DB1BHP0202-19SB;TEMAS E PROBLEMAS EM FILOSOFIA
11202230458;DB1BHQ0001-15SB;IDENTIDADE E CULTURA
11202230458;DB1BHQ0003-15SB;INTERPRETACOES DO BRASIL
11202230458;DB2BIQ0602-15SB;ESTRUTURA E DINAMICA SOCIAL
11202230458;DB5BIS0005-15SB;BASES COMPUTACIONAIS DA CIENCIA
11202230530;NB1BHO0001-19SB;INTRODUCAO AS HUMANIDADES E AS CIENCIAS SOCIAIS
11202230530;NB1BHP0202-19SB;TEMAS E PROBLEMAS EM FILOSOFIA
11202230530;NB1BHQ0001-15SB;IDENTIDADE E CULTURA
11202230530;NB1BHQ0003-15SB;INTERPRETACOES DO BRASIL
11202230530;NB2BIQ0602-15SB;ESTRUTURA E DINAMICA SOCIAL
11202230530;NB5BIS0005-15SB;BASES COMPUTACIONAIS DA CIENCIA
11202212406;NB1NHI5001-15SA;DESENVOLVIMENTO E APRENDIZAGEM
11202212406;NB1NHZ2099-16SA;TOPICOS CONTEMPORANEOS EM EDUCACAO E FILOSOFIA
11202212406;NB1NHZ5023-18SA;PRATICAS ESCOLARES EM EDUCACAO ESPECIAL E INCLUSIVA
11202212406;NB2BIR0603-15SA;CIENCIA, TECNOLOGIA E SOCIEDADE
11202212406;NB3BIJ0207-15SA;BASES CONCEITUAIS DA ENERGIA
11202212406;NB7BIS0005-15SA;BASES COMPUTACIONAIS DA CIENCIA
11202232117;DB1BIJ0207-15SA;BASES CONCEITUAIS DA ENERGIA
11202232117;DB1BIK0102-15SA;ESTRUTURA DA MATERIA
11202232117;DB1BIL0304-15SA;EVOLUCAO E DIVERSIFICACAO DA VIDA NA TERRA
11202232117;DB1BIS0003-15SA;BASES MATEMATICAS
11202232117;DB5BCS0001-15SA;BASE EXPERIMENTAL DAS CIENCIAS NATURAIS
11202232117;DB5BIS0005-15SA;BASES COMPUTACIONAIS DA CIENCIA
11202230237;DB1BHO0001-19SB;INTRODUCAO AS HUMANIDADES E AS CIENCIAS SOCIAIS
11202230237;DB1BHP0202-19SB;TEMAS E PROBLEMAS EM FILOSOFIA
11202230237;DB1BHQ0001-15SB;IDENTIDADE E CULTURA
11202230237;DB1BHQ0003-15SB;INTERPRETACOES DO BRASIL
11202230237;DB2BIQ0602-15SB;ESTRUTURA E DINAMICA SOCIAL
11202230237;DB5BIS0005-15SB;BASES COMPUTACIONAIS DA CIENCIA
11202230984;NA2BIJ0207-15SA;BASES CONCEITUAIS DA ENERGIA
11202230984;NA2BIK0102-15SA;ESTRUTURA DA MATERIA
11202230984;NA2BIL0304-15SA;EVOLUCAO E DIVERSIFICACAO DA VIDA NA TERRA
11202230984;NA2BIS0003-15SA;BASES MATEMATICAS
11202230984;NA4BCS0001-15SA;BASE EXPERIMENTAL DAS CIENCIAS NATURAIS
11202230984;NA4BIS0005-15SA;BASES COMPUTACIONAIS DA CIENCIA
11202230391;NA2BIJ0207-15SA;BASES CONCEITUAIS DA ENERGIA
11202230391;NA2BIK0102-15SA;ESTRUTURA DA MATERIA
11202230391;NA2BIL0304-15SA;EVOLUCAO E DIVERSIFICACAO DA VIDA NA TERRA
11202230391;NA2BIS0003-15SA;BASES MATEMATICAS
11202230391;NA4BCS0001-15SA;BASE EXPERIMENTAL DAS CIENCIAS NATURAIS
11202230391;NA4BIS0005-15SA;BASES COMPUTACIONAIS DA CIENCIA
11202232007;DB1NHI5001-15SA;DESENVOLVIMENTO E APRENDIZAGEM
11202232007;DB1NHZ2099-16SA;TOPICOS CONTEMPORANEOS EM EDUCACAO E FILOSOFIA
11202232007;DB1NHZ5023-18SA;PRATICAS ESCOLARES EM EDUCACAO ESPECIAL E INCLUSIVA
11202232007;DB2BIR0603-15SA;CIENCIA, TECNOLOGIA E SOCIEDADE
11202232007;DB3BIJ0207-15SA;BASES CONCEITUAIS DA ENERGIA
11202232007;DB7BIS0005-15SA;BASES COMPUTACIONAIS DA CIENCIA
11202231086;DB1BIJ0207-15SB;BASES CONCEITUAIS DA ENERGIA
11202231086;DB1BIK0102-15SB;ESTRUTURA DA MATERIA
11202231086;DB1BIL0304-15SB;EVOLUCAO E DIVERSIFICACAO DA VIDA NA TERRA
11202231086;DB1BIS0003-15SB;BASES MATEMATICAS
11202231086;DB3BCS0001-15SB;BASE EXPERIMENTAL DAS CIENCIAS NATURAIS
11202231086;DB3BIS0005-15SB;BASES COMPUTACIONAIS DA CIENCIA
11202231848;NB1NHI5001-15SA;DESENVOLVIMENTO E APRENDIZAGEM
11202231848;NB1NHZ2099-16SA;TOPICOS CONTEMPORANEOS EM EDUCACAO E FILOSOFIA
11202231848;NB1NHZ5023-18SA;PRATICAS ESCOLARES EM EDUCACAO ESPECIAL E INCLUSIVA
11202231848;NB2BIR0603-15SA;CIENCIA, TECNOLOGIA E SOCIEDADE
11202231848;NB3BIJ0207-15SA;BASES CONCEITUAIS DA ENERGIA
11202231848;NB7BIS0005-15SA;BASES COMPUTACIONAIS DA CIENCIA
11202231620;NC2BIJ0207-15SA;BASES CONCEITUAIS DA ENERGIA
11202231620;NC2BIK0102-15SA;ESTRUTURA DA MATERIA
11202231620;NC2BIL0304-15SA;EVOLUCAO E DIVERSIFICACAO DA VIDA NA TERRA
11202231620;NC2BIS0003-15SA;BASES MATEMATICAS
11202231620;NC5BCS0001-15SA;BASE EXPERIMENTAL DAS CIENCIAS NATURAIS
11202231620;NC5BIS0005-15SA;BASES COMPUTACIONAIS DA CIENCIA
11202231771;NC2BIJ0207-15SA;BASES CONCEITUAIS DA ENERGIA
11202231771;NC2BIK0102-15SA;ESTRUTURA DA MATERIA
11202231771;NC2BIL0304-15SA;EVOLUCAO E DIVERSIFICACAO DA VIDA NA TERRA
11202231771;NC2BIS0003-15SA;BASES MATEMATICAS
11202231771;NC6BCS0001-15SA;BASE EXPERIMENTAL DAS CIENCIAS NATURAIS
11202231771;NC6BIS0005-15SA;BASES COMPUTACIONAIS DA CIENCIA
11202212391;DB1BIJ0207-15SA;BASES CONCEITUAIS DA ENERGIA
11202212391;DB1BIK0102-15SA;ESTRUTURA DA MATERIA
11202212391;DB1BIL0304-15SA;EVOLUCAO E DIVERSIFICACAO DA VIDA NA TERRA
11202212391;DB1BIS0003-15SA;BASES MATEMATICAS
11202212391;DB4BCS0001-15SA;BASE EXPERIMENTAL DAS CIENCIAS NATURAIS
11202212391;DB4BIS0005-15SA;BASES COMPUTACIONAIS DA CIENCIA
11202231068;DB1BCS0001-15SB;BASE EXPERIMENTAL DAS CIENCIAS NATURAIS
11202231068;DB1BIJ0207-15SB;BASES CONCEITUAIS DA ENERGIA
11202231068;DB1BIK0102-15SB;ESTRUTURA DA MATERIA
11202231068;DB1BIL0304-15SB;EVOLUCAO E DIVERSIFICACAO DA VIDA NA TERRA
11202231068;DB1BIS0003-15SB;BASES MATEMATICAS
11202231068;DB1BIS0005-15SB;BASES COMPUTACIONAIS DA CIENCIA
11202231982;NA2BIJ0207-15SA;BASES CONCEITUAIS DA ENERGIA
11202231982;NA2BIK0102-15SA;ESTRUTURA DA MATERIA
11202231982;NA2BIL0304-15SA;EVOLUCAO E DIVERSIFICACAO DA VIDA NA TERRA
11202231982;NA2BIS0003-15SA;BASES MATEMATICAS
11202231982;NA5BCS0001-15SA;BASE EXPERIMENTAL DAS CIENCIAS NATURAIS
11202231982;NA5BIS0005-15SA;BASES COMPUTACIONAIS DA CIENCIA
11202231111;NB1BIJ0207-15SA;BASES CONCEITUAIS DA ENERGIA
11202231111;NB1BIK0102-15SA;ESTRUTURA DA MATERIA
11202231111;NB1BIL0304-15SA;EVOLUCAO E DIVERSIFICACAO DA VIDA NA TERRA
11202231111;NB1BIS0003-15SA;BASES MATEMATICAS
11202231111;NB3BCS0001-15SA;BASE EXPERIMENTAL DAS CIENCIAS NATURAIS
11202231111;NB3BIS0005-15SA;BASES COMPUTACIONAIS DA CIENCIA
11202231511;DB1BHO0001-19SB;INTRODUCAO AS HUMANIDADES E AS CIENCIAS SOCIAIS
11202231511;DB1BHP0202-19SB;TEMAS E PROBLEMAS EM FILOSOFIA
11202231511;DB1BHQ0001-15SB;IDENTIDADE E CULTURA
11202231511;DB1BHQ0003-15SB;INTERPRETACOES DO BRASIL
11202231511;DB2BIQ0602-15SB;ESTRUTURA E DINAMICA SOCIAL
11202231511;DB5BIS0005-15SB;BASES COMPUTACIONAIS DA CIENCIA
11202231574;DB1BHO0001-19SB;INTRODUCAO AS HUMANIDADES E AS CIENCIAS SOCIAIS
11202231574;DB1BHP0202-19SB;TEMAS E PROBLEMAS EM FILOSOFIA
11202231574;DB1BHQ0001-15SB;IDENTIDADE E CULTURA
11202231574;DB1BHQ0003-15SB;INTERPRETACOES DO BRASIL
11202231574;DB2BIQ0602-15SB;ESTRUTURA E DINAMICA SOCIAL
11202231574;DB5BIS0005-15SB;BASES COMPUTACIONAIS DA CIENCIA
11202231956;DB1NHI5001-15SA;DESENVOLVIMENTO E APRENDIZAGEM
11202231956;DB1NHZ2099-16SA;TOPICOS CONTEMPORANEOS EM EDUCACAO E FILOSOFIA
11202231956;DB1NHZ5023-18SA;PRATICAS ESCOLARES EM EDUCACAO ESPECIAL E INCLUSIVA
11202231956;DB2BIR0603-15SA;CIENCIA, TECNOLOGIA E SOCIEDADE
11202231956;DB3BIJ0207-15SA;BASES CONCEITUAIS DA ENERGIA
11202231956;DB7BIS0005-15SA;BASES COMPUTACIONAIS DA CIENCIA
11202230597;NA1BIJ0207-15SB;BASES CONCEITUAIS DA ENERGIA
11202230597;NA1BIK0102-15SB;ESTRUTURA DA MATERIA
11202230597;NA1BIL0304-15SB;EVOLUCAO E DIVERSIFICACAO DA VIDA NA TERRA
11202230597;NA1BIS0003-15SB;BASES MATEMATICAS
11202230597;NA3BCS0001-15SB;BASE EXPERIMENTAL DAS CIENCIAS NATURAIS
11202230597;NA3BIS0005-15SB;BASES COMPUTACIONAIS DA CIENCIA
11202230339;DA1BIJ0207-15SB;BASES CONCEITUAIS DA ENERGIA
11202230339;DA1BIK0102-15SB;ESTRUTURA DA MATERIA
11202230339;DA1BIL0304-15SB;EVOLUCAO E DIVERSIFICACAO DA VIDA NA TERRA
11202230339;DA1BIS0003-15SB;BASES MATEMATICAS
11202230339;DA2BCS0001-15SB;BASE EXPERIMENTAL DAS CIENCIAS NATURAIS
11202230339;DA2BIS0005-15SB;BASES COMPUTACIONAIS DA CIENCIA
11202230944;DA1BCS0001-15SB;BASE EXPERIMENTAL DAS CIENCIAS NATURAIS
11202230944;DA1BIJ0207-15SB;BASES CONCEITUAIS DA ENERGIA
11202230944;DA1BIK0102-15SB;ESTRUTURA DA MATERIA
11202230944;DA1BIL0304-15SB;EVOLUCAO E DIVERSIFICACAO DA VIDA NA TERRA
11202230944;DA1BIS0003-15SB;BASES MATEMATICAS
11202230944;DA1BIS0005-15SB;BASES COMPUTACIONAIS DA CIENCIA
11202230617;NA1BCS0001-15SA;BASE EXPERIMENTAL DAS CIENCIAS NATURAIS
11202230617;NA1BIJ0207-15SA;BASES CONCEITUAIS DA ENERGIA
11202230617;NA1BIK0102-15SA;ESTRUTURA DA MATERIA
11202230617;NA1BIL0304-15SA;EVOLUCAO E DIVERSIFICACAO DA VIDA NA TERRA
11202230617;NA1BIS0003-15SA;BASES MATEMATICAS
11202230617;NA1BIS0005-15SA;BASES COMPUTACIONAIS DA CIENCIA
11202230389;NC1BIJ0207-15SA;BASES CONCEITUAIS DA ENERGIA
11202230389;NC1BIK0102-15SA;ESTRUTURA DA MATERIA
11202230389;NC1BIL0304-15SA;EVOLUCAO E DIVERSIFICACAO DA VIDA NA TERRA
11202230389;NC1BIS0003-15SA;BASES MATEMATICAS
11202230389;NC2BCS0001-15SA;BASE EXPERIMENTAL DAS CIENCIAS NATURAIS
11202230389;NC2BIS0005-15SA;BASES COMPUTACIONAIS DA CIENCIA
11202231653;NB1BIJ0207-15SB;BASES CONCEITUAIS DA ENERGIA
11202231653;NB1BIK0102-15SB;ESTRUTURA DA MATERIA
11202231653;NB1BIL0304-15SB;EVOLUCAO E DIVERSIFICACAO DA VIDA NA TERRA
11202231653;NB1BIS0003-15SB;BASES MATEMATICAS
11202231653;NB3BCS0001-15SB;BASE EXPERIMENTAL DAS CIENCIAS NATURAIS
11202231653;NB3BIS0005-15SB;BASES COMPUTACIONAIS DA CIENCIA
11202231205;NB2BIJ0207-15SA;BASES CONCEITUAIS DA ENERGIA
11202231205;NB2BIK0102-15SA;ESTRUTURA DA MATERIA
11202231205;NB2BIL0304-15SA;EVOLUCAO E DIVERSIFICACAO DA VIDA NA TERRA
11202231205;NB2BIS0003-15SA;BASES MATEMATICAS
11202231205;NB6BCS0001-15SA;BASE EXPERIMENTAL DAS CIENCIAS NATURAIS
11202231205;NB6BIS0005-15SA;BASES COMPUTACIONAIS DA CIENCIA
11202230980;NB1BIJ0207-15SB;BASES CONCEITUAIS DA ENERGIA
11202230980;NB1BIK0102-15SB;ESTRUTURA DA MATERIA
11202230980;NB1BIL0304-15SB;EVOLUCAO E DIVERSIFICACAO DA VIDA NA TERRA
11202230980;NB1BIS0003-15SB;BASES MATEMATICAS
11202230980;NB2BCS0001-15SB;BASE EXPERIMENTAL DAS CIENCIAS NATURAIS
11202230980;NB2BIS0005-15SB;BASES COMPUTACIONAIS DA CIENCIA
11202231340;NB2BIJ0207-15SA;BASES CONCEITUAIS DA ENERGIA
11202231340;NB2BIK0102-15SA;ESTRUTURA DA MATERIA
11202231340;NB2BIL0304-15SA;EVOLUCAO E DIVERSIFICACAO DA VIDA NA TERRA
11202231340;NB2BIS0003-15SA;BASES MATEMATICAS
11202231340;NB4BCS0001-15SA;BASE EXPERIMENTAL DAS CIENCIAS NATURAIS
11202231340;NB4BIS0005-15SA;BASES COMPUTACIONAIS DA CIENCIA
11202230231;DC1BIJ0207-15SA;BASES CONCEITUAIS DA ENERGIA
11202230231;DC1BIK0102-15SA;ESTRUTURA DA MATERIA
11202230231;DC1BIL0304-15SA;EVOLUCAO E DIVERSIFICACAO DA VIDA NA TERRA
11202230231;DC1BIS0003-15SA;BASES MATEMATICAS
11202230231;DC2BIS0005-15SA;BASES COMPUTACIONAIS DA CIENCIA
11202230231;DC3BCS0001-15SA;BASE EXPERIMENTAL DAS CIENCIAS NATURAIS
11202230645;DC2BIJ0207-15SA;BASES CONCEITUAIS DA ENERGIA
11202230645;DC2BIK0102-15SA;ESTRUTURA DA MATERIA
11202230645;DC2BIL0304-15SA;EVOLUCAO E DIVERSIFICACAO DA VIDA NA TERRA
11202230645;DC2BIS0003-15SA;BASES MATEMATICAS
11202230645;DC3BIS0005-15SA;BASES COMPUTACIONAIS DA CIENCIA
11202230645;DC4BCS0001-15SA;BASE EXPERIMENTAL DAS CIENCIAS NATURAIS
11202230466;NC1BCS0001-15SB;BASE EXPERIMENTAL DAS CIENCIAS NATURAIS
11202230466;NC1BIJ0207-15SB;BASES CONCEITUAIS DA ENERGIA
11202230466;NC1BIK0102-15SB;ESTRUTURA DA MATERIA
11202230466;NC1BIL0304-15SB;EVOLUCAO E DIVERSIFICACAO DA VIDA NA TERRA
11202230466;NC1BIS0003-15SB;BASES MATEMATICAS
11202230466;NC1BIS0005-15SB;BASES COMPUTACIONAIS DA CIENCIA
11202230750;NC1BIJ0207-15SA;BASES CONCEITUAIS DA ENERGIA
11202230750;NC1BIK0102-15SA;ESTRUTURA DA MATERIA
11202230750;NC1BIL0304-15SA;EVOLUCAO E DIVERSIFICACAO DA VIDA NA TERRA
11202230750;NC1BIS0003-15SA;BASES MATEMATICAS
11202230750;NC2BCS0001-15SA;BASE EXPERIMENTAL DAS CIENCIAS NATURAIS
11202230750;NC2BIS0005-15SA;BASES COMPUTACIONAIS DA CIENCIA
11202230822;NB1NHI5001-15SA;DESENVOLVIMENTO E APRENDIZAGEM
11202230822;NB1NHZ2099-16SA;TOPICOS CONTEMPORANEOS EM EDUCACAO E FILOSOFIA
11202230822;NB1NHZ5023-18SA;PRATICAS ESCOLARES EM EDUCACAO ESPECIAL E INCLUSIVA
11202230822;NB2BIR0603-15SA;CIENCIA, TECNOLOGIA E SOCIEDADE
11202230822;NB3BIJ0207-15SA;BASES CONCEITUAIS DA ENERGIA
11202230822;NB7BIS0005-15SA;BASES COMPUTACIONAIS DA CIENCIA
11202230657;NB1BHO0001-19SB;INTRODUCAO AS HUMANIDADES E AS CIENCIAS SOCIAIS
11202230657;NB1BHP0202-19SB;TEMAS E PROBLEMAS EM FILOSOFIA
11202230657;NB1BHQ0001-15SB;IDENTIDADE E CULTURA
11202230657;NB1BHQ0003-15SB;INTERPRETACOES DO BRASIL
11202230657;NB2BIQ0602-15SB;ESTRUTURA E DINAMICA SOCIAL
11202230657;NB5BIS0005-15SB;BASES COMPUTACIONAIS DA CIENCIA
11202231885;NB1BCS0001-15SB;BASE EXPERIMENTAL DAS CIENCIAS NATURAIS
11202231885;NB1BIJ0207-15SB;BASES CONCEITUAIS DA ENERGIA
11202231885;NB1BIK0102-15SB;ESTRUTURA DA MATERIA
11202231885;NB1BIL0304-15SB;EVOLUCAO E DIVERSIFICACAO DA VIDA NA TERRA
11202231885;NB1BIS0003-15SB;BASES MATEMATICAS
11202231885;NB1BIS0005-15SB;BASES COMPUTACIONAIS DA CIENCIA
11202231142;DB1BIJ0207-15SA;BASES CONCEITUAIS DA ENERGIA
11202231142;DB1BIK0102-15SA;ESTRUTURA DA MATERIA
11202231142;DB1BIL0304-15SA;EVOLUCAO E DIVERSIFICACAO DA VIDA NA TERRA
11202231142;DB1BIS0003-15SA;BASES MATEMATICAS
11202231142;DB6BCS0001-15SA;BASE EXPERIMENTAL DAS CIENCIAS NATURAIS
11202231142;DB6BIS0005-15SA;BASES COMPUTACIONAIS DA CIENCIA
11202212445;NB1BHO0001-19SB;INTRODUCAO AS HUMANIDADES E AS CIENCIAS SOCIAIS
11202212445;NB1BHP0202-19SB;TEMAS E PROBLEMAS EM FILOSOFIA
11202212445;NB1BHQ0001-15SB;IDENTIDADE E CULTURA
11202212445;NB1BHQ0003-15SB;INTERPRETACOES DO BRASIL
11202212445;NB2BIQ0602-15SB;ESTRUTURA E DINAMICA SOCIAL
11202212445;NB5BIS0005-15SB;BASES COMPUTACIONAIS DA CIENCIA
11202231775;DA1BCS0001-15SA;BASE EXPERIMENTAL DAS CIENCIAS NATURAIS
11202231775;DA1BIJ0207-15SA;BASES CONCEITUAIS DA ENERGIA
11202231775;DA1BIK0102-15SA;ESTRUTURA DA MATERIA
11202231775;DA1BIL0304-15SA;EVOLUCAO E DIVERSIFICACAO DA VIDA NA TERRA
11202231775;DA1BIS0003-15SA;BASES MATEMATICAS
11202231775;DA1BIS0005-15SA;BASES COMPUTACIONAIS DA CIENCIA
11202231133;DB2BIJ0207-15SA;BASES CONCEITUAIS DA ENERGIA
11202231133;DB2BIK0102-15SA;ESTRUTURA DA MATERIA
11202231133;DB2BIL0304-15SA;EVOLUCAO E DIVERSIFICACAO DA VIDA NA TERRA
11202231133;DB2BIS0003-15SA;BASES MATEMATICAS
11202231133;DB3BCS0001-15SA;BASE EXPERIMENTAL DAS CIENCIAS NATURAIS
11202231133;DB3BIS0005-15SA;BASES COMPUTACIONAIS DA CIENCIA
11202212401;DA2BIJ0207-15SA;BASES CONCEITUAIS DA ENERGIA
11202212401;DA2BIK0102-15SA;ESTRUTURA DA MATERIA
11202212401;DA2BIL0304-15SA;EVOLUCAO E DIVERSIFICACAO DA VIDA NA TERRA
11202212401;DA2BIS0003-15SA;BASES MATEMATICAS
11202212401;DA6BCS0001-15SA;BASE EXPERIMENTAL DAS CIENCIAS NATURAIS
11202212401;DA6BIS0005-15SA;BASES COMPUTACIONAIS DA CIENCIA
11202231262;DB1NHI5001-15SA;DESENVOLVIMENTO E APRENDIZAGEM
11202231262;DB1NHZ2099-16SA;TOPICOS CONTEMPORANEOS EM EDUCACAO E FILOSOFIA
11202231262;DB1NHZ5023-18SA;PRATICAS ESCOLARES EM EDUCACAO ESPECIAL E INCLUSIVA
11202231262;DB2BIR0603-15SA;CIENCIA, TECNOLOGIA E SOCIEDADE
11202231262;DB3BIJ0207-15SA;BASES CONCEITUAIS DA ENERGIA
11202231262;DB7BIS0005-15SA;BASES COMPUTACIONAIS DA CIENCIA
11202212453;DB1BIJ0207-15SA;BASES CONCEITUAIS DA ENERGIA
11202212453;DB1BIK0102-15SA;ESTRUTURA DA MATERIA
11202212453;DB1BIL0304-15SA;EVOLUCAO E DIVERSIFICACAO DA VIDA NA TERRA
11202212453;DB1BIS0003-15SA;BASES MATEMATICAS
11202212453;DB6BCS0001-15SA;BASE EXPERIMENTAL DAS CIENCIAS NATURAIS
11202212453;DB6BIS0005-15SA;BASES COMPUTACIONAIS DA CIENCIA
11202231690;NA2BIJ0207-15SA;BASES CONCEITUAIS DA ENERGIA
11202231690;NA2BIK0102-15SA;ESTRUTURA DA MATERIA
11202231690;NA2BIL0304-15SA;EVOLUCAO E DIVERSIFICACAO DA VIDA NA TERRA
11202231690;NA2BIS0003-15SA;BASES MATEMATICAS
11202231690;NA6BCS0001-15SA;BASE EXPERIMENTAL DAS CIENCIAS NATURAIS
11202231690;NA6BIS0005-15SA;BASES COMPUTACIONAIS DA CIENCIA
11202212409;DB2BIJ0207-15SA;BASES CONCEITUAIS DA ENERGIA
11202212409;DB2BIK0102-15SA;ESTRUTURA DA MATERIA
11202212409;DB2BIL0304-15SA;EVOLUCAO E DIVERSIFICACAO DA VIDA NA TERRA
11202212409;DB2BIS0003-15SA;BASES MATEMATICAS
11202212409;DB3BCS0001-15SA;BASE EXPERIMENTAL DAS CIENCIAS NATURAIS
11202212409;DB3BIS0005-15SA;BASES COMPUTACIONAIS DA CIENCIA
11202212473;DB1BCS0001-15SA;BASE EXPERIMENTAL DAS CIENCIAS NATURAIS
11202212473;DB1BIS0005-15SA;BASES COMPUTACIONAIS DA CIENCIA
11202212473;DB2BIJ0207-15SA;BASES CONCEITUAIS DA ENERGIA
11202212473;DB2BIK0102-15SA;ESTRUTURA DA MATERIA
11202212473;DB2BIL0304-15SA;EVOLUCAO E DIVERSIFICACAO DA VIDA NA TERRA
11202212473;DB2BIS0003-15SA;BASES MATEMATICAS
11202231344;DB1BIJ0207-15SA;BASES CONCEITUAIS DA ENERGIA
11202231344;DB1BIK0102-15SA;ESTRUTURA DA MATERIA
11202231344;DB1BIL0304-15SA;EVOLUCAO E DIVERSIFICACAO DA VIDA NA TERRA
11202231344;DB1BIS0003-15SA;BASES MATEMATICAS
11202231344;DB4BCS0001-15SA;BASE EXPERIMENTAL DAS CIENCIAS NATURAIS
11202231344;DB4BIS0005-15SA;BASES COMPUTACIONAIS DA CIENCIA
11202231687;NA2BIJ0207-15SA;BASES CONCEITUAIS DA ENERGIA
11202231687;NA2BIK0102-15SA;ESTRUTURA DA MATERIA
11202231687;NA2BIL0304-15SA;EVOLUCAO E DIVERSIFICACAO DA VIDA NA TERRA
11202231687;NA2BIS0003-15SA;BASES MATEMATICAS
11202231687;NA6BCS0001-15SA;BASE EXPERIMENTAL DAS CIENCIAS NATURAIS
11202231687;NA6BIS0005-15SA;BASES COMPUTACIONAIS DA CIENCIA
11202231293;DB1NHI5001-15SA;DESENVOLVIMENTO E APRENDIZAGEM
11202231293;DB1NHZ2099-16SA;TOPICOS CONTEMPORANEOS EM EDUCACAO E FILOSOFIA
11202231293;DB1NHZ5023-18SA;PRATICAS ESCOLARES EM EDUCACAO ESPECIAL E INCLUSIVA
11202231293;DB2BIR0603-15SA;CIENCIA, TECNOLOGIA E SOCIEDADE
11202231293;DB3BIJ0207-15SA;BASES CONCEITUAIS DA ENERGIA
11202231293;DB7BIS0005-15SA;BASES COMPUTACIONAIS DA CIENCIA
11202231535;DB1BHO0001-19SB;INTRODUCAO AS HUMANIDADES E AS CIENCIAS SOCIAIS
11202231535;DB1BHP0202-19SB;TEMAS E PROBLEMAS EM FILOSOFIA
11202231535;DB1BHQ0001-15SB;IDENTIDADE E CULTURA
11202231535;DB1BHQ0003-15SB;INTERPRETACOES DO BRASIL
11202231535;DB2BIQ0602-15SB;ESTRUTURA E DINAMICA SOCIAL
11202231535;DB6BIS0005-15SB;BASES COMPUTACIONAIS DA CIENCIA
11202231181;NB1BHO0001-19SB;INTRODUCAO AS HUMANIDADES E AS CIENCIAS SOCIAIS
11202231181;NB1BHP0202-19SB;TEMAS E PROBLEMAS EM FILOSOFIA
11202231181;NB1BHQ0001-15SB;IDENTIDADE E CULTURA
11202231181;NB1BHQ0003-15SB;INTERPRETACOES DO BRASIL
11202231181;NB2BIQ0602-15SB;ESTRUTURA E DINAMICA SOCIAL
11202231181;NB5BIS0005-15SB;BASES COMPUTACIONAIS DA CIENCIA
11202230281;NC1BCS0001-15SA;BASE EXPERIMENTAL DAS CIENCIAS NATURAIS
11202230281;NC1BIJ0207-15SA;BASES CONCEITUAIS DA ENERGIA
11202230281;NC1BIK0102-15SA;ESTRUTURA DA MATERIA
11202230281;NC1BIL0304-15SA;EVOLUCAO E DIVERSIFICACAO DA VIDA NA TERRA
11202230281;NC1BIS0003-15SA;BASES MATEMATICAS
11202230281;NC1BIS0005-15SA;BASES COMPUTACIONAIS DA CIENCIA
11202231703;NA1BCS0001-15SB;BASE EXPERIMENTAL DAS CIENCIAS NATURAIS
11202231703;NA1BIJ0207-15SB;BASES CONCEITUAIS DA ENERGIA
11202231703;NA1BIK0102-15SB;ESTRUTURA DA MATERIA
11202231703;NA1BIL0304-15SB;EVOLUCAO E DIVERSIFICACAO DA VIDA NA TERRA
11202231703;NA1BIS0003-15SB;BASES MATEMATICAS
11202231703;NA1BIS0005-15SB;BASES COMPUTACIONAIS DA CIENCIA
11202230932;NA2BIJ0207-15SA;BASES CONCEITUAIS DA ENERGIA
11202230932;NA2BIK0102-15SA;ESTRUTURA DA MATERIA
11202230932;NA2BIL0304-15SA;EVOLUCAO E DIVERSIFICACAO DA VIDA NA TERRA
11202230932;NA2BIS0003-15SA;BASES MATEMATICAS
11202230932;NA5BCS0001-15SA;BASE EXPERIMENTAL DAS CIENCIAS NATURAIS
11202230932;NA5BIS0005-15SA;BASES COMPUTACIONAIS DA CIENCIA
11202231776;DA1BIJ0207-15SB;BASES CONCEITUAIS DA ENERGIA
11202231776;DA1BIK0102-15SB;ESTRUTURA DA MATERIA
11202231776;DA1BIL0304-15SB;EVOLUCAO E DIVERSIFICACAO DA VIDA NA TERRA
11202231776;DA1BIS0003-15SB;BASES MATEMATICAS
11202231776;DA3BCS0001-15SB;BASE EXPERIMENTAL DAS CIENCIAS NATURAIS
11202231776;DA3BIS0005-15SB;BASES COMPUTACIONAIS DA CIENCIA
11202231151;DA1BIJ0207-15SA;BASES CONCEITUAIS DA ENERGIA
11202231151;DA1BIK0102-15SA;ESTRUTURA DA MATERIA
11202231151;DA1BIL0304-15SA;EVOLUCAO E DIVERSIFICACAO DA VIDA NA TERRA
11202231151;DA1BIS0003-15SA;BASES MATEMATICAS
11202231151;DA3BIS0005-15SA;BASES COMPUTACIONAIS DA CIENCIA
11202231151;DA4BCS0001-15SA;BASE EXPERIMENTAL DAS CIENCIAS NATURAIS
11202231515;NB2BIJ0207-15SA;BASES CONCEITUAIS DA ENERGIA
11202231515;NB2BIK0102-15SA;ESTRUTURA DA MATERIA
11202231515;NB2BIL0304-15SA;EVOLUCAO E DIVERSIFICACAO DA VIDA NA TERRA
11202231515;NB2BIS0003-15SA;BASES MATEMATICAS
11202231515;NB5BCS0001-15SA;BASE EXPERIMENTAL DAS CIENCIAS NATURAIS
11202231515;NB5BIS0005-15SA;BASES COMPUTACIONAIS DA CIENCIA
11202231514;DB1BCS0001-15SB;BASE EXPERIMENTAL DAS CIENCIAS NATURAIS
11202231514;DB1BIJ0207-15SB;BASES CONCEITUAIS DA ENERGIA
11202231514;DB1BIK0102-15SB;ESTRUTURA DA MATERIA
11202231514;DB1BIL0304-15SB;EVOLUCAO E DIVERSIFICACAO DA VIDA NA TERRA
11202231514;DB1BIS0003-15SB;BASES MATEMATICAS
11202231514;DB1BIS0005-15SB;BASES COMPUTACIONAIS DA CIENCIA
11202230253;NA2BIJ0207-15SA;BASES CONCEITUAIS DA ENERGIA
11202230253;NA2BIK0102-15SA;ESTRUTURA DA MATERIA
11202230253;NA2BIL0304-15SA;EVOLUCAO E DIVERSIFICACAO DA VIDA NA TERRA
11202230253;NA2BIS0003-15SA;BASES MATEMATICAS
11202230253;NA4BCS0001-15SA;BASE EXPERIMENTAL DAS CIENCIAS NATURAIS
11202230253;NA4BIS0005-15SA;BASES COMPUTACIONAIS DA CIENCIA
11202230912;DB1BIJ0207-15SA;BASES CONCEITUAIS DA ENERGIA
11202230912;DB1BIK0102-15SA;ESTRUTURA DA MATERIA
11202230912;DB1BIL0304-15SA;EVOLUCAO E DIVERSIFICACAO DA VIDA NA TERRA
11202230912;DB1BIS0003-15SA;BASES MATEMATICAS
11202230912;DB4BCS0001-15SA;BASE EXPERIMENTAL DAS CIENCIAS NATURAIS
11202230912;DB4BIS0005-15SA;BASES COMPUTACIONAIS DA CIENCIA
11202231078;NB1BCS0001-15SA;BASE EXPERIMENTAL DAS CIENCIAS NATURAIS
11202231078;NB1BIJ0207-15SA;BASES CONCEITUAIS DA ENERGIA
11202231078;NB1BIK0102-15SA;ESTRUTURA DA MATERIA
11202231078;NB1BIL0304-15SA;EVOLUCAO E DIVERSIFICACAO DA VIDA NA TERRA
11202231078;NB1BIS0003-15SA;BASES MATEMATICAS
11202231078;NB1BIS0005-15SA;BASES COMPUTACIONAIS DA CIENCIA
11202231964;NC2BIJ0207-15SA;BASES CONCEITUAIS DA ENERGIA
11202231964;NC2BIK0102-15SA;ESTRUTURA DA MATERIA
11202231964;NC2BIL0304-15SA;EVOLUCAO E DIVERSIFICACAO DA VIDA NA TERRA
11202231964;NC2BIS0003-15SA;BASES MATEMATICAS
11202231964;NC4BCS0001-15SA;BASE EXPERIMENTAL DAS CIENCIAS NATURAIS
11202231964;NC4BIS0005-15SA;BASES COMPUTACIONAIS DA CIENCIA
11202231910;DC2BIJ0207-15SA;BASES CONCEITUAIS DA ENERGIA
11202231910;DC2BIK0102-15SA;ESTRUTURA DA MATERIA
11202231910;DC2BIL0304-15SA;EVOLUCAO E DIVERSIFICACAO DA VIDA NA TERRA
11202231910;DC2BIS0003-15SA;BASES MATEMATICAS
11202231910;DC4BIS0005-15SA;BASES COMPUTACIONAIS DA CIENCIA
11202231910;DC6BCS0001-15SA;BASE EXPERIMENTAL DAS CIENCIAS NATURAIS
11202231251;NC1BCS0001-15SB;BASE EXPERIMENTAL DAS CIENCIAS NATURAIS
11202231251;NC1BIJ0207-15SB;BASES CONCEITUAIS DA ENERGIA
11202231251;NC1BIK0102-15SB;ESTRUTURA DA MATERIA
11202231251;NC1BIL0304-15SB;EVOLUCAO E DIVERSIFICACAO DA VIDA NA TERRA
11202231251;NC1BIS0003-15SB;BASES MATEMATICAS
11202231251;NC1BIS0005-15SB;BASES COMPUTACIONAIS DA CIENCIA
11202231008;NA2BIJ0207-15SA;BASES CONCEITUAIS DA ENERGIA
11202231008;NA2BIK0102-15SA;ESTRUTURA DA MATERIA
11202231008;NA2BIL0304-15SA;EVOLUCAO E DIVERSIFICACAO DA VIDA NA TERRA
11202231008;NA2BIS0003-15SA;BASES MATEMATICAS
11202231008;NA4BCS0001-15SA;BASE EXPERIMENTAL DAS CIENCIAS NATURAIS
11202231008;NA4BIS0005-15SA;BASES COMPUTACIONAIS DA CIENCIA
11202231362;NA2BIJ0207-15SA;BASES CONCEITUAIS DA ENERGIA
11202231362;NA2BIK0102-15SA;ESTRUTURA DA MATERIA
11202231362;NA2BIL0304-15SA;EVOLUCAO E DIVERSIFICACAO DA VIDA NA TERRA
11202231362;NA2BIS0003-15SA;BASES MATEMATICAS
11202231362;NA6BCS0001-15SA;BASE EXPERIMENTAL DAS CIENCIAS NATURAIS
11202231362;NA6BIS0005-15SA;BASES COMPUTACIONAIS DA CIENCIA
11202231388;NB2BIJ0207-15SA;BASES CONCEITUAIS DA ENERGIA
11202231388;NB2BIK0102-15SA;ESTRUTURA DA MATERIA
11202231388;NB2BIL0304-15SA;EVOLUCAO E DIVERSIFICACAO DA VIDA NA TERRA
11202231388;NB2BIS0003-15SA;BASES MATEMATICAS
11202231388;NB6BCS0001-15SA;BASE EXPERIMENTAL DAS CIENCIAS NATURAIS
11202231388;NB6BIS0005-15SA;BASES COMPUTACIONAIS DA CIENCIA
11202231708;NB1BHO0001-19SB;INTRODUCAO AS HUMANIDADES E AS CIENCIAS SOCIAIS
11202231708;NB1BHP0202-19SB;TEMAS E PROBLEMAS EM FILOSOFIA
11202231708;NB1BHQ0001-15SB;IDENTIDADE E CULTURA
11202231708;NB1BHQ0003-15SB;INTERPRETACOES DO BRASIL
11202231708;NB2BIQ0602-15SB;ESTRUTURA E DINAMICA SOCIAL
11202231708;NB5BIS0005-15SB;BASES COMPUTACIONAIS DA CIENCIA
11202230844;NB1BHO0001-19SB;INTRODUCAO AS HUMANIDADES E AS CIENCIAS SOCIAIS
11202230844;NB1BHP0202-19SB;TEMAS E PROBLEMAS EM FILOSOFIA
11202230844;NB1BHQ0001-15SB;IDENTIDADE E CULTURA
11202230844;NB1BHQ0003-15SB;INTERPRETACOES DO BRASIL
11202230844;NB2BIQ0602-15SB;ESTRUTURA E DINAMICA SOCIAL
11202230844;NB5BIS0005-15SB;BASES COMPUTACIONAIS DA CIENCIA
11202231386;DA1BCS0001-15SA;BASE EXPERIMENTAL DAS CIENCIAS NATURAIS
11202231386;DA1BIJ0207-15SA;BASES CONCEITUAIS DA ENERGIA
11202231386;DA1BIK0102-15SA;ESTRUTURA DA MATERIA
11202231386;DA1BIL0304-15SA;EVOLUCAO E DIVERSIFICACAO DA VIDA NA TERRA
11202231386;DA1BIS0003-15SA;BASES MATEMATICAS
11202231386;DA1BIS0005-15SA;BASES COMPUTACIONAIS DA CIENCIA
11202231020;DB1BIJ0207-15SA;BASES CONCEITUAIS DA ENERGIA
11202231020;DB1BIK0102-15SA;ESTRUTURA DA MATERIA
11202231020;DB1BIL0304-15SA;EVOLUCAO E DIVERSIFICACAO DA VIDA NA TERRA
11202231020;DB1BIS0003-15SA;BASES MATEMATICAS
11202231020;DB5BCS0001-15SA;BASE EXPERIMENTAL DAS CIENCIAS NATURAIS
11202231020;DB5BIS0005-15SA;BASES COMPUTACIONAIS DA CIENCIA
11202230894;DB1BIJ0207-15SA;BASES CONCEITUAIS DA ENERGIA
11202230894;DB1BIK0102-15SA;ESTRUTURA DA MATERIA
11202230894;DB1BIL0304-15SA;EVOLUCAO E DIVERSIFICACAO DA VIDA NA TERRA
11202230894;DB1BIS0003-15SA;BASES MATEMATICAS
11202230894;DB4BCS0001-15SA;BASE EXPERIMENTAL DAS CIENCIAS NATURAIS
11202230894;DB4BIS0005-15SA;BASES COMPUTACIONAIS DA CIENCIA
11202231823;DC2BIJ0207-15SA;BASES CONCEITUAIS DA ENERGIA
11202231823;DC2BIK0102-15SA;ESTRUTURA DA MATERIA
11202231823;DC2BIL0304-15SA;EVOLUCAO E DIVERSIFICACAO DA VIDA NA TERRA
11202231823;DC2BIS0003-15SA;BASES MATEMATICAS
11202231823;DC3BIS0005-15SA;BASES COMPUTACIONAIS DA CIENCIA
11202231823;DC4BCS0001-15SA;BASE EXPERIMENTAL DAS CIENCIAS NATURAIS
11202231908;DB1BIJ0207-15SA;BASES CONCEITUAIS DA ENERGIA
11202231908;DB1BIK0102-15SA;ESTRUTURA DA MATERIA
11202231908;DB1BIL0304-15SA;EVOLUCAO E DIVERSIFICACAO DA VIDA NA TERRA
11202231908;DB1BIS0003-15SA;BASES MATEMATICAS
11202231908;DB5BCS0001-15SA;BASE EXPERIMENTAL DAS CIENCIAS NATURAIS
11202231908;DB5BIS0005-15SA;BASES COMPUTACIONAIS DA CIENCIA
11202230942;NA1BIJ0207-15SB;BASES CONCEITUAIS DA ENERGIA
11202230942;NA1BIK0102-15SB;ESTRUTURA DA MATERIA
11202230942;NA1BIL0304-15SB;EVOLUCAO E DIVERSIFICACAO DA VIDA NA TERRA
11202230942;NA1BIS0003-15SB;BASES MATEMATICAS
11202230942;NA2BCS0001-15SB;BASE EXPERIMENTAL DAS CIENCIAS NATURAIS
11202230942;NA2BIS0005-15SB;BASES COMPUTACIONAIS DA CIENCIA
11202231925;DA2BIJ0207-15SA;BASES CONCEITUAIS DA ENERGIA
11202231925;DA2BIK0102-15SA;ESTRUTURA DA MATERIA
11202231925;DA2BIL0304-15SA;EVOLUCAO E DIVERSIFICACAO DA VIDA NA TERRA
11202231925;DA2BIS0003-15SA;BASES MATEMATICAS
11202231925;DA4BIS0005-15SA;BASES COMPUTACIONAIS DA CIENCIA
11202231925;DA5BCS0001-15SA;BASE EXPERIMENTAL DAS CIENCIAS NATURAIS
11202230360;DA1BIJ0207-15SA;BASES CONCEITUAIS DA ENERGIA
11202230360;DA1BIK0102-15SA;ESTRUTURA DA MATERIA
11202230360;DA1BIL0304-15SA;EVOLUCAO E DIVERSIFICACAO DA VIDA NA TERRA
11202230360;DA1BIS0003-15SA;BASES MATEMATICAS
11202230360;DA4BCS0001-15SA;BASE EXPERIMENTAL DAS CIENCIAS NATURAIS
11202230360;DA4BIS0005-15SA;BASES COMPUTACIONAIS DA CIENCIA
11202231635;DB1BHO0001-19SB;INTRODUCAO AS HUMANIDADES E AS CIENCIAS SOCIAIS
11202231635;DB1BHP0202-19SB;TEMAS E PROBLEMAS EM FILOSOFIA
11202231635;DB1BHQ0001-15SB;IDENTIDADE E CULTURA
11202231635;DB1BHQ0003-15SB;INTERPRETACOES DO BRASIL
11202231635;DB2BIQ0602-15SB;ESTRUTURA E DINAMICA SOCIAL
11202231635;DB6BIS0005-15SB;BASES COMPUTACIONAIS DA CIENCIA
11202231040;DB1NHI5001-15SA;DESENVOLVIMENTO E APRENDIZAGEM
11202231040;DB1NHZ2099-16SA;TOPICOS CONTEMPORANEOS EM EDUCACAO E FILOSOFIA
11202231040;DB1NHZ5023-18SA;PRATICAS ESCOLARES EM EDUCACAO ESPECIAL E INCLUSIVA
11202231040;DB2BIR0603-15SA;CIENCIA, TECNOLOGIA E SOCIEDADE
11202231040;DB3BIJ0207-15SA;BASES CONCEITUAIS DA ENERGIA
11202231040;DB7BIS0005-15SA;BASES COMPUTACIONAIS DA CIENCIA
11202232131;DA2BIJ0207-15SA;BASES CONCEITUAIS DA ENERGIA
11202232131;DA2BIK0102-15SA;ESTRUTURA DA MATERIA
11202232131;DA2BIL0304-15SA;EVOLUCAO E DIVERSIFICACAO DA VIDA NA TERRA
11202232131;DA2BIS0003-15SA;BASES MATEMATICAS
11202232131;DA6BCS0001-15SA;BASE EXPERIMENTAL DAS CIENCIAS NATURAIS
11202232131;DA6BIS0005-15SA;BASES COMPUTACIONAIS DA CIENCIA
11202231144;DB1BIJ0207-15SA;BASES CONCEITUAIS DA ENERGIA
11202231144;DB1BIK0102-15SA;ESTRUTURA DA MATERIA
11202231144;DB1BIL0304-15SA;EVOLUCAO E DIVERSIFICACAO DA VIDA NA TERRA
11202231144;DB1BIS0003-15SA;BASES MATEMATICAS
11202231144;DB5BCS0001-15SA;BASE EXPERIMENTAL DAS CIENCIAS NATURAIS
11202231144;DB5BIS0005-15SA;BASES COMPUTACIONAIS DA CIENCIA
11202231320;DB2BCS0001-15SA;BASE EXPERIMENTAL DAS CIENCIAS NATURAIS
11202231320;DB2BIJ0207-15SA;BASES CONCEITUAIS DA ENERGIA
11202231320;DB2BIK0102-15SA;ESTRUTURA DA MATERIA
11202231320;DB2BIL0304-15SA;EVOLUCAO E DIVERSIFICACAO DA VIDA NA TERRA
11202231320;DB2BIS0003-15SA;BASES MATEMATICAS
11202231320;DB2BIS0005-15SA;BASES COMPUTACIONAIS DA CIENCIA
11202231490;DC2BIJ0207-15SA;BASES CONCEITUAIS DA ENERGIA
11202231490;DC2BIK0102-15SA;ESTRUTURA DA MATERIA
11202231490;DC2BIL0304-15SA;EVOLUCAO E DIVERSIFICACAO DA VIDA NA TERRA
11202231490;DC2BIS0003-15SA;BASES MATEMATICAS
11202231490;DC4BIS0005-15SA;BASES COMPUTACIONAIS DA CIENCIA
11202231490;DC5BCS0001-15SA;BASE EXPERIMENTAL DAS CIENCIAS NATURAIS
11202230872;NB1BHO0001-19SB;INTRODUCAO AS HUMANIDADES E AS CIENCIAS SOCIAIS
11202230872;NB1BHP0202-19SB;TEMAS E PROBLEMAS EM FILOSOFIA
11202230872;NB1BHQ0001-15SB;IDENTIDADE E CULTURA
11202230872;NB1BHQ0003-15SB;INTERPRETACOES DO BRASIL
11202230872;NB2BIQ0602-15SB;ESTRUTURA E DINAMICA SOCIAL
11202230872;NB5BIS0005-15SB;BASES COMPUTACIONAIS DA CIENCIA
11202232120;DB1BCS0001-15SA;BASE EXPERIMENTAL DAS CIENCIAS NATURAIS
11202232120;DB1BIS0005-15SA;BASES COMPUTACIONAIS DA CIENCIA
11202232120;DB2BIJ0207-15SA;BASES CONCEITUAIS DA ENERGIA
11202232120;DB2BIK0102-15SA;ESTRUTURA DA MATERIA
11202232120;DB2BIL0304-15SA;EVOLUCAO E DIVERSIFICACAO DA VIDA NA TERRA
11202232120;DB2BIS0003-15SA;BASES MATEMATICAS
11202231941;NC1BIJ0207-15SA;BASES CONCEITUAIS DA ENERGIA
11202231941;NC1BIK0102-15SA;ESTRUTURA DA MATERIA
11202231941;NC1BIL0304-15SA;EVOLUCAO E DIVERSIFICACAO DA VIDA NA TERRA
11202231941;NC1BIS0003-15SA;BASES MATEMATICAS
11202231941;NC3BCS0001-15SA;BASE EXPERIMENTAL DAS CIENCIAS NATURAIS
11202231941;NC3BIS0005-15SA;BASES COMPUTACIONAIS DA CIENCIA
11202231805;DA2BIJ0207-15SA;BASES CONCEITUAIS DA ENERGIA
11202231805;DA2BIK0102-15SA;ESTRUTURA DA MATERIA
11202231805;DA2BIL0304-15SA;EVOLUCAO E DIVERSIFICACAO DA VIDA NA TERRA
11202231805;DA2BIS0003-15SA;BASES MATEMATICAS
11202231805;DA6BCS0001-15SA;BASE EXPERIMENTAL DAS CIENCIAS NATURAIS
11202231805;DA6BIS0005-15SA;BASES COMPUTACIONAIS DA CIENCIA
11202231876;DB1BHO0001-19SB;INTRODUCAO AS HUMANIDADES E AS CIENCIAS SOCIAIS
11202231876;DB1BHP0202-19SB;TEMAS E PROBLEMAS EM FILOSOFIA
11202231876;DB1BHQ0001-15SB;IDENTIDADE E CULTURA
11202231876;DB1BHQ0003-15SB;INTERPRETACOES DO BRASIL
11202231876;DB2BIQ0602-15SB;ESTRUTURA E DINAMICA SOCIAL
11202231876;DB6BIS0005-15SB;BASES COMPUTACIONAIS DA CIENCIA
11202232121;DA1BIR0603-15SB;CIENCIA, TECNOLOGIA E SOCIEDADE
11202232121;DA1NHI5001-15SB;DESENVOLVIMENTO E APRENDIZAGEM
11202232121;DA1NHZ2099-16SB;TOPICOS CONTEMPORANEOS EM EDUCACAO E FILOSOFIA
11202232121;DA1NHZ5023-18SB;PRATICAS ESCOLARES EM EDUCACAO ESPECIAL E INCLUSIVA
11202232121;DA7BIS0005-15SB;BASES COMPUTACIONAIS DA CIENCIA
11202232121;DC1BIJ0207-15SB;BASES CONCEITUAIS DA ENERGIA
11202230646;NA1BCS0001-15SA;BASE EXPERIMENTAL DAS CIENCIAS NATURAIS
11202230646;NA1BIJ0207-15SA;BASES CONCEITUAIS DA ENERGIA
11202230646;NA1BIK0102-15SA;ESTRUTURA DA MATERIA
11202230646;NA1BIL0304-15SA;EVOLUCAO E DIVERSIFICACAO DA VIDA NA TERRA
11202230646;NA1BIS0003-15SA;BASES MATEMATICAS
11202230646;NA1BIS0005-15SA;BASES COMPUTACIONAIS DA CIENCIA
11202230826;NA1BIJ0207-15SB;BASES CONCEITUAIS DA ENERGIA
11202230826;NA1BIK0102-15SB;ESTRUTURA DA MATERIA
11202230826;NA1BIL0304-15SB;EVOLUCAO E DIVERSIFICACAO DA VIDA NA TERRA
11202230826;NA1BIS0003-15SB;BASES MATEMATICAS
11202230826;NA2BCS0001-15SB;BASE EXPERIMENTAL DAS CIENCIAS NATURAIS
11202230826;NA2BIS0005-15SB;BASES COMPUTACIONAIS DA CIENCIA
11202230388;DB1NHI5001-15SA;DESENVOLVIMENTO E APRENDIZAGEM
11202230388;DB1NHZ2099-16SA;TOPICOS CONTEMPORANEOS EM EDUCACAO E FILOSOFIA
11202230388;DB1NHZ5023-18SA;PRATICAS ESCOLARES EM EDUCACAO ESPECIAL E INCLUSIVA
11202230388;DB2BIR0603-15SA;CIENCIA, TECNOLOGIA E SOCIEDADE
11202230388;DB3BIJ0207-15SA;BASES CONCEITUAIS DA ENERGIA
11202230388;DB7BIS0005-15SA;BASES COMPUTACIONAIS DA CIENCIA
11202231485;DB1BIJ0207-15SA;BASES CONCEITUAIS DA ENERGIA
11202231485;DB1BIK0102-15SA;ESTRUTURA DA MATERIA
11202231485;DB1BIL0304-15SA;EVOLUCAO E DIVERSIFICACAO DA VIDA NA TERRA
11202231485;DB1BIS0003-15SA;BASES MATEMATICAS
11202231485;DB4BCS0001-15SA;BASE EXPERIMENTAL DAS CIENCIAS NATURAIS
11202231485;DB4BIS0005-15SA;BASES COMPUTACIONAIS DA CIENCIA
11202231307;DA1BCS0001-15SB;BASE EXPERIMENTAL DAS CIENCIAS NATURAIS
11202231307;DA1BIJ0207-15SB;BASES CONCEITUAIS DA ENERGIA
11202231307;DA1BIK0102-15SB;ESTRUTURA DA MATERIA
11202231307;DA1BIL0304-15SB;EVOLUCAO E DIVERSIFICACAO DA VIDA NA TERRA
11202231307;DA1BIS0003-15SB;BASES MATEMATICAS
11202231307;DA1BIS0005-15SB;BASES COMPUTACIONAIS DA CIENCIA
11202232322;NA1BIJ0207-15SA;BASES CONCEITUAIS DA ENERGIA
11202232322;NA1BIK0102-15SA;ESTRUTURA DA MATERIA
11202232322;NA1BIL0304-15SA;EVOLUCAO E DIVERSIFICACAO DA VIDA NA TERRA
11202232322;NA1BIS0003-15SA;BASES MATEMATICAS
11202232322;NA3BCS0001-15SA;BASE EXPERIMENTAL DAS CIENCIAS NATURAIS
11202232322;NA3BIS0005-15SA;BASES COMPUTACIONAIS DA CIENCIA
11202230694;NB2BIJ0207-15SA;BASES CONCEITUAIS DA ENERGIA
11202230694;NB2BIK0102-15SA;ESTRUTURA DA MATERIA
11202230694;NB2BIL0304-15SA;EVOLUCAO E DIVERSIFICACAO DA VIDA NA TERRA
11202230694;NB2BIS0003-15SA;BASES MATEMATICAS
11202230694;NB4BCS0001-15SA;BASE EXPERIMENTAL DAS CIENCIAS NATURAIS
11202230694;NB4BIS0005-15SA;BASES COMPUTACIONAIS DA CIENCIA
11202230794;NA1BIJ0207-15SA;BASES CONCEITUAIS DA ENERGIA
11202230794;NA1BIK0102-15SA;ESTRUTURA DA MATERIA
11202230794;NA1BIL0304-15SA;EVOLUCAO E DIVERSIFICACAO DA VIDA NA TERRA
11202230794;NA1BIS0003-15SA;BASES MATEMATICAS
11202230794;NA2BCS0001-15SA;BASE EXPERIMENTAL DAS CIENCIAS NATURAIS
11202230794;NA2BIS0005-15SA;BASES COMPUTACIONAIS DA CIENCIA
11202230545;DA1BIJ0207-15SB;BASES CONCEITUAIS DA ENERGIA
11202230545;DA1BIK0102-15SB;ESTRUTURA DA MATERIA
11202230545;DA1BIL0304-15SB;EVOLUCAO E DIVERSIFICACAO DA VIDA NA TERRA
11202230545;DA1BIS0003-15SB;BASES MATEMATICAS
11202230545;DA2BCS0001-15SB;BASE EXPERIMENTAL DAS CIENCIAS NATURAIS
11202230545;DA2BIS0005-15SB;BASES COMPUTACIONAIS DA CIENCIA
11202230400;NC6BCS0001-15SA;BASE EXPERIMENTAL DAS CIENCIAS NATURAIS
11202230400;NC6BIS0005-15SA;BASES COMPUTACIONAIS DA CIENCIA
11202230400;NC2BIJ0207-15SA;BASES CONCEITUAIS DA ENERGIA
11202230400;NC2BIS0003-15SA;BASES MATEMATICAS
11202230400;NC2BIK0102-15SA;ESTRUTURA DA MATERIA
11202230400;NC2BIL0304-15SA;EVOLUCAO E DIVERSIFICACAO DA VIDA NA TERRA
11202231061;DB1BIJ0207-15SA;BASES CONCEITUAIS DA ENERGIA
11202231061;DB1BIK0102-15SA;ESTRUTURA DA MATERIA
11202231061;DB1BIL0304-15SA;EVOLUCAO E DIVERSIFICACAO DA VIDA NA TERRA
11202231061;DB1BIS0003-15SA;BASES MATEMATICAS
11202231061;DB6BCS0001-15SA;BASE EXPERIMENTAL DAS CIENCIAS NATURAIS
11202231061;DB6BIS0005-15SA;BASES COMPUTACIONAIS DA CIENCIA
11202230901;NB1BHO0001-19SB;INTRODUCAO AS HUMANIDADES E AS CIENCIAS SOCIAIS
11202230901;NB1BHP0202-19SB;TEMAS E PROBLEMAS EM FILOSOFIA
11202230901;NB1BHQ0001-15SB;IDENTIDADE E CULTURA
11202230901;NB1BHQ0003-15SB;INTERPRETACOES DO BRASIL
11202230901;NB2BIQ0602-15SB;ESTRUTURA E DINAMICA SOCIAL
11202230901;NB5BIS0005-15SB;BASES COMPUTACIONAIS DA CIENCIA
11202231160;DA1BIJ0207-15SB;BASES CONCEITUAIS DA ENERGIA
11202231160;DA1BIK0102-15SB;ESTRUTURA DA MATERIA
11202231160;DA1BIL0304-15SB;EVOLUCAO E DIVERSIFICACAO DA VIDA NA TERRA
11202231160;DA1BIS0003-15SB;BASES MATEMATICAS
11202231160;DA3BCS0001-15SB;BASE EXPERIMENTAL DAS CIENCIAS NATURAIS
11202231160;DA3BIS0005-15SB;BASES COMPUTACIONAIS DA CIENCIA
11202231596;NC1BCS0001-15SB;BASE EXPERIMENTAL DAS CIENCIAS NATURAIS
11202231596;NC1BIJ0207-15SB;BASES CONCEITUAIS DA ENERGIA
11202231596;NC1BIK0102-15SB;ESTRUTURA DA MATERIA
11202231596;NC1BIL0304-15SB;EVOLUCAO E DIVERSIFICACAO DA VIDA NA TERRA
11202231596;NC1BIS0003-15SB;BASES MATEMATICAS
11202231596;NC1BIS0005-15SB;BASES COMPUTACIONAIS DA CIENCIA
11202230524;DA2BIJ0207-15SA;BASES CONCEITUAIS DA ENERGIA
11202230524;DA2BIK0102-15SA;ESTRUTURA DA MATERIA
11202230524;DA2BIL0304-15SA;EVOLUCAO E DIVERSIFICACAO DA VIDA NA TERRA
11202230524;DA2BIS0003-15SA;BASES MATEMATICAS
11202230524;DA5BCS0001-15SA;BASE EXPERIMENTAL DAS CIENCIAS NATURAIS
11202230524;DA5BIS0005-15SA;BASES COMPUTACIONAIS DA CIENCIA
11202230305;NA1NHI5001-15SB;DESENVOLVIMENTO E APRENDIZAGEM
11202230305;NA1NHZ2099-16SB;TOPICOS CONTEMPORANEOS EM EDUCACAO E FILOSOFIA
11202230305;NA1NHZ5023-18SB;PRATICAS ESCOLARES EM EDUCACAO ESPECIAL E INCLUSIVA
11202230305;NA6BIS0005-15SB;BASES COMPUTACIONAIS DA CIENCIA
11202230305;NC1BIJ0207-15SB;BASES CONCEITUAIS DA ENERGIA
11202230305;NA2BIR0603-15SB;CIENCIA, TECNOLOGIA E SOCIEDADE
11202230351;NB1BHO0001-19SB;INTRODUCAO AS HUMANIDADES E AS CIENCIAS SOCIAIS
11202230351;NB1BHP0202-19SB;TEMAS E PROBLEMAS EM FILOSOFIA
11202230351;NB1BHQ0001-15SB;IDENTIDADE E CULTURA
11202230351;NB1BHQ0003-15SB;INTERPRETACOES DO BRASIL
11202230351;NB2BIQ0602-15SB;ESTRUTURA E DINAMICA SOCIAL
11202230351;NB5BIS0005-15SB;BASES COMPUTACIONAIS DA CIENCIA
11202231642;DA1BIJ0207-15SB;BASES CONCEITUAIS DA ENERGIA
11202231642;DA1BIK0102-15SB;ESTRUTURA DA MATERIA
11202231642;DA1BIL0304-15SB;EVOLUCAO E DIVERSIFICACAO DA VIDA NA TERRA
11202231642;DA1BIS0003-15SB;BASES MATEMATICAS
11202231642;DA2BCS0001-15SB;BASE EXPERIMENTAL DAS CIENCIAS NATURAIS
11202231642;DA2BIS0005-15SB;BASES COMPUTACIONAIS DA CIENCIA
11202230301;NB2BIJ0207-15SA;BASES CONCEITUAIS DA ENERGIA
11202230301;NB2BIK0102-15SA;ESTRUTURA DA MATERIA
11202230301;NB2BIL0304-15SA;EVOLUCAO E DIVERSIFICACAO DA VIDA NA TERRA
11202230301;NB2BIS0003-15SA;BASES MATEMATICAS
11202230301;NB5BCS0001-15SA;BASE EXPERIMENTAL DAS CIENCIAS NATURAIS
11202230301;NB5BIS0005-15SA;BASES COMPUTACIONAIS DA CIENCIA
11202231542;DB2BCS0001-15SA;BASE EXPERIMENTAL DAS CIENCIAS NATURAIS
11202231542;DB2BIJ0207-15SA;BASES CONCEITUAIS DA ENERGIA
11202231542;DB2BIK0102-15SA;ESTRUTURA DA MATERIA
11202231542;DB2BIL0304-15SA;EVOLUCAO E DIVERSIFICACAO DA VIDA NA TERRA
11202231542;DB2BIS0003-15SA;BASES MATEMATICAS
11202231542;DB2BIS0005-15SA;BASES COMPUTACIONAIS DA CIENCIA
11202230767;DC1BIJ0207-15SA;BASES CONCEITUAIS DA ENERGIA
11202230767;DC1BIK0102-15SA;ESTRUTURA DA MATERIA
11202230767;DC1BIL0304-15SA;EVOLUCAO E DIVERSIFICACAO DA VIDA NA TERRA
11202230767;DC1BIS0003-15SA;BASES MATEMATICAS
11202230767;DC2BIS0005-15SA;BASES COMPUTACIONAIS DA CIENCIA
11202230767;DC3BCS0001-15SA;BASE EXPERIMENTAL DAS CIENCIAS NATURAIS
11202231448;NB1NHI5001-15SA;DESENVOLVIMENTO E APRENDIZAGEM
11202231448;NB1NHZ2099-16SA;TOPICOS CONTEMPORANEOS EM EDUCACAO E FILOSOFIA
11202231448;NB1NHZ5023-18SA;PRATICAS ESCOLARES EM EDUCACAO ESPECIAL E INCLUSIVA
11202231448;NB2BIR0603-15SA;CIENCIA, TECNOLOGIA E SOCIEDADE
11202231448;NB3BIJ0207-15SA;BASES CONCEITUAIS DA ENERGIA
11202231448;NB7BIS0005-15SA;BASES COMPUTACIONAIS DA CIENCIA
11202232110;DB1BIJ0207-15SA;BASES CONCEITUAIS DA ENERGIA
11202232110;DB1BIK0102-15SA;ESTRUTURA DA MATERIA
11202232110;DB1BIL0304-15SA;EVOLUCAO E DIVERSIFICACAO DA VIDA NA TERRA
11202232110;DB1BIS0003-15SA;BASES MATEMATICAS
11202232110;DB6BCS0001-15SA;BASE EXPERIMENTAL DAS CIENCIAS NATURAIS
11202232110;DB6BIS0005-15SA;BASES COMPUTACIONAIS DA CIENCIA
11202232036;DA1BIJ0207-15SB;BASES CONCEITUAIS DA ENERGIA
11202232036;DA1BIK0102-15SB;ESTRUTURA DA MATERIA
11202232036;DA1BIL0304-15SB;EVOLUCAO E DIVERSIFICACAO DA VIDA NA TERRA
11202232036;DA1BIS0003-15SB;BASES MATEMATICAS
11202232036;DA3BCS0001-15SB;BASE EXPERIMENTAL DAS CIENCIAS NATURAIS
11202232036;DA3BIS0005-15SB;BASES COMPUTACIONAIS DA CIENCIA
11202230947;NA1BIJ0207-15SA;BASES CONCEITUAIS DA ENERGIA
11202230947;NA1BIK0102-15SA;ESTRUTURA DA MATERIA
11202230947;NA1BIL0304-15SA;EVOLUCAO E DIVERSIFICACAO DA VIDA NA TERRA
11202230947;NA1BIS0003-15SA;BASES MATEMATICAS
11202230947;NA3BCS0001-15SA;BASE EXPERIMENTAL DAS CIENCIAS NATURAIS
11202230947;NA3BIS0005-15SA;BASES COMPUTACIONAIS DA CIENCIA
11202231065;DA2BIJ0207-15SA;BASES CONCEITUAIS DA ENERGIA
11202231065;DA2BIK0102-15SA;ESTRUTURA DA MATERIA
11202231065;DA2BIL0304-15SA;EVOLUCAO E DIVERSIFICACAO DA VIDA NA TERRA
11202231065;DA2BIS0003-15SA;BASES MATEMATICAS
11202231065;DA5BCS0001-15SA;BASE EXPERIMENTAL DAS CIENCIAS NATURAIS
11202231065;DA5BIS0005-15SA;BASES COMPUTACIONAIS DA CIENCIA
11202230538;DC2BIJ0207-15SA;BASES CONCEITUAIS DA ENERGIA
11202230538;DC2BIK0102-15SA;ESTRUTURA DA MATERIA
11202230538;DC2BIL0304-15SA;EVOLUCAO E DIVERSIFICACAO DA VIDA NA TERRA
11202230538;DC2BIS0003-15SA;BASES MATEMATICAS
11202230538;DC4BIS0005-15SA;BASES COMPUTACIONAIS DA CIENCIA
11202230538;DC5BCS0001-15SA;BASE EXPERIMENTAL DAS CIENCIAS NATURAIS
11202231053;DA1BCS0001-15SA;BASE EXPERIMENTAL DAS CIENCIAS NATURAIS
11202231053;DA1BIJ0207-15SA;BASES CONCEITUAIS DA ENERGIA
11202231053;DA1BIK0102-15SA;ESTRUTURA DA MATERIA
11202231053;DA1BIL0304-15SA;EVOLUCAO E DIVERSIFICACAO DA VIDA NA TERRA
11202231053;DA1BIS0003-15SA;BASES MATEMATICAS
11202231053;DA1BIS0005-15SA;BASES COMPUTACIONAIS DA CIENCIA
11202230451;NC1BIJ0207-15SA;BASES CONCEITUAIS DA ENERGIA
11202230451;NC1BIK0102-15SA;ESTRUTURA DA MATERIA
11202230451;NC1BIL0304-15SA;EVOLUCAO E DIVERSIFICACAO DA VIDA NA TERRA
11202230451;NC1BIS0003-15SA;BASES MATEMATICAS
11202230451;NC2BCS0001-15SA;BASE EXPERIMENTAL DAS CIENCIAS NATURAIS
11202230451;NC2BIS0005-15SA;BASES COMPUTACIONAIS DA CIENCIA
11202231164;NA1BCS0001-15SB;BASE EXPERIMENTAL DAS CIENCIAS NATURAIS
11202231164;NA1BIJ0207-15SB;BASES CONCEITUAIS DA ENERGIA
11202231164;NA1BIK0102-15SB;ESTRUTURA DA MATERIA
11202231164;NA1BIL0304-15SB;EVOLUCAO E DIVERSIFICACAO DA VIDA NA TERRA
11202231164;NA1BIS0003-15SB;BASES MATEMATICAS
11202231164;NA1BIS0005-15SB;BASES COMPUTACIONAIS DA CIENCIA
11202231601;DB1BHO0001-19SB;INTRODUCAO AS HUMANIDADES E AS CIENCIAS SOCIAIS
11202231601;DB1BHP0202-19SB;TEMAS E PROBLEMAS EM FILOSOFIA
11202231601;DB1BHQ0001-15SB;IDENTIDADE E CULTURA
11202231601;DB1BHQ0003-15SB;INTERPRETACOES DO BRASIL
11202231601;DB2BIQ0602-15SB;ESTRUTURA E DINAMICA SOCIAL
11202231601;DB6BIS0005-15SB;BASES COMPUTACIONAIS DA CIENCIA
11202232106;DA1BIJ0207-15SB;BASES CONCEITUAIS DA ENERGIA
11202232106;DA1BIK0102-15SB;ESTRUTURA DA MATERIA
11202232106;DA1BIL0304-15SB;EVOLUCAO E DIVERSIFICACAO DA VIDA NA TERRA
11202232106;DA1BIS0003-15SB;BASES MATEMATICAS
11202232106;DA2BCS0001-15SB;BASE EXPERIMENTAL DAS CIENCIAS NATURAIS
11202232106;DA2BIS0005-15SB;BASES COMPUTACIONAIS DA CIENCIA
11202230411;DC1BCS0001-15SB;BASE EXPERIMENTAL DAS CIENCIAS NATURAIS
11202230411;DC1BIJ0207-15SB;BASES CONCEITUAIS DA ENERGIA
11202230411;DC1BIK0102-15SB;ESTRUTURA DA MATERIA
11202230411;DC1BIL0304-15SB;EVOLUCAO E DIVERSIFICACAO DA VIDA NA TERRA
11202230411;DC1BIS0003-15SB;BASES MATEMATICAS
11202230411;DC1BIS0005-15SB;BASES COMPUTACIONAIS DA CIENCIA
11202230256;DB1BHO0001-19SB;INTRODUCAO AS HUMANIDADES E AS CIENCIAS SOCIAIS
11202230256;DB1BHP0202-19SB;TEMAS E PROBLEMAS EM FILOSOFIA
11202230256;DB1BHQ0001-15SB;IDENTIDADE E CULTURA
11202230256;DB1BHQ0003-15SB;INTERPRETACOES DO BRASIL
11202230256;DB2BIQ0602-15SB;ESTRUTURA E DINAMICA SOCIAL
11202230256;DB6BIS0005-15SB;BASES COMPUTACIONAIS DA CIENCIA
11202231963;DC1BCS0001-15SA;BASE EXPERIMENTAL DAS CIENCIAS NATURAIS
11202231963;DC1BIJ0207-15SA;BASES CONCEITUAIS DA ENERGIA
11202231963;DC1BIK0102-15SA;ESTRUTURA DA MATERIA
11202231963;DC1BIL0304-15SA;EVOLUCAO E DIVERSIFICACAO DA VIDA NA TERRA
11202231963;DC1BIS0003-15SA;BASES MATEMATICAS
11202231963;DC5BIS0005-15SA;BASES COMPUTACIONAIS DA CIENCIA
11202230892;DB1NHI5001-15SA;DESENVOLVIMENTO E APRENDIZAGEM
11202230892;DB1NHZ2099-16SA;TOPICOS CONTEMPORANEOS EM EDUCACAO E FILOSOFIA
11202230892;DB1NHZ5023-18SA;PRATICAS ESCOLARES EM EDUCACAO ESPECIAL E INCLUSIVA
11202230892;DB2BIR0603-15SA;CIENCIA, TECNOLOGIA E SOCIEDADE
11202230892;DB3BIJ0207-15SA;BASES CONCEITUAIS DA ENERGIA
11202230892;DB7BIS0005-15SA;BASES COMPUTACIONAIS DA CIENCIA
11202231624;DB1BHO0001-19SB;INTRODUCAO AS HUMANIDADES E AS CIENCIAS SOCIAIS
11202231624;DB1BHP0202-19SB;TEMAS E PROBLEMAS EM FILOSOFIA
11202231624;DB1BHQ0001-15SB;IDENTIDADE E CULTURA
11202231624;DB1BHQ0003-15SB;INTERPRETACOES DO BRASIL
11202231624;DB2BIQ0602-15SB;ESTRUTURA E DINAMICA SOCIAL
11202231624;DB6BIS0005-15SB;BASES COMPUTACIONAIS DA CIENCIA
11202230361;DA2BCS0001-15SA;BASE EXPERIMENTAL DAS CIENCIAS NATURAIS
11202230361;DA2BIJ0207-15SA;BASES CONCEITUAIS DA ENERGIA
11202230361;DA2BIK0102-15SA;ESTRUTURA DA MATERIA
11202230361;DA2BIL0304-15SA;EVOLUCAO E DIVERSIFICACAO DA VIDA NA TERRA
11202230361;DA2BIS0003-15SA;BASES MATEMATICAS
11202230361;DA2BIS0005-15SA;BASES COMPUTACIONAIS DA CIENCIA
11202231105;DB1NHI5001-15SA;DESENVOLVIMENTO E APRENDIZAGEM
11202231105;DB1NHZ2099-16SA;TOPICOS CONTEMPORANEOS EM EDUCACAO E FILOSOFIA
11202231105;DB1NHZ5023-18SA;PRATICAS ESCOLARES EM EDUCACAO ESPECIAL E INCLUSIVA
11202231105;DB2BIR0603-15SA;CIENCIA, TECNOLOGIA E SOCIEDADE
11202231105;DB3BIJ0207-15SA;BASES CONCEITUAIS DA ENERGIA
11202231105;DB7BIS0005-15SA;BASES COMPUTACIONAIS DA CIENCIA
11202230562;DB1NHI5001-15SA;DESENVOLVIMENTO E APRENDIZAGEM
11202230562;DB1NHZ2099-16SA;TOPICOS CONTEMPORANEOS EM EDUCACAO E FILOSOFIA
11202230562;DB1NHZ5023-18SA;PRATICAS ESCOLARES EM EDUCACAO ESPECIAL E INCLUSIVA
11202230562;DB2BIR0603-15SA;CIENCIA, TECNOLOGIA E SOCIEDADE
11202230562;DB3BIJ0207-15SA;BASES CONCEITUAIS DA ENERGIA
11202230562;DB7BIS0005-15SA;BASES COMPUTACIONAIS DA CIENCIA
11202231844;NB1BHO0001-19SB;INTRODUCAO AS HUMANIDADES E AS CIENCIAS SOCIAIS
11202231844;NB1BHP0202-19SB;TEMAS E PROBLEMAS EM FILOSOFIA
11202231844;NB1BHQ0001-15SB;IDENTIDADE E CULTURA
11202231844;NB1BHQ0003-15SB;INTERPRETACOES DO BRASIL
11202231844;NB2BIQ0602-15SB;ESTRUTURA E DINAMICA SOCIAL
11202231844;NB5BIS0005-15SB;BASES COMPUTACIONAIS DA CIENCIA
11202231195;NB1BHO0001-19SB;INTRODUCAO AS HUMANIDADES E AS CIENCIAS SOCIAIS
11202231195;NB1BHP0202-19SB;TEMAS E PROBLEMAS EM FILOSOFIA
11202231195;NB1BHQ0001-15SB;IDENTIDADE E CULTURA
11202231195;NB1BHQ0003-15SB;INTERPRETACOES DO BRASIL
11202231195;NB2BIQ0602-15SB;ESTRUTURA E DINAMICA SOCIAL
11202231195;NB5BIS0005-15SB;BASES COMPUTACIONAIS DA CIENCIA
11202231033;DA2BIJ0207-15SA;BASES CONCEITUAIS DA ENERGIA
11202231033;DA2BIK0102-15SA;ESTRUTURA DA MATERIA
11202231033;DA2BIL0304-15SA;EVOLUCAO E DIVERSIFICACAO DA VIDA NA TERRA
11202231033;DA2BIS0003-15SA;BASES MATEMATICAS
11202231033;DA4BIS0005-15SA;BASES COMPUTACIONAIS DA CIENCIA
11202231033;DA5BCS0001-15SA;BASE EXPERIMENTAL DAS CIENCIAS NATURAIS
11202230725;NC1BCS0001-15SB;BASE EXPERIMENTAL DAS CIENCIAS NATURAIS
11202230725;NC1BIJ0207-15SB;BASES CONCEITUAIS DA ENERGIA
11202230725;NC1BIK0102-15SB;ESTRUTURA DA MATERIA
11202230725;NC1BIL0304-15SB;EVOLUCAO E DIVERSIFICACAO DA VIDA NA TERRA
11202230725;NC1BIS0003-15SB;BASES MATEMATICAS
11202230725;NC1BIS0005-15SB;BASES COMPUTACIONAIS DA CIENCIA
11202231327;NB1BCS0001-15SB;BASE EXPERIMENTAL DAS CIENCIAS NATURAIS
11202231327;NB1BIJ0207-15SB;BASES CONCEITUAIS DA ENERGIA
11202231327;NB1BIK0102-15SB;ESTRUTURA DA MATERIA
11202231327;NB1BIL0304-15SB;EVOLUCAO E DIVERSIFICACAO DA VIDA NA TERRA
11202231327;NB1BIS0003-15SB;BASES MATEMATICAS
11202231327;NB1BIS0005-15SB;BASES COMPUTACIONAIS DA CIENCIA
11202230336;DB1BHO0001-19SB;INTRODUCAO AS HUMANIDADES E AS CIENCIAS SOCIAIS
11202230336;DB1BHP0202-19SB;TEMAS E PROBLEMAS EM FILOSOFIA
11202230336;DB1BHQ0001-15SB;IDENTIDADE E CULTURA
11202230336;DB1BHQ0003-15SB;INTERPRETACOES DO BRASIL
11202230336;DB2BIQ0602-15SB;ESTRUTURA E DINAMICA SOCIAL
11202230336;DB6BIS0005-15SB;BASES COMPUTACIONAIS DA CIENCIA
11202230250;NB1BHO0001-19SB;INTRODUCAO AS HUMANIDADES E AS CIENCIAS SOCIAIS
11202230250;NB1BHP0202-19SB;TEMAS E PROBLEMAS EM FILOSOFIA
11202230250;NB1BHQ0001-15SB;IDENTIDADE E CULTURA
11202230250;NB1BHQ0003-15SB;INTERPRETACOES DO BRASIL
11202230250;NB2BIQ0602-15SB;ESTRUTURA E DINAMICA SOCIAL
11202230250;NB5BIS0005-15SB;BASES COMPUTACIONAIS DA CIENCIA
11202231431;DA1BIR0603-15SB;CIENCIA, TECNOLOGIA E SOCIEDADE
11202231431;DA1NHI5001-15SB;DESENVOLVIMENTO E APRENDIZAGEM
11202231431;DA1NHZ2099-16SB;TOPICOS CONTEMPORANEOS EM EDUCACAO E FILOSOFIA
11202231431;DA1NHZ5023-18SB;PRATICAS ESCOLARES EM EDUCACAO ESPECIAL E INCLUSIVA
11202231431;DA7BIS0005-15SB;BASES COMPUTACIONAIS DA CIENCIA
11202231431;DC1BIJ0207-15SB;BASES CONCEITUAIS DA ENERGIA
11202231239;DC1BIJ0207-15SA;BASES CONCEITUAIS DA ENERGIA
11202231239;DC1BIK0102-15SA;ESTRUTURA DA MATERIA
11202231239;DC1BIL0304-15SA;EVOLUCAO E DIVERSIFICACAO DA VIDA NA TERRA
11202231239;DC1BIS0003-15SA;BASES MATEMATICAS
11202231239;DC2BIS0005-15SA;BASES COMPUTACIONAIS DA CIENCIA
11202231239;DC3BCS0001-15SA;BASE EXPERIMENTAL DAS CIENCIAS NATURAIS
11202232320;NA1NHI5001-15SB;DESENVOLVIMENTO E APRENDIZAGEM
11202232320;NA1NHZ2099-16SB;TOPICOS CONTEMPORANEOS EM EDUCACAO E FILOSOFIA
11202232320;NA1NHZ5023-18SB;PRATICAS ESCOLARES EM EDUCACAO ESPECIAL E INCLUSIVA
11202232320;NA6BIS0005-15SB;BASES COMPUTACIONAIS DA CIENCIA
11202232320;NC1BIJ0207-15SB;BASES CONCEITUAIS DA ENERGIA
11202232320;NA2BIR0603-15SB;CIENCIA, TECNOLOGIA E SOCIEDADE
11202231209;DB1BHO0001-19SB;INTRODUCAO AS HUMANIDADES E AS CIENCIAS SOCIAIS
11202231209;DB1BHP0202-19SB;TEMAS E PROBLEMAS EM FILOSOFIA
11202231209;DB1BHQ0001-15SB;IDENTIDADE E CULTURA
11202231209;DB1BHQ0003-15SB;INTERPRETACOES DO BRASIL
11202231209;DB2BIQ0602-15SB;ESTRUTURA E DINAMICA SOCIAL
11202231209;DB6BIS0005-15SB;BASES COMPUTACIONAIS DA CIENCIA
11202230811;NB1NHI5001-15SA;DESENVOLVIMENTO E APRENDIZAGEM
11202230811;NB1NHZ2099-16SA;TOPICOS CONTEMPORANEOS EM EDUCACAO E FILOSOFIA
11202230811;NB1NHZ5023-18SA;PRATICAS ESCOLARES EM EDUCACAO ESPECIAL E INCLUSIVA
11202230811;NB2BIR0603-15SA;CIENCIA, TECNOLOGIA E SOCIEDADE
11202230811;NB3BIJ0207-15SA;BASES CONCEITUAIS DA ENERGIA
11202230811;NB7BIS0005-15SA;BASES COMPUTACIONAIS DA CIENCIA
11202231214;NA1BCS0001-15SA;BASE EXPERIMENTAL DAS CIENCIAS NATURAIS
11202231214;NA1BIJ0207-15SA;BASES CONCEITUAIS DA ENERGIA
11202231214;NA1BIK0102-15SA;ESTRUTURA DA MATERIA
11202231214;NA1BIL0304-15SA;EVOLUCAO E DIVERSIFICACAO DA VIDA NA TERRA
11202231214;NA1BIS0003-15SA;BASES MATEMATICAS
11202231214;NA1BIS0005-15SA;BASES COMPUTACIONAIS DA CIENCIA
11202232163;DB1NHI5001-15SA;DESENVOLVIMENTO E APRENDIZAGEM
11202232163;DB1NHZ2099-16SA;TOPICOS CONTEMPORANEOS EM EDUCACAO E FILOSOFIA
11202232163;DB1NHZ5023-18SA;PRATICAS ESCOLARES EM EDUCACAO ESPECIAL E INCLUSIVA
11202232163;DB2BIR0603-15SA;CIENCIA, TECNOLOGIA E SOCIEDADE
11202232163;DB3BIJ0207-15SA;BASES CONCEITUAIS DA ENERGIA
11202232163;DB7BIS0005-15SA;BASES COMPUTACIONAIS DA CIENCIA
11202232031;NC1BCS0001-15SB;BASE EXPERIMENTAL DAS CIENCIAS NATURAIS
11202232031;NC1BIJ0207-15SB;BASES CONCEITUAIS DA ENERGIA
11202232031;NC1BIK0102-15SB;ESTRUTURA DA MATERIA
11202232031;NC1BIL0304-15SB;EVOLUCAO E DIVERSIFICACAO DA VIDA NA TERRA
11202232031;NC1BIS0003-15SB;BASES MATEMATICAS
11202232031;NC1BIS0005-15SB;BASES COMPUTACIONAIS DA CIENCIA
11202230906;NB1BHO0001-19SB;INTRODUCAO AS HUMANIDADES E AS CIENCIAS SOCIAIS
11202230906;NB1BHP0202-19SB;TEMAS E PROBLEMAS EM FILOSOFIA
11202230906;NB1BHQ0001-15SB;IDENTIDADE E CULTURA
11202230906;NB1BHQ0003-15SB;INTERPRETACOES DO BRASIL
11202230906;NB2BIQ0602-15SB;ESTRUTURA E DINAMICA SOCIAL
11202230906;NB5BIS0005-15SB;BASES COMPUTACIONAIS DA CIENCIA
11202231899;NB2BIJ0207-15SA;BASES CONCEITUAIS DA ENERGIA
11202231899;NB2BIK0102-15SA;ESTRUTURA DA MATERIA
11202231899;NB2BIL0304-15SA;EVOLUCAO E DIVERSIFICACAO DA VIDA NA TERRA
11202231899;NB2BIS0003-15SA;BASES MATEMATICAS
11202231899;NB6BCS0001-15SA;BASE EXPERIMENTAL DAS CIENCIAS NATURAIS
11202231899;NB6BIS0005-15SA;BASES COMPUTACIONAIS DA CIENCIA
11202212446;DB1NHI5001-15SA;DESENVOLVIMENTO E APRENDIZAGEM
11202212446;DB1NHZ2099-16SA;TOPICOS CONTEMPORANEOS EM EDUCACAO E FILOSOFIA
11202212446;DB1NHZ5023-18SA;PRATICAS ESCOLARES EM EDUCACAO ESPECIAL E INCLUSIVA
11202212446;DB2BIR0603-15SA;CIENCIA, TECNOLOGIA E SOCIEDADE
11202212446;DB3BIJ0207-15SA;BASES CONCEITUAIS DA ENERGIA
11202212446;DB7BIS0005-15SA;BASES COMPUTACIONAIS DA CIENCIA
11202232318;DA2BIJ0207-15SA;BASES CONCEITUAIS DA ENERGIA
11202232318;DA2BIK0102-15SA;ESTRUTURA DA MATERIA
11202232318;DA2BIL0304-15SA;EVOLUCAO E DIVERSIFICACAO DA VIDA NA TERRA
11202232318;DA2BIS0003-15SA;BASES MATEMATICAS
11202232318;DA6BCS0001-15SA;BASE EXPERIMENTAL DAS CIENCIAS NATURAIS
11202232318;DA6BIS0005-15SA;BASES COMPUTACIONAIS DA CIENCIA
11202230299;NC1BCS0001-15SB;BASE EXPERIMENTAL DAS CIENCIAS NATURAIS
11202230299;NC1BIJ0207-15SB;BASES CONCEITUAIS DA ENERGIA
11202230299;NC1BIK0102-15SB;ESTRUTURA DA MATERIA
11202230299;NC1BIL0304-15SB;EVOLUCAO E DIVERSIFICACAO DA VIDA NA TERRA
11202230299;NC1BIS0003-15SB;BASES MATEMATICAS
11202230299;NC1BIS0005-15SB;BASES COMPUTACIONAIS DA CIENCIA
11202230972;DB1NHI5001-15SA;DESENVOLVIMENTO E APRENDIZAGEM
11202230972;DB1NHZ2099-16SA;TOPICOS CONTEMPORANEOS EM EDUCACAO E FILOSOFIA
11202230972;DB1NHZ5023-18SA;PRATICAS ESCOLARES EM EDUCACAO ESPECIAL E INCLUSIVA
11202230972;DB2BIR0603-15SA;CIENCIA, TECNOLOGIA E SOCIEDADE
11202230972;DB3BIJ0207-15SA;BASES CONCEITUAIS DA ENERGIA
11202230972;DB7BIS0005-15SA;BASES COMPUTACIONAIS DA CIENCIA
11202231479;NB1BHO0001-19SB;INTRODUCAO AS HUMANIDADES E AS CIENCIAS SOCIAIS
11202231479;NB1BHP0202-19SB;TEMAS E PROBLEMAS EM FILOSOFIA
11202231479;NB1BHQ0001-15SB;IDENTIDADE E CULTURA
11202231479;NB1BHQ0003-15SB;INTERPRETACOES DO BRASIL
11202231479;NB2BIQ0602-15SB;ESTRUTURA E DINAMICA SOCIAL
11202231479;NB5BIS0005-15SB;BASES COMPUTACIONAIS DA CIENCIA
11202231751;NB1NHI5001-15SA;DESENVOLVIMENTO E APRENDIZAGEM
11202231751;NB1NHZ2099-16SA;TOPICOS CONTEMPORANEOS EM EDUCACAO E FILOSOFIA
11202231751;NB1NHZ5023-18SA;PRATICAS ESCOLARES EM EDUCACAO ESPECIAL E INCLUSIVA
11202231751;NB2BIR0603-15SA;CIENCIA, TECNOLOGIA E SOCIEDADE
11202231751;NB3BIJ0207-15SA;BASES CONCEITUAIS DA ENERGIA
11202231751;NB7BIS0005-15SA;BASES COMPUTACIONAIS DA CIENCIA
11202231957;NB1NHI5001-15SA;DESENVOLVIMENTO E APRENDIZAGEM
11202231957;NB1NHZ2099-16SA;TOPICOS CONTEMPORANEOS EM EDUCACAO E FILOSOFIA
11202231957;NB1NHZ5023-18SA;PRATICAS ESCOLARES EM EDUCACAO ESPECIAL E INCLUSIVA
11202231957;NB2BIR0603-15SA;CIENCIA, TECNOLOGIA E SOCIEDADE
11202231957;NB3BIJ0207-15SA;BASES CONCEITUAIS DA ENERGIA
11202231957;NB7BIS0005-15SA;BASES COMPUTACIONAIS DA CIENCIA
11202231202;DA1BCS0001-15SA;BASE EXPERIMENTAL DAS CIENCIAS NATURAIS
11202231202;DA1BIJ0207-15SA;BASES CONCEITUAIS DA ENERGIA
11202231202;DA1BIK0102-15SA;ESTRUTURA DA MATERIA
11202231202;DA1BIL0304-15SA;EVOLUCAO E DIVERSIFICACAO DA VIDA NA TERRA
11202231202;DA1BIS0003-15SA;BASES MATEMATICAS
11202231202;DA1BIS0005-15SA;BASES COMPUTACIONAIS DA CIENCIA
11202231734;NB1BCS0001-15SB;BASE EXPERIMENTAL DAS CIENCIAS NATURAIS
11202231734;NB1BIJ0207-15SB;BASES CONCEITUAIS DA ENERGIA
11202231734;NB1BIK0102-15SB;ESTRUTURA DA MATERIA
11202231734;NB1BIL0304-15SB;EVOLUCAO E DIVERSIFICACAO DA VIDA NA TERRA
11202231734;NB1BIS0003-15SB;BASES MATEMATICAS
11202231734;NB1BIS0005-15SB;BASES COMPUTACIONAIS DA CIENCIA
11202230935;DB1NHI5001-15SA;DESENVOLVIMENTO E APRENDIZAGEM
11202230935;DB1NHZ2099-16SA;TOPICOS CONTEMPORANEOS EM EDUCACAO E FILOSOFIA
11202230935;DB1NHZ5023-18SA;PRATICAS ESCOLARES EM EDUCACAO ESPECIAL E INCLUSIVA
11202230935;DB2BIR0603-15SA;CIENCIA, TECNOLOGIA E SOCIEDADE
11202230935;DB3BIJ0207-15SA;BASES CONCEITUAIS DA ENERGIA
11202230935;DB7BIS0005-15SA;BASES COMPUTACIONAIS DA CIENCIA
11202230236;DB1NHI5001-15SA;DESENVOLVIMENTO E APRENDIZAGEM
11202230236;DB1NHZ2099-16SA;TOPICOS CONTEMPORANEOS EM EDUCACAO E FILOSOFIA
11202230236;DB1NHZ5023-18SA;PRATICAS ESCOLARES EM EDUCACAO ESPECIAL E INCLUSIVA
11202230236;DB2BIR0603-15SA;CIENCIA, TECNOLOGIA E SOCIEDADE
11202230236;DB3BIJ0207-15SA;BASES CONCEITUAIS DA ENERGIA
11202230236;DB7BIS0005-15SA;BASES COMPUTACIONAIS DA CIENCIA
11202231442;NB1BHO0001-19SB;INTRODUCAO AS HUMANIDADES E AS CIENCIAS SOCIAIS
11202231442;NB1BHP0202-19SB;TEMAS E PROBLEMAS EM FILOSOFIA
11202231442;NB1BHQ0001-15SB;IDENTIDADE E CULTURA
11202231442;NB1BHQ0003-15SB;INTERPRETACOES DO BRASIL
11202231442;NB2BIQ0602-15SB;ESTRUTURA E DINAMICA SOCIAL
11202231442;NB5BIS0005-15SB;BASES COMPUTACIONAIS DA CIENCIA
11202231345;DB1BIJ0207-15SA;BASES CONCEITUAIS DA ENERGIA
11202231345;DB1BIK0102-15SA;ESTRUTURA DA MATERIA
11202231345;DB1BIL0304-15SA;EVOLUCAO E DIVERSIFICACAO DA VIDA NA TERRA
11202231345;DB1BIS0003-15SA;BASES MATEMATICAS
11202231345;DB6BCS0001-15SA;BASE EXPERIMENTAL DAS CIENCIAS NATURAIS
11202231345;DB6BIS0005-15SA;BASES COMPUTACIONAIS DA CIENCIA
11202230875;NB1NHI5001-15SA;DESENVOLVIMENTO E APRENDIZAGEM
11202230875;NB1NHZ2099-16SA;TOPICOS CONTEMPORANEOS EM EDUCACAO E FILOSOFIA
11202230875;NB1NHZ5023-18SA;PRATICAS ESCOLARES EM EDUCACAO ESPECIAL E INCLUSIVA
11202230875;NB2BIR0603-15SA;CIENCIA, TECNOLOGIA E SOCIEDADE
11202230875;NB3BIJ0207-15SA;BASES CONCEITUAIS DA ENERGIA
11202230875;NB7BIS0005-15SA;BASES COMPUTACIONAIS DA CIENCIA
11202230687;DA1BIJ0207-15SA;BASES CONCEITUAIS DA ENERGIA
11202230687;DA1BIK0102-15SA;ESTRUTURA DA MATERIA
11202230687;DA1BIL0304-15SA;EVOLUCAO E DIVERSIFICACAO DA VIDA NA TERRA
11202230687;DA1BIS0003-15SA;BASES MATEMATICAS
11202230687;DA4BCS0001-15SA;BASE EXPERIMENTAL DAS CIENCIAS NATURAIS
11202230687;DA4BIS0005-15SA;BASES COMPUTACIONAIS DA CIENCIA
11202231726;DB1BCS0001-15SA;BASE EXPERIMENTAL DAS CIENCIAS NATURAIS
11202231726;DB1BIS0005-15SA;BASES COMPUTACIONAIS DA CIENCIA
11202231726;DB2BIJ0207-15SA;BASES CONCEITUAIS DA ENERGIA
11202231726;DB2BIK0102-15SA;ESTRUTURA DA MATERIA
11202231726;DB2BIL0304-15SA;EVOLUCAO E DIVERSIFICACAO DA VIDA NA TERRA
11202231726;DB2BIS0003-15SA;BASES MATEMATICAS
11202230346;DA1BIJ0207-15SA;BASES CONCEITUAIS DA ENERGIA
11202230346;DA1BIK0102-15SA;ESTRUTURA DA MATERIA
11202230346;DA1BIL0304-15SA;EVOLUCAO E DIVERSIFICACAO DA VIDA NA TERRA
11202230346;DA1BIS0003-15SA;BASES MATEMATICAS
11202230346;DA4BCS0001-15SA;BASE EXPERIMENTAL DAS CIENCIAS NATURAIS
11202230346;DA4BIS0005-15SA;BASES COMPUTACIONAIS DA CIENCIA
11202230568;DB1BIJ0207-15SB;BASES CONCEITUAIS DA ENERGIA
11202230568;DB1BIK0102-15SB;ESTRUTURA DA MATERIA
11202230568;DB1BIL0304-15SB;EVOLUCAO E DIVERSIFICACAO DA VIDA NA TERRA
11202230568;DB1BIS0003-15SB;BASES MATEMATICAS
11202230568;DB3BCS0001-15SB;BASE EXPERIMENTAL DAS CIENCIAS NATURAIS
11202230568;DB3BIS0005-15SB;BASES COMPUTACIONAIS DA CIENCIA
11202231333;DA1BIJ0207-15SA;BASES CONCEITUAIS DA ENERGIA
11202231333;DA1BIK0102-15SA;ESTRUTURA DA MATERIA
11202231333;DA1BIL0304-15SA;EVOLUCAO E DIVERSIFICACAO DA VIDA NA TERRA
11202231333;DA1BIS0003-15SA;BASES MATEMATICAS
11202231333;DA3BIS0005-15SA;BASES COMPUTACIONAIS DA CIENCIA
11202231333;DA4BCS0001-15SA;BASE EXPERIMENTAL DAS CIENCIAS NATURAIS
11202230544;NB1BIJ0207-15SA;BASES CONCEITUAIS DA ENERGIA
11202230544;NB1BIK0102-15SA;ESTRUTURA DA MATERIA
11202230544;NB1BIL0304-15SA;EVOLUCAO E DIVERSIFICACAO DA VIDA NA TERRA
11202230544;NB1BIS0003-15SA;BASES MATEMATICAS
11202230544;NB3BCS0001-15SA;BASE EXPERIMENTAL DAS CIENCIAS NATURAIS
11202230544;NB3BIS0005-15SA;BASES COMPUTACIONAIS DA CIENCIA
11202230285;DB1BIJ0207-15SA;BASES CONCEITUAIS DA ENERGIA
11202230285;DB1BIK0102-15SA;ESTRUTURA DA MATERIA
11202230285;DB1BIL0304-15SA;EVOLUCAO E DIVERSIFICACAO DA VIDA NA TERRA
11202230285;DB1BIS0003-15SA;BASES MATEMATICAS
11202230285;DB5BCS0001-15SA;BASE EXPERIMENTAL DAS CIENCIAS NATURAIS
11202230285;DB5BIS0005-15SA;BASES COMPUTACIONAIS DA CIENCIA
11202230480;DB1BHO0001-19SB;INTRODUCAO AS HUMANIDADES E AS CIENCIAS SOCIAIS
11202230480;DB1BHP0202-19SB;TEMAS E PROBLEMAS EM FILOSOFIA
11202230480;DB1BHQ0001-15SB;IDENTIDADE E CULTURA
11202230480;DB1BHQ0003-15SB;INTERPRETACOES DO BRASIL
11202230480;DB2BIQ0602-15SB;ESTRUTURA E DINAMICA SOCIAL
11202230480;DB6BIS0005-15SB;BASES COMPUTACIONAIS DA CIENCIA
11202230482;NB1BIJ0207-15SA;BASES CONCEITUAIS DA ENERGIA
11202230482;NB1BIK0102-15SA;ESTRUTURA DA MATERIA
11202230482;NB1BIL0304-15SA;EVOLUCAO E DIVERSIFICACAO DA VIDA NA TERRA
11202230482;NB1BIS0003-15SA;BASES MATEMATICAS
11202230482;NB2BCS0001-15SA;BASE EXPERIMENTAL DAS CIENCIAS NATURAIS
11202230482;NB2BIS0005-15SA;BASES COMPUTACIONAIS DA CIENCIA
11202230652;NB1NHI5001-15SA;DESENVOLVIMENTO E APRENDIZAGEM
11202230652;NB1NHZ2099-16SA;TOPICOS CONTEMPORANEOS EM EDUCACAO E FILOSOFIA
11202230652;NB1NHZ5023-18SA;PRATICAS ESCOLARES EM EDUCACAO ESPECIAL E INCLUSIVA
11202230652;NB2BIR0603-15SA;CIENCIA, TECNOLOGIA E SOCIEDADE
11202230652;NB3BIJ0207-15SA;BASES CONCEITUAIS DA ENERGIA
11202230652;NB7BIS0005-15SA;BASES COMPUTACIONAIS DA CIENCIA
11202230818;NB1NHI5001-15SA;DESENVOLVIMENTO E APRENDIZAGEM
11202230818;NB1NHZ2099-16SA;TOPICOS CONTEMPORANEOS EM EDUCACAO E FILOSOFIA
11202230818;NB1NHZ5023-18SA;PRATICAS ESCOLARES EM EDUCACAO ESPECIAL E INCLUSIVA
11202230818;NB2BIR0603-15SA;CIENCIA, TECNOLOGIA E SOCIEDADE
11202230818;NB3BIJ0207-15SA;BASES CONCEITUAIS DA ENERGIA
11202230818;NB7BIS0005-15SA;BASES COMPUTACIONAIS DA CIENCIA
11202212408;DB1BHO0001-19SB;INTRODUCAO AS HUMANIDADES E AS CIENCIAS SOCIAIS
11202212408;DB1BHP0202-19SB;TEMAS E PROBLEMAS EM FILOSOFIA
11202212408;DB1BHQ0001-15SB;IDENTIDADE E CULTURA
11202212408;DB1BHQ0003-15SB;INTERPRETACOES DO BRASIL
11202212408;DB2BIQ0602-15SB;ESTRUTURA E DINAMICA SOCIAL
11202212408;DB6BIS0005-15SB;BASES COMPUTACIONAIS DA CIENCIA
11202231768;DB1BHO0001-19SB;INTRODUCAO AS HUMANIDADES E AS CIENCIAS SOCIAIS
11202231768;DB1BHP0202-19SB;TEMAS E PROBLEMAS EM FILOSOFIA
11202231768;DB1BHQ0001-15SB;IDENTIDADE E CULTURA
11202231768;DB1BHQ0003-15SB;INTERPRETACOES DO BRASIL
11202231768;DB2BIQ0602-15SB;ESTRUTURA E DINAMICA SOCIAL
11202231768;DB6BIS0005-15SB;BASES COMPUTACIONAIS DA CIENCIA
11202230459;DA1BIJ0207-15SA;BASES CONCEITUAIS DA ENERGIA
11202230459;DA1BIK0102-15SA;ESTRUTURA DA MATERIA
11202230459;DA1BIL0304-15SA;EVOLUCAO E DIVERSIFICACAO DA VIDA NA TERRA
11202230459;DA1BIS0003-15SA;BASES MATEMATICAS
11202230459;DA4BCS0001-15SA;BASE EXPERIMENTAL DAS CIENCIAS NATURAIS
11202230459;DA4BIS0005-15SA;BASES COMPUTACIONAIS DA CIENCIA
11202231656;DA1BIJ0207-15SA;BASES CONCEITUAIS DA ENERGIA
11202231656;DA1BIK0102-15SA;ESTRUTURA DA MATERIA
11202231656;DA1BIL0304-15SA;EVOLUCAO E DIVERSIFICACAO DA VIDA NA TERRA
11202231656;DA1BIS0003-15SA;BASES MATEMATICAS
11202231656;DA3BCS0001-15SA;BASE EXPERIMENTAL DAS CIENCIAS NATURAIS
11202231656;DA3BIS0005-15SA;BASES COMPUTACIONAIS DA CIENCIA
11202231507;DB1NHI5001-15SA;DESENVOLVIMENTO E APRENDIZAGEM
11202231507;DB1NHZ2099-16SA;TOPICOS CONTEMPORANEOS EM EDUCACAO E FILOSOFIA
11202231507;DB1NHZ5023-18SA;PRATICAS ESCOLARES EM EDUCACAO ESPECIAL E INCLUSIVA
11202231507;DB2BIR0603-15SA;CIENCIA, TECNOLOGIA E SOCIEDADE
11202231507;DB3BIJ0207-15SA;BASES CONCEITUAIS DA ENERGIA
11202231507;DB7BIS0005-15SA;BASES COMPUTACIONAIS DA CIENCIA
11202231811;NC1BIJ0207-15SB;BASES CONCEITUAIS DA ENERGIA
11202231811;NC1BIK0102-15SB;ESTRUTURA DA MATERIA
11202231811;NC1BIL0304-15SB;EVOLUCAO E DIVERSIFICACAO DA VIDA NA TERRA
11202231811;NC1BIS0003-15SB;BASES MATEMATICAS
11202231811;NC2BCS0001-15SB;BASE EXPERIMENTAL DAS CIENCIAS NATURAIS
11202231811;NC2BIS0005-15SB;BASES COMPUTACIONAIS DA CIENCIA
11202212471;DB1BHO0001-19SB;INTRODUCAO AS HUMANIDADES E AS CIENCIAS SOCIAIS
11202212471;DB1BHP0202-19SB;TEMAS E PROBLEMAS EM FILOSOFIA
11202212471;DB1BHQ0001-15SB;IDENTIDADE E CULTURA
11202212471;DB1BHQ0003-15SB;INTERPRETACOES DO BRASIL
11202212471;DB2BIQ0602-15SB;ESTRUTURA E DINAMICA SOCIAL
11202212471;DB6BIS0005-15SB;BASES COMPUTACIONAIS DA CIENCIA
11202232488;DA1BIR0603-15SB;CIENCIA, TECNOLOGIA E SOCIEDADE
11202232488;DA1NHI5001-15SB;DESENVOLVIMENTO E APRENDIZAGEM
11202232488;DA1NHZ2099-16SB;TOPICOS CONTEMPORANEOS EM EDUCACAO E FILOSOFIA
11202232488;DA1NHZ5023-18SB;PRATICAS ESCOLARES EM EDUCACAO ESPECIAL E INCLUSIVA
11202232488;DA7BIS0005-15SB;BASES COMPUTACIONAIS DA CIENCIA
11202232488;DC1BIJ0207-15SB;BASES CONCEITUAIS DA ENERGIA
11202231971;NC1BIJ0207-15SB;BASES CONCEITUAIS DA ENERGIA
11202231971;NC1BIK0102-15SB;ESTRUTURA DA MATERIA
11202231971;NC1BIL0304-15SB;EVOLUCAO E DIVERSIFICACAO DA VIDA NA TERRA
11202231971;NC1BIS0003-15SB;BASES MATEMATICAS
11202231971;NC2BCS0001-15SB;BASE EXPERIMENTAL DAS CIENCIAS NATURAIS
11202231971;NC2BIS0005-15SB;BASES COMPUTACIONAIS DA CIENCIA
11202230291;NA1BIJ0207-15SA;BASES CONCEITUAIS DA ENERGIA
11202230291;NA1BIK0102-15SA;ESTRUTURA DA MATERIA
11202230291;NA1BIL0304-15SA;EVOLUCAO E DIVERSIFICACAO DA VIDA NA TERRA
11202230291;NA1BIS0003-15SA;BASES MATEMATICAS
11202230291;NA3BCS0001-15SA;BASE EXPERIMENTAL DAS CIENCIAS NATURAIS
11202230291;NA3BIS0005-15SA;BASES COMPUTACIONAIS DA CIENCIA
11202231028;NC1BIJ0207-15SA;BASES CONCEITUAIS DA ENERGIA
11202231028;NC1BIK0102-15SA;ESTRUTURA DA MATERIA
11202231028;NC1BIL0304-15SA;EVOLUCAO E DIVERSIFICACAO DA VIDA NA TERRA
11202231028;NC1BIS0003-15SA;BASES MATEMATICAS
11202231028;NC2BCS0001-15SA;BASE EXPERIMENTAL DAS CIENCIAS NATURAIS
11202231028;NC2BIS0005-15SA;BASES COMPUTACIONAIS DA CIENCIA
11202231382;DA1BCS0001-15SA;BASE EXPERIMENTAL DAS CIENCIAS NATURAIS
11202231382;DA1BIJ0207-15SA;BASES CONCEITUAIS DA ENERGIA
11202231382;DA1BIK0102-15SA;ESTRUTURA DA MATERIA
11202231382;DA1BIL0304-15SA;EVOLUCAO E DIVERSIFICACAO DA VIDA NA TERRA
11202231382;DA1BIS0003-15SA;BASES MATEMATICAS
11202231382;DA1BIS0005-15SA;BASES COMPUTACIONAIS DA CIENCIA
11202230661;NC1BIJ0207-15SA;BASES CONCEITUAIS DA ENERGIA
11202230661;NC1BIK0102-15SA;ESTRUTURA DA MATERIA
11202230661;NC1BIL0304-15SA;EVOLUCAO E DIVERSIFICACAO DA VIDA NA TERRA
11202230661;NC1BIS0003-15SA;BASES MATEMATICAS
11202230661;NC2BCS0001-15SA;BASE EXPERIMENTAL DAS CIENCIAS NATURAIS
11202230661;NC2BIS0005-15SA;BASES COMPUTACIONAIS DA CIENCIA
11202230399;DB2BIJ0207-15SA;BASES CONCEITUAIS DA ENERGIA
11202230399;DB2BIK0102-15SA;ESTRUTURA DA MATERIA
11202230399;DB2BIL0304-15SA;EVOLUCAO E DIVERSIFICACAO DA VIDA NA TERRA
11202230399;DB2BIS0003-15SA;BASES MATEMATICAS
11202230399;DB3BCS0001-15SA;BASE EXPERIMENTAL DAS CIENCIAS NATURAIS
11202230399;DB3BIS0005-15SA;BASES COMPUTACIONAIS DA CIENCIA
11202231536;DB1BHO0001-19SB;INTRODUCAO AS HUMANIDADES E AS CIENCIAS SOCIAIS
11202231536;DB1BHP0202-19SB;TEMAS E PROBLEMAS EM FILOSOFIA
11202231536;DB1BHQ0001-15SB;IDENTIDADE E CULTURA
11202231536;DB1BHQ0003-15SB;INTERPRETACOES DO BRASIL
11202231536;DB2BIQ0602-15SB;ESTRUTURA E DINAMICA SOCIAL
11202231536;DB6BIS0005-15SB;BASES COMPUTACIONAIS DA CIENCIA
11202230999;DB1BHO0001-19SB;INTRODUCAO AS HUMANIDADES E AS CIENCIAS SOCIAIS
11202230999;DB1BHP0202-19SB;TEMAS E PROBLEMAS EM FILOSOFIA
11202230999;DB1BHQ0001-15SB;IDENTIDADE E CULTURA
11202230999;DB1BHQ0003-15SB;INTERPRETACOES DO BRASIL
11202230999;DB2BIQ0602-15SB;ESTRUTURA E DINAMICA SOCIAL
11202230999;DB6BIS0005-15SB;BASES COMPUTACIONAIS DA CIENCIA
11202231773;DB1BIJ0207-15SA;BASES CONCEITUAIS DA ENERGIA
11202231773;DB1BIK0102-15SA;ESTRUTURA DA MATERIA
11202231773;DB1BIL0304-15SA;EVOLUCAO E DIVERSIFICACAO DA VIDA NA TERRA
11202231773;DB1BIS0003-15SA;BASES MATEMATICAS
11202231773;DB4BCS0001-15SA;BASE EXPERIMENTAL DAS CIENCIAS NATURAIS
11202231773;DB4BIS0005-15SA;BASES COMPUTACIONAIS DA CIENCIA
11202231839;DB1BIJ0207-15SB;BASES CONCEITUAIS DA ENERGIA
11202231839;DB1BIK0102-15SB;ESTRUTURA DA MATERIA
11202231839;DB1BIL0304-15SB;EVOLUCAO E DIVERSIFICACAO DA VIDA NA TERRA
11202231839;DB1BIS0003-15SB;BASES MATEMATICAS
11202231839;DB3BCS0001-15SB;BASE EXPERIMENTAL DAS CIENCIAS NATURAIS
11202231839;DB3BIS0005-15SB;BASES COMPUTACIONAIS DA CIENCIA
11202230682;NC1BCS0001-15SA;BASE EXPERIMENTAL DAS CIENCIAS NATURAIS
11202230682;NC1BIJ0207-15SA;BASES CONCEITUAIS DA ENERGIA
11202230682;NC1BIK0102-15SA;ESTRUTURA DA MATERIA
11202230682;NC1BIL0304-15SA;EVOLUCAO E DIVERSIFICACAO DA VIDA NA TERRA
11202230682;NC1BIS0003-15SA;BASES MATEMATICAS
11202230682;NC1BIS0005-15SA;BASES COMPUTACIONAIS DA CIENCIA
11202231792;DB1BIJ0207-15SA;BASES CONCEITUAIS DA ENERGIA
11202231792;DB1BIK0102-15SA;ESTRUTURA DA MATERIA
11202231792;DB1BIL0304-15SA;EVOLUCAO E DIVERSIFICACAO DA VIDA NA TERRA
11202231792;DB1BIS0003-15SA;BASES MATEMATICAS
11202231792;DB6BCS0001-15SA;BASE EXPERIMENTAL DAS CIENCIAS NATURAIS
11202231792;DB6BIS0005-15SA;BASES COMPUTACIONAIS DA CIENCIA
11202231676;DC1BIJ0207-15SA;BASES CONCEITUAIS DA ENERGIA
11202231676;DC1BIK0102-15SA;ESTRUTURA DA MATERIA
11202231676;DC1BIL0304-15SA;EVOLUCAO E DIVERSIFICACAO DA VIDA NA TERRA
11202231676;DC1BIS0003-15SA;BASES MATEMATICAS
11202231676;DC2BIS0005-15SA;BASES COMPUTACIONAIS DA CIENCIA
11202231676;DC3BCS0001-15SA;BASE EXPERIMENTAL DAS CIENCIAS NATURAIS
11202230536;NC1BIJ0207-15SA;BASES CONCEITUAIS DA ENERGIA
11202230536;NC1BIK0102-15SA;ESTRUTURA DA MATERIA
11202230536;NC1BIL0304-15SA;EVOLUCAO E DIVERSIFICACAO DA VIDA NA TERRA
11202230536;NC1BIS0003-15SA;BASES MATEMATICAS
11202230536;NC3BCS0001-15SA;BASE EXPERIMENTAL DAS CIENCIAS NATURAIS
11202230536;NC3BIS0005-15SA;BASES COMPUTACIONAIS DA CIENCIA
11202231365;NB2BIJ0207-15SA;BASES CONCEITUAIS DA ENERGIA
11202231365;NB2BIK0102-15SA;ESTRUTURA DA MATERIA
11202231365;NB2BIL0304-15SA;EVOLUCAO E DIVERSIFICACAO DA VIDA NA TERRA
11202231365;NB2BIS0003-15SA;BASES MATEMATICAS
11202231365;NB5BCS0001-15SA;BASE EXPERIMENTAL DAS CIENCIAS NATURAIS
11202231365;NB5BIS0005-15SA;BASES COMPUTACIONAIS DA CIENCIA
11202231445;DB1BIJ0207-15SB;BASES CONCEITUAIS DA ENERGIA
11202231445;DB1BIK0102-15SB;ESTRUTURA DA MATERIA
11202231445;DB1BIL0304-15SB;EVOLUCAO E DIVERSIFICACAO DA VIDA NA TERRA
11202231445;DB1BIS0003-15SB;BASES MATEMATICAS
11202231445;DB3BCS0001-15SB;BASE EXPERIMENTAL DAS CIENCIAS NATURAIS
11202231445;DB3BIS0005-15SB;BASES COMPUTACIONAIS DA CIENCIA
11202230763;NB2BIJ0207-15SA;BASES CONCEITUAIS DA ENERGIA
11202230763;NB2BIK0102-15SA;ESTRUTURA DA MATERIA
11202230763;NB2BIL0304-15SA;EVOLUCAO E DIVERSIFICACAO DA VIDA NA TERRA
11202230763;NB2BIS0003-15SA;BASES MATEMATICAS
11202230763;NB4BCS0001-15SA;BASE EXPERIMENTAL DAS CIENCIAS NATURAIS
11202230763;NB4BIS0005-15SA;BASES COMPUTACIONAIS DA CIENCIA
11202230341;DB1BHO0001-19SB;INTRODUCAO AS HUMANIDADES E AS CIENCIAS SOCIAIS
11202230341;DB1BHP0202-19SB;TEMAS E PROBLEMAS EM FILOSOFIA
11202230341;DB1BHQ0001-15SB;IDENTIDADE E CULTURA
11202230341;DB1BHQ0003-15SB;INTERPRETACOES DO BRASIL
11202230341;DB2BIQ0602-15SB;ESTRUTURA E DINAMICA SOCIAL
11202230341;DB6BIS0005-15SB;BASES COMPUTACIONAIS DA CIENCIA
11202230431;NB1BCS0001-15SB;BASE EXPERIMENTAL DAS CIENCIAS NATURAIS
11202230431;NB1BIJ0207-15SB;BASES CONCEITUAIS DA ENERGIA
11202230431;NB1BIK0102-15SB;ESTRUTURA DA MATERIA
11202230431;NB1BIL0304-15SB;EVOLUCAO E DIVERSIFICACAO DA VIDA NA TERRA
11202230431;NB1BIS0003-15SB;BASES MATEMATICAS
11202230431;NB1BIS0005-15SB;BASES COMPUTACIONAIS DA CIENCIA
11202231432;DB1BHO0001-19SB;INTRODUCAO AS HUMANIDADES E AS CIENCIAS SOCIAIS
11202231432;DB1BHP0202-19SB;TEMAS E PROBLEMAS EM FILOSOFIA
11202231432;DB1BHQ0001-15SB;IDENTIDADE E CULTURA
11202231432;DB1BHQ0003-15SB;INTERPRETACOES DO BRASIL
11202231432;DB2BIQ0602-15SB;ESTRUTURA E DINAMICA SOCIAL
11202231432;DB6BIS0005-15SB;BASES COMPUTACIONAIS DA CIENCIA
11202231194;NC1BCS0001-15SB;BASE EXPERIMENTAL DAS CIENCIAS NATURAIS
11202231194;NC1BIJ0207-15SB;BASES CONCEITUAIS DA ENERGIA
11202231194;NC1BIK0102-15SB;ESTRUTURA DA MATERIA
11202231194;NC1BIL0304-15SB;EVOLUCAO E DIVERSIFICACAO DA VIDA NA TERRA
11202231194;NC1BIS0003-15SB;BASES MATEMATICAS
11202231194;NC1BIS0005-15SB;BASES COMPUTACIONAIS DA CIENCIA
11202230579;NB1BIJ0207-15SA;BASES CONCEITUAIS DA ENERGIA
11202230579;NB1BIK0102-15SA;ESTRUTURA DA MATERIA
11202230579;NB1BIL0304-15SA;EVOLUCAO E DIVERSIFICACAO DA VIDA NA TERRA
11202230579;NB1BIS0003-15SA;BASES MATEMATICAS
11202230579;NB2BCS0001-15SA;BASE EXPERIMENTAL DAS CIENCIAS NATURAIS
11202230579;NB2BIS0005-15SA;BASES COMPUTACIONAIS DA CIENCIA
11202231927;DB1BHO0001-19SB;INTRODUCAO AS HUMANIDADES E AS CIENCIAS SOCIAIS
11202231927;DB1BHP0202-19SB;TEMAS E PROBLEMAS EM FILOSOFIA
11202231927;DB1BHQ0001-15SB;IDENTIDADE E CULTURA
11202231927;DB1BHQ0003-15SB;INTERPRETACOES DO BRASIL
11202231927;DB2BIQ0602-15SB;ESTRUTURA E DINAMICA SOCIAL
11202231927;DB6BIS0005-15SB;BASES COMPUTACIONAIS DA CIENCIA
11202231870;NA1NHI5001-15SB;DESENVOLVIMENTO E APRENDIZAGEM
11202231870;NA1NHZ2099-16SB;TOPICOS CONTEMPORANEOS EM EDUCACAO E FILOSOFIA
11202231870;NA1NHZ5023-18SB;PRATICAS ESCOLARES EM EDUCACAO ESPECIAL E INCLUSIVA
11202231870;NA6BIS0005-15SB;BASES COMPUTACIONAIS DA CIENCIA
11202231870;NC1BIJ0207-15SB;BASES CONCEITUAIS DA ENERGIA
11202231870;NA2BIR0603-15SB;CIENCIA, TECNOLOGIA E SOCIEDADE
11202231459;NC2BIJ0207-15SA;BASES CONCEITUAIS DA ENERGIA
11202231459;NC2BIK0102-15SA;ESTRUTURA DA MATERIA
11202231459;NC2BIL0304-15SA;EVOLUCAO E DIVERSIFICACAO DA VIDA NA TERRA
11202231459;NC2BIS0003-15SA;BASES MATEMATICAS
11202231459;NC5BCS0001-15SA;BASE EXPERIMENTAL DAS CIENCIAS NATURAIS
11202231459;NC5BIS0005-15SA;BASES COMPUTACIONAIS DA CIENCIA
11202231935;NB1BHO0001-19SB;INTRODUCAO AS HUMANIDADES E AS CIENCIAS SOCIAIS
11202231935;NB1BHP0202-19SB;TEMAS E PROBLEMAS EM FILOSOFIA
11202231935;NB1BHQ0001-15SB;IDENTIDADE E CULTURA
11202231935;NB1BHQ0003-15SB;INTERPRETACOES DO BRASIL
11202231935;NB2BIQ0602-15SB;ESTRUTURA E DINAMICA SOCIAL
11202231935;NB5BIS0005-15SB;BASES COMPUTACIONAIS DA CIENCIA
11202230326;NB1BCS0001-15SB;BASE EXPERIMENTAL DAS CIENCIAS NATURAIS
11202230326;NB1BIJ0207-15SB;BASES CONCEITUAIS DA ENERGIA
11202230326;NB1BIK0102-15SB;ESTRUTURA DA MATERIA
11202230326;NB1BIL0304-15SB;EVOLUCAO E DIVERSIFICACAO DA VIDA NA TERRA
11202230326;NB1BIS0003-15SB;BASES MATEMATICAS
11202230326;NB1BIS0005-15SB;BASES COMPUTACIONAIS DA CIENCIA
11202230352;NB1BHO0001-19SB;INTRODUCAO AS HUMANIDADES E AS CIENCIAS SOCIAIS
11202230352;NB1BHP0202-19SB;TEMAS E PROBLEMAS EM FILOSOFIA
11202230352;NB1BHQ0001-15SB;IDENTIDADE E CULTURA
11202230352;NB1BHQ0003-15SB;INTERPRETACOES DO BRASIL
11202230352;NB2BIQ0602-15SB;ESTRUTURA E DINAMICA SOCIAL
11202230352;NB5BIS0005-15SB;BASES COMPUTACIONAIS DA CIENCIA
11202230915;DB1BHO0001-19SB;INTRODUCAO AS HUMANIDADES E AS CIENCIAS SOCIAIS
11202230915;DB1BHP0202-19SB;TEMAS E PROBLEMAS EM FILOSOFIA
11202230915;DB1BHQ0001-15SB;IDENTIDADE E CULTURA
11202230915;DB1BHQ0003-15SB;INTERPRETACOES DO BRASIL
11202230915;DB2BIQ0602-15SB;ESTRUTURA E DINAMICA SOCIAL
11202230915;DB6BIS0005-15SB;BASES COMPUTACIONAIS DA CIENCIA
11202230907;DB1BIJ0207-15SB;BASES CONCEITUAIS DA ENERGIA
11202230907;DB1BIK0102-15SB;ESTRUTURA DA MATERIA
11202230907;DB1BIL0304-15SB;EVOLUCAO E DIVERSIFICACAO DA VIDA NA TERRA
11202230907;DB1BIS0003-15SB;BASES MATEMATICAS
11202230907;DB3BCS0001-15SB;BASE EXPERIMENTAL DAS CIENCIAS NATURAIS
11202230907;DB3BIS0005-15SB;BASES COMPUTACIONAIS DA CIENCIA
11202230879;NC2BIJ0207-15SA;BASES CONCEITUAIS DA ENERGIA
11202230879;NC2BIK0102-15SA;ESTRUTURA DA MATERIA
11202230879;NC2BIL0304-15SA;EVOLUCAO E DIVERSIFICACAO DA VIDA NA TERRA
11202230879;NC2BIS0003-15SA;BASES MATEMATICAS
11202230879;NC4BCS0001-15SA;BASE EXPERIMENTAL DAS CIENCIAS NATURAIS
11202230879;NC4BIS0005-15SA;BASES COMPUTACIONAIS DA CIENCIA
11202231622;DB1BIJ0207-15SA;BASES CONCEITUAIS DA ENERGIA
11202231622;DB1BIK0102-15SA;ESTRUTURA DA MATERIA
11202231622;DB1BIL0304-15SA;EVOLUCAO E DIVERSIFICACAO DA VIDA NA TERRA
11202231622;DB1BIS0003-15SA;BASES MATEMATICAS
11202231622;DB4BCS0001-15SA;BASE EXPERIMENTAL DAS CIENCIAS NATURAIS
11202231622;DB4BIS0005-15SA;BASES COMPUTACIONAIS DA CIENCIA
11202230960;NB1BCS0001-15SA;BASE EXPERIMENTAL DAS CIENCIAS NATURAIS
11202230960;NB1BIJ0207-15SA;BASES CONCEITUAIS DA ENERGIA
11202230960;NB1BIK0102-15SA;ESTRUTURA DA MATERIA
11202230960;NB1BIL0304-15SA;EVOLUCAO E DIVERSIFICACAO DA VIDA NA TERRA
11202230960;NB1BIS0003-15SA;BASES MATEMATICAS
11202230960;NB1BIS0005-15SA;BASES COMPUTACIONAIS DA CIENCIA
11202230434;NC2BIJ0207-15SA;BASES CONCEITUAIS DA ENERGIA
11202230434;NC2BIK0102-15SA;ESTRUTURA DA MATERIA
11202230434;NC2BIL0304-15SA;EVOLUCAO E DIVERSIFICACAO DA VIDA NA TERRA
11202230434;NC2BIS0003-15SA;BASES MATEMATICAS
11202230434;NC5BCS0001-15SA;BASE EXPERIMENTAL DAS CIENCIAS NATURAIS
11202230434;NC5BIS0005-15SA;BASES COMPUTACIONAIS DA CIENCIA
11202231076;NC1BIJ0207-15SA;BASES CONCEITUAIS DA ENERGIA
11202231076;NC1BIK0102-15SA;ESTRUTURA DA MATERIA
11202231076;NC1BIL0304-15SA;EVOLUCAO E DIVERSIFICACAO DA VIDA NA TERRA
11202231076;NC1BIS0003-15SA;BASES MATEMATICAS
11202231076;NC2BCS0001-15SA;BASE EXPERIMENTAL DAS CIENCIAS NATURAIS
11202231076;NC2BIS0005-15SA;BASES COMPUTACIONAIS DA CIENCIA
11202231346;NA1BIJ0207-15SB;BASES CONCEITUAIS DA ENERGIA
11202231346;NA1BIK0102-15SB;ESTRUTURA DA MATERIA
11202231346;NA1BIL0304-15SB;EVOLUCAO E DIVERSIFICACAO DA VIDA NA TERRA
11202231346;NA1BIS0003-15SB;BASES MATEMATICAS
11202231346;NA3BCS0001-15SB;BASE EXPERIMENTAL DAS CIENCIAS NATURAIS
11202231346;NA3BIS0005-15SB;BASES COMPUTACIONAIS DA CIENCIA
11202230484;DB1NHI5001-15SA;DESENVOLVIMENTO E APRENDIZAGEM
11202230484;DB1NHZ2099-16SA;TOPICOS CONTEMPORANEOS EM EDUCACAO E FILOSOFIA
11202230484;DB1NHZ5023-18SA;PRATICAS ESCOLARES EM EDUCACAO ESPECIAL E INCLUSIVA
11202230484;DB2BIR0603-15SA;CIENCIA, TECNOLOGIA E SOCIEDADE
11202230484;DB3BIJ0207-15SA;BASES CONCEITUAIS DA ENERGIA
11202230484;DB7BIS0005-15SA;BASES COMPUTACIONAIS DA CIENCIA
11202230267;DC2BIJ0207-15SA;BASES CONCEITUAIS DA ENERGIA
11202230267;DC2BIK0102-15SA;ESTRUTURA DA MATERIA
11202230267;DC2BIL0304-15SA;EVOLUCAO E DIVERSIFICACAO DA VIDA NA TERRA
11202230267;DC2BIS0003-15SA;BASES MATEMATICAS
11202230267;DC4BIS0005-15SA;BASES COMPUTACIONAIS DA CIENCIA
11202230267;DC5BCS0001-15SA;BASE EXPERIMENTAL DAS CIENCIAS NATURAIS
11202230990;NC2BIJ0207-15SA;BASES CONCEITUAIS DA ENERGIA
11202230990;NC2BIK0102-15SA;ESTRUTURA DA MATERIA
11202230990;NC2BIL0304-15SA;EVOLUCAO E DIVERSIFICACAO DA VIDA NA TERRA
11202230990;NC2BIS0003-15SA;BASES MATEMATICAS
11202230990;NC5BCS0001-15SA;BASE EXPERIMENTAL DAS CIENCIAS NATURAIS
11202230990;NC5BIS0005-15SA;BASES COMPUTACIONAIS DA CIENCIA
11202230514;NC1BIJ0207-15SA;BASES CONCEITUAIS DA ENERGIA
11202230514;NC1BIK0102-15SA;ESTRUTURA DA MATERIA
11202230514;NC1BIL0304-15SA;EVOLUCAO E DIVERSIFICACAO DA VIDA NA TERRA
11202230514;NC1BIS0003-15SA;BASES MATEMATICAS
11202230514;NC2BCS0001-15SA;BASE EXPERIMENTAL DAS CIENCIAS NATURAIS
11202230514;NC2BIS0005-15SA;BASES COMPUTACIONAIS DA CIENCIA
11202231274;NC2BIJ0207-15SA;BASES CONCEITUAIS DA ENERGIA
11202231274;NC2BIK0102-15SA;ESTRUTURA DA MATERIA
11202231274;NC2BIL0304-15SA;EVOLUCAO E DIVERSIFICACAO DA VIDA NA TERRA
11202231274;NC2BIS0003-15SA;BASES MATEMATICAS
11202231274;NC6BCS0001-15SA;BASE EXPERIMENTAL DAS CIENCIAS NATURAIS
11202231274;NC6BIS0005-15SA;BASES COMPUTACIONAIS DA CIENCIA
11202232119;NC2BIJ0207-15SA;BASES CONCEITUAIS DA ENERGIA
11202232119;NC2BIK0102-15SA;ESTRUTURA DA MATERIA
11202232119;NC2BIL0304-15SA;EVOLUCAO E DIVERSIFICACAO DA VIDA NA TERRA
11202232119;NC2BIS0003-15SA;BASES MATEMATICAS
11202232119;NC4BCS0001-15SA;BASE EXPERIMENTAL DAS CIENCIAS NATURAIS
11202232119;NC4BIS0005-15SA;BASES COMPUTACIONAIS DA CIENCIA
11202230902;NA1BIJ0207-15SB;BASES CONCEITUAIS DA ENERGIA
11202230902;NA1BIK0102-15SB;ESTRUTURA DA MATERIA
11202230902;NA1BIL0304-15SB;EVOLUCAO E DIVERSIFICACAO DA VIDA NA TERRA
11202230902;NA1BIS0003-15SB;BASES MATEMATICAS
11202230902;NA2BCS0001-15SB;BASE EXPERIMENTAL DAS CIENCIAS NATURAIS
11202230902;NA2BIS0005-15SB;BASES COMPUTACIONAIS DA CIENCIA
11202231886;NB2BIJ0207-15SA;BASES CONCEITUAIS DA ENERGIA
11202231886;NB2BIK0102-15SA;ESTRUTURA DA MATERIA
11202231886;NB2BIL0304-15SA;EVOLUCAO E DIVERSIFICACAO DA VIDA NA TERRA
11202231886;NB2BIS0003-15SA;BASES MATEMATICAS
11202231886;NB5BCS0001-15SA;BASE EXPERIMENTAL DAS CIENCIAS NATURAIS
11202231886;NB5BIS0005-15SA;BASES COMPUTACIONAIS DA CIENCIA
11202231497;DA2BIJ0207-15SA;BASES CONCEITUAIS DA ENERGIA
11202231497;DA2BIK0102-15SA;ESTRUTURA DA MATERIA
11202231497;DA2BIL0304-15SA;EVOLUCAO E DIVERSIFICACAO DA VIDA NA TERRA
11202231497;DA2BIS0003-15SA;BASES MATEMATICAS
11202231497;DA4BIS0005-15SA;BASES COMPUTACIONAIS DA CIENCIA
11202231497;DA5BCS0001-15SA;BASE EXPERIMENTAL DAS CIENCIAS NATURAIS
11202231494;DB1BHO0001-19SB;INTRODUCAO AS HUMANIDADES E AS CIENCIAS SOCIAIS
11202231494;DB1BHP0202-19SB;TEMAS E PROBLEMAS EM FILOSOFIA
11202231494;DB1BHQ0001-15SB;IDENTIDADE E CULTURA
11202231494;DB1BHQ0003-15SB;INTERPRETACOES DO BRASIL
11202231494;DB2BIQ0602-15SB;ESTRUTURA E DINAMICA SOCIAL
11202231494;DB6BIS0005-15SB;BASES COMPUTACIONAIS DA CIENCIA
11202232167;NB2BIJ0207-15SA;BASES CONCEITUAIS DA ENERGIA
11202232167;NB2BIK0102-15SA;ESTRUTURA DA MATERIA
11202232167;NB2BIL0304-15SA;EVOLUCAO E DIVERSIFICACAO DA VIDA NA TERRA
11202232167;NB2BIS0003-15SA;BASES MATEMATICAS
11202232167;NB4BCS0001-15SA;BASE EXPERIMENTAL DAS CIENCIAS NATURAIS
11202232167;NB4BIS0005-15SA;BASES COMPUTACIONAIS DA CIENCIA
11202230234;NA1BCS0001-15SB;BASE EXPERIMENTAL DAS CIENCIAS NATURAIS
11202230234;NA1BIJ0207-15SB;BASES CONCEITUAIS DA ENERGIA
11202230234;NA1BIK0102-15SB;ESTRUTURA DA MATERIA
11202230234;NA1BIL0304-15SB;EVOLUCAO E DIVERSIFICACAO DA VIDA NA TERRA
11202230234;NA1BIS0003-15SB;BASES MATEMATICAS
11202230234;NA1BIS0005-15SB;BASES COMPUTACIONAIS DA CIENCIA
11202230254;NB1BCS0001-15SA;BASE EXPERIMENTAL DAS CIENCIAS NATURAIS
11202230254;NB1BIJ0207-15SA;BASES CONCEITUAIS DA ENERGIA
11202230254;NB1BIK0102-15SA;ESTRUTURA DA MATERIA
11202230254;NB1BIL0304-15SA;EVOLUCAO E DIVERSIFICACAO DA VIDA NA TERRA
11202230254;NB1BIS0003-15SA;BASES MATEMATICAS
11202230254;NB1BIS0005-15SA;BASES COMPUTACIONAIS DA CIENCIA
11202230511;DA2BIJ0207-15SA;BASES CONCEITUAIS DA ENERGIA
11202230511;DA2BIK0102-15SA;ESTRUTURA DA MATERIA
11202230511;DA2BIL0304-15SA;EVOLUCAO E DIVERSIFICACAO DA VIDA NA TERRA
11202230511;DA2BIS0003-15SA;BASES MATEMATICAS
11202230511;DA5BCS0001-15SA;BASE EXPERIMENTAL DAS CIENCIAS NATURAIS
11202230511;DA5BIS0005-15SA;BASES COMPUTACIONAIS DA CIENCIA
11202231728;NC2BIJ0207-15SA;BASES CONCEITUAIS DA ENERGIA
11202231728;NC2BIK0102-15SA;ESTRUTURA DA MATERIA
11202231728;NC2BIL0304-15SA;EVOLUCAO E DIVERSIFICACAO DA VIDA NA TERRA
11202231728;NC2BIS0003-15SA;BASES MATEMATICAS
11202231728;NC4BCS0001-15SA;BASE EXPERIMENTAL DAS CIENCIAS NATURAIS
11202231728;NC4BIS0005-15SA;BASES COMPUTACIONAIS DA CIENCIA
11202230418;DC1BIJ0207-15SA;BASES CONCEITUAIS DA ENERGIA
11202230418;DC1BIK0102-15SA;ESTRUTURA DA MATERIA
11202230418;DC1BIL0304-15SA;EVOLUCAO E DIVERSIFICACAO DA VIDA NA TERRA
11202230418;DC1BIS0003-15SA;BASES MATEMATICAS
11202230418;DC2BCS0001-15SA;BASE EXPERIMENTAL DAS CIENCIAS NATURAIS
11202230418;DC2BIS0005-15SA;BASES COMPUTACIONAIS DA CIENCIA
11202231364;DB1BHO0001-19SB;INTRODUCAO AS HUMANIDADES E AS CIENCIAS SOCIAIS
11202231364;DB1BHP0202-19SB;TEMAS E PROBLEMAS EM FILOSOFIA
11202231364;DB1BHQ0001-15SB;IDENTIDADE E CULTURA
11202231364;DB1BHQ0003-15SB;INTERPRETACOES DO BRASIL
11202231364;DB2BIQ0602-15SB;ESTRUTURA E DINAMICA SOCIAL
11202231364;DB6BIS0005-15SB;BASES COMPUTACIONAIS DA CIENCIA
11202231681;DC2BIJ0207-15SA;BASES CONCEITUAIS DA ENERGIA
11202231681;DC2BIK0102-15SA;ESTRUTURA DA MATERIA
11202231681;DC2BIL0304-15SA;EVOLUCAO E DIVERSIFICACAO DA VIDA NA TERRA
11202231681;DC2BIS0003-15SA;BASES MATEMATICAS
11202231681;DC4BIS0005-15SA;BASES COMPUTACIONAIS DA CIENCIA
11202231681;DC5BCS0001-15SA;BASE EXPERIMENTAL DAS CIENCIAS NATURAIS
11202231491;NC2BIJ0207-15SA;BASES CONCEITUAIS DA ENERGIA
11202231491;NC2BIK0102-15SA;ESTRUTURA DA MATERIA
11202231491;NC2BIL0304-15SA;EVOLUCAO E DIVERSIFICACAO DA VIDA NA TERRA
11202231491;NC2BIS0003-15SA;BASES MATEMATICAS
11202231491;NC5BCS0001-15SA;BASE EXPERIMENTAL DAS CIENCIAS NATURAIS
11202231491;NC5BIS0005-15SA;BASES COMPUTACIONAIS DA CIENCIA
11202231433;DB1BIJ0207-15SA;BASES CONCEITUAIS DA ENERGIA
11202231433;DB1BIK0102-15SA;ESTRUTURA DA MATERIA
11202231433;DB1BIL0304-15SA;EVOLUCAO E DIVERSIFICACAO DA VIDA NA TERRA
11202231433;DB1BIS0003-15SA;BASES MATEMATICAS
11202231433;DB4BCS0001-15SA;BASE EXPERIMENTAL DAS CIENCIAS NATURAIS
11202231433;DB4BIS0005-15SA;BASES COMPUTACIONAIS DA CIENCIA
11202231747;NA1BIJ0207-15SA;BASES CONCEITUAIS DA ENERGIA
11202231747;NA1BIK0102-15SA;ESTRUTURA DA MATERIA
11202231747;NA1BIL0304-15SA;EVOLUCAO E DIVERSIFICACAO DA VIDA NA TERRA
11202231747;NA1BIS0003-15SA;BASES MATEMATICAS
11202231747;NA3BCS0001-15SA;BASE EXPERIMENTAL DAS CIENCIAS NATURAIS
11202231747;NA3BIS0005-15SA;BASES COMPUTACIONAIS DA CIENCIA
11202230697;NC1BIJ0207-15SA;BASES CONCEITUAIS DA ENERGIA
11202230697;NC1BIK0102-15SA;ESTRUTURA DA MATERIA
11202230697;NC1BIL0304-15SA;EVOLUCAO E DIVERSIFICACAO DA VIDA NA TERRA
11202230697;NC1BIS0003-15SA;BASES MATEMATICAS
11202230697;NC3BCS0001-15SA;BASE EXPERIMENTAL DAS CIENCIAS NATURAIS
11202230697;NC3BIS0005-15SA;BASES COMPUTACIONAIS DA CIENCIA
11202231780;NB2BIJ0207-15SA;BASES CONCEITUAIS DA ENERGIA
11202231780;NB2BIK0102-15SA;ESTRUTURA DA MATERIA
11202231780;NB2BIL0304-15SA;EVOLUCAO E DIVERSIFICACAO DA VIDA NA TERRA
11202231780;NB2BIS0003-15SA;BASES MATEMATICAS
11202231780;NB4BCS0001-15SA;BASE EXPERIMENTAL DAS CIENCIAS NATURAIS
11202231780;NB4BIS0005-15SA;BASES COMPUTACIONAIS DA CIENCIA
11202231496;DB2BIJ0207-15SA;BASES CONCEITUAIS DA ENERGIA
11202231496;DB2BIK0102-15SA;ESTRUTURA DA MATERIA
11202231496;DB2BIL0304-15SA;EVOLUCAO E DIVERSIFICACAO DA VIDA NA TERRA
11202231496;DB2BIS0003-15SA;BASES MATEMATICAS
11202231496;DB3BCS0001-15SA;BASE EXPERIMENTAL DAS CIENCIAS NATURAIS
11202231496;DB3BIS0005-15SA;BASES COMPUTACIONAIS DA CIENCIA
11202230221;NA2BIJ0207-15SA;BASES CONCEITUAIS DA ENERGIA
11202230221;NA2BIK0102-15SA;ESTRUTURA DA MATERIA
11202230221;NA2BIL0304-15SA;EVOLUCAO E DIVERSIFICACAO DA VIDA NA TERRA
11202230221;NA2BIS0003-15SA;BASES MATEMATICAS
11202230221;NA4BCS0001-15SA;BASE EXPERIMENTAL DAS CIENCIAS NATURAIS
11202230221;NA4BIS0005-15SA;BASES COMPUTACIONAIS DA CIENCIA
11202230616;DA1BIJ0207-15SA;BASES CONCEITUAIS DA ENERGIA
11202230616;DA1BIK0102-15SA;ESTRUTURA DA MATERIA
11202230616;DA1BIL0304-15SA;EVOLUCAO E DIVERSIFICACAO DA VIDA NA TERRA
11202230616;DA1BIS0003-15SA;BASES MATEMATICAS
11202230616;DA3BCS0001-15SA;BASE EXPERIMENTAL DAS CIENCIAS NATURAIS
11202230616;DA3BIS0005-15SA;BASES COMPUTACIONAIS DA CIENCIA
11202230469;NA1BIJ0207-15SA;BASES CONCEITUAIS DA ENERGIA
11202230469;NA1BIK0102-15SA;ESTRUTURA DA MATERIA
11202230469;NA1BIL0304-15SA;EVOLUCAO E DIVERSIFICACAO DA VIDA NA TERRA
11202230469;NA1BIS0003-15SA;BASES MATEMATICAS
11202230469;NA2BCS0001-15SA;BASE EXPERIMENTAL DAS CIENCIAS NATURAIS
11202230469;NA2BIS0005-15SA;BASES COMPUTACIONAIS DA CIENCIA
11202231565;DA2BCS0001-15SA;BASE EXPERIMENTAL DAS CIENCIAS NATURAIS
11202231565;DA2BIJ0207-15SA;BASES CONCEITUAIS DA ENERGIA
11202231565;DA2BIK0102-15SA;ESTRUTURA DA MATERIA
11202231565;DA2BIL0304-15SA;EVOLUCAO E DIVERSIFICACAO DA VIDA NA TERRA
11202231565;DA2BIS0003-15SA;BASES MATEMATICAS
11202231565;DA2BIS0005-15SA;BASES COMPUTACIONAIS DA CIENCIA
11202212447;DC1BCS0001-15SA;BASE EXPERIMENTAL DAS CIENCIAS NATURAIS
11202212447;DC1BIJ0207-15SA;BASES CONCEITUAIS DA ENERGIA
11202212447;DC1BIK0102-15SA;ESTRUTURA DA MATERIA
11202212447;DC1BIL0304-15SA;EVOLUCAO E DIVERSIFICACAO DA VIDA NA TERRA
11202212447;DC1BIS0003-15SA;BASES MATEMATICAS
11202212447;DC5BIS0005-15SA;BASES COMPUTACIONAIS DA CIENCIA
11202212448;NB2BIJ0207-15SA;BASES CONCEITUAIS DA ENERGIA
11202212448;NB2BIK0102-15SA;ESTRUTURA DA MATERIA
11202212448;NB2BIL0304-15SA;EVOLUCAO E DIVERSIFICACAO DA VIDA NA TERRA
11202212448;NB2BIS0003-15SA;BASES MATEMATICAS
11202212448;NB6BCS0001-15SA;BASE EXPERIMENTAL DAS CIENCIAS NATURAIS
11202212448;NB6BIS0005-15SA;BASES COMPUTACIONAIS DA CIENCIA
11202230552;NB1BHO0001-19SB;INTRODUCAO AS HUMANIDADES E AS CIENCIAS SOCIAIS
11202230552;NB1BHP0202-19SB;TEMAS E PROBLEMAS EM FILOSOFIA
11202230552;NB1BHQ0001-15SB;IDENTIDADE E CULTURA
11202230552;NB1BHQ0003-15SB;INTERPRETACOES DO BRASIL
11202230552;NB2BIQ0602-15SB;ESTRUTURA E DINAMICA SOCIAL
11202230552;NB5BIS0005-15SB;BASES COMPUTACIONAIS DA CIENCIA
11202232317;DC1BCS0001-15SB;BASE EXPERIMENTAL DAS CIENCIAS NATURAIS
11202232317;DC1BIJ0207-15SB;BASES CONCEITUAIS DA ENERGIA
11202232317;DC1BIK0102-15SB;ESTRUTURA DA MATERIA
11202232317;DC1BIL0304-15SB;EVOLUCAO E DIVERSIFICACAO DA VIDA NA TERRA
11202232317;DC1BIS0003-15SB;BASES MATEMATICAS
11202232317;DC1BIS0005-15SB;BASES COMPUTACIONAIS DA CIENCIA
11202232316;DB1BIJ0207-15SA;BASES CONCEITUAIS DA ENERGIA
11202232316;DB1BIK0102-15SA;ESTRUTURA DA MATERIA
11202232316;DB1BIL0304-15SA;EVOLUCAO E DIVERSIFICACAO DA VIDA NA TERRA
11202232316;DB1BIS0003-15SA;BASES MATEMATICAS
11202232316;DB5BCS0001-15SA;BASE EXPERIMENTAL DAS CIENCIAS NATURAIS
11202232316;DB5BIS0005-15SA;BASES COMPUTACIONAIS DA CIENCIA
11202230284;NB1BIJ0207-15SB;BASES CONCEITUAIS DA ENERGIA
11202230284;NB1BIK0102-15SB;ESTRUTURA DA MATERIA
11202230284;NB1BIL0304-15SB;EVOLUCAO E DIVERSIFICACAO DA VIDA NA TERRA
11202230284;NB1BIS0003-15SB;BASES MATEMATICAS
11202230284;NB2BCS0001-15SB;BASE EXPERIMENTAL DAS CIENCIAS NATURAIS
11202230284;NB2BIS0005-15SB;BASES COMPUTACIONAIS DA CIENCIA
11202230314;DC1BCS0001-15SB;BASE EXPERIMENTAL DAS CIENCIAS NATURAIS
11202230314;DC1BIJ0207-15SB;BASES CONCEITUAIS DA ENERGIA
11202230314;DC1BIK0102-15SB;ESTRUTURA DA MATERIA
11202230314;DC1BIL0304-15SB;EVOLUCAO E DIVERSIFICACAO DA VIDA NA TERRA
11202230314;DC1BIS0003-15SB;BASES MATEMATICAS
11202230314;DC1BIS0005-15SB;BASES COMPUTACIONAIS DA CIENCIA
11202212405;DB1BCS0001-15SA;BASE EXPERIMENTAL DAS CIENCIAS NATURAIS
11202212405;DB1BIS0005-15SA;BASES COMPUTACIONAIS DA CIENCIA
11202212405;DB2BIJ0207-15SA;BASES CONCEITUAIS DA ENERGIA
11202212405;DB2BIK0102-15SA;ESTRUTURA DA MATERIA
11202212405;DB2BIL0304-15SA;EVOLUCAO E DIVERSIFICACAO DA VIDA NA TERRA
11202212405;DB2BIS0003-15SA;BASES MATEMATICAS
11202231727;NB1NHI5001-15SA;DESENVOLVIMENTO E APRENDIZAGEM
11202231727;NB1NHZ2099-16SA;TOPICOS CONTEMPORANEOS EM EDUCACAO E FILOSOFIA
11202231727;NB1NHZ5023-18SA;PRATICAS ESCOLARES EM EDUCACAO ESPECIAL E INCLUSIVA
11202231727;NB2BIR0603-15SA;CIENCIA, TECNOLOGIA E SOCIEDADE
11202231727;NB3BIJ0207-15SA;BASES CONCEITUAIS DA ENERGIA
11202231727;NB7BIS0005-15SA;BASES COMPUTACIONAIS DA CIENCIA
11202232314;DA1BIJ0207-15SA;BASES CONCEITUAIS DA ENERGIA
11202232314;DA1BIK0102-15SA;ESTRUTURA DA MATERIA
11202232314;DA1BIL0304-15SA;EVOLUCAO E DIVERSIFICACAO DA VIDA NA TERRA
11202232314;DA1BIS0003-15SA;BASES MATEMATICAS
11202232314;DA3BCS0001-15SA;BASE EXPERIMENTAL DAS CIENCIAS NATURAIS
11202232314;DA3BIS0005-15SA;BASES COMPUTACIONAIS DA CIENCIA
11202212449;DA1BIJ0207-15SA;BASES CONCEITUAIS DA ENERGIA
11202212449;DA1BIK0102-15SA;ESTRUTURA DA MATERIA
11202212449;DA1BIL0304-15SA;EVOLUCAO E DIVERSIFICACAO DA VIDA NA TERRA
11202212449;DA1BIS0003-15SA;BASES MATEMATICAS
11202212449;DA3BCS0001-15SA;BASE EXPERIMENTAL DAS CIENCIAS NATURAIS
11202212449;DA3BIS0005-15SA;BASES COMPUTACIONAIS DA CIENCIA
11202232313;DB2BIJ0207-15SA;BASES CONCEITUAIS DA ENERGIA
11202232313;DB2BIK0102-15SA;ESTRUTURA DA MATERIA
11202232313;DB2BIL0304-15SA;EVOLUCAO E DIVERSIFICACAO DA VIDA NA TERRA
11202232313;DB2BIS0003-15SA;BASES MATEMATICAS
11202232313;DB3BCS0001-15SA;BASE EXPERIMENTAL DAS CIENCIAS NATURAIS
11202232313;DB3BIS0005-15SA;BASES COMPUTACIONAIS DA CIENCIA
11202231191;NC2BIJ0207-15SA;BASES CONCEITUAIS DA ENERGIA
11202231191;NC2BIK0102-15SA;ESTRUTURA DA MATERIA
11202231191;NC2BIL0304-15SA;EVOLUCAO E DIVERSIFICACAO DA VIDA NA TERRA
11202231191;NC2BIS0003-15SA;BASES MATEMATICAS
11202231191;NC5BCS0001-15SA;BASE EXPERIMENTAL DAS CIENCIAS NATURAIS
11202231191;NC5BIS0005-15SA;BASES COMPUTACIONAIS DA CIENCIA
11202231895;NC1BIJ0207-15SA;BASES CONCEITUAIS DA ENERGIA
11202231895;NC1BIK0102-15SA;ESTRUTURA DA MATERIA
11202231895;NC1BIL0304-15SA;EVOLUCAO E DIVERSIFICACAO DA VIDA NA TERRA
11202231895;NC1BIS0003-15SA;BASES MATEMATICAS
11202231895;NC3BCS0001-15SA;BASE EXPERIMENTAL DAS CIENCIAS NATURAIS
11202231895;NC3BIS0005-15SA;BASES COMPUTACIONAIS DA CIENCIA
11202230312;DA2BIJ0207-15SA;BASES CONCEITUAIS DA ENERGIA
11202230312;DA2BIK0102-15SA;ESTRUTURA DA MATERIA
11202230312;DA2BIL0304-15SA;EVOLUCAO E DIVERSIFICACAO DA VIDA NA TERRA
11202230312;DA2BIS0003-15SA;BASES MATEMATICAS
11202230312;DA5BCS0001-15SA;BASE EXPERIMENTAL DAS CIENCIAS NATURAIS
11202230312;DA5BIS0005-15SA;BASES COMPUTACIONAIS DA CIENCIA
11202231753;DC1BIJ0207-15SA;BASES CONCEITUAIS DA ENERGIA
11202231753;DC1BIK0102-15SA;ESTRUTURA DA MATERIA
11202231753;DC1BIL0304-15SA;EVOLUCAO E DIVERSIFICACAO DA VIDA NA TERRA
11202231753;DC1BIS0003-15SA;BASES MATEMATICAS
11202231753;DC2BIS0005-15SA;BASES COMPUTACIONAIS DA CIENCIA
11202231753;DC3BCS0001-15SA;BASE EXPERIMENTAL DAS CIENCIAS NATURAIS
11202230426;NB2BIJ0207-15SA;BASES CONCEITUAIS DA ENERGIA
11202230426;NB2BIK0102-15SA;ESTRUTURA DA MATERIA
11202230426;NB2BIL0304-15SA;EVOLUCAO E DIVERSIFICACAO DA VIDA NA TERRA
11202230426;NB2BIS0003-15SA;BASES MATEMATICAS
11202230426;NB5BCS0001-15SA;BASE EXPERIMENTAL DAS CIENCIAS NATURAIS
11202230426;NB5BIS0005-15SA;BASES COMPUTACIONAIS DA CIENCIA
11202230478;DA1BIJ0207-15SA;BASES CONCEITUAIS DA ENERGIA
11202230478;DA1BIK0102-15SA;ESTRUTURA DA MATERIA
11202230478;DA1BIL0304-15SA;EVOLUCAO E DIVERSIFICACAO DA VIDA NA TERRA
11202230478;DA1BIS0003-15SA;BASES MATEMATICAS
11202230478;DA1BIS0005-15SA;BASES COMPUTACIONAIS DA CIENCIA
11202230478;DA3BCS0001-15SA;BASE EXPERIMENTAL DAS CIENCIAS NATURAIS
11202212482;DA1BIJ0207-15SA;BASES CONCEITUAIS DA ENERGIA
11202212482;DA1BIK0102-15SA;ESTRUTURA DA MATERIA
11202212482;DA1BIL0304-15SA;EVOLUCAO E DIVERSIFICACAO DA VIDA NA TERRA
11202212482;DA1BIS0003-15SA;BASES MATEMATICAS
11202212482;DA3BCS0001-15SA;BASE EXPERIMENTAL DAS CIENCIAS NATURAIS
11202212482;DA3BIS0005-15SA;BASES COMPUTACIONAIS DA CIENCIA
11202230247;NA2BIJ0207-15SA;BASES CONCEITUAIS DA ENERGIA
11202230247;NA2BIK0102-15SA;ESTRUTURA DA MATERIA
11202230247;NA2BIL0304-15SA;EVOLUCAO E DIVERSIFICACAO DA VIDA NA TERRA
11202230247;NA2BIS0003-15SA;BASES MATEMATICAS
11202230247;NA5BCS0001-15SA;BASE EXPERIMENTAL DAS CIENCIAS NATURAIS
11202230247;NA5BIS0005-15SA;BASES COMPUTACIONAIS DA CIENCIA
11202212460;DA2BIJ0207-15SA;BASES CONCEITUAIS DA ENERGIA
11202212460;DA2BIK0102-15SA;ESTRUTURA DA MATERIA
11202212460;DA2BIL0304-15SA;EVOLUCAO E DIVERSIFICACAO DA VIDA NA TERRA
11202212460;DA2BIS0003-15SA;BASES MATEMATICAS
11202212460;DA5BIS0005-15SA;BASES COMPUTACIONAIS DA CIENCIA
11202212460;DA6BCS0001-15SA;BASE EXPERIMENTAL DAS CIENCIAS NATURAIS
11202230327;DA2BIJ0207-15SA;BASES CONCEITUAIS DA ENERGIA
11202230327;DA2BIK0102-15SA;ESTRUTURA DA MATERIA
11202230327;DA2BIL0304-15SA;EVOLUCAO E DIVERSIFICACAO DA VIDA NA TERRA
11202230327;DA2BIS0003-15SA;BASES MATEMATICAS
11202230327;DA4BIS0005-15SA;BASES COMPUTACIONAIS DA CIENCIA
11202230327;DA5BCS0001-15SA;BASE EXPERIMENTAL DAS CIENCIAS NATURAIS
11202231774;NC1BCS0001-15SA;BASE EXPERIMENTAL DAS CIENCIAS NATURAIS
11202231774;NC1BIJ0207-15SA;BASES CONCEITUAIS DA ENERGIA
11202231774;NC1BIK0102-15SA;ESTRUTURA DA MATERIA
11202231774;NC1BIL0304-15SA;EVOLUCAO E DIVERSIFICACAO DA VIDA NA TERRA
11202231774;NC1BIS0003-15SA;BASES MATEMATICAS
11202231774;NC1BIS0005-15SA;BASES COMPUTACIONAIS DA CIENCIA
11202231532;DB1BHO0001-19SB;INTRODUCAO AS HUMANIDADES E AS CIENCIAS SOCIAIS
11202231532;DB1BHP0202-19SB;TEMAS E PROBLEMAS EM FILOSOFIA
11202231532;DB1BHQ0001-15SB;IDENTIDADE E CULTURA
11202231532;DB1BHQ0003-15SB;INTERPRETACOES DO BRASIL
11202231532;DB2BIQ0602-15SB;ESTRUTURA E DINAMICA SOCIAL
11202231532;DB6BIS0005-15SB;BASES COMPUTACIONAIS DA CIENCIA
11202231659;NC1BIJ0207-15SB;BASES CONCEITUAIS DA ENERGIA
11202231659;NC1BIK0102-15SB;ESTRUTURA DA MATERIA
11202231659;NC1BIL0304-15SB;EVOLUCAO E DIVERSIFICACAO DA VIDA NA TERRA
11202231659;NC1BIS0003-15SB;BASES MATEMATICAS
11202231659;NC2BCS0001-15SB;BASE EXPERIMENTAL DAS CIENCIAS NATURAIS
11202231659;NC2BIS0005-15SB;BASES COMPUTACIONAIS DA CIENCIA
11202230318;DA1BIJ0207-15SA;BASES CONCEITUAIS DA ENERGIA
11202230318;DA1BIK0102-15SA;ESTRUTURA DA MATERIA
11202230318;DA1BIL0304-15SA;EVOLUCAO E DIVERSIFICACAO DA VIDA NA TERRA
11202230318;DA1BIS0003-15SA;BASES MATEMATICAS
11202230318;DA1BIS0005-15SA;BASES COMPUTACIONAIS DA CIENCIA
11202230318;DA3BCS0001-15SA;BASE EXPERIMENTAL DAS CIENCIAS NATURAIS
11202231637;NB1BHO0001-19SB;INTRODUCAO AS HUMANIDADES E AS CIENCIAS SOCIAIS
11202231637;NB1BHP0202-19SB;TEMAS E PROBLEMAS EM FILOSOFIA
11202231637;NB1BHQ0001-15SB;IDENTIDADE E CULTURA
11202231637;NB1BHQ0003-15SB;INTERPRETACOES DO BRASIL
11202231637;NB2BIQ0602-15SB;ESTRUTURA E DINAMICA SOCIAL
11202231637;NB5BIS0005-15SB;BASES COMPUTACIONAIS DA CIENCIA
11202231049;DB1NHI5001-15SA;DESENVOLVIMENTO E APRENDIZAGEM
11202231049;DB1NHZ2099-16SA;TOPICOS CONTEMPORANEOS EM EDUCACAO E FILOSOFIA
11202231049;DB1NHZ5023-18SA;PRATICAS ESCOLARES EM EDUCACAO ESPECIAL E INCLUSIVA
11202231049;DB2BIR0603-15SA;CIENCIA, TECNOLOGIA E SOCIEDADE
11202231049;DB3BIJ0207-15SA;BASES CONCEITUAIS DA ENERGIA
11202231049;DB7BIS0005-15SA;BASES COMPUTACIONAIS DA CIENCIA
11202231190;NB2BIJ0207-15SA;BASES CONCEITUAIS DA ENERGIA
11202231190;NB2BIK0102-15SA;ESTRUTURA DA MATERIA
11202231190;NB2BIL0304-15SA;EVOLUCAO E DIVERSIFICACAO DA VIDA NA TERRA
11202231190;NB2BIS0003-15SA;BASES MATEMATICAS
11202231190;NB4BCS0001-15SA;BASE EXPERIMENTAL DAS CIENCIAS NATURAIS
11202231190;NB4BIS0005-15SA;BASES COMPUTACIONAIS DA CIENCIA
11202231582;NB1BHO0001-19SB;INTRODUCAO AS HUMANIDADES E AS CIENCIAS SOCIAIS
11202231582;NB1BHP0202-19SB;TEMAS E PROBLEMAS EM FILOSOFIA
11202231582;NB1BHQ0001-15SB;IDENTIDADE E CULTURA
11202231582;NB1BHQ0003-15SB;INTERPRETACOES DO BRASIL
11202231582;NB2BIQ0602-15SB;ESTRUTURA E DINAMICA SOCIAL
11202231582;NB5BIS0005-15SB;BASES COMPUTACIONAIS DA CIENCIA
11202230626;DA2BIJ0207-15SA;BASES CONCEITUAIS DA ENERGIA
11202230626;DA2BIK0102-15SA;ESTRUTURA DA MATERIA
11202230626;DA2BIL0304-15SA;EVOLUCAO E DIVERSIFICACAO DA VIDA NA TERRA
11202230626;DA2BIS0003-15SA;BASES MATEMATICAS
11202230626;DA4BIS0005-15SA;BASES COMPUTACIONAIS DA CIENCIA
11202230626;DA5BCS0001-15SA;BASE EXPERIMENTAL DAS CIENCIAS NATURAIS
11202231066;DB1BIJ0207-15SA;BASES CONCEITUAIS DA ENERGIA
11202231066;DB1BIK0102-15SA;ESTRUTURA DA MATERIA
11202231066;DB1BIL0304-15SA;EVOLUCAO E DIVERSIFICACAO DA VIDA NA TERRA
11202231066;DB1BIS0003-15SA;BASES MATEMATICAS
11202231066;DB4BCS0001-15SA;BASE EXPERIMENTAL DAS CIENCIAS NATURAIS
11202231066;DB4BIS0005-15SA;BASES COMPUTACIONAIS DA CIENCIA
11202232157;DA2BIJ0207-15SA;BASES CONCEITUAIS DA ENERGIA
11202232157;DA2BIK0102-15SA;ESTRUTURA DA MATERIA
11202232157;DA2BIL0304-15SA;EVOLUCAO E DIVERSIFICACAO DA VIDA NA TERRA
11202232157;DA2BIS0003-15SA;BASES MATEMATICAS
11202232157;DA6BCS0001-15SA;BASE EXPERIMENTAL DAS CIENCIAS NATURAIS
11202232157;DA6BIS0005-15SA;BASES COMPUTACIONAIS DA CIENCIA
11202231567;DC2BIJ0207-15SA;BASES CONCEITUAIS DA ENERGIA
11202231567;DC2BIK0102-15SA;ESTRUTURA DA MATERIA
11202231567;DC2BIL0304-15SA;EVOLUCAO E DIVERSIFICACAO DA VIDA NA TERRA
11202231567;DC2BIS0003-15SA;BASES MATEMATICAS
11202231567;DC4BIS0005-15SA;BASES COMPUTACIONAIS DA CIENCIA
11202231567;DC5BCS0001-15SA;BASE EXPERIMENTAL DAS CIENCIAS NATURAIS
11202230432;NB1BHO0001-19SB;INTRODUCAO AS HUMANIDADES E AS CIENCIAS SOCIAIS
11202230432;NB1BHP0202-19SB;TEMAS E PROBLEMAS EM FILOSOFIA
11202230432;NB1BHQ0001-15SB;IDENTIDADE E CULTURA
11202230432;NB1BHQ0003-15SB;INTERPRETACOES DO BRASIL
11202230432;NB2BIQ0602-15SB;ESTRUTURA E DINAMICA SOCIAL
11202230432;NB5BIS0005-15SB;BASES COMPUTACIONAIS DA CIENCIA
11202231147;NA1BIJ0207-15SA;BASES CONCEITUAIS DA ENERGIA
11202231147;NA1BIK0102-15SA;ESTRUTURA DA MATERIA
11202231147;NA1BIL0304-15SA;EVOLUCAO E DIVERSIFICACAO DA VIDA NA TERRA
11202231147;NA1BIS0003-15SA;BASES MATEMATICAS
11202231147;NA3BCS0001-15SA;BASE EXPERIMENTAL DAS CIENCIAS NATURAIS
11202231147;NA3BIS0005-15SA;BASES COMPUTACIONAIS DA CIENCIA
11202231543;NA2BIJ0207-15SA;BASES CONCEITUAIS DA ENERGIA
11202231543;NA2BIK0102-15SA;ESTRUTURA DA MATERIA
11202231543;NA2BIL0304-15SA;EVOLUCAO E DIVERSIFICACAO DA VIDA NA TERRA
11202231543;NA2BIS0003-15SA;BASES MATEMATICAS
11202231543;NA5BCS0001-15SA;BASE EXPERIMENTAL DAS CIENCIAS NATURAIS
11202231543;NA5BIS0005-15SA;BASES COMPUTACIONAIS DA CIENCIA
11202231732;DA1BCS0001-15SA;BASE EXPERIMENTAL DAS CIENCIAS NATURAIS
11202231732;DA1BIJ0207-15SA;BASES CONCEITUAIS DA ENERGIA
11202231732;DA1BIK0102-15SA;ESTRUTURA DA MATERIA
11202231732;DA1BIL0304-15SA;EVOLUCAO E DIVERSIFICACAO DA VIDA NA TERRA
11202231732;DA1BIS0003-15SA;BASES MATEMATICAS
11202231732;DA1BIS0005-15SA;BASES COMPUTACIONAIS DA CIENCIA
11202231489;DA1BIJ0207-15SB;BASES CONCEITUAIS DA ENERGIA
11202231489;DA1BIK0102-15SB;ESTRUTURA DA MATERIA
11202231489;DA1BIL0304-15SB;EVOLUCAO E DIVERSIFICACAO DA VIDA NA TERRA
11202231489;DA1BIS0003-15SB;BASES MATEMATICAS
11202231489;DA3BCS0001-15SB;BASE EXPERIMENTAL DAS CIENCIAS NATURAIS
11202231489;DA3BIS0005-15SB;BASES COMPUTACIONAIS DA CIENCIA
11202230255;NA1BIJ0207-15SA;BASES CONCEITUAIS DA ENERGIA
11202230255;NA1BIK0102-15SA;ESTRUTURA DA MATERIA
11202230255;NA1BIL0304-15SA;EVOLUCAO E DIVERSIFICACAO DA VIDA NA TERRA
11202230255;NA1BIS0003-15SA;BASES MATEMATICAS
11202230255;NA2BCS0001-15SA;BASE EXPERIMENTAL DAS CIENCIAS NATURAIS
11202230255;NA2BIS0005-15SA;BASES COMPUTACIONAIS DA CIENCIA
11202230548;DB1NHI5001-15SA;DESENVOLVIMENTO E APRENDIZAGEM
11202230548;DB1NHZ2099-16SA;TOPICOS CONTEMPORANEOS EM EDUCACAO E FILOSOFIA
11202230548;DB1NHZ5023-18SA;PRATICAS ESCOLARES EM EDUCACAO ESPECIAL E INCLUSIVA
11202230548;DB2BIR0603-15SA;CIENCIA, TECNOLOGIA E SOCIEDADE
11202230548;DB3BIJ0207-15SA;BASES CONCEITUAIS DA ENERGIA
11202230548;DB7BIS0005-15SA;BASES COMPUTACIONAIS DA CIENCIA
11202231531;DC1BCS0001-15SA;BASE EXPERIMENTAL DAS CIENCIAS NATURAIS
11202231531;DC1BIJ0207-15SA;BASES CONCEITUAIS DA ENERGIA
11202231531;DC1BIK0102-15SA;ESTRUTURA DA MATERIA
11202231531;DC1BIL0304-15SA;EVOLUCAO E DIVERSIFICACAO DA VIDA NA TERRA
11202231531;DC1BIS0003-15SA;BASES MATEMATICAS
11202231531;DC1BIS0005-15SA;BASES COMPUTACIONAIS DA CIENCIA
11202231947;NC2BIJ0207-15SA;BASES CONCEITUAIS DA ENERGIA
11202231947;NC2BIK0102-15SA;ESTRUTURA DA MATERIA
11202231947;NC2BIL0304-15SA;EVOLUCAO E DIVERSIFICACAO DA VIDA NA TERRA
11202231947;NC2BIS0003-15SA;BASES MATEMATICAS
11202231947;NC5BCS0001-15SA;BASE EXPERIMENTAL DAS CIENCIAS NATURAIS
11202231947;NC5BIS0005-15SA;BASES COMPUTACIONAIS DA CIENCIA
11202231450;NA1BIJ0207-15SA;BASES CONCEITUAIS DA ENERGIA
11202231450;NA1BIK0102-15SA;ESTRUTURA DA MATERIA
11202231450;NA1BIL0304-15SA;EVOLUCAO E DIVERSIFICACAO DA VIDA NA TERRA
11202231450;NA1BIS0003-15SA;BASES MATEMATICAS
11202231450;NA2BCS0001-15SA;BASE EXPERIMENTAL DAS CIENCIAS NATURAIS
11202231450;NA2BIS0005-15SA;BASES COMPUTACIONAIS DA CIENCIA
11202230406;NB1NHI5001-15SA;DESENVOLVIMENTO E APRENDIZAGEM
11202230406;NB1NHZ2099-16SA;TOPICOS CONTEMPORANEOS EM EDUCACAO E FILOSOFIA
11202230406;NB1NHZ5023-18SA;PRATICAS ESCOLARES EM EDUCACAO ESPECIAL E INCLUSIVA
11202230406;NB2BIR0603-15SA;CIENCIA, TECNOLOGIA E SOCIEDADE
11202230406;NB3BIJ0207-15SA;BASES CONCEITUAIS DA ENERGIA
11202230406;NB7BIS0005-15SA;BASES COMPUTACIONAIS DA CIENCIA
11202212450;NB1BIJ0207-15SB;BASES CONCEITUAIS DA ENERGIA
11202212450;NB1BIK0102-15SB;ESTRUTURA DA MATERIA
11202212450;NB1BIL0304-15SB;EVOLUCAO E DIVERSIFICACAO DA VIDA NA TERRA
11202212450;NB1BIS0003-15SB;BASES MATEMATICAS
11202212450;NB2BCS0001-15SB;BASE EXPERIMENTAL DAS CIENCIAS NATURAIS
11202212450;NB2BIS0005-15SB;BASES COMPUTACIONAIS DA CIENCIA
11202231314;NB1BIJ0207-15SB;BASES CONCEITUAIS DA ENERGIA
11202231314;NB1BIK0102-15SB;ESTRUTURA DA MATERIA
11202231314;NB1BIL0304-15SB;EVOLUCAO E DIVERSIFICACAO DA VIDA NA TERRA
11202231314;NB1BIS0003-15SB;BASES MATEMATICAS
11202231314;NB2BCS0001-15SB;BASE EXPERIMENTAL DAS CIENCIAS NATURAIS
11202231314;NB2BIS0005-15SB;BASES COMPUTACIONAIS DA CIENCIA
11202231203;NB1BHO0001-19SB;INTRODUCAO AS HUMANIDADES E AS CIENCIAS SOCIAIS
11202231203;NB1BHP0202-19SB;TEMAS E PROBLEMAS EM FILOSOFIA
11202231203;NB1BHQ0001-15SB;IDENTIDADE E CULTURA
11202231203;NB1BHQ0003-15SB;INTERPRETACOES DO BRASIL
11202231203;NB2BIQ0602-15SB;ESTRUTURA E DINAMICA SOCIAL
11202231203;NB5BIS0005-15SB;BASES COMPUTACIONAIS DA CIENCIA
11202231272;NA1BIJ0207-15SA;BASES CONCEITUAIS DA ENERGIA
11202231272;NA1BIK0102-15SA;ESTRUTURA DA MATERIA
11202231272;NA1BIL0304-15SA;EVOLUCAO E DIVERSIFICACAO DA VIDA NA TERRA
11202231272;NA1BIS0003-15SA;BASES MATEMATICAS
11202231272;NA2BCS0001-15SA;BASE EXPERIMENTAL DAS CIENCIAS NATURAIS
11202231272;NA2BIS0005-15SA;BASES COMPUTACIONAIS DA CIENCIA
11202231784;DB1BHO0001-19SB;INTRODUCAO AS HUMANIDADES E AS CIENCIAS SOCIAIS
11202231784;DB1BHP0202-19SB;TEMAS E PROBLEMAS EM FILOSOFIA
11202231784;DB1BHQ0001-15SB;IDENTIDADE E CULTURA
11202231784;DB1BHQ0003-15SB;INTERPRETACOES DO BRASIL
11202231784;DB2BIQ0602-15SB;ESTRUTURA E DINAMICA SOCIAL
11202231784;DB6BIS0005-15SB;BASES COMPUTACIONAIS DA CIENCIA
11202231389;DC1BCS0001-15SB;BASE EXPERIMENTAL DAS CIENCIAS NATURAIS
11202231389;DC1BIJ0207-15SB;BASES CONCEITUAIS DA ENERGIA
11202231389;DC1BIK0102-15SB;ESTRUTURA DA MATERIA
11202231389;DC1BIL0304-15SB;EVOLUCAO E DIVERSIFICACAO DA VIDA NA TERRA
11202231389;DC1BIS0003-15SB;BASES MATEMATICAS
11202231389;DC1BIS0005-15SB;BASES COMPUTACIONAIS DA CIENCIA
11202230791;DB1NHI5001-15SA;DESENVOLVIMENTO E APRENDIZAGEM
11202230791;DB1NHZ2099-16SA;TOPICOS CONTEMPORANEOS EM EDUCACAO E FILOSOFIA
11202230791;DB1NHZ5023-18SA;PRATICAS ESCOLARES EM EDUCACAO ESPECIAL E INCLUSIVA
11202230791;DB2BIR0603-15SA;CIENCIA, TECNOLOGIA E SOCIEDADE
11202230791;DB3BIJ0207-15SA;BASES CONCEITUAIS DA ENERGIA
11202230791;DB7BIS0005-15SA;BASES COMPUTACIONAIS DA CIENCIA
11202232158;NC1BIJ0207-15SA;BASES CONCEITUAIS DA ENERGIA
11202232158;NC1BIK0102-15SA;ESTRUTURA DA MATERIA
11202232158;NC1BIL0304-15SA;EVOLUCAO E DIVERSIFICACAO DA VIDA NA TERRA
11202232158;NC1BIS0003-15SA;BASES MATEMATICAS
11202232158;NC2BCS0001-15SA;BASE EXPERIMENTAL DAS CIENCIAS NATURAIS
11202232158;NC2BIS0005-15SA;BASES COMPUTACIONAIS DA CIENCIA
11202231664;NB1NHI5001-15SA;DESENVOLVIMENTO E APRENDIZAGEM
11202231664;NB1NHZ2099-16SA;TOPICOS CONTEMPORANEOS EM EDUCACAO E FILOSOFIA
11202231664;NB1NHZ5023-18SA;PRATICAS ESCOLARES EM EDUCACAO ESPECIAL E INCLUSIVA
11202231664;NB2BIR0603-15SA;CIENCIA, TECNOLOGIA E SOCIEDADE
11202231664;NB3BIJ0207-15SA;BASES CONCEITUAIS DA ENERGIA
11202231664;NB7BIS0005-15SA;BASES COMPUTACIONAIS DA CIENCIA
11202231590;NB1BCS0001-15SB;BASE EXPERIMENTAL DAS CIENCIAS NATURAIS
11202231590;NB1BIJ0207-15SB;BASES CONCEITUAIS DA ENERGIA
11202231590;NB1BIK0102-15SB;ESTRUTURA DA MATERIA
11202231590;NB1BIL0304-15SB;EVOLUCAO E DIVERSIFICACAO DA VIDA NA TERRA
11202231590;NB1BIS0003-15SB;BASES MATEMATICAS
11202231590;NB1BIS0005-15SB;BASES COMPUTACIONAIS DA CIENCIA
11202231993;NB2BIJ0207-15SA;BASES CONCEITUAIS DA ENERGIA
11202231993;NB2BIK0102-15SA;ESTRUTURA DA MATERIA
11202231993;NB2BIL0304-15SA;EVOLUCAO E DIVERSIFICACAO DA VIDA NA TERRA
11202231993;NB2BIS0003-15SA;BASES MATEMATICAS
11202231993;NB6BCS0001-15SA;BASE EXPERIMENTAL DAS CIENCIAS NATURAIS
11202231993;NB6BIS0005-15SA;BASES COMPUTACIONAIS DA CIENCIA
11202231261;NB1BIJ0207-15SB;BASES CONCEITUAIS DA ENERGIA
11202231261;NB1BIK0102-15SB;ESTRUTURA DA MATERIA
11202231261;NB1BIL0304-15SB;EVOLUCAO E DIVERSIFICACAO DA VIDA NA TERRA
11202231261;NB1BIS0003-15SB;BASES MATEMATICAS
11202231261;NB2BCS0001-15SB;BASE EXPERIMENTAL DAS CIENCIAS NATURAIS
11202231261;NB2BIS0005-15SB;BASES COMPUTACIONAIS DA CIENCIA
11202232012;DB1BIJ0207-15SA;BASES CONCEITUAIS DA ENERGIA
11202232012;DB1BIK0102-15SA;ESTRUTURA DA MATERIA
11202232012;DB1BIL0304-15SA;EVOLUCAO E DIVERSIFICACAO DA VIDA NA TERRA
11202232012;DB1BIS0003-15SA;BASES MATEMATICAS
11202232012;DB4BCS0001-15SA;BASE EXPERIMENTAL DAS CIENCIAS NATURAIS
11202232012;DB4BIS0005-15SA;BASES COMPUTACIONAIS DA CIENCIA
11202231359;NB2BIJ0207-15SA;BASES CONCEITUAIS DA ENERGIA
11202231359;NB2BIK0102-15SA;ESTRUTURA DA MATERIA
11202231359;NB2BIL0304-15SA;EVOLUCAO E DIVERSIFICACAO DA VIDA NA TERRA
11202231359;NB2BIS0003-15SA;BASES MATEMATICAS
11202231359;NB4BCS0001-15SA;BASE EXPERIMENTAL DAS CIENCIAS NATURAIS
11202231359;NB4BIS0005-15SA;BASES COMPUTACIONAIS DA CIENCIA
11202231959;NB1NHI5001-15SA;DESENVOLVIMENTO E APRENDIZAGEM
11202231959;NB1NHZ2099-16SA;TOPICOS CONTEMPORANEOS EM EDUCACAO E FILOSOFIA
11202231959;NB1NHZ5023-18SA;PRATICAS ESCOLARES EM EDUCACAO ESPECIAL E INCLUSIVA
11202231959;NB2BIR0603-15SA;CIENCIA, TECNOLOGIA E SOCIEDADE
11202231959;NB3BIJ0207-15SA;BASES CONCEITUAIS DA ENERGIA
11202231959;NB7BIS0005-15SA;BASES COMPUTACIONAIS DA CIENCIA
11202231128;DA1BCS0001-15SA;BASE EXPERIMENTAL DAS CIENCIAS NATURAIS
11202231128;DA1BIJ0207-15SA;BASES CONCEITUAIS DA ENERGIA
11202231128;DA1BIK0102-15SA;ESTRUTURA DA MATERIA
11202231128;DA1BIL0304-15SA;EVOLUCAO E DIVERSIFICACAO DA VIDA NA TERRA
11202231128;DA1BIS0003-15SA;BASES MATEMATICAS
11202231128;DA1BIS0005-15SA;BASES COMPUTACIONAIS DA CIENCIA
11202230259;NA2BIJ0207-15SA;BASES CONCEITUAIS DA ENERGIA
11202230259;NA2BIK0102-15SA;ESTRUTURA DA MATERIA
11202230259;NA2BIL0304-15SA;EVOLUCAO E DIVERSIFICACAO DA VIDA NA TERRA
11202230259;NA2BIS0003-15SA;BASES MATEMATICAS
11202230259;NA4BCS0001-15SA;BASE EXPERIMENTAL DAS CIENCIAS NATURAIS
11202230259;NA4BIS0005-15SA;BASES COMPUTACIONAIS DA CIENCIA
11202212459;NB1NHI5001-15SA;DESENVOLVIMENTO E APRENDIZAGEM
11202212459;NB1NHZ2099-16SA;TOPICOS CONTEMPORANEOS EM EDUCACAO E FILOSOFIA
11202212459;NB1NHZ5023-18SA;PRATICAS ESCOLARES EM EDUCACAO ESPECIAL E INCLUSIVA
11202212459;NB2BIR0603-15SA;CIENCIA, TECNOLOGIA E SOCIEDADE
11202212459;NB3BIJ0207-15SA;BASES CONCEITUAIS DA ENERGIA
11202212459;NB7BIS0005-15SA;BASES COMPUTACIONAIS DA CIENCIA
11202231394;NB1BIJ0207-15SB;BASES CONCEITUAIS DA ENERGIA
11202231394;NB1BIK0102-15SB;ESTRUTURA DA MATERIA
11202231394;NB1BIL0304-15SB;EVOLUCAO E DIVERSIFICACAO DA VIDA NA TERRA
11202231394;NB1BIS0003-15SB;BASES MATEMATICAS
11202231394;NB2BCS0001-15SB;BASE EXPERIMENTAL DAS CIENCIAS NATURAIS
11202231394;NB2BIS0005-15SB;BASES COMPUTACIONAIS DA CIENCIA
11202232134;DB2BIJ0207-15SA;BASES CONCEITUAIS DA ENERGIA
11202232134;DB2BIK0102-15SA;ESTRUTURA DA MATERIA
11202232134;DB2BIL0304-15SA;EVOLUCAO E DIVERSIFICACAO DA VIDA NA TERRA
11202232134;DB2BIS0003-15SA;BASES MATEMATICAS
11202232134;DB3BCS0001-15SA;BASE EXPERIMENTAL DAS CIENCIAS NATURAIS
11202232134;DB3BIS0005-15SA;BASES COMPUTACIONAIS DA CIENCIA
11202230460;DB2BCS0001-15SA;BASE EXPERIMENTAL DAS CIENCIAS NATURAIS
11202230460;DB2BIJ0207-15SA;BASES CONCEITUAIS DA ENERGIA
11202230460;DB2BIK0102-15SA;ESTRUTURA DA MATERIA
11202230460;DB2BIL0304-15SA;EVOLUCAO E DIVERSIFICACAO DA VIDA NA TERRA
11202230460;DB2BIS0003-15SA;BASES MATEMATICAS
11202230460;DB2BIS0005-15SA;BASES COMPUTACIONAIS DA CIENCIA
11202231738;DB1BHO0001-19SB;INTRODUCAO AS HUMANIDADES E AS CIENCIAS SOCIAIS
11202231738;DB1BHP0202-19SB;TEMAS E PROBLEMAS EM FILOSOFIA
11202231738;DB1BHQ0001-15SB;IDENTIDADE E CULTURA
11202231738;DB1BHQ0003-15SB;INTERPRETACOES DO BRASIL
11202231738;DB2BIQ0602-15SB;ESTRUTURA E DINAMICA SOCIAL
11202231738;DB6BIS0005-15SB;BASES COMPUTACIONAIS DA CIENCIA
11202230311;NC1BCS0001-15SB;BASE EXPERIMENTAL DAS CIENCIAS NATURAIS
11202230311;NC1BIJ0207-15SB;BASES CONCEITUAIS DA ENERGIA
11202230311;NC1BIK0102-15SB;ESTRUTURA DA MATERIA
11202230311;NC1BIL0304-15SB;EVOLUCAO E DIVERSIFICACAO DA VIDA NA TERRA
11202230311;NC1BIS0003-15SB;BASES MATEMATICAS
11202230311;NC1BIS0005-15SB;BASES COMPUTACIONAIS DA CIENCIA
11202230742;NC2BIJ0207-15SA;BASES CONCEITUAIS DA ENERGIA
11202230742;NC2BIK0102-15SA;ESTRUTURA DA MATERIA
11202230742;NC2BIL0304-15SA;EVOLUCAO E DIVERSIFICACAO DA VIDA NA TERRA
11202230742;NC2BIS0003-15SA;BASES MATEMATICAS
11202230742;NC4BCS0001-15SA;BASE EXPERIMENTAL DAS CIENCIAS NATURAIS
11202230742;NC4BIS0005-15SA;BASES COMPUTACIONAIS DA CIENCIA
11202230446;DB1NHI5001-15SA;DESENVOLVIMENTO E APRENDIZAGEM
11202230446;DB1NHZ2099-16SA;TOPICOS CONTEMPORANEOS EM EDUCACAO E FILOSOFIA
11202230446;DB1NHZ5023-18SA;PRATICAS ESCOLARES EM EDUCACAO ESPECIAL E INCLUSIVA
11202230446;DB2BIR0603-15SA;CIENCIA, TECNOLOGIA E SOCIEDADE
11202230446;DB3BIJ0207-15SA;BASES CONCEITUAIS DA ENERGIA
11202230446;DB7BIS0005-15SA;BASES COMPUTACIONAIS DA CIENCIA
11202231401;DB1NHI5001-15SA;DESENVOLVIMENTO E APRENDIZAGEM
11202231401;DB1NHZ2099-16SA;TOPICOS CONTEMPORANEOS EM EDUCACAO E FILOSOFIA
11202231401;DB1NHZ5023-18SA;PRATICAS ESCOLARES EM EDUCACAO ESPECIAL E INCLUSIVA
11202231401;DB2BIR0603-15SA;CIENCIA, TECNOLOGIA E SOCIEDADE
11202231401;DB3BIJ0207-15SA;BASES CONCEITUAIS DA ENERGIA
11202231401;DB7BIS0005-15SA;BASES COMPUTACIONAIS DA CIENCIA
11202212472;DB1NHI5001-15SA;DESENVOLVIMENTO E APRENDIZAGEM
11202212472;DB1NHZ2099-16SA;TOPICOS CONTEMPORANEOS EM EDUCACAO E FILOSOFIA
11202212472;DB1NHZ5023-18SA;PRATICAS ESCOLARES EM EDUCACAO ESPECIAL E INCLUSIVA
11202212472;DB2BIR0603-15SA;CIENCIA, TECNOLOGIA E SOCIEDADE
11202212472;DB3BIJ0207-15SA;BASES CONCEITUAIS DA ENERGIA
11202212472;DB7BIS0005-15SA;BASES COMPUTACIONAIS DA CIENCIA
11202231156;NB1BHO0001-19SB;INTRODUCAO AS HUMANIDADES E AS CIENCIAS SOCIAIS
11202231156;NB1BHP0202-19SB;TEMAS E PROBLEMAS EM FILOSOFIA
11202231156;NB1BHQ0001-15SB;IDENTIDADE E CULTURA
11202231156;NB1BHQ0003-15SB;INTERPRETACOES DO BRASIL
11202231156;NB2BIQ0602-15SB;ESTRUTURA E DINAMICA SOCIAL
11202231156;NB5BIS0005-15SB;BASES COMPUTACIONAIS DA CIENCIA
11202231441;NB1BHO0001-19SB;INTRODUCAO AS HUMANIDADES E AS CIENCIAS SOCIAIS
11202231441;NB1BHP0202-19SB;TEMAS E PROBLEMAS EM FILOSOFIA
11202231441;NB1BHQ0001-15SB;IDENTIDADE E CULTURA
11202231441;NB1BHQ0003-15SB;INTERPRETACOES DO BRASIL
11202231441;NB2BIQ0602-15SB;ESTRUTURA E DINAMICA SOCIAL
11202231441;NB5BIS0005-15SB;BASES COMPUTACIONAIS DA CIENCIA
11202232018;DA1BIR0603-15SB;CIENCIA, TECNOLOGIA E SOCIEDADE
11202232018;DA1NHI5001-15SB;DESENVOLVIMENTO E APRENDIZAGEM
11202232018;DA1NHZ2099-16SB;TOPICOS CONTEMPORANEOS EM EDUCACAO E FILOSOFIA
11202232018;DA1NHZ5023-18SB;PRATICAS ESCOLARES EM EDUCACAO ESPECIAL E INCLUSIVA
11202232018;DA7BIS0005-15SB;BASES COMPUTACIONAIS DA CIENCIA
11202232018;DC1BIJ0207-15SB;BASES CONCEITUAIS DA ENERGIA
11202230731;NA1BIJ0207-15SB;BASES CONCEITUAIS DA ENERGIA
11202230731;NA1BIK0102-15SB;ESTRUTURA DA MATERIA
11202230731;NA1BIL0304-15SB;EVOLUCAO E DIVERSIFICACAO DA VIDA NA TERRA
11202230731;NA1BIS0003-15SB;BASES MATEMATICAS
11202230731;NA3BCS0001-15SB;BASE EXPERIMENTAL DAS CIENCIAS NATURAIS
11202230731;NA3BIS0005-15SB;BASES COMPUTACIONAIS DA CIENCIA
11202231161;NA2BIJ0207-15SA;BASES CONCEITUAIS DA ENERGIA
11202231161;NA2BIK0102-15SA;ESTRUTURA DA MATERIA
11202231161;NA2BIL0304-15SA;EVOLUCAO E DIVERSIFICACAO DA VIDA NA TERRA
11202231161;NA2BIS0003-15SA;BASES MATEMATICAS
11202231161;NA6BCS0001-15SA;BASE EXPERIMENTAL DAS CIENCIAS NATURAIS
11202231161;NA6BIS0005-15SA;BASES COMPUTACIONAIS DA CIENCIA
11202212404;DC1BIJ0207-15SA;BASES CONCEITUAIS DA ENERGIA
11202212404;DC1BIK0102-15SA;ESTRUTURA DA MATERIA
11202212404;DC1BIL0304-15SA;EVOLUCAO E DIVERSIFICACAO DA VIDA NA TERRA
11202212404;DC1BIS0003-15SA;BASES MATEMATICAS
11202212404;DC2BIS0005-15SA;BASES COMPUTACIONAIS DA CIENCIA
11202212404;DC3BCS0001-15SA;BASE EXPERIMENTAL DAS CIENCIAS NATURAIS
11202230967;DB1NHI5001-15SA;DESENVOLVIMENTO E APRENDIZAGEM
11202230967;DB1NHZ2099-16SA;TOPICOS CONTEMPORANEOS EM EDUCACAO E FILOSOFIA
11202230967;DB1NHZ5023-18SA;PRATICAS ESCOLARES EM EDUCACAO ESPECIAL E INCLUSIVA
11202230967;DB2BIR0603-15SA;CIENCIA, TECNOLOGIA E SOCIEDADE
11202230967;DB3BIJ0207-15SA;BASES CONCEITUAIS DA ENERGIA
11202230967;DB7BIS0005-15SA;BASES COMPUTACIONAIS DA CIENCIA
11202232310;DB1BCS0001-15SA;BASE EXPERIMENTAL DAS CIENCIAS NATURAIS
11202232310;DB1BIS0005-15SA;BASES COMPUTACIONAIS DA CIENCIA
11202232310;DB2BIJ0207-15SA;BASES CONCEITUAIS DA ENERGIA
11202232310;DB2BIK0102-15SA;ESTRUTURA DA MATERIA
11202232310;DB2BIL0304-15SA;EVOLUCAO E DIVERSIFICACAO DA VIDA NA TERRA
11202232310;DB2BIS0003-15SA;BASES MATEMATICAS
11202232022;DC1BIJ0207-15SA;BASES CONCEITUAIS DA ENERGIA
11202232022;DC1BIK0102-15SA;ESTRUTURA DA MATERIA
11202232022;DC1BIL0304-15SA;EVOLUCAO E DIVERSIFICACAO DA VIDA NA TERRA
11202232022;DC1BIS0003-15SA;BASES MATEMATICAS
11202232022;DC2BIS0005-15SA;BASES COMPUTACIONAIS DA CIENCIA
11202232022;DC3BCS0001-15SA;BASE EXPERIMENTAL DAS CIENCIAS NATURAIS
11202212521;DC6BCS0001-15SA;BASE EXPERIMENTAL DAS CIENCIAS NATURAIS
11202212521;DC4BIS0005-15SA;BASES COMPUTACIONAIS DA CIENCIA
11202212521;DC2BIJ0207-15SA;BASES CONCEITUAIS DA ENERGIA
11202212521;DC2BIS0003-15SA;BASES MATEMATICAS
11202212521;DC2BIK0102-15SA;ESTRUTURA DA MATERIA
11202212521;DC2BIL0304-15SA;EVOLUCAO E DIVERSIFICACAO DA VIDA NA TERRA
11202212522;DB6BIS0005-15SB;BASES COMPUTACIONAIS DA CIENCIA
11202212522;DB2BIQ0602-15SB;ESTRUTURA E DINAMICA SOCIAL
11202212522;DB1BHQ0001-15SB;IDENTIDADE E CULTURA
11202212522;DB1BHQ0003-15SB;INTERPRETACOES DO BRASIL
11202212522;DB1BHO0001-19SB;INTRODUCAO AS HUMANIDADES E AS CIENCIAS SOCIAIS
11202212522;DB1BHP0202-19SB;TEMAS E PROBLEMAS EM FILOSOFIA
11202212523;DC6BCS0001-15SA;BASE EXPERIMENTAL DAS CIENCIAS NATURAIS
11202212523;DC4BIS0005-15SA;BASES COMPUTACIONAIS DA CIENCIA
11202212523;DC2BIJ0207-15SA;BASES CONCEITUAIS DA ENERGIA
11202212523;DC2BIS0003-15SA;BASES MATEMATICAS
11202212523;DC2BIK0102-15SA;ESTRUTURA DA MATERIA
11202212523;DC2BIL0304-15SA;EVOLUCAO E DIVERSIFICACAO DA VIDA NA TERRA
11202212524;DC6BCS0001-15SA;BASE EXPERIMENTAL DAS CIENCIAS NATURAIS
11202212524;DC4BIS0005-15SA;BASES COMPUTACIONAIS DA CIENCIA
11202212524;DC2BIJ0207-15SA;BASES CONCEITUAIS DA ENERGIA
11202212524;DC2BIS0003-15SA;BASES MATEMATICAS
11202212524;DC2BIK0102-15SA;ESTRUTURA DA MATERIA
11202212524;DC2BIL0304-15SA;EVOLUCAO E DIVERSIFICACAO DA VIDA NA TERRA
11202212525;DC6BCS0001-15SA;BASE EXPERIMENTAL DAS CIENCIAS NATURAIS
11202212525;DC4BIS0005-15SA;BASES COMPUTACIONAIS DA CIENCIA
11202212525;DC2BIJ0207-15SA;BASES CONCEITUAIS DA ENERGIA
11202212525;DC2BIS0003-15SA;BASES MATEMATICAS
11202212525;DC2BIK0102-15SA;ESTRUTURA DA MATERIA
11202212525;DC2BIL0304-15SA;EVOLUCAO E DIVERSIFICACAO DA VIDA NA TERRA
11202212526;DC2BCS0001-15SB;BASE EXPERIMENTAL DAS CIENCIAS NATURAIS
11202212526;DC3BIS0005-15SB;BASES COMPUTACIONAIS DA CIENCIA
11202212526;DC1BIJ0207-15SB;BASES CONCEITUAIS DA ENERGIA
11202212526;DC1BIS0003-15SB;BASES MATEMATICAS
11202212526;DC1BIK0102-15SB;ESTRUTURA DA MATERIA
11202212526;DC1BIL0304-15SB;EVOLUCAO E DIVERSIFICACAO DA VIDA NA TERRA
11202212527;DC6BCS0001-15SA;BASE EXPERIMENTAL DAS CIENCIAS NATURAIS
11202212527;DC4BIS0005-15SA;BASES COMPUTACIONAIS DA CIENCIA
11202212527;DC2BIJ0207-15SA;BASES CONCEITUAIS DA ENERGIA
11202212527;DC2BIS0003-15SA;BASES MATEMATICAS
11202212527;DC2BIK0102-15SA;ESTRUTURA DA MATERIA
11202212527;DC2BIL0304-15SA;EVOLUCAO E DIVERSIFICACAO DA VIDA NA TERRA
11202212528;DC6BCS0001-15SA;BASE EXPERIMENTAL DAS CIENCIAS NATURAIS
11202212528;DC5BIS0005-15SA;BASES COMPUTACIONAIS DA CIENCIA
11202212528;DC2BIJ0207-15SA;BASES CONCEITUAIS DA ENERGIA
11202212528;DC2BIS0003-15SA;BASES MATEMATICAS
11202212528;DC2BIK0102-15SA;ESTRUTURA DA MATERIA
11202212528;DC2BIL0304-15SA;EVOLUCAO E DIVERSIFICACAO DA VIDA NA TERRA
11202212529;NC3BCS0001-15SA;BASE EXPERIMENTAL DAS CIENCIAS NATURAIS
11202212529;NC3BIS0005-15SA;BASES COMPUTACIONAIS DA CIENCIA
11202212529;NC1BIJ0207-15SA;BASES CONCEITUAIS DA ENERGIA
11202212529;NC1BIS0003-15SA;BASES MATEMATICAS
11202212529;NC1BIK0102-15SA;ESTRUTURA DA MATERIA
11202212529;NC1BIL0304-15SA;EVOLUCAO E DIVERSIFICACAO DA VIDA NA TERRA
11202212530;DC6BCS0001-15SA;BASE EXPERIMENTAL DAS CIENCIAS NATURAIS
11202212530;DC5BIS0005-15SA;BASES COMPUTACIONAIS DA CIENCIA
11202212530;DC2BIJ0207-15SA;BASES CONCEITUAIS DA ENERGIA
11202212530;DC2BIS0003-15SA;BASES MATEMATICAS
11202212530;DC2BIK0102-15SA;ESTRUTURA DA MATERIA
11202212530;DC2BIL0304-15SA;EVOLUCAO E DIVERSIFICACAO DA VIDA NA TERRA
11202212531;DC6BCS0001-15SA;BASE EXPERIMENTAL DAS CIENCIAS NATURAIS
11202212531;DC5BIS0005-15SA;BASES COMPUTACIONAIS DA CIENCIA
11202212531;DC2BIJ0207-15SA;BASES CONCEITUAIS DA ENERGIA
11202212531;DC2BIS0003-15SA;BASES MATEMATICAS
11202212531;DC2BIK0102-15SA;ESTRUTURA DA MATERIA
11202212531;DC2BIL0304-15SA;EVOLUCAO E DIVERSIFICACAO DA VIDA NA TERRA
